time,Fn_commanded_absolute,Fn_model_estimated_absolute,Fn_model_estimated_clearance_change,Mt1_commanded_absolute,Mt1_model_estimated_absolute_TCP,Mt1_model_estimated_clearance_change
0.0,-10.590815857992094,-1.090939578563383,0.0,0.003988936624027249,1.2050714066944455,0.0
0.0009999999999998899,1.3991681970570218,-0.9287283716745858,0.16221120688879717,0.003525146022163434,1.2017526563355343,-0.003318750358911033
0.002000000000000224,1.5958637496794472,-0.7440977617386648,0.34684181682471815,-0.0029093168977660953,1.1986186620617532,-0.006452744632692324
0.0030000000000001137,1.5114013539873958,-0.5409224649473688,0.5500171136160141,-0.0055273157522311095,1.196294800125651,-0.008776606568794521
0.0040000000000000036,1.7197411312441941,-0.3352318323314988,0.7557077462318842,-0.00308637547456021,1.193221448559718,-0.011849958134727575
0.004999999999999893,1.5598907221442198,-0.13839269503451215,0.9525468835288707,-0.002227646056935429,1.186560648848598,-0.018510757845847544
0.006000000000000227,1.5613639356132911,0.03640033218635148,1.1273399107497344,0.001417132441677652,1.1772385939286463,-0.027832812765799363
0.007000000000000117,1.6452715918562688,0.18315964995410658,1.2740992285174895,0.008379901865351494,1.170142415156516,-0.034928991537929596
0.008000000000000007,1.4105912495087936,0.2978273575306916,1.3887669360940746,0.01569069513210805,1.1694510032856358,-0.03562040340880965
0.008999999999999897,1.3548558350905977,0.36904727263037973,1.4599868511937628,0.022733624430502742,1.1752874832785554,-0.029783923415890288
0.010000000000000231,1.0064877057153914,0.38619726006331623,1.4771368386266992,0.0295703091717838,1.1843342964452261,-0.02073711024921947
0.01100000000000012,0.9688472877988978,0.3447594607554812,1.4356990393188642,0.03427340831288654,1.1918524712154868,-0.013218935478958804
0.01200000000000001,0.6468056141435738,0.2485624701270947,1.3395020486904776,0.04239756076056271,1.195231211528615,-0.009840195165830394
0.0129999999999999,0.5277390149045245,0.10280076999164163,1.1937403485550244,0.04213150636967476,1.194841634598188,-0.010229772096257304
0.014000000000000234,0.6062665862404145,-0.07763194232793016,1.013307636235453,0.042685225579996336,1.1924489434899899,-0.012622463204455779
0.015000000000000124,0.3116264631090496,-0.27478444581259065,0.8161551327507923,0.04487575390225732,1.191216580360731,-0.013854826333714402
0.016000000000000014,0.30173032362390884,-0.48063100829959693,0.6103085702637859,0.04635382637725342,1.1928833916421626,-0.012188015052282784
0.016999999999999904,0.06934818793552047,-0.6885770760147357,0.4023625025486472,0.04817061887178164,1.195647702706163,-0.009423703988282734
0.018000000000000238,-0.13244890550979876,-0.8988545922438826,0.1920849863195003,0.04755489653920788,1.1966996664832934,-0.0083717402111523
0.019000000000000128,-0.13070025343036562,-1.1123143485233389,-0.02137476995995581,0.04837542983150095,1.194711513496886,-0.010359893197559507
0.020000000000000018,-0.252571132715726,-1.3219334374443954,-0.23099385888101248,0.047801923683604725,1.1894229242177807,-0.01564848247666471
0.020999999999999908,-0.2782975782664028,-1.519766957717504,-0.428827379154121,0.046559406783264194,1.1828291195599077,-0.022242287134537752
0.02200000000000024,-0.290887100375873,-1.6965818132876467,-0.6056422347242638,0.046051614216157825,1.178046775965767,-0.02702463072867862
0.02300000000000013,-0.19230801101153283,-1.8411091018568433,-0.7501695232934603,0.04445319783847059,1.1744847633485243,-0.030586643345921104
0.02400000000000002,-0.2547107031452548,-1.9456753828073385,-0.8547358042439556,0.04394697841245067,1.1690354604007582,-0.03603594629368727
0.02499999999999991,-0.30988178491711826,-2.012127322791736,-0.9211877442283529,0.04071433440318176,1.1612413599910678,-0.04383004670337775
0.026000000000000245,-0.4342335200503562,-2.050881827414583,-0.9599422488512002,0.03851878836130318,1.1531040896564329,-0.051967317038012543
0.027000000000000135,-0.43262782992671917,-2.0734084945563356,-0.9824689159929529,0.038010453404323144,1.1452566882148305,-0.05981471847961493
0.028000000000000025,-0.5968596083550388,-2.0866612751400124,-0.9957216965766296,0.03669374774089749,1.1364567320991745,-0.06861467459527096
0.028999999999999915,-0.6363943850769448,-2.0960712657004974,-1.0051316871371148,0.03903511030508193,1.1262592649248302,-0.07881214176961521
0.03000000000000025,-0.6625184708973322,-2.1033440752938364,-1.0124044967304535,0.03812178555792107,1.1146186171894608,-0.09045278950498482
0.03100000000000014,-0.6371477688908703,-2.1057805312624343,-1.0148409526990514,0.035752696165690906,1.1016790347828478,-0.10339237191159754
0.03200000000000003,-0.4631963849584639,-2.093562093767139,-1.0026225152037558,0.03673423751701063,1.0877769693581136,-0.11729443733633176
0.03299999999999992,-0.34552653491479357,-2.049888995584241,-0.9589494170208582,0.039152810281827766,1.0723383937410462,-0.13273301295339945
0.03399999999999981,-0.327469357612061,-1.9672071292136697,-0.8762675506502867,0.03919173223186173,1.0558975903819345,-0.1491738163125111
0.03500000000000014,-0.23620337966555657,-1.848825351430821,-0.757885772867438,0.03803002777218274,1.040749344292076,-0.16432206240236943
0.03600000000000003,-0.5877710686737223,-1.7110905139026096,-0.6201509353392267,0.035649472380160446,1.0269491107967033,-0.17812229589774217
0.03699999999999992,-0.7011570117513187,-1.584394051829225,-0.4934544732658421,0.0376810588817402,1.0126063380030512,-0.1924650686913943
0.03799999999999981,-0.7292471960830175,-1.4852009441521414,-0.39426136558875857,0.03723392412771425,0.9969328404661919,-0.20813856622825355
0.039000000000000146,-0.5268541556347689,-1.4023716022398207,-0.31143202367643774,0.03668885768274679,0.9803017384900574,-0.22476966820438793
0.040000000000000036,-0.5237981755722219,-1.3158555537357366,-0.22491597517235357,0.03578841000474635,0.9634498310569902,-0.2416215756374552
0.040999999999999925,-0.8347759691232409,-1.227710954715241,-0.1367713761518579,0.035366524699093134,0.9469194476482038,-0.25815195904624183
0.041999999999999815,-0.7521656554142417,-1.1512296084899876,-0.060290029926604614,0.035751167924545725,0.9319076836660284,-0.2731637230284172
0.04300000000000015,-0.9198075633032424,-1.0874101868137427,0.003529391749640138,0.03535969274157934,0.9199910512993568,-0.2850803553950887
0.04400000000000004,-0.9683880680055599,-1.0374224938091188,0.05351708475426421,0.03530246666540931,0.9105355325103995,-0.29453587418404586
0.04499999999999993,-0.9183357076662237,-0.9987908324430033,0.09214874612037964,0.03521875258647966,0.9027480726656555,-0.30232333402878997
0.04599999999999982,-0.6806031793599719,-0.9563395868280394,0.1345999917353434,0.036463409313257256,0.897586108075304,-0.3074852986191415
0.04700000000000015,-0.975363013925587,-0.9039650671048542,0.1869745114585287,0.040948590861666835,0.8949352578036235,-0.31013614889082197
0.04800000000000004,-1.150932858040189,-0.8584186182187322,0.23252096034465078,0.038983256052071445,0.8931244336031354,-0.3119469730913101
0.04899999999999993,-1.2034017076114525,-0.8305269701461792,0.26041260841720376,0.039473630055691974,0.8910204019770542,-0.31405100471739117
0.04999999999999982,-1.4790588335755142,-0.8218272426603765,0.2691123359030065,0.03868467164038688,0.8893355881347355,-0.31573581855971
0.051000000000000156,-1.3566663700364467,-0.8341470097859695,0.2567925687774136,0.03598695720078952,0.889306805835063,-0.3157646008593824
0.052000000000000046,-1.4502729540823576,-0.8589515043684184,0.2319880741949646,0.034546923202008105,0.8909197682967387,-0.3141516383977068
0.052999999999999936,-1.4670154532588469,-0.8898588939912913,0.20108068457209166,0.03310943533224818,0.8928503755542783,-0.3122210311401672
0.053999999999999826,-1.5518169186728403,-0.9284245067290915,0.16251507183429142,0.0321263543717517,0.8936298272458157,-0.3114415794486297
0.05500000000000016,-1.4846590376647,-0.9737002573545911,0.11723932120879185,0.03150529323654923,0.8928657861299433,-0.31220562056450224
0.05600000000000005,-1.5349363324247765,-1.0198793688508125,0.07106020971257036,0.030837494771651427,0.890369922847352,-0.3147014838470937
0.05699999999999994,-1.5297864974120108,-1.063223125640627,0.027716452922755843,0.02899276754478588,0.8861335512978142,-0.31893785539663133
0.05799999999999983,-1.3003682357225796,-1.0977505243729178,-0.006810945809534653,0.03087127757510813,0.8802507358062794,-0.324820670888166
0.05900000000000016,-1.3554931567999469,-1.1142761592289634,-0.023336580665580586,0.030994266774759256,0.8727123165964172,-0.33235909009802816
0.06000000000000005,-1.5433150805906108,-1.120033922037737,-0.02909434347435418,0.02730895602073119,0.8645509597185846,-0.34052044697586087
0.06099999999999994,-1.8334485462023007,-1.1373152467743157,-0.046375668210932725,0.028146235452884888,0.8573215138146533,-0.34774989287979224
0.06199999999999983,-1.9079888958889646,-1.18063469983556,-0.08969512127217692,0.027320991965885437,0.8514795334982006,-0.35359187319624485
0.06300000000000017,-1.7762016114097663,-1.241707714341512,-0.1507681357781292,0.024029811678865188,0.8467395887891179,-0.3583318179053275
0.06400000000000006,-1.7623374355701853,-1.3002335869021802,-0.20929400833879722,0.029215108205927105,0.8418281597860746,-0.3632432469083708
0.06499999999999995,-1.9676065839217336,-1.3512063160680066,-0.2602667375046236,0.027606107649290182,0.835191360223864,-0.3698800464705815
0.06599999999999984,-1.9717659968512797,-1.4014928176934955,-0.3105532391301125,0.02713776222364636,0.8279802330772813,-0.37709117361716427
0.06700000000000017,-2.2435563679605,-1.4577719535885214,-0.3668323750251385,0.026942884312751453,0.8207518877355477,-0.38431951895889765
0.06800000000000006,-2.2534237082013284,-1.5248630032556694,-0.4339234246922863,0.027418606117030852,0.8118422280365197,-0.39322917865792567
0.06899999999999995,-2.197254142782171,-1.5927570570267116,-0.5018174784633287,0.03064897968551402,0.7999462205252964,-0.4051251861691491
0.06999999999999984,-2.0105602772457076,-1.6411455127457835,-0.5502059341824005,0.0308433300688361,0.7843637838760149,-0.4207076228184306
0.07100000000000017,-1.8611276358878786,-1.655443052525127,-0.5645034739617439,0.0279296548822404,0.7667802369173186,-0.438291169777127
0.07200000000000006,-2.082677245502047,-1.6397205059195596,-0.5487809273561768,0.028075603738321662,0.7499584577170256,-0.45511294897741983
0.07299999999999995,-2.1014739886672693,-1.6121359282491197,-0.5211963496857366,0.02723577973118329,0.7353351949898788,-0.46973621170456675
0.07399999999999984,-2.103071943942582,-1.5816389156432582,-0.49069933707987534,0.027108694418354895,0.7231004343422275,-0.48197097235221803
0.07500000000000018,-2.210482655209601,-1.5511010158740688,-0.4601614373106858,0.02317798974209916,0.7140551522930435,-0.4910162544014019
0.07600000000000007,-2.181628897924494,-1.5237900402724778,-0.4328504617090948,0.023721130448088403,0.7085683234683301,-0.4965030832261154
0.07699999999999996,-2.199175585490831,-1.497493547928191,-0.40655396936480787,0.023257427116499654,0.7047598095651596,-0.5003115971292857
0.07799999999999985,-2.2972184844487615,-1.470561752132971,-0.37962217356958816,0.024557454086062913,0.7018795289653237,-0.5031918777291217
0.07900000000000018,-2.407097222284053,-1.4465823394360595,-0.3556427608726767,0.02864668040433329,0.7003066431582994,-0.5047647635361461
0.08000000000000007,-2.333753924841878,-1.4261277618216461,-0.3351881832582633,0.025516561309981197,0.6998579765180374,-0.5052134301764081
0.08099999999999996,-2.3199650069805897,-1.4038219116297903,-0.3128823330664072,0.017460745231358002,0.7005292204708573,-0.5045421862235883
0.08199999999999985,-2.47050790175132,-1.381455479518577,-0.290515900955194,0.02097114129271666,0.7015252004729506,-0.5035462062214949
0.08300000000000018,-2.545254887282944,-1.3672967808202223,-0.27635720225683946,0.020843327580276166,0.7006931552664448,-0.5043782514280006
0.08400000000000007,-2.4953413615582183,-1.3593492185963396,-0.2684096400329566,0.021182856687816855,0.696162030050601,-0.5089093766438445
0.08499999999999996,-2.5374290385656857,-1.349238790272849,-0.2582992117094661,0.0209015351218017,0.6889846937270377,-0.5160867129674077
0.08599999999999985,-2.438819098620412,-1.3317133537622292,-0.24077377519884632,0.021516929271284506,0.6810227549040553,-0.5240486517903902
0.08700000000000019,-2.386758079765225,-1.3012771969626273,-0.21033761839924445,0.021696381836454028,0.6715712751285712,-0.5335001315658744
0.08800000000000008,-2.589105764066885,-1.2625624421550292,-0.17162286359164625,0.020947898521608978,0.6601164535852253,-0.5449549531092203
0.08899999999999997,-2.6910119820181366,-1.2319036616813515,-0.14096408311796838,0.021670407785595203,0.6489434852013192,-0.5561279214931263
0.08999999999999986,-2.5018649008994873,-1.2111076829902803,-0.12016810442689724,0.020034154056928585,0.6404873368012526,-0.5645840698931928
0.09100000000000019,-2.6671382795462435,-1.191981525552736,-0.101041946989353,0.02136655206067797,0.6345798024470809,-0.5704916042473644
0.09200000000000008,-2.4897185150845433,-1.1723892360082122,-0.08144965744482915,0.021587367141626075,0.6298531290387056,-0.57521827765574
0.09299999999999997,-2.641700777444913,-1.150611417750782,-0.05967183918739907,0.02010542471503497,0.6266190763618263,-0.5784523303326191
0.09399999999999986,-2.5606764979955465,-1.126568225204862,-0.03562864664147924,0.01963403137508692,0.624833575210595,-0.5802378314838504
0.0950000000000002,-2.6491934341246655,-1.1000479881534138,-0.009108409590030848,0.020029868136385885,0.6229724428005082,-0.5820989638939372
0.09600000000000009,-2.717197947803668,-1.0729082338699334,0.01803134469344951,0.015360918643907394,0.6205447730631775,-0.5845266336312681
0.09699999999999998,-2.824346845903828,-1.0502571837770212,0.04068239478636192,0.016208621036637103,0.6170628600252301,-0.5880085466692153
0.09799999999999986,-3.0122989060139713,-1.038344192836655,0.05259538572672781,0.01688156029908833,0.611661015612203,-0.5934103910822425
0.0990000000000002,-3.00475116764164,-1.040921376337528,0.050018202225854784,0.016445143463624058,0.6048073505927031,-0.6002640561017425
0.10000000000000009,-3.0370678224193415,-1.053992538429501,0.036947040133881996,0.019280062697363154,0.5969022882577492,-0.6081691184366963
0.10099999999999998,-3.0775758569386222,-1.074438492487989,0.016501086075393755,0.01984433948715112,0.5869750602004405,-0.618096346494005
0.10199999999999987,-3.276193416587976,-1.106417660271287,-0.015478081707904039,0.01640349924335015,0.5753068807777265,-0.6297645259167189
0.1030000000000002,-3.4443672112041295,-1.158430156706313,-0.06749057814293015,0.019213747154119238,0.5648598303876222,-0.6402115763068233
0.10400000000000009,-3.2496523722025294,-1.2264337587041065,-0.13549418014072345,0.017774306562790148,0.5571049971827431,-0.6479664095117024
0.10499999999999998,-3.1767558983745516,-1.288987171071292,-0.19804759250790896,0.01823715920931319,0.5510861433570334,-0.653985263337412
0.10599999999999987,-3.298268280024584,-1.3356118685712588,-0.244672290007876,0.01716389965179107,0.5463580462501297,-0.6587133604443156
0.1070000000000002,-3.3297005562459345,-1.374951859932342,-0.2840122813689593,0.016076556581051518,0.5428594625701414,-0.6622119441243041
0.1080000000000001,-3.26772428745677,-1.4111963216722887,-0.3202567431089056,0.013927530734306547,0.5401090861112355,-0.6649623205832099
0.10899999999999999,-3.4556518669659906,-1.444922826275428,-0.353983247712045,0.015145309572168218,0.5368182539934002,-0.6682531527010452
0.10999999999999988,-3.2520699180267276,-1.4768947527263787,-0.38595517416299585,0.014360949228287637,0.5319804011768101,-0.6730910055176353
0.11100000000000021,-3.4690351327923894,-1.5047260665982771,-0.41378648803489404,0.01353769051869633,0.5263091331572848,-0.6787622735371608
0.1120000000000001,-3.6557194818005874,-1.5380728426280654,-0.4471332640646823,0.013584324209326905,0.5203015037968727,-0.6847699028975729
0.11299999999999999,-3.7716198062254627,-1.5894901664245908,-0.49855058786120776,0.012573119074304293,0.513597249244006,-0.6914741574504396
0.11399999999999988,-3.7806147433620607,-1.6575702828093446,-0.5666307042459617,0.012897630895738948,0.5068755809535744,-0.698195825740871
0.11500000000000021,-3.7293577683527332,-1.7318232949953363,-0.6408837164319534,0.011454597369074993,0.501852943285831,-0.7032184634086146
0.1160000000000001,-3.742031751638834,-1.8024400166394683,-0.7115004380760855,0.011736467350093586,0.49964310226154407,-0.7054283044329015
0.11699999999999999,-3.7175760276145877,-1.864292213530402,-0.7733526349670191,0.01218890688209817,0.49987395710961713,-0.7051974495848283
0.11799999999999988,-3.6932291130060695,-1.914574889335726,-0.823635310772343,0.011271204142564502,0.5025506047673826,-0.7025208019270629
0.11900000000000022,-3.76637412501709,-1.9552786832145208,-0.864339104651138,0.011958354858591789,0.5076751318584485,-0.697396274835997
0.1200000000000001,-3.878417975856611,-1.9933411095146003,-0.9024015309512172,0.01144902198473403,0.5129535689975029,-0.6921178376969425
0.121,-3.9776318835164095,-2.0350489406414587,-0.9441093620780759,0.011170971951134433,0.516996448704474,-0.6880749579899715
0.12199999999999989,-4.030245597460127,-2.0820052657494235,-0.9910656871860406,0.011112058353447024,0.5204353198065051,-0.6846360868879403
0.12300000000000022,-3.922071278457422,-2.1272920079168265,-1.0363524293534438,0.01095134913616649,0.5228796179083505,-0.6821917887860951
0.12400000000000011,-3.6776737552833443,-2.154261328691773,-1.06332175012839,0.010497614218008914,0.5243080038628392,-0.6807634028316063
0.125,-3.6010179149822896,-2.149238897567302,-1.0582993190039187,0.010583594579197008,0.5256101233444334,-0.6794612833500122
0.1259999999999999,-3.629578145254902,-2.113749366881054,-1.0228097883176706,0.01081058579485226,0.5269212682566176,-0.6781501384378279
0.12700000000000022,-3.651786134866691,-2.0580537399330048,-0.9671141613696219,0.009941787591727333,0.528474299971407,-0.6765971067230384
0.1280000000000001,-3.458234607848568,-1.986270490247509,-0.8953309116841259,0.012901926809258618,0.5293512833236279,-0.6757201233708175
0.129,-3.5982702594010543,-1.9006726659563196,-0.8097330873929368,0.011455684935126416,0.5279364776004599,-0.6771349290939856
0.1299999999999999,-3.6896639400487996,-1.8147410243772597,-0.7238014458138767,0.011434637299161776,0.5245100666092252,-0.6805613400852203
0.13100000000000023,-3.7908988983376277,-1.7416016691964349,-0.6506620906330519,0.013396333195244458,0.5199054837916608,-0.6851659229027847
0.13200000000000012,-3.782501775389689,-1.6838554438549929,-0.59291586529161,0.011602117490618347,0.5146674365356074,-0.690403970158838
0.133,-3.7509633491936327,-1.6374858826652416,-0.5465463041018588,0.012093106937427793,0.5096936539837318,-0.6953777527107138
0.1339999999999999,-3.6807112903808443,-1.595229094676185,-0.5042895161128019,0.011974206596934501,0.5058391980334694,-0.699232208660976
0.13500000000000023,-3.3661031147325926,-1.5431181681519601,-0.4521785895885773,0.012837531369704482,0.5024454464116774,-0.702625960282768
0.13600000000000012,-3.574646378806244,-1.473366665749603,-0.3824270871862199,0.012170573104297748,0.49819541319636484,-0.7068759934980805
0.137,-3.5899567423255556,-1.398849836633324,-0.307910258069941,0.012185242921952978,0.4939799625869426,-0.711091444107503
0.1379999999999999,-3.714273214571054,-1.333996776690062,-0.243057198126679,0.014112695598195281,0.4907189788629288,-0.7143524278315168
0.13900000000000023,-3.817041432620892,-1.2872843546557753,-0.19634477609239234,0.0127283282013028,0.4872654816423295,-0.7178059250521158
0.14000000000000012,-3.796929148457241,-1.260959434805119,-0.17001985624173593,0.014321026031015682,0.4829678036542723,-0.7221036030401732
0.14100000000000001,-3.816737452336481,-1.2483124876847331,-0.15737290912135035,0.012971151112666187,0.4781557762269857,-0.7269156304674598
0.1419999999999999,-3.7193615304821455,-1.2401386518486563,-0.1491990732852733,0.014164555583626653,0.4730700343880775,-0.732001372306368
0.14300000000000024,-3.8355641970711836,-1.230447238264319,-0.13950765970093615,0.013060939621136849,0.46758934252466566,-0.7374820641697797
0.14400000000000013,-3.7976096030660798,-1.2191840856103169,-0.1282445070469339,0.013078846740655771,0.4618076223475427,-0.7432637843469029
0.14500000000000002,-3.698040417912798,-1.204091063963801,-0.11315148540041792,0.013513145127911056,0.45682062804949825,-0.7482507786449473
0.1459999999999999,-3.722358447045136,-1.1823870978462432,-0.09144751928286017,0.013444722801470193,0.45339990557596116,-0.7516715011184844
0.14700000000000024,-3.65798361258254,-1.153131141517034,-0.06219156295365111,0.013917938004927318,0.4516348999291519,-0.7534365067652936
0.14800000000000013,-3.454390064689672,-1.109312992657284,-0.018373414093901152,0.013314615094891073,0.45193249085647585,-0.7531389158379695
0.14900000000000002,-3.540823623443102,-1.0479565854278645,0.042982993135518406,0.01406109241867893,0.4532777149544452,-0.7517936917400003
0.1499999999999999,-3.8395568963346998,-0.9863860857469399,0.10455349281644295,0.012428672935573816,0.45410678838632473,-0.7509646183081207
0.15100000000000025,-3.875068964803839,-0.9455668994867629,0.1453726790766201,0.012857920312321195,0.45445864777078876,-0.7506127589236566
0.15200000000000014,-3.958212808349307,-0.9296216649744052,0.1613179135889777,0.011840540245315643,0.45452445196167185,-0.7505469547327736
0.15300000000000002,-3.723425772182801,-0.9272357559278767,0.16370382263550629,0.013254562671119937,0.45408125744840255,-0.7509901492460428
0.15399999999999991,-3.8095268322997518,-0.9222309280560871,0.1687086505072958,0.012213884060950813,0.45299085796766864,-0.7520805487267768
0.15500000000000025,-3.730712871207157,-0.908434435809465,0.18250514275391794,0.013047838008691545,0.4519477618323604,-0.7531236448620852
0.15600000000000014,-3.8231870966601016,-0.8880109272046399,0.20292865135874308,0.012608499149589409,0.45143418960261744,-0.753637217091828
0.15700000000000003,-3.950801956937358,-0.8675937241314311,0.22334585443195176,0.014435583410697693,0.45023714040392754,-0.7548342662905179
0.15799999999999992,-4.027589010927944,-0.854489237697327,0.23645034086605596,0.013421185558440081,0.4479154469181678,-0.7571559597762777
0.1589999999999998,-3.7303842104416884,-0.8410731064570013,0.24986647210638166,0.01366567479236406,0.4455838216278971,-0.7594875850665483
0.16000000000000014,-3.748013196418157,-0.8103592741629645,0.2805803044004185,0.012443512093614835,0.44390386208172744,-0.7611675446127181
0.16100000000000003,-3.9176746959542816,-0.7641553413937117,0.3267842371696712,0.012611524117323572,0.44303677326378066,-0.7620346334306648
0.16199999999999992,-3.985673485736215,-0.7192562123687449,0.37168336619463804,0.01273704306368439,0.442498197339489,-0.7625732093549564
0.1629999999999998,-3.9108513475204565,-0.6810032746401774,0.40993630392320557,0.014729359855698452,0.4412133149763406,-0.7638580917181048
0.16400000000000015,-3.923644974163873,-0.6439850259807187,0.4469545525826643,0.015966980908314707,0.43824390672755176,-0.7668274999668937
0.16500000000000004,-3.9692053854350373,-0.6062494840988357,0.48469009446454725,0.01502567795575854,0.4336012839214244,-0.7714701227730212
0.16599999999999993,-3.875786194574537,-0.5667558778090884,0.5241837007542945,0.01604536411887213,0.4283930204543046,-0.776678386240141
0.16699999999999982,-4.132568614567694,-0.5288821400371011,0.5620574385262819,0.01481417847907377,0.42321360022812465,-0.7818578064663209
0.16800000000000015,-4.082345280439589,-0.5015123910367875,0.5894271875265955,0.01433540505987754,0.41863876287203194,-0.7864326438224136
0.16900000000000004,-3.9504607342298694,-0.47998707625502035,0.6109525023083626,0.015907565516005737,0.4166490652710294,-0.788422341423416
0.16999999999999993,-3.9276535231112115,-0.45335007694528484,0.637589501618098,0.01580219317904004,0.41837385952105277,-0.7866975471733928
0.17099999999999982,-4.001973635728142,-0.4228502200888588,0.6680893584745242,0.015384252980079997,0.4221031345003525,-0.782968272194093
0.17200000000000015,-3.9748181062686525,-0.3946155121227005,0.6963240664406825,0.014702589461117523,0.42596189588165007,-0.7791095108127953
0.17300000000000004,-3.990437410526257,-0.36948227538163236,0.7214573031817506,0.013966550907060973,0.42923979587566535,-0.7758316108187802
0.17399999999999993,-3.689257919840559,-0.3383495179715693,0.7525900605918137,0.015661277223648275,0.43099773373919525,-0.7740736729552502
0.17499999999999982,-3.9330495274743016,-0.2963012667307455,0.7946383118326374,0.015633244015039054,0.4305953201199214,-0.774476086574524
0.17600000000000016,-3.9976078237420625,-0.25777735916340666,0.8331622193999763,0.013538888201086858,0.4290832273202233,-0.775988179374222
0.17700000000000005,-3.9987759130769525,-0.2338401670334669,0.857099411529916,0.015903886566406112,0.4271971899852937,-0.7778742167091519
0.17799999999999994,-4.256035102904829,-0.22903657773786013,0.8619030008255228,0.014523475974963505,0.4246612036048414,-0.7804102030896042
0.17899999999999983,-4.14550153945798,-0.2475680279196591,0.8433715506437238,0.013881048332184422,0.4223276449913435,-0.7827437617031019
0.18000000000000016,-4.40512074397565,-0.2879415267554038,0.8029980518079792,0.013091087525096464,0.4210492021046871,-0.7840222045897585
0.18100000000000005,-4.232113238806289,-0.34442938318183075,0.7465101953815523,0.01294141274635617,0.42086805553218254,-0.7842033511622629
0.18199999999999994,-4.188724153698341,-0.40076552991277187,0.6901740486506112,0.012919567647164376,0.421201335428484,-0.7838700712659614
0.18299999999999983,-4.600406069644943,-0.45627933502499773,0.6346602435383852,0.013508649669523816,0.42094228664297095,-0.7841291200514744
0.18400000000000016,-4.371833739835449,-0.5228462683581921,0.5680933102051907,0.012928724594347504,0.4202898719333135,-0.784781534761132
0.18500000000000005,-4.6731967170705815,-0.5988700091574636,0.49206956940591934,0.011918284093935505,0.42055353896980796,-0.7845178677246375
0.18599999999999994,-4.690747874420362,-0.6859653948324942,0.40497418373088867,0.011796088749203683,0.4224265974895963,-0.7826448092048491
0.18699999999999983,-4.408837380529511,-0.7736258267909644,0.3173137517724185,0.011387057867389543,0.425271821387875,-0.7797995853065705
0.18800000000000017,-4.555478805317469,-0.8426710942410345,0.24826848432234846,0.01288002394786933,0.4279089963515321,-0.7771624103429133
0.18900000000000006,-4.689993026804133,-0.8999601118451293,0.1909794667182536,0.014438259785411547,0.42935510127888377,-0.7757163054155616
0.18999999999999995,-4.665682765964266,-0.9589514096131397,0.1319881689502433,0.013214511147116447,0.4294030313657933,-0.7756683753286521
0.19099999999999984,-4.430307130663365,-1.0128391452844356,0.07810043327894725,0.013418840451398656,0.428927192945088,-0.7761442137493574
0.19200000000000017,-4.675135772808776,-1.0543619179447004,0.03657766061868255,0.01211984575379,0.4289170685995002,-0.7761543380949452
0.19300000000000006,-4.588081551611105,-1.0893960304517436,0.0015435481116394677,0.014785348976586937,0.4289008180793637,-0.7761705886150818
0.19399999999999995,-4.370726347745505,-1.1112512496972726,-0.020311671133889667,0.014654486335084245,0.42732599057279497,-0.7777454161216505
0.19499999999999984,-4.521547046792123,-1.1119214593923803,-0.020981880828997483,0.01439125958664892,0.4238075262117991,-0.7812638804826464
0.19600000000000017,-4.432131207784446,-1.100658735955912,-0.009719157392529073,0.013573299826861819,0.4196562251155452,-0.7854151815789003
0.19700000000000006,-4.4678675326800725,-1.0846161734576556,0.00632340510572719,0.013117807402326521,0.4164357775751206,-0.7886356291193248
0.19799999999999995,-4.374829155469389,-1.0655306632395765,0.025408915323806562,0.013346395213801286,0.41462523435011894,-0.7904461723443266
0.19899999999999984,-4.57602121311189,-1.0507377306832746,0.04020184788010832,0.012618454631991124,0.41356552953660725,-0.7915058771578382
0.20000000000000018,-4.778246947308704,-1.0565696016502641,0.034369976913118765,0.013242115589799059,0.4146830615856353,-0.7903883451088102
0.20100000000000007,-4.726319172115542,-1.090718369206372,0.00022120935701086,0.012486620653756707,0.42014796821055106,-0.7849234384838945
0.20199999999999996,-4.58386960851065,-1.1381319393254228,-0.04719236076203965,0.012729552088810908,0.42759879561069736,-0.7774726110837481
0.20299999999999985,-4.760993091519623,-1.184196416792997,-0.09325683822961403,0.01278118556208027,0.43373042010634527,-0.7713409865881002
0.20400000000000018,-4.597954856350202,-1.2278716322202723,-0.13693205365688932,0.012830411473944828,0.43798587172473047,-0.7670855349697152
0.20500000000000007,-4.509442146129449,-1.262566605923293,-0.17162702735990992,0.014167887712478075,0.4398346606609347,-0.7652367460335108
0.20599999999999996,-4.69810085375094,-1.2856297683723379,-0.194690189808955,0.013405744755456073,0.4389358060952787,-0.7661356005991669
0.20699999999999985,-4.660437514204235,-1.3070118820268048,-0.21607230346342207,0.01252347576871562,0.43694110306699974,-0.7681303036274457
0.20800000000000018,-4.776380124921062,-1.3322695141221383,-0.24132993555875543,0.014507241306936789,0.434713575701222,-0.7703578309932234
0.20900000000000007,-4.822038506829459,-1.3621005731614355,-0.27116099459805243,0.014573612406208334,0.4310283424959348,-0.7740430641985108
0.20999999999999996,-4.918270207780877,-1.3961199660908634,-0.3051803875274804,0.0135067550330644,0.4259461575034357,-0.7791252491910098
0.21099999999999985,-4.934572528033612,-1.4331882629810324,-0.34224868441764955,0.015392938877522066,0.42098539403774593,-0.7840860126566996
0.2120000000000002,-5.149117578491689,-1.476628863779654,-0.38568928521627105,0.013543776391905491,0.4169554699564117,-0.7881159367380337
0.21300000000000008,-5.018992983604925,-1.5263881547048879,-0.43544857614150484,0.014237299226580503,0.41378987187267663,-0.7912815348217689
0.21399999999999997,-4.845365544623432,-1.5653022285596327,-0.47436264999624983,0.015000219758275226,0.41090596285699066,-0.7941654438374548
0.21499999999999986,-4.720181092350607,-1.575331898905031,-0.4843923203416478,0.013499630464133622,0.4081403353632979,-0.7969310713311476
0.2160000000000002,-4.535337454224327,-1.5506916631729815,-0.45975208460959865,0.013341683453091842,0.4057550435732479,-0.7993163631211975
0.21700000000000008,-4.851541550799715,-1.5025145373993853,-0.4115749588360024,0.013470473966975567,0.40364065576394964,-0.8014307509304959
0.21799999999999997,-4.889757020293746,-1.4545768649382196,-0.3636372863748368,0.01347497900963116,0.4019578212750732,-0.8031135854193725
0.21899999999999986,-5.04162697226902,-1.4201414241334702,-0.32920184557008736,0.012797211846252765,0.4010075490548428,-0.8040638576396028
0.2200000000000002,-4.872724292364946,-1.3985059161506654,-0.30756633758728247,0.01334555540693945,0.40057530091703114,-0.8044961057774145
0.22100000000000009,-4.630343798727432,-1.3750114621962368,-0.2840718836328539,0.01349152795977717,0.40028663277354604,-0.8047847739208995
0.22199999999999998,-4.7483837211502875,-1.3384898457750718,-0.2475502672116888,0.013427004343586598,0.39993598805692815,-0.8051354186375173
0.22299999999999986,-4.4518521333528245,-1.2900333335995344,-0.19909375503615157,0.013862253166432473,0.3995628211838551,-0.8055085855105905
0.2240000000000002,-4.716937746488301,-1.233100155907119,-0.1421605773437361,0.013843791204705597,0.3992339016686008,-0.8058375050258447
0.2250000000000001,-4.753147130687438,-1.1822278451616723,-0.0912882665982894,0.013490885640785743,0.3991024608849018,-0.8059689458095436
0.22599999999999998,-4.832207494326711,-1.1486107864206827,-0.05767120785729982,0.013029305383111233,0.39922520949450496,-0.8058461971999406
0.22699999999999987,-4.994732445896494,-1.1343015880715712,-0.04336200950818824,0.012312965582610788,0.39941250840203163,-0.805658898292414
0.2280000000000002,-4.965554946119976,-1.139434668062532,-0.048495089499149234,0.013159203770140137,0.3993920527066685,-0.8056793539877769
0.2290000000000001,-4.995210322502601,-1.1558991381183683,-0.06495955955498553,0.01440684026854469,0.39916442568095467,-0.8059069810134908
0.22999999999999998,-4.954104537139249,-1.1745682149469012,-0.08362863638351836,0.012856224626418819,0.3992427207128618,-0.8058286859815836
0.23099999999999987,-5.039049098965603,-1.1931941229762912,-0.1022545444129083,0.014210151393908448,0.39928253522388835,-0.8057888714705571
0.2320000000000002,-4.915582107603957,-1.2100426122681822,-0.1191030337047993,0.013052742748670926,0.39887786210835174,-0.8061935445860936
0.2330000000000001,-5.081251270957061,-1.2247489927661197,-0.13380941420273668,0.013780475898745231,0.3990057200118189,-0.8060656866826267
0.23399999999999999,-4.963836325037615,-1.2414595062736984,-0.15051992771031547,0.012182990916282504,0.4003050528093081,-0.8047663538851373
0.23499999999999988,-5.07862737529886,-1.261141349824769,-0.17020177126138614,0.012990095793761355,0.4021920537718663,-0.8028793529225792
0.2360000000000002,-4.958353084804565,-1.2807152634977161,-0.18977568493433317,0.014944130141645615,0.40343516593565243,-0.8016362407587929
0.2370000000000001,-4.942148610734567,-1.2940770791677845,-0.20313750060440164,0.014366677319784214,0.4032682516965529,-0.8018031549978926
0.238,-4.9284666590963,-1.3002915983909302,-0.20935201982754734,0.014085533270827434,0.40217685606124476,-0.8028945506332008
0.23899999999999988,-4.84615728174218,-1.3013932639348835,-0.21045368537150064,0.013746166645847314,0.40118260396937167,-0.803888802725074
0.2400000000000002,-4.707096970213973,-1.292495970465548,-0.2015563919021651,0.013671985021475808,0.40071449992134056,-0.8043569067731049
0.2410000000000001,-4.509898718672552,-1.2655635548805302,-0.1746239763171472,0.014238453523490742,0.4004063939270256,-0.8046650127674198
0.242,-4.57439930133082,-1.2190037192332648,-0.12806414066988184,0.015611524439022077,0.39925197846884125,-0.8058194282256043
0.24299999999999988,-4.693027108333531,-1.1663762409986669,-0.07543666243528402,0.015308927594122064,0.39647398349276003,-0.8085974232016854
0.24400000000000022,-4.874221931612796,-1.1279492412358643,-0.03700966267248128,0.015136304998648084,0.3929263288350246,-0.8121450778594209
0.2450000000000001,-4.750617167128256,-1.1098507549416594,-0.018911176378276526,0.013520687778413558,0.39009725345708685,-0.8149741532373586
0.246,-4.768354752097027,-1.1018519054344504,-0.010912326871067584,0.013685501637009293,0.388884945551821,-0.8161864611426244
0.2469999999999999,-4.849448884466566,-1.0996492373296827,-0.008709658766299616,0.012872109684219476,0.3893763642732031,-0.8156950424212424
0.24800000000000022,-5.03724756254519,-1.1110763291271708,-0.020136750563788056,0.013657380924220251,0.3907306557101537,-0.8143407509842918
0.2490000000000001,-5.2216244839200385,-1.146497104151754,-0.05555752558837098,0.013225997213963838,0.3920632214111938,-0.8130081852832516
0.25,-5.099605410219926,-1.2052537868799755,-0.1143142083165926,0.012656450442906565,0.39312895850298757,-0.8119424481914579
0.2509999999999999,-5.120782644054939,-1.2723540295834748,-0.18141445102009196,0.012307443617736235,0.39391402491365973,-0.8111573817807857
0.2520000000000002,-5.0942018999212815,-1.3366327815406867,-0.2456932029773038,0.013105297779944257,0.3944626384924572,-0.8106087682019882
0.2530000000000001,-5.029146851930531,-1.392861330131014,-0.30192175156763107,0.013467281933997752,0.39508823162201034,-0.8099831750724352
0.254,-5.071446847860322,-1.436907089964169,-0.34596751140078613,0.013120468576018358,0.39625030902916264,-0.8088210976652827
0.2549999999999999,-5.1507216478287345,-1.470706545116795,-0.37976696655341224,0.013015481574550292,0.39817251088803124,-0.8068988958064142
0.2560000000000002,-5.200985417109686,-1.5004406728897726,-0.4095010943263896,0.01288833551201829,0.40015528847400533,-0.8049161182204401
0.2570000000000001,-5.351964055232032,-1.5336892237325397,-0.4427496451691566,0.013130355111032582,0.4012244633782174,-0.8038469433162281
0.258,-5.411950233240848,-1.5771683199328685,-0.4862287413694855,0.012398416652366297,0.40159137358930463,-0.8034800331051407
0.2589999999999999,-5.183427255311544,-1.6214205879468608,-0.5304810093834779,0.012937635315856996,0.4020437576199438,-0.8030276490745016
0.26000000000000023,-5.0430070190105285,-1.644937225721218,-0.5539976471578352,0.01297041126576615,0.40266873297424377,-0.8024026737202017
0.2610000000000001,-4.870459688546231,-1.6355283827446443,-0.5445888041812612,0.013591126918065712,0.4030738610179318,-0.8019975456765136
0.262,-4.837198961326533,-1.5926019309721942,-0.5016623524088112,0.013358758382191128,0.4033452339184038,-0.8017261727760417
0.2629999999999999,-4.996417463430821,-1.5300134760834785,-0.43907389752009546,0.013766315811615798,0.4036911533075284,-0.801380253386917
0.26400000000000023,-4.923355633321109,-1.465247592404188,-0.3743080138408048,0.014367150370816465,0.40355543108886194,-0.8015159756055834
0.2650000000000001,-4.851226418424553,-1.4022523563611513,-0.3113127777977684,0.013679258872408123,0.40248254679143575,-0.8025888599030097
0.266,-4.886578427310267,-1.3410824868466842,-0.2501429082833012,0.01313549502144691,0.40147246260412217,-0.8035989440903233
0.2669999999999999,-5.008163495760931,-1.288446720530292,-0.19750714196690908,0.013999710647499226,0.40174210745513117,-0.8033292992393143
0.26800000000000024,-5.009987792118847,-1.2520366953478026,-0.1610971167844198,0.016107389234615643,0.4019348717955695,-0.8031365348988759
0.26900000000000013,-5.1620687829258065,-1.2351486886443097,-0.14420911008092674,0.014760111081907988,0.3999539905676748,-0.8051174161267708
0.27,-5.136986456900765,-1.2379555442685117,-0.14701596570512887,0.01271418008601514,0.39695068655015225,-0.8081207201442933
0.2709999999999999,-5.23494840527823,-1.257593322054947,-0.1666537434915639,0.015179565180594906,0.3951894938070242,-0.8098819128874212
0.27200000000000024,-4.92663283813248,-1.282321552645683,-0.19138197408229998,0.01465292433618355,0.3944067252682981,-0.8106646814261474
0.27300000000000013,-5.081086790633648,-1.2983560324496088,-0.20741645388622584,0.015021786202113443,0.39347753276611275,-0.8115938739283326
0.274,-4.9664520646776875,-1.3047286306593568,-0.2137890520959739,0.015494555603898534,0.392628643042248,-0.8124427636521975
0.2749999999999999,-4.952065961696714,-1.3015030191844845,-0.21056344062110152,0.014955730390218526,0.39192331028903477,-0.8131480964054106
0.27600000000000025,-4.817875672042456,-1.2834713519389238,-0.19253177337554095,0.014738306593930474,0.39091459992447564,-0.8141568067699698
0.27700000000000014,-5.157273501971505,-1.2592998325968447,-0.16836025403346172,0.01507811194172332,0.38958315239880004,-0.8154882542956453
0.278,-4.9882166582423935,-1.2437732225760831,-0.15283364401270022,0.013302044980999034,0.3882334292481673,-0.8168379774462782
0.2789999999999999,-4.8085738758655845,-1.2282490332465774,-0.13730945468319453,0.013605978532549643,0.3875961248106365,-0.817475281883809
0.28000000000000025,-4.885261448551687,-1.1996567112439722,-0.10871713268058919,0.014045808412472011,0.38770927621225176,-0.8173621304821937
0.28100000000000014,-5.010017466072549,-1.1661634531355989,-0.07522387457221597,0.013798150886320528,0.3881565293014552,-0.8169148773929903
0.28200000000000003,-5.10842328937711,-1.1430885741450598,-0.05214899558167669,0.01422285847956323,0.3888287804153548,-0.8162426262790907
0.2829999999999999,-5.161593745620155,-1.137408989610388,-0.04646941104700493,0.013264437958771927,0.3896147200952133,-0.8154566865992322
0.2839999999999998,-5.163412924126832,-1.1467863666324327,-0.05584678806904994,0.013715430742942125,0.39081506056993004,-0.8142563461245154
0.28500000000000014,-5.10843582479782,-1.163892785190984,-0.07295320662760094,0.014257530317443732,0.3921457204494973,-0.8129256862449481
0.28600000000000003,-5.510287916220268,-1.1909311792185713,-0.09999160065518832,0.013093847506834858,0.39313300955979447,-0.8119383971346511
0.2869999999999999,-5.313073120706573,-1.235069082011889,-0.14412950344850595,0.013944040608367693,0.39371555084993104,-0.8113558558445144
0.2879999999999998,-5.2670629389826695,-1.2859737893087282,-0.19503421074534533,0.014270802739002447,0.39395552871601797,-0.8111158779784274
0.28900000000000015,-4.985202306900448,-1.3251836824817604,-0.23424410391837747,0.014027781254509951,0.39446250847070236,-0.810608898223743
0.29000000000000004,-4.9861443750953764,-1.3415488200611232,-0.25060924149774044,0.013400029955616186,0.39612379640794065,-0.8089476102865049
0.2909999999999999,-5.102313868710704,-1.3415548592477415,-0.2506152806843587,0.014072922634655807,0.39884754320352295,-0.8062238634909226
0.2919999999999998,-5.169888020229753,-1.34122987110815,-0.2502902925447672,0.013509888571516415,0.40160914858424024,-0.8034622581102052
0.29300000000000015,-5.200371714333718,-1.3485431001123784,-0.2576035215489956,0.013417302234905722,0.40385142733273144,-0.8012199793617141
0.29400000000000004,-5.187674998744742,-1.3636285329270392,-0.27268895436365614,0.018006303926699854,0.4055835672462136,-0.799487839448232
0.29499999999999993,-5.3476837975520635,-1.3869013450686885,-0.29596176650530553,0.016695381173857025,0.4069913458321457,-0.7980800608622998
0.2959999999999998,-5.356685631720096,-1.4217434677109722,-0.33080388914758924,0.015483039357638905,0.4082181259465213,-0.796853280747924
0.29700000000000015,-5.076894310568996,-1.457639081720533,-0.3666995031571498,0.015830511611525218,0.4089214420431279,-0.7961499646513175
0.29800000000000004,-5.09780787330547,-1.4761903126494365,-0.38525073408605337,0.01531368295671106,0.40866231206967785,-0.7964090946247675
0.29899999999999993,-4.944859870630061,-1.4718594748652931,-0.38091989630191003,0.014881042194133082,0.40747238365085997,-0.7975990230435854
0.2999999999999998,-4.883529774452031,-1.4453112195993485,-0.35437164103596563,0.01521403913889489,0.40567901825004155,-0.7993923884444039
0.30100000000000016,-4.954396192420153,-1.4027683701252518,-0.3118287915618688,0.0141014399283967,0.4037323244837093,-0.8013390822107362
0.30200000000000005,-5.204704192092419,-1.364418847687928,-0.2734792691245449,0.0160039185017244,0.40175332752033205,-0.8033180791741135
0.30299999999999994,-4.947748611152588,-1.342725298076134,-0.2517857195127511,0.01625732170227788,0.3991516407063919,-0.8059197659880535
0.3039999999999998,-5.065923232248038,-1.3300825243667984,-0.23914294580341555,0.014966102830353368,0.3959567030140523,-0.8091147036803932
0.30500000000000016,-5.1003175084171914,-1.324042961628495,-0.2331033830651121,0.01505509347089114,0.3931986915411143,-0.8118727151533311
0.30600000000000005,-5.052596266382219,-1.3253747822511663,-0.23443520368778334,0.015260951164889944,0.3913152046821826,-0.8137562020122628
0.30699999999999994,-4.958758102196054,-1.3251513038130471,-0.23421172524966405,0.014009980697167922,0.38983906133134894,-0.8152323453630964
0.30799999999999983,-5.080581393718189,-1.3184355806698305,-0.22749600210644755,0.015123433049611432,0.3887322321740096,-0.8163391745204358
0.30900000000000016,-4.96387472822712,-1.305969006097548,-0.215029427534165,0.014657613071274096,0.38830182950389097,-0.8167695771905544
0.31000000000000005,-5.12949094085552,-1.290063097975811,-0.19912351941242803,0.013847267874930652,0.3883197553179373,-0.8167516513765082
0.31099999999999994,-5.303942682523638,-1.2830338719681211,-0.1920942934047382,0.013489676138730719,0.38866235312126024,-0.8164090535731853
0.31199999999999983,-5.361469396760638,-1.2965286361397876,-0.20558905757640467,0.01407631056571569,0.38953056352023435,-0.815540843174211
0.31300000000000017,-5.4256622256674,-1.3309277416688559,-0.23998816310547286,0.014666244956411919,0.39074212322172036,-0.8143292834727249
0.31400000000000006,-5.280497497201291,-1.37806436416463,-0.287124785601247,0.013958907146415223,0.39200625857243776,-0.8130651481220078
0.31499999999999995,-5.2804311822638885,-1.4245520421843294,-0.3336124636209465,0.015250647599996357,0.39306960242507233,-0.8120018042693732
0.31599999999999984,-5.182842096763801,-1.4610131072260018,-0.37007352866261883,0.014503277085146999,0.39379205764030484,-0.8112793490541407
0.31700000000000017,-5.131333163658571,-1.4822588119756257,-0.3913192334122428,0.014590088669562318,0.3946823972133137,-0.8103890094811318
0.31800000000000006,-5.1995728953141915,-1.489139092344642,-0.3981995137812589,0.01475020407454356,0.3960776975196669,-0.8089937091747785
0.31899999999999995,-4.8899789930295645,-1.4800995774002328,-0.3891599988368499,0.01437833251106233,0.3978176720114221,-0.8072537346830233
0.31999999999999984,-4.959728873900788,-1.4493986997680426,-0.3584591212046596,0.014296268996624227,0.3996938220213287,-0.8053775846731168
0.3210000000000002,-4.994704804951802,-1.4051823030075705,-0.31424272444418744,0.017675524901016405,0.40056707234471217,-0.8045043343497333
0.32200000000000006,-4.901663248718307,-1.358069081845942,-0.267129503282559,0.01648536284585158,0.39958001520922115,-0.8054913914852244
0.32299999999999995,-5.051608867133439,-1.3153794661179854,-0.2244398875546026,0.016707770015824484,0.3976765429394688,-0.8073948637549768
0.32399999999999984,-5.08961171838552,-1.2881051245990096,-0.1971655460356266,0.015323598271841642,0.39618250502835944,-0.808888901666086
0.3250000000000002,-5.144122293574966,-1.2803614366226512,-0.18942185805926814,0.014690338828464905,0.39634016399842686,-0.8087312426960187
0.32600000000000007,-5.032207581423452,-1.285179592931355,-0.194240014367972,0.014511403476747913,0.39827549552056474,-0.8067959111738808
0.32699999999999996,-5.081577326633249,-1.292651126574648,-0.20171154801126512,0.014130063295405532,0.4009558902386223,-0.8041155164558231
0.32799999999999985,-4.848821562402185,-1.2930694864716115,-0.20212990790822866,0.015992645496966777,0.4029991358920753,-0.8020722708023701
0.3290000000000002,-5.076232765721065,-1.2837321700324265,-0.1927925914690436,0.015667377734344182,0.40291236837222366,-0.8021590383222219
0.33000000000000007,-5.124908951587145,-1.277105095847598,-0.18616551728421502,0.01576636084142792,0.4012443078304123,-0.803827098864033
0.33099999999999996,-4.988264998801512,-1.2767649794422138,-0.18582540087883095,0.014293528834481529,0.3999058137470672,-0.8051655929473783
0.33199999999999985,-4.994553597698758,-1.2717770093136462,-0.18083743075026326,0.021315539679916833,0.3993861718397194,-0.8056852348547261
0.3330000000000002,-4.937145680392398,-1.257719320483095,-0.16677974191971207,0.01726164198531754,0.3999965031826889,-0.8050749035117565
0.3340000000000001,-4.93982951466771,-1.2331205950788466,-0.14218101651546367,0.017707760726387637,0.4021283971867517,-0.8029430095076937
0.33499999999999996,-4.9232698542546,-1.195585229204466,-0.10464565064108323,0.016756757648907356,0.40446784879338693,-0.8006035579010586
0.33599999999999985,-4.787640625229292,-1.1441751163643583,-0.05323553780097546,0.015962858672627298,0.4062460149229772,-0.7988253917714683
0.3370000000000002,-4.85665689278088,-1.0821112465334883,0.008828332029894675,0.016004933776842048,0.40799692305553226,-0.7970744836389132
0.3380000000000001,-4.9035654194158464,-1.0197794700967258,0.07116010846665709,0.01626029409431895,0.40936675478714646,-0.7957046519072991
0.33899999999999997,-5.17604126470198,-0.9720452949050257,0.11889428365835725,0.018753375277821786,0.4094563506589905,-0.7956150560354551
0.33999999999999986,-5.032596402513285,-0.9441737132325327,0.1467658653308502,0.017672827401941333,0.4085639779388028,-0.7965074287556426
0.3410000000000002,-5.19895875470053,-0.9282709804596144,0.1626685981037686,0.011268732888848058,0.40716444378354566,-0.7979069629108998
0.3420000000000001,-5.014872856751586,-0.9150932272757336,0.1758463512876493,0.012327250088330128,0.40492362727046743,-0.8001477794239781
0.34299999999999997,-4.927791383036651,-0.8923582846235192,0.19858129393986373,0.01175021880420448,0.402433954583717,-0.8026374521107285
0.34399999999999986,-4.680590038063521,-0.8474994970213153,0.24344008154206756,0.013121135987675604,0.4006812612749957,-0.8043901454194498
0.3450000000000002,-4.955196749301394,-0.7847843004660673,0.30615527809731574,0.01599609216266471,0.3990346010836366,-0.8060368056108089
0.3460000000000001,-4.7579076693536635,-0.719675818905891,0.3712637596574918,0.016281120504990396,0.3966213242956791,-0.8084500823987664
0.347,-4.832030744452479,-0.6566476112096326,0.4342919673537505,0.015914570870227754,0.3933733636161845,-0.811698043078261
0.34799999999999986,-4.8875074199080295,-0.5981345713312338,0.49280500723214915,0.01487207480310251,0.389853664371121,-0.8152177423233243
0.3490000000000002,-4.872702533765579,-0.5478290851153299,0.543110493448053,0.01582524271140198,0.3870426156499046,-0.8180287910445408
0.3500000000000001,-4.6105120969437525,-0.49592680092188524,0.5950127776414976,0.018500186741211358,0.3846749043154054,-0.82039650237904
0.351,-4.565058080167495,-0.4291258789458828,0.6618136996175001,0.01687388302677069,0.3818714272770548,-0.8231999794173908
0.35199999999999987,-4.649937598546009,-0.3507324837885061,0.7402070947748769,0.017057475955024763,0.3790286769136324,-0.8260427297808131
0.3530000000000002,-4.559547715358473,-0.2723822578209418,0.8185573207424411,0.016368178258894313,0.3766597722274015,-0.8284116344670439
0.3540000000000001,-4.548415870013486,-0.19745756102878484,0.893482017534598,0.01577341116879968,0.3746653732355413,-0.8304060334589042
0.355,-4.478986105814802,-0.12478836189113315,0.9661512166722499,0.015147212819859339,0.373283676292516,-0.8317877304019294
0.35599999999999987,-4.74712838665811,-0.0617674737181739,1.029172104845209,0.014814724936590983,0.3730701272478727,-0.8320012794465728
0.3570000000000002,-4.911925806128431,-0.02669286876738931,1.0642467097959936,0.015157353425855308,0.37351571654990684,-0.8315556901445387
0.3580000000000001,-4.861627014865317,-0.02506759091461376,1.0658719876487692,0.01502330451788858,0.3739549487539371,-0.8311164579405084
0.359,-4.802210281533764,-0.04196202428754287,1.0489775542758402,0.016046883393619163,0.37475489687606367,-0.8303165098183819
0.3599999999999999,-5.102134855431372,-0.07204069530495122,1.0188988832584316,0.0179987999822035,0.37579089477659133,-0.8292805119178541
0.3610000000000002,-4.938186571196877,-0.11961057277828585,0.9713290057850971,0.01666406619634014,0.3762176796008123,-0.8288537270936333
0.3620000000000001,-4.748533265127865,-0.16944849305528917,0.9214910855080938,0.01706746437253558,0.376028096486297,-0.8290433102081486
0.363,-4.720607005489825,-0.20342764500640478,0.8875119335569782,0.01555746204199566,0.3761881077313492,-0.8288832989630963
0.3639999999999999,-4.838050562480491,-0.2244421649297068,0.8664974136336762,0.016258460847289696,0.37722489457811187,-0.8278465121163338
0.3650000000000002,-5.06950640848159,-0.2484295323834062,0.8425100461799767,0.0167606457194898,0.3787228694705416,-0.8263485372239039
0.3660000000000001,-4.975259749000909,-0.28398460611937143,0.8069549724440115,0.01634106713295414,0.3807944862996549,-0.8242769203947905
0.367,-5.332390918853434,-0.3333184579570541,0.7576211206063287,0.016260817024232516,0.38375832648132585,-0.8213130802131197
0.3679999999999999,-5.404396906602193,-0.40689698613660125,0.6840425924267817,0.017222957136107105,0.38800456801047406,-0.8170668386839715
0.3690000000000002,-5.753929943471721,-0.5154553483380986,0.5754842302252843,0.016296496773899837,0.3949586960835444,-0.8101127106109012
0.3700000000000001,-6.093453974016642,-0.6698109177832043,0.4211286607801786,0.01747602954233142,0.4051902298430166,-0.7998811768514288
0.371,-6.438001361391426,-0.8798007984414591,0.21113878012192383,0.018950524412182604,0.41730304762821635,-0.7877683590662291
0.3719999999999999,-7.2220680120761,-1.161611982075842,-0.07067240351245901,0.0212558069354511,0.43036666139860136,-0.7747047452958441
0.3730000000000002,-7.679011397592489,-1.5374730902604223,-0.44653351169703936,0.019708437229429193,0.4446642326810334,-0.7604071740134121
0.3740000000000001,-7.868431516317939,-2.00123609752404,-0.9102965189606572,0.01849476905816865,0.46061198263271635,-0.7444594240617292
0.375,-8.321413088760737,-2.5276910866260467,-1.4367515080626636,0.017297610225023265,0.4782532069134926,-0.7268181997809527
0.3759999999999999,-8.582694020633665,-3.0996245727483633,-2.0086849941849803,0.01350690583071286,0.49761951544967664,-0.7074518912447688
0.3770000000000002,-8.913949614762606,-3.7013695207466615,-2.610429942183278,0.013283242796091476,0.5189378825087069,-0.6861335241857386
0.3780000000000001,-9.107997939335654,-4.316794530525987,-3.2258549519626043,0.014783541820670801,0.5416865171878987,-0.6633848895065468
0.379,-9.32967067686374,-4.931330409517006,-3.840390830953623,0.014754209098102395,0.5653295441276451,-0.6397418625668003
0.3799999999999999,-9.587852332877064,-5.536748852410142,-4.445809273846759,0.01698811271673375,0.5899698512487377,-0.6151015554457079
0.3810000000000002,-9.83847963042158,-6.132714397270263,-5.041774818706879,0.017597149846832548,0.6158207333821233,-0.5892506733123222
0.3820000000000001,-10.172142608978167,-6.723812524195014,-5.6328729456316315,0.018080897964498698,0.6430990327162468,-0.5619723739781987
0.383,-10.509123109845905,-7.320561589832254,-6.229622011268871,0.0220009009920785,0.6721737813552281,-0.5328976253392173
0.3839999999999999,-11.045477569890165,-7.937242975781663,-6.84630339721828,0.021764853370757793,0.7030983103436708,-0.5019730963507748
0.38500000000000023,-11.477106424252213,-8.585560332087782,-7.4946207535244,0.022414345406783245,0.7361245340501504,-0.468946872644295
0.3860000000000001,-11.787829348429863,-9.265752265090134,-8.174812686526753,0.023589865563534908,0.772024299642859,-0.43304710705158633
0.387,-12.064975778019368,-9.96609527386116,-8.875155695297778,0.020592535149510264,0.8096791955257238,-0.3953922111687217
0.3879999999999999,-12.047865873348943,-10.663805008324493,-9.57286542976111,0.023290128216947738,0.8462103089578172,-0.35886109773662817
0.38900000000000023,-12.191355159830685,-11.332955485166755,-10.242015906603372,0.02505612341267253,0.8778468227005597,-0.3272245839938858
0.3900000000000001,-12.327158484142014,-11.96229979220935,-10.871360213645968,0.023026133012663673,0.9026078809277494,-0.3024635257666961
0.391,-12.708642147695711,-12.558942774784414,-11.468003196221032,0.023762065300440775,0.9230583647864372,-0.2820130419080083
0.3919999999999999,-13.114831467078671,-13.141840869668208,-12.050901291104827,0.021901325550441175,0.9429243586609359,-0.2621470480335096
0.39300000000000024,-13.324008156443364,-13.724742873499835,-12.633803294936452,0.021864552021374228,0.9647377780802868,-0.24033362861415866
0.39400000000000013,-13.324753111778994,-14.299001937844883,-13.2080623592815,0.021238754202110927,0.989419452423832,-0.21565195427061346
0.395,-13.31534310549155,-14.842234219550399,-13.751294640987016,0.020844482912704295,1.01587613348269,-0.18919527321175547
0.3959999999999999,-13.380587162893807,-15.338703513541118,-14.247763934977735,0.019770842370756752,1.0426855631321184,-0.1623858435623269
0.39700000000000024,-13.465174340218978,-15.785336538446552,-14.69439695988317,0.020603720487325863,1.0687498575438896,-0.136321549150556
0.39800000000000013,-13.349285662448747,-16.180474969229113,-15.08953539066573,0.019382109698522998,1.0945800307640403,-0.11049137593040519
0.399,-13.648098570448125,-16.527708699987947,-15.436769121424565,0.01772336455221738,1.1222422796481035,-0.08282912704634184
0.3999999999999999,-13.731389188878849,-16.843718120676375,-15.752778542112994,0.018615583871325433,1.1534114620326958,-0.05165994466174954
0.40100000000000025,-13.749117686112822,-17.13814390511911,-16.047204326555725,0.015438802121784348,1.188474990419968,-0.016596416274477326
0.40200000000000014,-13.785595599412263,-17.409264600810488,-16.3183250222471,0.014997090824876184,1.2256308132018119,0.020559406507366304
0.403,-13.829395707261554,-17.6557118612384,-16.564772282675015,0.017594647731449583,1.2610840240706909,0.056012617376245424
0.4039999999999999,-13.792020019779002,-17.874035059944656,-16.783095481381274,0.01905060561361219,1.2917203341178687,0.08664892742342321
0.40500000000000025,-13.7921463697656,-18.058967751184486,-16.968028172621104,0.016481043763537692,1.3157745396850102,0.11070313299056468
0.40600000000000014,-13.51633387837735,-18.20179385085182,-17.11085427228844,0.01580758484149049,1.3335065147416356,0.1284351080471899
0.40700000000000003,-13.591863398750915,-18.294253784973204,-17.203314206409818,0.017868302114414456,1.3468971353598445,0.14182572866539886
0.4079999999999999,-13.433672154907388,-18.338498623871647,-17.247559045308265,0.018987621773949536,1.357003727421409,0.15193232072696355
0.4089999999999998,-13.413280602888111,-18.33940598635485,-17.248466407791465,0.0205247264963188,1.363914085441308,0.15884267874686253
0.41000000000000014,-13.232820255398485,-18.299444296629993,-17.208504718066607,0.02131995173336024,1.3673730802406987,0.16230167354625338
0.41100000000000003,-13.184375605616713,-18.220881675076345,-17.129942096512963,0.02002463861878029,1.3666369308144244,0.16156552411997874
0.4119999999999999,-13.157573010145407,-18.110663858110573,-17.01972427954719,0.020845323280665545,1.3612833158285607,0.15621190913411515
0.4129999999999998,-13.142935526233128,-17.980600664871087,-16.889661086307708,0.02108009440563095,1.3515624195442377,0.14649101284979218
0.41400000000000015,-13.348700928184657,-17.847247770227384,-16.756308191664,0.020228741254112906,1.3370380404911897,0.13196663379674425
0.41500000000000004,-13.466138264025362,-17.729566178639644,-16.638626600076257,0.01998730521382058,1.3175187619393975,0.11244735524495199
0.4159999999999999,-13.433107801566491,-17.632261823992238,-16.541322245428855,0.020117318544622304,1.2945608820041932,0.08948947530974788
0.4169999999999998,-13.345217158240327,-17.54257726662916,-16.451637688065773,0.018778787903025014,1.2705586544249339,0.06548724773048852
0.41800000000000015,-13.443089608973033,-17.451758646236247,-16.36081906767286,0.018210323231518104,1.247436340332663,0.04236493363821747
0.41900000000000004,-13.16922079922655,-17.353283328666834,-16.262343750103447,0.017685412091226677,1.225715056781919,0.020643650087473674
0.41999999999999993,-13.103202451286462,-17.232205793053556,-16.14126621449017,0.017288593332472277,1.2048680555179034,-0.00020335117654195906
0.4209999999999998,-13.065481523180805,-17.082928623491693,-15.991989044928308,0.01743299408863779,1.18348465293399,-0.021586753760455688
0.42200000000000015,-13.213298314951656,-16.916377401783087,-15.825437823219703,0.01781608805762013,1.1586140091912696,-0.04645739750317607
0.42300000000000004,-13.116747963879948,-16.74361744813698,-15.652677869573596,0.017034127754164487,1.1287697564146721,-0.07630165027977345
0.42399999999999993,-13.009193233908606,-16.563653934254376,-15.472714355690993,0.019794591594040303,1.0944538418302028,-0.11061756486424265
0.4249999999999998,-12.982065368073561,-16.37261274758169,-15.281673169018308,0.01759682614084773,1.057136523498261,-0.14793488319618425
0.42600000000000016,-12.989439436365977,-16.17490845541078,-15.083968876847397,0.015968069889102404,1.0201914789640794,-0.18487992773036616
0.42700000000000005,-13.066373526436841,-15.979442050251873,-14.888502471688492,0.014885290048664547,0.9866135541107871,-0.21845785258365827
0.42799999999999994,-13.19810567028649,-15.795248770509218,-14.704309191945836,0.017244004296324292,0.9570807055201203,-0.24799070117432523
0.4289999999999998,-13.420284269505304,-15.630949842279358,-14.540010263715976,0.01637762068832178,0.9316591085917878,-0.27341229810265766
0.43000000000000016,-13.362294215184251,-15.490606308339942,-14.399666729776559,0.01518245697853805,0.9102771705018718,-0.2947942361925736
0.43100000000000005,-13.481179541573749,-15.370964556809994,-14.280024978246614,0.017141344842749404,0.8917656914918093,-0.3133057152026362
0.43199999999999994,-13.546943550691948,-15.270249049226546,-14.179309470663162,0.015488735960105943,0.8751133229168949,-0.32995808377755065
0.43299999999999983,-13.538509339591734,-15.185335572714205,-14.094395994150824,0.015393556774746799,0.8609246136034939,-0.3441467930909516
0.43400000000000016,-13.537015347181756,-15.107653910653127,-14.016714332089744,0.014661729196510223,0.8496892999711876,-0.35538210672325793
0.43500000000000005,-13.77074697537561,-15.035169753958717,-13.944230175395335,0.013465697824464488,0.8414106158702095,-0.36366079082423597
0.43599999999999994,-13.917538440861794,-14.975880472396751,-13.88494089383337,0.013235093768035083,0.835992029101589,-0.36907937759285653
0.43699999999999983,-13.97521751952598,-14.933891670649768,-13.842952092086387,0.014496810177144558,0.8323728471844477,-0.3726985595099978
0.43800000000000017,-13.932645671954399,-14.901624163778147,-13.810684585214762,0.015078510320793853,0.8289465493284764,-0.376124857365969
0.43900000000000006,-14.138694068833969,-14.87212194138558,-13.781182362822197,0.013009876560857244,0.8236703469645311,-0.3814010597299142
0.43999999999999995,-14.092393464602802,-14.8452211538381,-13.754281575274717,0.014175966005729483,0.8149394735280789,-0.3901319331663665
0.44099999999999984,-14.040342908557031,-14.81533354454528,-13.724393965981896,0.015722335554537902,0.8039814679913698,-0.4010899387030756
0.44200000000000017,-13.931323793313602,-14.771260259501817,-13.680320680938435,0.0162355379927624,0.7935952555702586,-0.41147615112418684
0.44300000000000006,-13.925035200334158,-14.706871319065876,-13.615931740502491,0.012637285760269137,0.7849753799453111,-0.4200960267491345
0.44399999999999995,-13.840008690220534,-14.622739782223473,-13.531800203660092,0.01147535226764832,0.7790488841647091,-0.42602252252973644
0.44499999999999984,-13.91470489321605,-14.524584987809995,-13.433645409246612,0.012040989354355214,0.7782748827316935,-0.426796523962752
0.4460000000000002,-13.717752555399231,-14.41703018980299,-13.326090611239605,0.0124467347601732,0.7843497490248709,-0.42072165766957453
0.44700000000000006,-13.958144645745264,-14.305662536662357,-13.214722958098973,0.013050557274239708,0.795923103116466,-0.40914830357797954
0.44799999999999995,-13.873676719759628,-14.202390865581703,-13.11145128701832,0.01475782389644829,0.8103865186596221,-0.3946848880348234
0.44899999999999984,-13.835682785819301,-14.10904174105556,-13.018102162492175,0.015780295733660632,0.8259141813446927,-0.37915722534975277
0.4500000000000002,-13.76913306869937,-14.018344855699302,-12.92740527713592,0.01767564998693507,0.8404604069881075,-0.3646109997063379
0.45100000000000007,-13.818238936095172,-13.9272481647006,-12.836308586137218,0.017235828737631305,0.8528015374842545,-0.35226986921019093
0.45199999999999996,-13.781668093221203,-13.836757439739458,-12.745817861176075,0.0181061952696081,0.8642961047442246,-0.34077530195022093
0.45299999999999985,-13.727868698290846,-13.747068611273598,-12.656129032710215,0.018772790643931968,0.8759264627108987,-0.3291449439835467
0.4540000000000002,-13.822470060591113,-13.65925321874136,-12.568313640177978,0.017321629006849634,0.8884196336075211,-0.31665177308692444
0.45500000000000007,-13.91144965876219,-13.580581045150627,-12.489641466587246,0.01768732857107321,0.903083486160658,-0.3019879205337873
0.45599999999999996,-13.896358508514364,-13.516703008319897,-12.425763429756516,0.017738092174588084,0.9195990508198382,-0.28547235587460734
0.45699999999999985,-13.94928738319646,-13.465825495896128,-12.374885917332746,0.019350651716480413,0.936037381346329,-0.2690340253481165
0.4580000000000002,-14.10274401754166,-13.428294175748956,-12.337354597185573,0.021730469569844167,0.9497624505441741,-0.25530895615027144
0.4590000000000001,-14.067357987103751,-13.405350466713273,-12.31441088814989,0.021715616132089964,0.9592972387631853,-0.24577416793126022
0.45999999999999996,-14.181080024178934,-13.393057747555076,-12.302118168991692,0.02118788759166792,0.9654127089431841,-0.23965869775126147
0.46099999999999985,-14.173820916057693,-13.387367246681064,-12.296427668117682,0.01982951707111904,0.9699865653408659,-0.23508484135357954
0.4620000000000002,-13.881969078387916,-13.375371671726729,-12.284432093163348,0.020203734786705826,0.9747180939866584,-0.2303533127077871
0.4630000000000001,-14.048518818184961,-13.344124416626002,-12.253184838062618,0.021559340368599873,0.9788357196175225,-0.22623568707692296
0.46399999999999997,-14.227320642402217,-13.30630635754914,-12.215366778985755,0.021409762871147965,0.9804710337439059,-0.22460037295053967
0.46499999999999986,-14.242552041120824,-13.279672882632383,-12.188733304068998,0.019393649300485167,0.980735553533795,-0.22433585316065036
0.4660000000000002,-14.255519573478935,-13.265377630871296,-12.174438052307915,0.018585016053865703,0.9805256947702455,-0.2245457119241999
0.4670000000000001,-14.363725814526374,-13.259825872564505,-12.168886294001123,0.01811558292465031,0.9798331287855903,-0.2252382779088552
0.46799999999999997,-14.369424219358175,-13.261568604950865,-12.170629026387482,0.017386312599293477,0.9794112885902648,-0.22566011810418066
0.46899999999999986,-14.559531806029172,-13.272121830834346,-12.181182252270963,0.016748366809703534,0.9792517384579682,-0.22581966823647734
0.4700000000000002,-14.554167485904408,-13.29426219082159,-12.203322612258207,0.018387517496018965,0.977579289045411,-0.22749211764903454
0.4710000000000001,-14.667666573011159,-13.325228712957106,-12.234289134393725,0.02459240585735564,0.9722465444371688,-0.2328248622572766
0.472,-14.674989962058868,-13.360818703882428,-12.269879125319044,0.02072236068174144,0.9641016735456671,-0.24096973314877831
0.47299999999999986,-14.741370698787685,-13.398084840338873,-12.307145261775492,0.01949198331668793,0.9558755332002841,-0.2491958734941615
0.4740000000000002,-14.59754581941621,-13.428746940208471,-12.33780736164509,0.018357241260404136,0.9479788290771274,-0.2570925776173182
0.4750000000000001,-14.700178775783229,-13.444529947482206,-12.353590368918823,0.015755543292684703,0.9404484918487729,-0.2646229148456727
0.476,-14.740878681853626,-13.449278932149964,-12.358339353586583,0.018445835486134432,0.9341668804087412,-0.2709045262857045
0.47699999999999987,-14.601830496054427,-13.446187787898413,-12.355248209335032,0.013696144237112823,0.9287711525366692,-0.2763002541577763
0.4780000000000002,-14.63396177117818,-13.431202751669161,-12.340263173105777,0.013900481619501252,0.9233767138667673,-0.2816946928276781
0.4790000000000001,-14.592710064302187,-13.403569748355602,-12.312630169792222,0.014037240292105473,0.9178652359486983,-0.2872061707457472
0.48,-14.433372441353287,-13.359981592051177,-12.269042013487796,0.012797375858640513,0.9106024245101726,-0.2944689821842729
0.48099999999999987,-14.651958407754394,-13.303293115608673,-12.21235353704529,0.012796672533114763,0.8996239576063275,-0.305447449088118
0.4820000000000002,-14.817433189553453,-13.253444258035156,-12.162504679471773,0.01333188940585626,0.8863632598928031,-0.31870814680164244
0.4830000000000001,-14.692121440764057,-13.220221087038786,-12.129281508475403,0.01245889641165125,0.873211631823276,-0.33185977487116947
0.484,-14.81411545905804,-13.197275024613338,-12.106335446049956,0.013040782719016672,0.8610964809206262,-0.3439749257738193
0.4849999999999999,-14.811690781633352,-13.18218569094219,-12.091246112378807,0.013000494217828198,0.8501772471710426,-0.3548941595234029
0.4860000000000002,-14.821335942722772,-13.172757386065234,-12.08181780750185,0.014991166877662684,0.8399357610003748,-0.3651356456940707
0.4870000000000001,-14.863034485937094,-13.165937500265397,-12.074997921702016,0.014278237802188277,0.8300000371705767,-0.37507136952386877
0.488,-14.800158504131876,-13.158351987587235,-12.067412409023852,0.015629608300443278,0.8201012524090723,-0.38497015428537323
0.4889999999999999,-14.854215332810432,-13.146000665789854,-12.055061087226472,0.014397106707839965,0.8101935562365061,-0.39487785045793933
0.4900000000000002,-14.960499983795922,-13.132528155228936,-12.041588576665553,0.013697723794015269,0.8013113638859434,-0.40376004280850203
0.4910000000000001,-15.072765079939119,-13.12665107574898,-12.035711497185595,0.013194298134105458,0.7948638384520402,-0.41020756824240523
0.492,-15.11055148226729,-13.132471524737866,-12.041531946174484,0.014328307081824768,0.7906898041349135,-0.41438160255953194
0.4929999999999999,-15.053898777754686,-13.14516860164211,-12.054229023078728,0.013008153894714929,0.7876658966830064,-0.4174055100114391
0.4940000000000002,-15.195012951290275,-13.160225930436988,-12.069286351873606,0.01335503568085758,0.7848644647710816,-0.4202069419233639
0.4950000000000001,-15.240403798890243,-13.181072968764955,-12.09013339020157,0.013223370812410895,0.7819149976112227,-0.4231564090832228
0.496,-15.08409217775569,-13.202183324118474,-12.111243745555093,0.013384504610242813,0.7788083511769439,-0.42626305551750154
0.4969999999999999,-15.032867637688236,-13.207751348258471,-12.116811769695087,0.0140486474174101,0.7759240785032538,-0.42914732819119156
0.4980000000000002,-15.246234865637117,-13.198823082816807,-12.107883504253424,0.015383600474422918,0.773065488602705,-0.4320059180917405
0.4990000000000001,-15.317561117356663,-13.192904956435836,-12.101965377872453,0.013943065842508002,0.7701449378033113,-0.43492646889113423
0.5,-15.264923835468219,-13.195601265952169,-12.104661687388786,0.014363934290157835,0.7676277158008123,-0.4374436908936331
0.5009999999999999,-15.389096901212742,-13.202935385393145,-12.111995806829762,0.01354407338403806,0.7657897867393549,-0.43928161995509046
0.5020000000000002,-15.355581452338427,-13.215096014797792,-12.12415643623441,0.012829047877577889,0.7648893691142415,-0.44018203758020386
0.5030000000000001,-15.23663061959532,-13.225377010661862,-12.13443743209848,0.013030236073778574,0.764983747687648,-0.4400876590067975
0.504,-15.390355921634479,-13.22709292904592,-12.136153350482537,0.016099073761902182,0.7656867648084618,-0.43938464188598364
0.5049999999999999,-15.387427011099216,-13.226077594109865,-12.135138015546483,0.015630635203337108,0.7664543839444834,-0.4386170227499621
0.5060000000000002,-15.592046732078215,-13.231239464835859,-12.140299886272476,0.015231531895473112,0.7667144885845375,-0.43835691810990796
0.5070000000000001,-15.516181766580821,-13.246320846459433,-12.15538126789605,0.013148335856431185,0.7672538924677095,-0.43781751422673604
0.508,-15.536068122611326,-13.266441536766939,-12.175501958203556,0.013705069900733282,0.7690221147746741,-0.43604929191977143
0.5089999999999999,-15.47528787163768,-13.282943524707322,-12.19200394614394,0.013279315994528987,0.7718143890608162,-0.4332570176336292
0.5100000000000002,-15.362311057328455,-13.287152327545545,-12.19621274898216,0.01405336376198371,0.7751098267459905,-0.429961579948455
0.5110000000000001,-15.450509751278148,-13.27683510296996,-12.185895524406575,0.01328885910537734,0.7787676407199156,-0.42630376597452996
0.512,-15.440725133937931,-13.260048781857853,-12.16910920329447,0.014084870528796083,0.7832862909010495,-0.42178511579339584
0.5129999999999999,-15.515625805455135,-13.243269612950936,-12.152330034387552,0.013698562407389626,0.7882645023961989,-0.41680690429824657
0.5140000000000002,-15.512160582530642,-13.22926770942835,-12.13832813086497,0.013444868801798834,0.793030538141868,-0.4120408685525776
0.5150000000000001,-15.54337263499936,-13.219355712399505,-12.128416133836122,0.013718314162243691,0.7977320845269543,-0.4073393221674911
0.516,-15.756926232675893,-13.219249851859402,-12.128310273296018,0.014429266781586347,0.8026700183966485,-0.4024013882977969
0.5169999999999999,-15.779107545956697,-13.23604653813985,-12.14510695957647,0.017733005821208913,0.8092413817070876,-0.3958300249873578
0.5180000000000002,-15.836456953115288,-13.266776050787344,-12.175836472223962,0.01622888698645015,0.8186464252327803,-0.3864249814616652
0.5190000000000001,-15.824082726850868,-13.30483809808015,-12.213898519516766,0.016271849413270735,0.8300324328643954,-0.3750389738300499
0.52,-15.892918728290066,-13.346014703068612,-12.255075124505229,0.014816404005174106,0.8421193153014007,-0.36295209139304485
0.5209999999999999,-15.826044096881537,-13.386446775852031,-12.295507197288646,0.015349848527060292,0.8532831196087857,-0.35178828708565973
0.5220000000000002,-15.78339364051281,-13.419534411074128,-12.328594832510746,0.014216264319822553,0.862106894242819,-0.34296451245162646
0.5230000000000001,-15.902456012000819,-13.443134609205227,-12.352195030641843,0.014664412376071188,0.8680507218787914,-0.33702068481565417
0.524,-16.03732640469476,-13.466444198033422,-12.375504619470039,0.014187476359622373,0.8708077098957004,-0.3342636967987451
0.5249999999999999,-16.11988363480628,-13.498974845851402,-12.40803526728802,0.012803801104412402,0.8718170159105973,-0.33325439078384816
0.5260000000000002,-16.23951848985045,-13.543990932812033,-12.45305135424865,0.01455794837391493,0.8727681673733768,-0.33230323932106853
0.5270000000000001,-16.292132335871724,-13.601068701089181,-12.5101291225258,0.014260788690999827,0.8728605153554445,-0.332210891339001
0.528,-16.348919835106088,-13.666363930206089,-12.575424351642704,0.01370526106608794,0.8713742111512492,-0.33369719554319616
0.5289999999999999,-16.207184076206552,-13.730743039979986,-12.639803461416603,0.013776879680276135,0.8689209341890664,-0.33615047250537916
0.5300000000000002,-16.328097146488115,-13.785453357118294,-12.694513778554912,0.014449878079040784,0.8657026205063334,-0.3393687861881121
0.5310000000000001,-16.385832369089318,-13.832911759497062,-12.741972180933677,0.013506078951635058,0.8620226529395835,-0.3430487537548621
0.532,-16.481164706975104,-13.880588335155931,-12.789648756592548,0.014789987552996622,0.8589687786454503,-0.3461026280489951
0.5329999999999999,-16.40421494408015,-13.92806814684748,-12.837128568284099,0.014938952233089907,0.8567050176448319,-0.34836638904961353
0.5339999999999998,-16.452806700867132,-13.968631919075243,-12.87769234051186,0.01560947795218988,0.8540364296103515,-0.3510349770840939
0.5350000000000001,-16.30822082275925,-13.995997190018667,-12.905057611455284,0.014520639089903482,0.8510838137067462,-0.35398759298769916
0.536,-16.307059528339057,-14.006741079793766,-12.915801501230384,0.01472304142470003,0.8493878180266557,-0.3556835886677897
0.5369999999999999,-16.342566090151166,-14.004920132268182,-12.913980553704798,0.015039282889138889,0.8488187656878712,-0.3562526410065743
0.5379999999999998,-16.427090695921393,-13.999960959333198,-12.909021380769815,0.014827053337059387,0.8479534729856676,-0.35711793370877787
0.5390000000000001,-16.45175926050846,-13.99841980257718,-12.907480224013797,0.015006181691506625,0.8461039450761206,-0.35896746161832477
0.54,-16.46830411796314,-14.001182125394376,-12.910242546830995,0.014476692691799442,0.8433747346638103,-0.3616966720306352
0.5409999999999999,-16.579589640212355,-14.008762321952648,-12.917822743389266,0.013713590847265603,0.8404931966945337,-0.3645782099999118
0.5419999999999998,-16.320438865668834,-14.016095890669382,-12.925156312106,0.014604908180920558,0.8375856467262548,-0.36748575996819055
0.5430000000000001,-16.314561701047495,-14.009524178763305,-12.918584600199921,0.014367380021251557,0.8342780459673483,-0.37079336072709707
0.544,-16.252648229017613,-13.98476194867221,-12.893822370108827,0.014459612039889116,0.8309396628837009,-0.37413174381074465
0.5449999999999999,-16.36688404268046,-13.949255161082943,-12.85831558251956,0.014082492303200132,0.8280894158678324,-0.37698199082661304
0.5459999999999998,-16.411047020010066,-13.915270048790052,-12.82433047022667,0.013797754803581853,0.8258247181019259,-0.3792466885925196
0.5470000000000002,-16.51392827429565,-13.89234979830739,-12.801410219744005,0.013788897448156395,0.8236384831080564,-0.3814329235863892
0.548,-16.581913596635182,-13.883940588375209,-12.793001009811826,0.014010030990994151,0.8209851649639583,-0.38408624173048705
0.5489999999999999,-16.528472642206015,-13.88776602724479,-12.796826448681406,0.014020241827519877,0.8180808210123236,-0.3869905856821218
0.5499999999999998,-16.38007013764924,-13.892151986268132,-12.801212407704748,0.013015321277323137,0.8152345099400989,-0.3898368967543465
0.5510000000000002,-16.492398144891634,-13.888902948655051,-12.79796337009167,0.014165683282358704,0.8124221164883584,-0.3926492902060872
0.552,-16.569170086641375,-13.884200394328033,-12.79326081576465,0.013459158637085487,0.8094714179538615,-0.395599988740584
0.5529999999999999,-16.700991396253634,-13.887947330644547,-12.797007752081162,0.01349677064710234,0.8065691724930611,-0.3985022342013843
0.5539999999999998,-16.781274400477354,-13.905380646397116,-12.814441067833734,0.013377750217193474,0.8038263963170271,-0.40124501037741833
0.5550000000000002,-16.718996720400206,-13.933399578290746,-12.842459999727364,0.016405713925510622,0.8001147574527362,-0.40495664924170927
0.556,-16.774210578137936,-13.964113773746709,-12.873174195183328,0.015095916120618946,0.7945380359563998,-0.41053337073804574
0.5569999999999999,-16.93932642599298,-13.99840793417916,-12.907468355615778,0.014408021054397483,0.7881170197206144,-0.41695438697383097
0.5579999999999998,-16.954835235791695,-14.040659185509373,-12.949719606945992,0.014576998898752544,0.7822096344104463,-0.4228617722839991
0.5590000000000002,-17.005812808172912,-14.088361086406582,-12.997421507843198,0.014146929972233388,0.7773811829801248,-0.42769022371432064
0.56,-17.118364572549098,-14.139904744949163,-13.04896516638578,0.01421006321549127,0.7735425294480793,-0.4315288772463662
0.5609999999999999,-16.902731839937058,-14.189650981841481,-13.098711403278099,0.014367385623266903,0.7717641994889819,-0.4333072072054636
0.5619999999999998,-17.058811209216966,-14.228274406966792,-13.13733482840341,0.014427121452934163,0.7741182181533622,-0.4309531885410832
0.5630000000000002,-17.178495490352063,-14.261648577347295,-13.170708998783914,0.014462878866384084,0.7796770877044952,-0.4253943189899503
0.5640000000000001,-17.22816322462906,-14.299591348057353,-13.208651769493969,0.014266218565497944,0.7856191368661278,-0.4194522698283177
0.565,-17.356876068322222,-14.345145093805813,-13.25420551524243,0.01387404867587349,0.7905399504481292,-0.41453145624631643
0.5659999999999998,-17.22529503502449,-14.395488289532533,-13.304548710969152,0.01400928902381338,0.7940245987358955,-0.4110468079585501
0.5670000000000002,-17.157333277052384,-14.437387328847318,-13.346447750283934,0.013567149414202702,0.7958626031632489,-0.40920880353119665
0.5680000000000001,-17.225929047672615,-14.463664277915331,-13.372724699351949,0.013418930575638999,0.7967315218068686,-0.408339884887577
0.569,-17.156484738987977,-14.477363067641416,-13.386423489078032,0.015175566363505403,0.797333334200857,-0.4077380724935886
0.5699999999999998,-17.028398824331653,-14.476685976257375,-13.385746397693993,0.015104588172025797,0.797496061759877,-0.40757534493456854
0.5710000000000002,-17.23998617879854,-14.465578329640586,-13.374638751077205,0.014850418806379823,0.7974217305508842,-0.4076496761435613
0.5720000000000001,-17.31510402244037,-14.459820949718504,-13.368881371155119,0.014742935833334473,0.7984811438118488,-0.40659026288259664
0.573,-17.129795703043477,-14.461210785426584,-13.3702712068632,0.014106921707409957,0.8017998330044767,-0.40327157368996885
0.5739999999999998,-17.238814994209385,-14.460516339491415,-13.369576760928032,0.013844473467173856,0.8069053432226932,-0.39816606347175215
0.5750000000000002,-17.1743590345408,-14.457550434773461,-13.366610856210078,0.013732209230555861,0.8129144060197638,-0.3921570006746815
0.5760000000000001,-17.3565889110885,-14.458021831924977,-13.367082253361593,0.013000437858322436,0.8187464672579186,-0.3863249394365269
0.577,-17.320376557409517,-14.467404324061764,-13.376464745498382,0.01463071221979416,0.8227326668715859,-0.38233873982285965
0.5779999999999998,-17.2541950367719,-14.481170769133792,-13.39023119057041,0.016428647095965636,0.8241201052739351,-0.38095130142051037
0.5790000000000002,-17.327530130903433,-14.492291589820837,-13.401352011257453,0.018046329917431894,0.8231236276069961,-0.3819477790874494
0.5800000000000001,-17.392972090644758,-14.504192441101731,-13.41325286253835,0.017206902946526933,0.8199275570076947,-0.3851438496867508
0.581,-17.404449406835905,-14.521313379663486,-13.430373801100101,0.016175990863433642,0.8154537735072966,-0.38961763318714876
0.5819999999999999,-17.59834571473524,-14.547424497762172,-13.456484919198791,0.015916385406851353,0.8113017985856813,-0.39376960810876427
0.5830000000000002,-17.552581443980987,-14.586244989232194,-13.495305410668811,0.015852573568834124,0.8086223703849309,-0.3964490363095146
0.5840000000000001,-17.668183635804724,-14.6352644785658,-13.544324900002417,0.016532839532595933,0.8081162824167876,-0.3969551242776578
0.585,-17.711135571030326,-14.691427874759027,-13.600488296195644,0.014813987815143566,0.8110554068712911,-0.39401599982315444
0.5859999999999999,-17.714187453436203,-14.751367218875686,-13.660427640312301,0.01497618551225628,0.8174204725966452,-0.38765093409780027
0.5870000000000002,-17.804411886839045,-14.811755187031222,-13.72081560846784,0.01629192455963492,0.8235630046368863,-0.38150840205755926
0.5880000000000001,-17.796380650397474,-14.871228413702697,-13.780288835139315,0.015126733378433224,0.8276524261139807,-0.37741898058046475
0.589,-17.893581788336174,-14.928690947479263,-13.83775136891588,0.015491121767239394,0.8317242764228784,-0.37334713027156713
0.5899999999999999,-17.97793453087434,-14.987331056411408,-13.896391477848024,0.020567878325837997,0.8354613748160425,-0.36961003187840297
0.5910000000000002,-18.058064855814504,-15.051058373162924,-13.960118794599543,0.01850836285895027,0.837124429326468,-0.3679469773679775
0.5920000000000001,-18.09438634843559,-15.119087172157606,-14.028147593594223,0.0190999616715357,0.8368120527454649,-0.3682593539489806
0.593,-17.89489089702172,-15.181012707074107,-14.090073128510722,0.0175153533799534,0.8355415360148477,-0.36952987067959775
0.5939999999999999,-17.992602649629717,-15.22523856594281,-14.134298987379426,0.01707362980511074,0.8338396950651004,-0.37123171162934504
0.5950000000000002,-18.132864345954683,-15.257819031649664,-14.166879453086281,0.017188093901530553,0.8314673675999794,-0.3736040390944661
0.5960000000000001,-18.197697663715196,-15.292004890004295,-14.201065311440912,0.01673523547995967,0.8288513703917123,-0.37622003630273315
0.597,-18.162692931167644,-15.329636640902498,-14.238697062339115,0.016545602922087392,0.826420489069228,-0.37865091762521746
0.5979999999999999,-18.278315677668722,-15.368298399047056,-14.277358820483675,0.015636642955536535,0.8248504690624192,-0.38022093763202625
0.5990000000000002,-18.258368183363068,-15.408721785111103,-14.317782206547722,0.01475926337094313,0.8257752370966958,-0.37929616959774964
0.6000000000000001,-18.306173381598217,-15.449293950196395,-14.358354371633013,0.014631653411430589,0.8287308052639039,-0.37634060143054154
0.601,-18.02270705398517,-15.480548528653399,-14.389608950090018,0.014430209739377423,0.8326115566139095,-0.372459850080536
0.6019999999999999,-17.994940635067408,-15.489473585765415,-14.39853400720203,0.01544806101784196,0.8377529494079026,-0.36731845728654294
0.6030000000000002,-18.166622044836082,-15.479365604259767,-14.388426025696385,0.014625594058899745,0.8433583022336916,-0.3617131044607539
0.6040000000000001,-17.93169568493842,-15.458940792542654,-14.368001213979273,0.014001027044696386,0.8479892826732652,-0.3570821240211803
0.605,-18.21553832278903,-15.43205974668987,-14.341120168126487,0.014722722342215108,0.8494858344998346,-0.3555855721946109
0.6059999999999999,-18.138937805048418,-15.410471515563733,-14.31953193700035,0.013054543663208192,0.8463194303933749,-0.3587519763010706
0.6070000000000002,-18.256116277770985,-15.40103644052481,-14.31009686196143,0.013626132783077857,0.8411111679954115,-0.36396023869903393
0.6080000000000001,-18.232413469291096,-15.402553750348842,-14.31161417178546,0.015408552502619395,0.8356460228367423,-0.36942538385770335
0.609,-18.248414674963712,-15.412605976185578,-14.321666397622195,0.015622155173100078,0.8291909262112005,-0.37588048048324496
0.6099999999999999,-18.119496306170905,-15.422979947244425,-14.332040368681042,0.014611479002426618,0.8225597193487634,-0.382511687345682
0.6110000000000002,-18.236707074661254,-15.427360116872475,-14.336420538309094,0.015427455909385174,0.8165849583659841,-0.38848644832846135
0.6120000000000001,-18.093102624744272,-15.424849558898398,-14.333909980335013,0.014368898957931963,0.8118348703212785,-0.39323653637316697
0.613,-18.21290726898827,-15.415391504466585,-14.324451925903201,0.015617000677547038,0.8087164057653595,-0.39635500092908593
0.6139999999999999,-18.340887641797465,-15.408343555289706,-14.317403976726323,0.014512365621743748,0.806172972540563,-0.3988984341538825
0.6150000000000002,-18.411827359458215,-15.41565711209665,-14.324717533533267,0.014779403092964574,0.8046428449804465,-0.40042856171399893
0.6160000000000001,-18.494730757395192,-15.44019999966665,-14.349260421103267,0.01420278441859664,0.8061047432628853,-0.39896666343156023
0.617,-18.44710952274014,-15.477724290459038,-14.386784711895656,0.01617863141346155,0.8098968205559683,-0.3951745861384772
0.6179999999999999,-18.505381124142612,-15.520657895170197,-14.429718316606815,0.015384543382476955,0.8135664230577498,-0.39150498363669556
0.6190000000000002,-18.63502673963017,-15.568309983849941,-14.477370405286557,0.013486780573314773,0.8165498226050575,-0.38852158408938814
0.6200000000000001,-18.78137357214976,-15.62722112005622,-14.536281541492837,0.0164963948241784,0.8191974594272406,-0.38587394726720486
0.621,-18.732157097749567,-15.697424884219666,-14.606485305656282,0.01698728249130824,0.8201967876080009,-0.3848746190864447
0.6219999999999999,-18.823437019671793,-15.771553849413097,-14.680614270849714,0.016705519943721926,0.8189132191173553,-0.3861581875770902
0.6230000000000002,-18.88235722750609,-15.845881251179607,-14.754941672616223,0.016036861615597912,0.816728621888636,-0.38834278480580947
0.6240000000000001,-18.856608555032096,-15.917847539111483,-14.8269079605481,0.016832838516602257,0.8150460210385648,-0.3900253856558806
0.625,-18.782148781853607,-15.98041817285579,-14.889478594292408,0.018258073601329538,0.8138236333943488,-0.3912477733000965
0.6259999999999999,-18.84020968115424,-16.028995322948436,-14.938055744385053,0.01621186460801166,0.8129589640456374,-0.3921124426488081
0.6270000000000002,-18.662286636192043,-16.061044777343266,-14.970105198779883,0.01577979069884874,0.8140707235420974,-0.391000683152348
0.6280000000000001,-18.74058021659516,-16.07358146795855,-14.982641889395167,0.015904918722429308,0.8176570229782573,-0.38741438371618825
0.629,-18.805463741245102,-16.073693043053908,-14.982753464490525,0.01531278667219519,0.8222739705153311,-0.38279743617911427
0.6299999999999999,-18.874954763614404,-16.074235181088493,-14.98329560252511,0.01456432094062056,0.8268321668483652,-0.3782392398460802
0.6310000000000002,-18.980310209731204,-16.083667189701558,-14.992727611138175,0.014503570153569205,0.8309627748533437,-0.3741086318411018
0.6320000000000001,-18.964322183669662,-16.105182584031297,-15.014243005467915,0.014201528865415198,0.8348953669529753,-0.37017603974147006
0.633,-19.076338693136325,-16.13720555592122,-15.046265977357836,0.015069441407219428,0.838888851162814,-0.3661825555316315
0.6339999999999999,-19.02364872968088,-16.176699680345585,-15.0857601017822,0.014509687277045637,0.8437370835219362,-0.3613343231725093
0.6350000000000002,-19.013442931609095,-16.217266411599066,-15.126326833035684,0.014083545153120703,0.8504969460771024,-0.35457446061734305
0.6360000000000001,-19.116311163080123,-16.25609398471612,-15.165154406152736,0.014507621046854938,0.8580943965930246,-0.34697701010142085
0.637,-19.170127077337426,-16.296766725748117,-15.205827147184733,0.01423991705775792,0.8645607241368558,-0.34051068255758965
0.6379999999999999,-19.156815885945395,-16.339636236629364,-15.248696658065981,0.016285280391956976,0.8693445620284906,-0.3357268446659548
0.6390000000000002,-19.16591006445393,-16.380595690566558,-15.289656112003176,0.014966886550691623,0.8725009732266049,-0.3325704334678406
0.6400000000000001,-19.25993117477027,-16.41914854179917,-15.328208963235788,0.016787119000889875,0.874156286317169,-0.33091512037727644
0.641,-19.252700862351144,-16.457538140618738,-15.366598562055355,0.016806359851603725,0.8746964346233799,-0.33037497207106564
0.6419999999999999,-19.29976412222641,-16.495585715767874,-15.404646137204493,0.015312431754428566,0.8746015784257303,-0.3304698282687151
0.6430000000000002,-19.319048035815555,-16.532611102062827,-15.441671523499442,0.01519161299336168,0.874686152208975,-0.3303852544854704
0.6440000000000001,-19.434744785364074,-16.570232092407835,-15.47929251384445,0.015094965324383805,0.8754358263037555,-0.32963558039069
0.645,-19.37450171674931,-16.608803314803925,-15.517863736240544,0.014970543773429292,0.8765462407123743,-0.32852516598207104
0.6459999999999999,-19.181694104561668,-16.63801179571736,-15.547072217153978,0.016167739709632867,0.8772516019498873,-0.32781980474455824
0.6470000000000002,-19.372805681169233,-16.65120009077709,-15.560260512213706,0.01485769685177074,0.8767730443132407,-0.32829836238120486
0.6480000000000001,-19.47893078105074,-16.660877283511443,-15.56993770494806,0.014897491841351595,0.8763905904706406,-0.3286808162238049
0.649,-19.60087021231379,-16.68039128789726,-15.589451709333877,0.014840477982211435,0.8784290568709466,-0.3266423498234988
0.6499999999999999,-19.65568932493465,-16.71366844643869,-15.622728867875306,0.01594387158655341,0.8824559803705514,-0.3226154263238941
0.6510000000000002,-19.483723998346242,-16.75268589684506,-15.661746318281674,0.015184058239964505,0.8874000277011658,-0.3176713789932798
0.6520000000000001,-19.376371194424383,-16.77895103014316,-15.688011451579776,0.014324894896278466,0.8923940190274184,-0.312677387667027
0.653,-19.385196587369098,-16.782743329890156,-15.691803751326773,0.014860733843094014,0.8963560950256592,-0.30871531166878635
0.6539999999999999,-19.52406783943952,-16.77322427227236,-15.682284693708974,0.013971385890611029,0.899329387280112,-0.30574201941433354
0.6550000000000002,-19.32045941962024,-16.758229730152053,-15.667290151588672,0.017065379839591985,0.9008498302581706,-0.30422157643627484
0.6560000000000001,-19.393721181090722,-16.7352010436623,-15.644261465098914,0.01598251335628746,0.8997509416166738,-0.30532046507777166
0.657,-19.426411093119036,-16.707209897713458,-15.616270319150074,0.015131258048842227,0.8968060238334146,-0.308265382861031
0.6579999999999999,-19.361531545293733,-16.678851821489058,-15.587912242925677,0.014329588281994524,0.8937631502751783,-0.3113082564192671
0.6589999999999998,-19.377407548455313,-16.64972644855326,-15.558786869989877,0.015649454559606382,0.8908467836351568,-0.3142246230592888
0.6600000000000001,-19.551539615176456,-16.627458947087785,-15.536519368524404,0.01436534938180192,0.8881327472102508,-0.31693865948419464
0.661,-19.610597558427038,-16.623898841948453,-15.53295926338507,0.014861700696273707,0.8861705477446576,-0.3189008589497879
0.6619999999999999,-19.62845222034397,-16.64062794179145,-15.549688363228068,0.015144107169623468,0.8844573106680443,-0.32061409602640123
0.6629999999999998,-19.781634696225584,-16.674211206887172,-15.583271628323791,0.014581623571906913,0.8827726913474203,-0.3222987153470251
0.6640000000000001,-19.686577787535057,-16.72063517689354,-15.629695598330159,0.014277871799362645,0.8814700354937489,-0.3236013712006965
0.665,-19.904436725291575,-16.775441072119285,-15.684501493555903,0.014085162358778157,0.8804495762487197,-0.32462183044572573
0.6659999999999999,-19.829003463514173,-16.838103622476883,-15.7471640439135,0.014678661443124838,0.8797379818246962,-0.32533342486974925
0.6669999999999998,-20.01032390108628,-16.90667910224178,-15.815739523678399,0.0137868729531837,0.8794076638088595,-0.325663742885586
0.6680000000000001,-20.009261321558007,-16.980431244453786,-15.889491665890402,0.013553035873545345,0.8793120770004477,-0.3257593296939978
0.669,-20.12306916751726,-17.058937136888062,-15.967997558324681,0.014058743253800415,0.8792645885472783,-0.3258068181471671
0.6699999999999999,-20.141684928858115,-17.140520007409734,-16.049580428846348,0.013332632427335494,0.8791042717815165,-0.32596713491292906
0.6709999999999998,-20.1329672100163,-17.220944685704232,-16.13000510714085,0.013968111452581228,0.8790124978394032,-0.3260589088550423
0.6720000000000002,-20.151347517975932,-17.29416327084017,-16.203223692276786,0.013983604795674046,0.8789732750088697,-0.3260981316855758
0.673,-20.27407085282657,-17.361131936912063,-16.27019235834868,0.014336921976207841,0.8787504121399127,-0.3263209945545328
0.6739999999999999,-20.234772730917427,-17.42529394636054,-16.334354367797157,0.014015167096289222,0.878376932493968,-0.32669447420047754
0.6749999999999998,-20.224175347078553,-17.48266040807298,-16.391720829509595,0.013376762475650759,0.8779480810964413,-0.32712332559800417
0.6760000000000002,-20.272837358825157,-17.52901137910052,-16.438071800537138,0.013538233853146116,0.877144007445292,-0.3279273992491534
0.677,-20.133416901592163,-17.56196669459923,-16.471027116035845,0.014307435840760208,0.8759462405392583,-0.3291251661551871
0.6779999999999999,-20.212024820320064,-17.580463288390945,-16.489523709827562,0.016217127910344152,0.8745535110269557,-0.3305178956674898
0.6789999999999998,-20.388519468740046,-17.595355136397387,-16.504415557834005,0.015403902527436125,0.8724534920883035,-0.332617914606142
0.6800000000000002,-20.369605384166984,-17.618435203385197,-16.52749562482181,0.0143610770079675,0.8693458711568806,-0.3357255355375649
0.681,-20.376037615649427,-17.648005023601385,-16.557065445038,0.015156551091607547,0.8661665169028772,-0.3389048897915683
0.6819999999999999,-20.49968635814543,-17.681912697398186,-16.5909731188348,0.014541650532479673,0.8642360968027177,-0.3408353098917277
0.6829999999999998,-20.53909352691489,-17.722993900439825,-16.632054321876442,0.01468098324312405,0.8635015159689,-0.34156989072554544
0.6840000000000002,-20.49697757095013,-17.769062749941067,-16.67812317137768,0.01420738422215292,0.8632327092376804,-0.3418386974567651
0.685,-20.462441910373087,-17.811698333441793,-16.72075875487841,0.014713898961074952,0.8629412868963735,-0.3421301197980719
0.6859999999999999,-20.519840876802913,-17.84677603360863,-16.755836455045248,0.014331260194682715,0.8623153234635211,-0.3427560832309244
0.6869999999999998,-20.592825081503168,-17.87896855369008,-16.788028975126696,0.016614137835234175,0.8612402946095963,-0.3438311120848493
0.6880000000000002,-20.652783829485386,-17.913544296022902,-16.822604717459516,0.015240582182043615,0.859903004767293,-0.3451684019271525
0.6890000000000001,-20.613757382079275,-17.950050888396998,-16.859111309833615,0.015566805816781677,0.85903103338043,-0.34604037331401544
0.69,-20.673702532575064,-17.985537671117473,-16.894598092554087,0.015492596989245884,0.8584973647901861,-0.3465740419042594
0.6909999999999998,-20.559513951847055,-18.0154523823673,-16.924512803803914,0.01507115185808306,0.8577919538056886,-0.3472794528887569
0.6920000000000002,-20.526173118663824,-18.032530612326124,-16.941591033762737,0.014642461975961387,0.8572650160431453,-0.3478063906513002
0.6930000000000001,-20.471271424590295,-18.032944657694024,-16.94200507913064,0.015590130363366697,0.8572580347996398,-0.34781337189480566
0.694,-20.64739916383864,-18.023398003837357,-16.93245842527397,0.01492536644238013,0.8589751611143417,-0.34609624558010377
0.6949999999999998,-20.592956427763845,-18.01547627582938,-16.924536697265992,0.014344349621133037,0.8640508105445066,-0.341020596149939
0.6960000000000002,-20.781748953586433,-18.015123432568085,-16.924183854004703,0.014813478088287917,0.8720232969216359,-0.3330481097728096
0.6970000000000001,-20.54435227355042,-18.01927992899207,-16.928340350428684,0.014468464225540026,0.8823414572714392,-0.3227299494230063
0.698,-20.72354100272594,-18.021611306150323,-16.930671727586937,0.015476203805894187,0.8939162998486276,-0.31115510684581776
0.6989999999999998,-20.78585883790912,-18.02803526180892,-16.937095683245534,0.014569642673188596,0.9041008588114192,-0.30097054788302624
0.7000000000000002,-20.81452076368185,-18.04446766416759,-16.95352808560421,0.013284197652614627,0.9121760914406121,-0.29289531525383333
0.7010000000000001,-20.706317234025896,-18.063719212279782,-16.972779633716396,0.014269963381572718,0.9188555762504941,-0.28621583044395144
0.702,-20.842706828131,-18.080743068861658,-16.98980349029827,0.014341340485960155,0.9241790301570462,-0.28089237653739935
0.7029999999999998,-20.882836077474167,-18.10025285947761,-17.009313280914228,0.013785834153674518,0.928220039250683,-0.27685136744376254
0.7040000000000002,-21.08527114058261,-18.129766427424908,-17.038826848861525,0.013335999417712505,0.9312981072788006,-0.27377329941564493
0.7050000000000001,-21.138183159964775,-18.17418836626512,-17.08324878770174,0.013746350015558576,0.9334160008897809,-0.2716554058046645
0.706,-21.303652568728424,-18.232943717388835,-17.142004138825452,0.014124835432208408,0.9340200993172787,-0.27105130737716676
0.7069999999999999,-21.23630663735661,-18.299676123083458,-17.20873654452007,0.013034209419563196,0.93324569104516,-0.2718257156492855
0.7080000000000002,-21.303633188866442,-18.367399029125995,-17.27645945056261,0.014069721932084599,0.9317915082623842,-0.2732798984320613
0.7090000000000001,-21.30642214512606,-18.43377631929109,-17.342836740727705,0.014098384528233122,0.9299457647142715,-0.27512564198017403
0.71,-21.386823955195386,-18.497883185233682,-17.406943606670296,0.014112347174516112,0.9280303260223692,-0.27704108067207633
0.7109999999999999,-21.542617911543196,-18.563278656549354,-17.47233907798597,0.014935652967259124,0.9256594891993191,-0.27941191749512645
0.7120000000000002,-21.30755632859699,-18.627557491089817,-17.536617912526438,0.014125165744575303,0.9223675516174947,-0.2827038550769507
0.7130000000000001,-21.32482924869617,-18.67656545722919,-17.58562587866581,0.01467299242525491,0.9186954467957033,-0.28637595989874215
0.714,-21.184552026477625,-18.70304869737599,-17.612109118812608,0.01399601631914331,0.9150883120374959,-0.28998309465694955
0.7149999999999999,-21.07601472652217,-18.705207084034644,-17.614267505471258,0.01467916224078912,0.9117773008620245,-0.29329410583242105
0.7160000000000002,-21.02028584624466,-18.6829350755717,-17.591995497008316,0.015271684162395152,0.9087298447575268,-0.2963415619369185
0.7170000000000001,-21.11460509851979,-18.645976002040804,-17.555036423477425,0.014677913782652974,0.9060131190555748,-0.29905828763887077
0.718,-21.26999070652653,-18.612202224602022,-17.521262646038643,0.01377042598554536,0.904261284744173,-0.30081012195027257
0.7189999999999999,-21.585840229770444,-18.60062588969858,-17.509686311135198,0.014060387875129544,0.9030943773000366,-0.3019770293944088
0.7200000000000002,-21.549269203597984,-18.619803195353573,-17.528863616790186,0.01399977502939639,0.9014107911399474,-0.3036606155544981
0.7210000000000001,-21.60842639136407,-18.662079241408872,-17.571139662845486,0.014892730867729732,0.8995175089236842,-0.3055538977707613
0.722,-21.441766606975726,-18.71215675306766,-17.621217174504277,0.01459900598440225,0.8991846277484586,-0.305886778945987
0.7229999999999999,-21.471442653127777,-18.756950823539253,-17.666011244975866,0.014663861892478047,0.9012551838297117,-0.3038162228647339
0.7240000000000002,-21.542138898373857,-18.794488197556465,-17.70354861899308,0.014979220388999629,0.9051719414154596,-0.2998994652789859
0.7250000000000001,-21.585059734913518,-18.830165108271256,-17.73922552970787,0.01510119160890918,0.9109444888337378,-0.2941269178607076
0.726,-21.74318498681733,-18.870663815782788,-17.779724237219405,0.015653661099700424,0.9178204514130269,-0.2872509552814185
0.7269999999999999,-21.677470813616594,-18.920553963493056,-17.82961438492967,0.013674392759476763,0.92415878045727,-0.28091262623717544
0.7280000000000002,-21.75091936228002,-18.97676317367354,-17.885823595110157,0.014816078599657822,0.9291250193942504,-0.27594638730019505
0.7290000000000001,-21.80195252093385,-19.036654378779446,-17.94571480021606,0.014588984293653674,0.9324949747483107,-0.2725764319461348
0.73,-21.858203250111035,-19.10010236399576,-18.009162785432377,0.01474006368519648,0.9342141508847518,-0.2708572558096936
0.7309999999999999,-21.848206286086256,-19.16419085142256,-18.073251272859178,0.015005350067887084,0.9347918890447362,-0.27027951764970926
0.7320000000000002,-21.755085283310713,-19.222027470456727,-18.131087891893344,0.013523384779370118,0.9350564270100047,-0.27001497968444077
0.7330000000000001,-21.800732610519418,-19.268586664383985,-18.177647085820603,0.01442673221872851,0.9351244207169342,-0.26994698597751127
0.734,-21.775729033949155,-19.30451546993616,-18.213575891372773,0.01422088370804719,0.9346206827467006,-0.2704507239477448
0.7349999999999999,-21.912628748676102,-19.33396167937057,-18.243022100807192,0.014504191763446913,0.9333667660298438,-0.2717046406646016
0.7360000000000002,-21.89215404147085,-19.362304105836955,-18.27136452727357,0.014110614629896977,0.9312045521479144,-0.27386685454653115
0.7370000000000001,-22.01004265733103,-19.392548174263045,-18.30160859569966,0.014370845704524607,0.9285780397887805,-0.27649336690566506
0.738,-21.99699190211959,-19.425843301543967,-18.33490372298058,0.01456874156633457,0.9261059188992495,-0.278965487795196
0.7389999999999999,-21.940526490413035,-19.458209512242004,-18.367269933678617,0.014580151267567234,0.9235014688808444,-0.2815699378136012
0.7400000000000002,-22.038745868124,-19.48630309565483,-18.395363517091447,0.01480878505213434,0.9205515155655064,-0.28451989112893905
0.7410000000000001,-22.089565481842822,-19.514252757478722,-18.423313178915336,0.014564380524225028,0.9173034656096964,-0.2877679410847489
0.742,-22.166858643119298,-19.54636728561144,-18.455427707048056,0.013729924756163072,0.914789725513999,-0.29028168118044656
0.7429999999999999,-22.153843312566927,-19.58303833468291,-18.49209875611953,0.014514711539476654,0.9141976111340905,-0.29087379556035503
0.7440000000000002,-22.05427989047132,-19.619433766423203,-18.528494187859817,0.014341555222771918,0.9148278156567742,-0.2902435910376714
0.7450000000000001,-22.107109695202418,-19.650097476339493,-18.55915789777611,0.014470019606487392,0.9152514082422141,-0.2898199984522314
0.746,-22.09991822858387,-19.674644456905824,-18.583704878342438,0.014555525872303488,0.9150716665906438,-0.2899997401038017
0.7469999999999999,-22.238978729002877,-19.696669282864164,-18.605729704300778,0.0141841157746279,0.9147182779592489,-0.2903531287351966
0.7480000000000002,-22.305434506076836,-19.7226373720886,-18.631697793525213,0.01350833116834095,0.9149722106731367,-0.2900991960213087
0.7490000000000001,-22.2301636800967,-19.75267990278568,-18.661740324222297,0.01413107104874242,0.9160824017471808,-0.28898900494726454
0.75,-22.233094195844394,-19.7795064928737,-18.688566914310318,0.013830740016266944,0.9177499397239921,-0.2873214669704534
0.7509999999999999,-22.234840153622653,-19.79949274103237,-18.708553162468984,0.01475518384399805,0.919850923485261,-0.28522048320918447
0.7520000000000002,-22.314051358633318,-19.81436428904301,-18.723424710479627,0.013772303579593729,0.9221323219889205,-0.2829390847055251
0.7530000000000001,-22.302841149063745,-19.827374266470855,-18.736434687907472,0.015184813049965301,0.9248290280779948,-0.28024237861645057
0.754,-22.450984552404755,-19.842385090827467,-18.751445512264084,0.013972814619243327,0.9291886816904152,-0.27588272500403027
0.7549999999999999,-22.463263868915412,-19.863471821375665,-18.77253224281228,0.01373947190260111,0.9351600325949512,-0.2699113740994942
0.7560000000000002,-22.39089097661396,-19.88755695311119,-18.796617374547804,0.013648416493189819,0.9410645505450694,-0.2640068561493759
0.7570000000000001,-22.489374674296585,-19.909145689348016,-18.818206110784633,0.015597327319315742,0.9457830663190918,-0.25928834037535364
0.758,-22.36406837207421,-19.925715595596298,-18.83477601703291,0.013423030190663758,0.9490425888233326,-0.2560288178711129
0.7589999999999999,-22.575613832204706,-19.938213069820414,-18.84727349125703,0.013368385322209155,0.9510647268496357,-0.25400667984480974
0.7600000000000002,-22.49026465478787,-19.951991238562748,-18.86105165999936,0.014268627633983247,0.9522607765965257,-0.25281063009791976
0.7610000000000001,-22.650319422587145,-19.969416915411752,-18.878477336848366,0.013218519805028313,0.9527598043449597,-0.2523116023494858
0.762,-22.67470224727678,-19.993441032428287,-18.9025014538649,0.014638419016511355,0.9534461909763141,-0.25162521571813135
0.7629999999999999,-22.573860470314447,-20.020733533108817,-18.929793954545435,0.014661188149409473,0.9553351622489933,-0.24973624444545212
0.7640000000000002,-22.673408404309185,-20.043680021802253,-18.95274044323887,0.01698517739013579,0.956999580847247,-0.24807182584719853
0.7650000000000001,-22.51144168569697,-20.059319318981014,-18.968379740417628,0.015300661960738815,0.9570983242633785,-0.24797308243106697
0.766,-22.666343521548672,-20.06646888408435,-18.975529305520965,0.015003334640939885,0.9559742060083469,-0.2490972006860986
0.7669999999999999,-22.55413057335358,-20.067825211600002,-18.976885633036616,0.01595999389596612,0.953488566419279,-0.2515828402751665
0.7680000000000002,-22.679065407936566,-20.066125154948374,-18.975185576384987,0.014584118264202405,0.9502826116685832,-0.25478879502586227
0.7690000000000001,-22.7532197294223,-20.06803868958055,-18.977099111017164,0.014761899308908205,0.9477582565943867,-0.25731315010005873
0.77,-22.6951450318338,-20.07720993442091,-18.986270355857528,0.014262407660604527,0.9461916309430687,-0.2588797757513768
0.7709999999999999,-22.5498238569191,-20.082925520396593,-18.991985941833207,0.014853286270811153,0.9450274208302991,-0.26004398586414634
0.7720000000000002,-22.645870092758607,-20.07814542541438,-18.987205846850994,0.015761143617898064,0.9436297186857198,-0.26144168800872575
0.7730000000000001,-22.639149631047434,-20.069258102046756,-18.97831852348337,0.015029127338797998,0.9413364215676835,-0.263734985126762
0.774,-22.55921041864893,-20.057698612231945,-18.96675903366856,0.014578121209289257,0.9391918750193127,-0.26587953167513273
0.7749999999999999,-22.726299663829767,-20.044084441541457,-18.95314486297808,0.014909071764500908,0.9382187916346937,-0.26685261505975183
0.7760000000000002,-22.859908102193902,-20.04192316317747,-18.950983584614086,0.015037435712691456,0.9380102792799481,-0.26706112741449745
0.7770000000000001,-22.88253159327634,-20.06038590785638,-18.969446329292992,0.014850006620307154,0.9379609212975408,-0.26711048539690463
0.778,-22.973053314972656,-20.096381698937922,-19.00544212037454,0.01384245416825832,0.9380417112841878,-0.2670296954102577
0.7789999999999999,-23.057626674736124,-20.146789382086464,-19.055849803523078,0.015286557560311088,0.9385817446256712,-0.2664896620687742
0.7800000000000002,-22.959449519511022,-20.20630794247632,-19.115368363912935,0.014826613430642569,0.9394741149508566,-0.26559729174358876
0.7810000000000001,-23.109378733272298,-20.26836136459296,-19.177421786029576,0.014872525970899761,0.9404418723687314,-0.26462953432571396
0.782,-23.142766853500063,-20.33364418379914,-19.242704605235755,0.014589012042688627,0.9426767587038078,-0.2623946479906376
0.7829999999999999,-23.196386329583987,-20.4020904178716,-19.31115083930822,0.014705129397471949,0.9476210494734764,-0.2574503572209692
0.7839999999999998,-23.18871399607164,-20.470172840538293,-19.37923326197491,0.013448620454700239,0.9540602168226816,-0.2510111898717639
0.7850000000000001,-23.315076049061272,-20.536579543577727,-19.44563996501434,0.015006379080371265,0.9600547928410719,-0.24501661385337367
0.786,-23.337211716471128,-20.60278475500511,-19.511845176441728,0.015542240667862592,0.9648156527541348,-0.24025575394031062
0.7869999999999999,-23.361315214206037,-20.66879081116187,-19.577851232598483,0.0141699710711875,0.9681334821943846,-0.23693792450006085
0.7879999999999998,-23.22111242985414,-20.72733683653511,-19.636397257971723,0.015080919236414336,0.9704225313495739,-0.23464887534487155
0.7890000000000001,-23.168058988466267,-20.76652975833863,-19.675590179775245,0.014966845369236365,0.9719527875578564,-0.23311861913658904
0.79,-23.0761981733605,-20.78059883611928,-19.689659257555896,0.014600619319582156,0.9735586409375746,-0.2315127657568708
0.7909999999999999,-23.090732044492604,-20.771536555627762,-19.680596977064376,0.01534175895845332,0.9764336435807898,-0.2286377631136557
0.7919999999999998,-23.192159611824003,-20.750118696263463,-19.659179117700077,0.014523284437463953,0.9802632091915927,-0.22480819750285283
0.7930000000000001,-23.14743956046354,-20.7275791816739,-19.636639603110517,0.015687886340949097,0.9836246001052532,-0.22144680658919222
0.794,-23.313305827158498,-20.710419165776436,-19.619479587213057,0.015761527614594886,0.9850667723547754,-0.2200046343396702
0.7949999999999999,-23.37235573381371,-20.70693813607881,-19.61599855751543,0.0155279677130444,0.9844785233549183,-0.22059288333952728
0.7959999999999998,-23.288495279699188,-20.717155446502233,-19.62621586793885,0.015410881920519204,0.9830978741669799,-0.2219735325274656
0.7970000000000002,-23.503139497371315,-20.737804428485784,-19.646864849922398,0.01436287839134473,0.9821069305415345,-0.22296447615291096
0.798,-23.478468387512706,-20.771074682352314,-19.680135103788928,0.015094907448576774,0.981472214584431,-0.22359919211001442
0.7989999999999999,-23.546354804546603,-20.814178080750448,-19.723238502187062,0.014606940246439905,0.9805016488085025,-0.22456975788594294
0.7999999999999998,-23.631333810458617,-20.86397368154541,-19.773034102982027,0.014381321570484265,0.9795949590335148,-0.22547644766093078
0.8010000000000002,-23.686213500290567,-20.920991926503312,-19.83005234793993,0.014891742341877814,0.9790268459920877,-0.22604456070235784
0.802,-23.771307130290452,-20.984828603660816,-19.89388902509743,0.015180249445323523,0.9781129319578404,-0.22695847473660496
0.8029999999999999,-23.792621264102824,-21.05363794344531,-19.962698364881927,0.014211957346380736,0.9775118708475102,-0.2275595358469353
0.8039999999999998,-23.695258233003926,-21.119524604913614,-20.028585026350235,0.014807266238834778,0.9780186540458362,-0.2270527526486093
0.8050000000000002,-23.551492028299606,-21.167960329059973,-20.077020750496587,0.015195413126761237,0.9784715285238884,-0.22659987817055702
0.806,-23.715195236113374,-21.194767710252286,-20.103828131688903,0.014951759739576598,0.9781971188789472,-0.22687428781549832
0.8069999999999999,-23.773952357217688,-21.213824008145295,-20.122884429581912,0.01396094569154741,0.977954344225558,-0.22711706246888733
0.8079999999999998,-23.656379460412534,-21.23054480541858,-20.139605226855195,0.014469909224312506,0.9780360340881374,-0.22703537260630804
0.8090000000000002,-23.788511586027703,-21.240929041939562,-20.14998946337618,0.014325653251393258,0.9782861428145465,-0.22678526387989897
0.81,-23.91074048566346,-21.253700192489266,-20.16276061392588,0.014210941572480835,0.9787200245842452,-0.22635138211020028
0.8109999999999999,-23.943582459245693,-21.278617058981844,-20.187677480418458,0.014591864362162192,0.9797711349016862,-0.22530027179275933
0.8119999999999998,-23.978335397084983,-21.31395295925947,-20.223013380696084,0.014484689452716828,0.9815208444090928,-0.22355056228535264
0.8130000000000002,-24.04901275768125,-21.355874414571993,-20.264934836008614,0.015095445727860105,0.9828121240493403,-0.22225928264510525
0.8140000000000001,-24.07097596379862,-21.402180743096512,-20.31124116453313,0.014514518638649304,0.9829311117655003,-0.2221402949289451
0.815,-24.08829558383402,-21.44946898580756,-20.358529407244177,0.013943291096385963,0.9827080559003221,-0.22236335079412353
0.8159999999999998,-24.088532567243163,-21.493526505643366,-20.40258692707998,0.01509060172336038,0.9823068415783409,-0.22276456511610446
0.8170000000000002,-24.24152760325507,-21.53575804218198,-20.444818463618592,0.014124107401354884,0.9816432271978329,-0.22342817949661253
0.8180000000000001,-24.317709283712382,-21.583873282762333,-20.49293370419895,0.014540560712030073,0.9809733182902121,-0.22409808840423345
0.819,-24.312284447688263,-21.639753331194292,-20.54881375263091,0.01414409708323454,0.9806610496773884,-0.2244103570170571
0.8199999999999998,-24.402819482218376,-21.70021223039658,-20.609272651833198,0.014394109348439479,0.9812444412384993,-0.2238269654559462
0.8210000000000002,-24.401369694660527,-21.762991202890547,-20.67205162432716,0.014357268678568538,0.9824042102631498,-0.2226671964312958
0.8220000000000001,-24.138920322757688,-21.81595394957675,-20.725014371013362,0.015588445038586403,0.9833642174993773,-0.22170718919506813
0.823,-24.09987685785295,-21.841818896774765,-20.75087931821138,0.014484392614481706,0.9836974813273941,-0.2213739253670513
0.8239999999999998,-24.270414404294005,-21.843968310565778,-20.75302873200239,0.014610381186828454,0.98355429973013,-0.22151710696431565
0.8250000000000002,-24.30016369092022,-21.841362091695295,-20.75042251313191,0.014911024022275766,0.9832227108004814,-0.22184869589396414
0.8260000000000001,-24.399976048800216,-21.84620104297391,-20.755261464410523,0.015080334094360909,0.9827962107759824,-0.22227519591846295
0.827,-24.526409640939306,-21.865342609437914,-20.774403030874534,0.01382952786958364,0.9825901360518672,-0.22248127064257833
0.8279999999999998,-24.328164995802126,-21.894958053519492,-20.80401847495611,0.01446521181374881,0.9831186339302949,-0.22195277276415057
0.8290000000000002,-24.337792887091524,-21.920920625591844,-20.82998104702846,0.014665029224100182,0.9842870569569715,-0.22078434973747388
0.8300000000000001,-24.46148332813316,-21.941676564824235,-20.85073698626085,0.0142731736680795,0.9857137505781726,-0.21935765611627292
0.831,-24.439783539131312,-21.964133308792206,-20.87319373022882,0.014267780213897316,0.9873589320514987,-0.2177124746429468
0.8319999999999999,-24.547476365829233,-21.990703790818102,-20.899764212254716,0.014248359765873872,0.9890995682404367,-0.21597183845400883
0.8330000000000002,-24.621974060771443,-22.025487532521595,-20.93454795395821,0.014435666383625647,0.9907307940731597,-0.21434061262128576
0.8340000000000001,-24.420116501281644,-22.06389624387745,-20.972956665314072,0.01433143729690769,0.9921347393742234,-0.212936667320222
0.835,-24.529639034871977,-22.094808100307723,-21.003868521744344,0.014237161677538529,0.9934078974501587,-0.2116635092442869
0.8359999999999999,-24.613816598946006,-22.121361344321407,-21.03042176575802,0.014297638039208992,0.9947133461265046,-0.2103580605679408
0.8370000000000002,-24.624999411934258,-22.151760623221588,-21.060821044658205,0.014357978367443331,0.9964626864870759,-0.2086087202073696
0.8380000000000001,-24.71211021838124,-22.1876902137941,-21.096750635230716,0.014056696820932553,0.9985652848360315,-0.20650612185841408
0.839,-24.73826057859051,-22.22941846036316,-21.138478881799774,0.013836658370144016,1.0004704656416936,-0.20460094105275178
0.8399999999999999,-24.670315490509193,-22.272545661449048,-21.181606082885665,0.015799388962327167,1.001795507954533,-0.20327589873991236
0.8410000000000002,-24.730591595331976,-22.312011058531485,-21.221071479968106,0.015891898746093862,1.002161992364839,-0.2029094143296063
0.8420000000000001,-24.885938701163237,-22.35197869953114,-21.26103912096776,0.01642599499003188,1.0012417647037013,-0.2038296419907441
0.843,-24.879349500784283,-22.39834059330841,-21.307401014745025,0.0156072631988772,1.0006888381132832,-0.20438256858116216
0.8439999999999999,-24.915138825076074,-22.448318436462205,-21.35737885789882,0.0159219409732101,1.0025781388271449,-0.20249326786730062
0.8450000000000002,-24.91478227134022,-22.497435158593,-21.406495580029613,0.01677851343969226,1.0055369918842627,-0.19953441481018275
0.8460000000000001,-24.93486927039118,-22.543352492137327,-21.452412913573944,0.017368486513470324,1.0073664637326756,-0.19770494296176974
0.847,-25.057663276435157,-22.58766176970184,-21.496722191138453,0.015481321827673214,1.0079141721796177,-0.1971572345148277
0.8479999999999999,-25.00225106284153,-22.632642268489118,-21.54170268992573,0.016126429717669696,1.0076132886977027,-0.19745811799674268
0.8490000000000002,-25.068279174550923,-22.676057856073676,-21.58511827751029,0.016461458129893018,1.006674219194809,-0.19839718749963647
0.8500000000000001,-25.16580770085104,-22.718857067848713,-21.627917489285327,0.01478072088763373,1.0055105459005074,-0.19956086079393803
0.851,-25.001030375717505,-22.758467060136248,-21.667527481572865,0.015492089504355808,1.0050830401214208,-0.1999883665730246
0.8519999999999999,-25.111610036811932,-22.787749510447313,-21.69680993188393,0.015639124097772544,1.005779642134946,-0.19929176455949935
0.8530000000000002,-25.155252760844242,-22.810963678646573,-21.720024100083194,0.0145011900378166,1.0075664785185725,-0.19750492817587287
0.8540000000000001,-25.21362095239299,-22.835434305123574,-21.744494726560188,0.01555058686473951,1.0107588795090823,-0.19431252718536313
0.855,-25.330105000020573,-22.865421695681754,-21.774482117118367,0.01546810402893882,1.014803229204496,-0.1902681774899495
0.8559999999999999,-25.067285868462026,-22.895305657994587,-21.804366079431205,0.014727193279842446,1.0186767901513691,-0.18639461654307637
0.8570000000000002,-25.1743916175633,-22.913098691209857,-21.822159112646474,0.01472231344854632,1.0221381373256417,-0.18293326936880355
0.8580000000000001,-25.22382307312542,-22.922394380187175,-21.83145480162379,0.017440553495357225,1.0253314451800368,-0.17973996151440882
0.859,-25.169244011461764,-22.929065662876436,-21.83812608431305,0.01632606799860568,1.0285239808125113,-0.1765474258819342
0.8599999999999999,-25.055651809173646,-22.92710626127926,-21.836166682715877,0.01842116810883113,1.0308749132454122,-0.17419649344903299
0.8610000000000002,-25.192430467726787,-22.91522547433637,-21.82428589577299,0.017417000676196906,1.0314285004278745,-0.17364290626657086
0.8620000000000001,-25.377651164048306,-22.90731309308459,-21.816373514521207,0.016419254890557754,1.0319292558842903,-0.1731421508101552
0.863,-25.306467741129143,-22.914448256656016,-21.82350867809263,0.01692369869700287,1.0346010972047188,-0.1704703094897266
0.8639999999999999,-25.38120511078636,-22.93320023884356,-21.842260660280175,0.016178013779507432,1.0381974231786208,-0.16687398351582483
0.8650000000000002,-25.262587776807862,-22.955181813685556,-21.864242235122173,0.01514913238001814,1.0418195525532874,-0.16325185414115795
0.8660000000000001,-25.341719281925606,-22.973762564159173,-21.88282298559579,0.016000682565217313,1.04729441186992,-0.15777699482452573
0.867,-25.185962002276764,-22.98429700906779,-21.893357430504413,0.018149574090728475,1.0541272718408021,-0.1509441348536434
0.8679999999999999,-25.18104515478755,-22.981062157839535,-21.89012257927615,0.01654795015513234,1.0596019364293967,-0.1454694702650486
0.8690000000000002,-25.298416418599217,-22.968120990165243,-21.877181411601857,0.01578979307012948,1.0638955095259386,-0.14117589716850698
0.8700000000000001,-25.418340430666387,-22.96006711571695,-21.869127537153563,0.016541588185365264,1.0677041509288008,-0.1373672557656447
0.871,-25.5872641166052,-22.969364470580746,-21.878424892017367,0.01511199530680891,1.0706322407215678,-0.1344391659728777
0.8719999999999999,-25.543557814891983,-22.999076642906772,-21.908137064343393,0.01628096995030061,1.0726252844564785,-0.13244612223796692
0.8730000000000002,-25.587125081980528,-23.0421039073949,-21.951164328831513,0.01574605039619531,1.0727236960227675,-0.13234771067167808
0.8740000000000001,-25.58676666280603,-23.089535443027966,-21.998595864464583,0.01635959556755889,1.0706970678479792,-0.13437433884646632
0.875,-25.68137185699471,-23.138078460702047,-22.04713888213866,0.015200549308931086,1.0677737438724755,-0.13729766282196995
0.8759999999999999,-25.778342384856565,-23.190538123738698,-22.09959854517531,0.014468962628712948,1.0651585794011262,-0.13991282729331922
0.8770000000000002,-25.768839396920523,-23.247929745801397,-22.15699016723801,0.014510422339909389,1.0636378166247695,-0.141433590069676
0.8780000000000001,-25.739019335017094,-23.303582715543065,-22.212643136979683,0.01566615296745539,1.062299692817844,-0.14277171387660137
0.879,-25.86061329453893,-23.353148209575046,-22.26220863101166,0.015060905248585728,1.0605564356205077,-0.14451497107393763
0.8799999999999999,-25.931842978982225,-23.402047688934598,-22.31110811037122,0.014702207358951244,1.059539196440659,-0.14553221025378651
0.8810000000000002,-25.7422172312541,-23.448445567220023,-22.357505988656637,0.014554922216329997,1.0591078852934162,-0.1459635214010294
0.8820000000000001,-25.7533001055771,-23.48108928099564,-22.390149702432257,0.0169855262079572,1.0576561169766707,-0.14741528971777468
0.883,-25.949596300215937,-23.50367122718603,-22.412731648622643,0.017244620371666252,1.0542431559486034,-0.15082825074584194
0.8839999999999999,-25.9028660795543,-23.527360347205537,-22.436420768642158,0.017346501017233434,1.049178576751825,-0.15589282994262066
0.8850000000000002,-25.81350537483105,-23.54758915828007,-22.456649579716682,0.016569965713743525,1.0434527656860637,-0.1616186410083817
0.8860000000000001,-25.683527917552652,-23.55242473259099,-22.461485154027603,0.0157452660780565,1.0382768852056046,-0.16679452148884075
0.887,-25.681266886980346,-23.537241963563027,-22.44630238499964,0.01781133018530631,1.033722603200363,-0.1713488034940825
0.8879999999999999,-25.786409919196338,-23.510326479136868,-22.419386900573482,0.01765713686060474,1.0289052408299375,-0.176166165864508
0.8890000000000002,-25.99054275281068,-23.489832440975672,-22.398892862412286,0.01650691599571126,1.0242827349330783,-0.18078867176136712
0.8900000000000001,-25.93370175054502,-23.48673130184544,-22.395791723282052,0.015813417734791176,1.02042756742638,-0.18464383926806535
0.891,-25.932082646678275,-23.495805609252535,-22.40486603068915,0.015354546571394154,1.017315216093032,-0.18775619060141352
0.8919999999999999,-25.98637725206433,-23.510200472516686,-22.419260893953304,0.015038433995280034,1.0149471426526846,-0.19012426404176105
0.8930000000000002,-26.093569472795362,-23.531971886187574,-22.441032307624194,0.015680949330324625,1.0129686556976711,-0.19210275099677435
0.8940000000000001,-25.954443915428712,-23.559641450087778,-22.468701871524395,0.015396440967659908,1.0120172582323472,-0.19305414846209823
0.895,-26.101050286478408,-23.586604006781286,-22.495664428217903,0.015563953094923703,1.0137598733744286,-0.1913115333200167
0.8959999999999999,-26.255496202252065,-23.61894623488362,-22.528006656320233,0.01556615426812756,1.017726235198338,-0.18734517149610735
0.8970000000000002,-26.264833137453298,-23.664801189027965,-22.573861610464583,0.015507350557125337,1.0225680706347273,-0.18250333605971825
0.8980000000000001,-26.303472518209148,-23.719907560182012,-22.628967981618626,0.01592998268305839,1.0269979167885175,-0.17807348990592795
0.899,-26.191511620645844,-23.774076338590174,-22.683136760026787,0.015963497344378547,1.0304594241244154,-0.17461198257003016
0.8999999999999999,-26.393981141722023,-23.821878943393315,-22.73093936482993,0.017960819736571626,1.033204504722377,-0.17186690197206833
0.9010000000000002,-26.46936701996706,-23.87048906983227,-22.779549491268888,0.01733548415577943,1.036087908872737,-0.16898349782170838
0.9020000000000001,-26.26252489953316,-23.919166184361764,-22.82822660579838,0.017257863760056783,1.0387720293998026,-0.16629937729464303
0.903,-26.411156511625304,-23.95779302875785,-22.866853450194466,0.015638462029304013,1.0400570704282739,-0.16501433626617174
0.9039999999999999,-26.43793685107737,-23.989748044330746,-22.898808465767363,0.015561532490708982,1.040350319377725,-0.16472108731672055
0.9050000000000002,-26.63323202517704,-24.026159686053482,-22.9352201074901,0.015338456982526146,1.0405023162691884,-0.16456909042525722
0.9060000000000001,-26.69622047216657,-24.076200634550222,-22.98526105598684,0.014452654368579888,1.0407260329312245,-0.16434537376322092
0.907,-26.731276588210548,-24.139272214636396,-23.048332636073013,0.01494925781784945,1.0412143538902343,-0.1638570528042112
0.9079999999999999,-26.826149083369366,-24.20892381278859,-23.117984234225204,0.014918716065567921,1.0413234957199737,-0.16374791097447164
0.9089999999999998,-26.877445839573518,-24.283165009456948,-23.192225430893565,0.015595676035408039,1.0403846933987198,-0.16468671329572585
0.9100000000000001,-26.793151342570926,-24.357429305540634,-23.266489726977248,0.014968475138856739,1.0384714144825642,-0.16659999221188113
0.911,-26.762848586302308,-24.421358006282507,-23.33041842771912,0.015054393247461184,1.0361849435750532,-0.1688864631193924
0.9119999999999999,-26.75273687787754,-24.467973998407754,-23.377034419844367,0.016681007009162415,1.0335099973709045,-0.1715614093235409
0.9129999999999998,-26.886493195775767,-24.501540641369708,-23.41060106280632,0.01638619417918382,1.0299719164281218,-0.17509949026632365
0.9140000000000001,-26.655876534857416,-24.52614369163845,-23.435204113075063,0.0166746024837484,1.0266735311086788,-0.17839787558576656
0.915,-26.664599979179446,-24.536145362325055,-23.445205783761672,0.016606469255737846,1.0252402531535045,-0.1798311535409408
0.9159999999999999,-26.623851880349687,-24.529657788942956,-23.43871821037957,0.014694939041627525,1.0258585000014804,-0.17921290669296516
0.9169999999999998,-26.76698578031262,-24.514791438208295,-23.423851859644913,0.015198291178756446,1.0277460659756361,-0.17732534071880932
0.9180000000000001,-26.661832561271666,-24.49968784481292,-23.408748266249535,0.015762497510152258,1.0306631985813566,-0.17440820811308894
0.919,-26.703954685232745,-24.484647219681097,-23.393707641117715,0.015035462509634343,1.0352846243830827,-0.16978678231136302
0.9199999999999999,-26.73938139346973,-24.47111452174035,-23.380174943176964,0.014815306088919122,1.041780178023488,-0.1632912286709573
0.9209999999999998,-26.510613457636282,-24.45638997774854,-23.365450399185153,0.015714968729209293,1.0491649645243493,-0.15590644217009614
0.9220000000000002,-26.770692709742413,-24.43759849687829,-23.346658918314905,0.015754390559282166,1.0559118341480573,-0.14915957254638795
0.923,-26.79241810623299,-24.426575479518625,-23.33563590095524,0.014527658350961849,1.061627674632059,-0.14344373206238661
0.9239999999999999,-26.805635428593707,-24.430323326772136,-23.339383748208753,0.014577489817105096,1.0665116812279976,-0.1385597254664479
0.9249999999999998,-26.757633985589074,-24.442332956359554,-23.351393377796168,0.015520562785705731,1.070000070448656,-0.13507133624578951
0.9260000000000002,-26.84219327951436,-24.457261532470866,-23.36632195390748,0.014087365100681763,1.072233928509807,-0.13283747818463834
0.927,-26.921022577431604,-24.478488013094005,-23.387548434530622,0.014373152644138984,1.0743942073957624,-0.13067719929868316
0.9279999999999999,-27.044492512320524,-24.51249236196528,-23.421552783401893,0.016559566575095146,1.0766790391661443,-0.12839236752830127
0.9289999999999998,-26.9744117707187,-24.55801195294051,-23.467072374377125,0.01874662156239908,1.0769847300540853,-0.12808667664036022
0.9300000000000002,-27.266042456279013,-24.61348451384198,-23.522544935278596,0.0173538237335228,1.073876261854041,-0.13119514484040443
0.931,-27.233805689643457,-24.682996090373788,-23.5920565118104,0.018877419502718772,1.0685302737737623,-0.13654113292068318
0.9319999999999999,-27.233699974666642,-24.76051638887289,-23.669576810309504,0.016128419313841482,1.0626260082937464,-0.14244539840069897
0.9329999999999998,-27.335957872136422,-24.837662407152536,-23.74672282858915,0.021313231763162445,1.0563280394074916,-0.14874336728695367
0.9340000000000002,-27.139710406666318,-24.90832781697351,-23.81738823841013,0.01866908440028297,1.0489202847447041,-0.15615112194974146
0.935,-27.323435092592334,-24.96584154141073,-23.874901962847343,0.01840758744273218,1.0418589057584453,-0.16321250093600026
0.9359999999999999,-27.500250556703314,-25.020043077763425,-23.92910349920004,0.017860898346162488,1.0383253108490211,-0.16674609584542435
0.9369999999999998,-27.526473525232987,-25.082184245421747,-23.99124466685836,0.015970863608849136,1.0392044094136936,-0.16586699728075188
0.9380000000000002,-27.559110747103055,-25.149228460417785,-24.0582888818544,0.01734595099431189,1.0419637792780296,-0.1631076274164159
0.9390000000000001,-27.394893555533457,-25.210745854099166,-24.11980627553578,0.01700846878893979,1.0443983038861047,-0.1606731028083407
0.94,-27.464523585559697,-25.257184347199075,-24.16624476863569,0.017309608571664532,1.0476713475331199,-0.15740005916132577
0.9409999999999998,-27.460452957788352,-25.289267298719466,-24.198327720156083,0.015987954317418444,1.0527789282831894,-0.152292478411256
0.9420000000000002,-27.545814224610282,-25.313828381352515,-24.222888802789132,0.01656789597610653,1.0588368718244647,-0.14623453486998086
0.9430000000000001,-27.46428716761688,-25.33315810875543,-24.24221853019205,0.017627242065948446,1.065087732303781,-0.13998367439066423
0.944,-27.557648163382062,-25.3467119601535,-24.255772381590113,0.014714912921856328,1.071576235028815,-0.1334951716656305
0.9449999999999998,-27.638311978137327,-25.360772474789282,-24.2698328962259,0.014459043256618806,1.0784195272666606,-0.12665187942778489
0.9460000000000002,-27.75614720079525,-25.384198022298502,-24.29325844373512,0.015971694615802046,1.084829229134141,-0.1202421775603045
0.9470000000000001,-27.742272189265247,-25.41960383800199,-24.328664259438604,0.018638531076279902,1.0889605293238238,-0.11611087737062158
0.948,-27.692486462089427,-25.45993774197276,-24.36899816340938,0.017856201179854276,1.089749862808723,-0.11532154388572255
0.9489999999999998,-27.813017340262558,-25.49956375094621,-24.408624172382822,0.01714598766698614,1.0879290750312705,-0.11714233166317502
0.9500000000000002,-27.925156525260913,-25.543230521583947,-24.45229094302056,0.016146902601107807,1.0854597383742213,-0.11961166832022424
0.9510000000000001,-27.83944056274184,-25.592107181021753,-24.501167602458374,0.015636356438726646,1.0843276212717163,-0.12074378542272898
0.952,-27.886033224238183,-25.63842580929254,-24.547486230729156,0.01565798044922229,1.0858185360558632,-0.11925287063858243
0.9529999999999998,-27.961594637528485,-25.68074308432758,-24.589803505764195,0.017772611103287372,1.0893584599898538,-0.11571294670459178
0.9540000000000002,-28.001954691937748,-25.723537846769176,-24.63259826820579,0.017496748953998924,1.0920227748727882,-0.11304863182165727
0.9550000000000001,-28.09347900783616,-25.76992353810125,-24.67898395953787,0.01702539595087273,1.0933443554190752,-0.11172705127537033
0.956,-28.110117675609423,-25.82026867310555,-24.729329094542162,0.01628016361956707,1.095475855994901,-0.10959555069954437
0.9569999999999999,-28.14818971122732,-25.871664371805,-24.780724793241614,0.016645114590321492,1.0982734868240107,-0.1067979198704348
0.9580000000000002,-28.193956818736176,-25.921593126886417,-24.83065354832303,0.017787000667100563,1.0994183951819032,-0.10565301151254214
0.9590000000000001,-28.13152804677683,-25.967322066269855,-24.87638248770647,0.017044968074160068,1.0980896724893257,-0.10698173420511974
0.96,-28.18419019856455,-26.006202308854704,-24.915262730291317,0.016791971173217686,1.095483390736409,-0.10958801595803636
0.9609999999999999,-28.33127550347021,-26.042931784764825,-24.951992206201442,0.015578861720199422,1.0932532074360624,-0.11181819925838299
0.9620000000000002,-28.295873996259555,-26.082694388701476,-24.991754810138094,0.01649436322106377,1.0916869075769922,-0.1133844991174533
0.9630000000000001,-28.375981590748278,-26.12362843910628,-25.0326888605429,0.015510004355957773,1.0900324242650115,-0.11503898242943394
0.964,-28.27353598989236,-26.160519136547045,-25.06957955798366,0.014546736351857598,1.0883268094674436,-0.11674459722700198
0.9649999999999999,-28.120473840696278,-26.18250017592997,-25.091560597366584,0.015491996094919257,1.0870330530368295,-0.11803835365761596
0.9660000000000002,-28.29836453428776,-26.18672746062499,-25.095787882061604,0.01582802146788449,1.0854433195855024,-0.11962808710894302
0.9670000000000001,-28.17436006573176,-26.182388602686878,-25.09144902412349,0.015711997130876003,1.083342943589214,-0.1217284631052316
0.968,-28.354493971599396,-26.175409758469833,-25.084470179906447,0.01528576185491768,1.0818206476301995,-0.12325075906424605
0.9689999999999999,-28.204644237124626,-26.168137703961516,-25.077198125398134,0.01450240354241354,1.0814624133198898,-0.12360899337455568
0.9700000000000002,-28.143050746476444,-26.15573776626678,-25.064798187703396,0.014950268096343335,1.082399662258967,-0.1226717444354784
0.9710000000000001,-28.22541958708806,-26.136796991123187,-25.0458574125598,0.015448480589637686,1.0849354425475233,-0.12013596414692229
0.972,-28.286292177417618,-26.1211466006732,-25.030207022109817,0.01517837884598886,1.0897168673972164,-0.11535453929722894
0.9729999999999999,-28.180684675119224,-26.111426075071968,-25.020486496508582,0.015043919900794837,1.097076667758956,-0.10799473893548947
0.9740000000000002,-28.239752747041067,-26.102494842230062,-25.01155526366668,0.01710246671414696,1.10508279914224,-0.09998860755220548
0.9750000000000001,-28.345752802558504,-26.097689376166525,-25.006749797603142,0.016443376678713935,1.1109751478890946,-0.09409625880535098
0.976,-28.41007892296225,-26.104718631571696,-25.013779053008314,0.015348450452609162,1.1143569599789576,-0.09071444671548777
0.9769999999999999,-28.37734196542652,-26.123127502713974,-25.032187924150588,0.017661244924114007,1.1157725901536173,-0.08929881654082822
0.9780000000000002,-28.345019538173062,-26.146332350533367,-25.05539277196998,0.016975960963520057,1.115395475761615,-0.08967593093283069
0.9790000000000001,-28.447339798396968,-26.170563238876404,-25.079623660313022,0.01589306544232679,1.1141853397916255,-0.09088606690282
0.98,-28.52434075760043,-26.199685010660815,-25.108745432097432,0.01576708112364974,1.113333342815891,-0.09173806387855438
0.9809999999999999,-28.700282430805043,-26.240930112638004,-25.149990534074618,0.015486954620792718,1.1125409445657761,-0.09253046212866917
0.9820000000000002,-28.774084771023052,-26.2977322075611,-25.206792628997714,0.015278610474427435,1.1112311834400757,-0.09384022325436972
0.9830000000000001,-28.82179468098471,-26.366538172123754,-25.27559859356037,0.01553093676094942,1.1097797136062826,-0.09529169308816278
0.984,-28.87464188884917,-26.44194186333826,-25.35100228477488,0.01562514667757508,1.1090632434802414,-0.09600816321420402
0.9849999999999999,-28.8400570303528,-26.518476828205223,-25.427537249641837,0.015023411556936248,1.1101914850991208,-0.09487992159532466
0.9860000000000002,-28.939255016532563,-26.59146711546552,-25.500527536902133,0.015442621484074881,1.112473841142108,-0.09259756555233743
0.9870000000000001,-28.918271158819508,-26.660256252621082,-25.569316674057696,0.01761012492849594,1.1135268776471847,-0.09154452904726076
0.988,-29.017945611757447,-26.7245338818147,-25.633594303251318,0.017826434294720254,1.111826051899098,-0.09324535479534751
0.9889999999999999,-29.089057151387653,-26.786630021170215,-25.69569044260683,0.0167754013749785,1.1080153056391004,-0.09705610105534503
0.9900000000000002,-29.16496296078445,-26.850475633954478,-25.759536055391095,0.015771203458993143,1.1037832418746596,-0.10128816481978598
0.9910000000000001,-29.0992424151667,-26.914209832289604,-25.823270253726218,0.01773050678189951,1.0997679304681138,-0.10530347622633181
0.992,-29.080736866916844,-26.96931255070143,-25.87837297213805,0.017190644948208544,1.096044066448174,-0.1090273402462712
0.9929999999999999,-29.010888552516825,-27.008721048752246,-25.917781470188867,0.017466192696591124,1.0948797202640586,-0.11019168643038675
0.9940000000000002,-28.9280930225817,-27.028207932656397,-25.93726835409301,0.016641092972289495,1.0972118909991102,-0.10785951569533514
0.9950000000000001,-28.89551278080459,-27.025813166471362,-25.93487358790798,0.015680082540494782,1.1010323307092864,-0.10403907598515912
0.996,-29.005766295170254,-27.008140598491263,-25.917201019927877,0.016740596348329178,1.1047397928481202,-0.1003316138463254
0.9969999999999999,-29.09915452751774,-26.990061993490006,-25.89912241492662,0.015890511092734903,1.1079967965686484,-0.09707461012579716
0.9980000000000002,-29.15846999560175,-26.983559670075067,-25.89262009151168,0.016021058973783257,1.11221419879544,-0.0928572078990058
0.9990000000000001,-29.17449241328854,-26.991145037179475,-25.90020545861609,0.015391109419985722,1.118541174652095,-0.08653023204235046
1.0,-29.215499165144717,-27.009941819336753,-25.919002240773366,0.0159563593463436,1.1254530646606975,-0.07961834203374799
1.001,-29.16715324781466,-27.034567993988883,-25.943628415425497,0.015450883731170291,1.1312582217889717,-0.07381318490547377
1.0020000000000002,-29.30520566834077,-27.062389805039867,-25.97145022647648,0.015330307531977158,1.1354222058880958,-0.06964920080634976
1.0030000000000001,-29.25847570555092,-27.093984670338752,-26.003045091775366,0.015430740104816295,1.1378747446369646,-0.06719666205748102
1.004,-29.318834240279926,-27.126735556065544,-26.03579597750216,0.014905699491836743,1.139019974671459,-0.06605143202298652
1.005,-29.35908262866607,-27.159936331292368,-26.06899675272899,0.016301405939534126,1.1389882493173322,-0.06608315737711325
1.0060000000000002,-29.140939448808908,-27.187862014232824,-26.09692243566944,0.01603903086436835,1.137374909167801,-0.06769649752664443
1.0070000000000001,-29.247957887459744,-27.20141181008436,-26.110472231520973,0.015639611835278212,1.1345942833399794,-0.07047712335446603
1.008,-29.32206278475641,-27.207071961102358,-26.116132382538975,0.018749470452828945,1.1312243356612521,-0.07384707103319335
1.009,-29.39958880438041,-27.216297290184905,-26.125357711621522,0.017386993932401996,1.1270650536486577,-0.07800635304578801
1.0100000000000002,-29.27743314065034,-27.22783041008068,-26.136890831517295,0.01661192499341572,1.1223790990955356,-0.08269230759890996
1.0110000000000001,-29.35470482076078,-27.23523720983049,-26.144297631267108,0.016237379215982804,1.1176441619551762,-0.08742724473926913
1.012,-29.362701892024496,-27.240926431415943,-26.149986852852564,0.016302115434511804,1.1130684779756064,-0.0920029287188391
1.013,-29.482530589240113,-27.251871362575915,-26.160931784012533,0.015701490228519552,1.1091683594260375,-0.09590304726840786
1.0140000000000002,-29.549917252476096,-27.272183867590382,-26.181244289027,0.016292575647902263,1.105823703450386,-0.09924770324405952
1.0150000000000001,-29.645211158991447,-27.303584399998844,-26.212644821435457,0.01662787408461187,1.1023657548094912,-0.10270565188495456
1.016,-29.64129962646226,-27.344737071574393,-26.253797493011007,0.016337230718749672,1.09937046503452,-0.10570094165992525
1.017,-29.718883595868853,-27.39245036873563,-26.301510790172244,0.017044823274386937,1.0988810815857721,-0.1061903251086735
1.0180000000000002,-29.557537347256716,-27.4390254960814,-26.348085917518013,0.017840216633802582,1.1019647791152576,-0.10310662757918783
1.0190000000000001,-29.682257931271096,-27.476453328322965,-26.38551374975958,0.01739372501310744,1.108137425154823,-0.09693398153962265
1.02,-29.786216159665866,-27.50983076602077,-26.418891187457383,0.016438965425985233,1.1164795663215172,-0.08859184037292826
1.021,-29.66037655564643,-27.543098148124095,-26.45215856956071,0.01689469852512708,1.1246014336877324,-0.08046997300671319
1.0220000000000002,-29.74050038055886,-27.569887074037116,-26.47894749547373,0.016864189084040113,1.1308525199142576,-0.0742188867801879
1.0230000000000001,-29.89006668648006,-27.594237200597203,-26.503297622033816,0.0148808799874911,1.1364742812789816,-0.06859712541546374
1.024,-29.662529647726874,-27.618981635259704,-26.528042056696318,0.01583662661733856,1.1428417779741176,-0.06222962872032788
1.025,-29.82790605496562,-27.637375977829436,-26.54643639926605,0.015089445628450215,1.1490477479620933,-0.056023658732352086
1.0260000000000002,-29.884239659408482,-27.654437575328977,-26.56349799676559,0.016636642546262844,1.1534680612117707,-0.05160334548267494
1.0270000000000001,-29.919601974370902,-27.67735619848586,-26.586416619922474,0.01602038007217265,1.1552380148031554,-0.049833391891290116
1.028,-29.780272693441717,-27.700422361758335,-26.60948278319495,0.015757428840414017,1.1548703859386502,-0.05020102075579534
1.029,-29.900435770004446,-27.716726128093278,-26.625786549529895,0.014673455283220432,1.1539569673658743,-0.05111443932857115
1.0300000000000002,-29.772583969504403,-27.726091518309847,-26.635151939746464,0.015078532599271537,1.153942656250435,-0.05112875044401051
1.0310000000000001,-29.803853429034046,-27.72759093708147,-26.636651358518087,0.015340131962252451,1.1552427269528587,-0.04982867974158699
1.032,-29.809679776738715,-27.72189710176929,-26.630957523205904,0.015799448224691696,1.157060599840197,-0.048010806854248446
1.033,-29.935765716771098,-27.715957427904712,-26.625017849341326,0.017575283366764918,1.1578980730370987,-0.04717333365734683
1.0339999999999998,-30.033863515676064,-27.71978453264887,-26.628844954085487,0.01919178247672345,1.155610508343068,-0.049460898351377416
1.0350000000000001,-30.089020328026994,-27.73910120628217,-26.648161627718785,0.017802282443069042,1.14960382132881,-0.05546758536563547
1.036,-30.07435363953329,-27.770278637087124,-26.67933905852374,0.016284130752680787,1.1420874444028892,-0.06298396229155624
1.037,-30.229623124755754,-27.810279647492145,-26.71934006892876,0.0162966519955608,1.1360980575889397,-0.06897334910550597
1.0379999999999998,-30.11808837669373,-27.856924514098836,-26.76598493553545,0.016214701820073125,1.1328994628422264,-0.072171943852219
1.0390000000000001,-30.298851702789136,-27.905793330989322,-26.81485375242594,0.016970726184131084,1.1316391971345963,-0.07343220955984936
1.04,-30.146097439755206,-27.9530666025654,-26.862127024002017,0.016131609829738037,1.1305099411211044,-0.07456146557334131
1.041,-30.262193224787794,-27.99350100503563,-26.902561426472246,0.016560656192269103,1.128435083077387,-0.07663632361705855
1.0419999999999998,-30.090967216751935,-28.026101063388097,-26.93516148482471,0.016236202747129655,1.1252626054191943,-0.07980880127525135
1.0430000000000001,-30.242869795984003,-28.052975480319024,-26.962035901755637,0.016616954730314236,1.1216568671012126,-0.08341453959323279
1.044,-30.408517982017685,-28.08268825006972,-26.991748671506336,0.016365465289132793,1.1180815742902834,-0.08698983240416215
1.045,-30.414301006379215,-28.12309664611146,-27.032157067548077,0.015482274868485406,1.1149262028883193,-0.09014520380612616
1.0459999999999998,-30.499017605510215,-28.171819840199028,-27.08088026163564,0.015121032533015945,1.112884897012972,-0.09218650968147334
1.0470000000000002,-30.54805801843022,-28.225760777591553,-27.134821199028167,0.015533072852768774,1.1117264472135757,-0.09334495948086974
1.048,-30.654019887091888,-28.284724944494826,-27.19378536593144,0.01533756775952251,1.110945461498311,-0.09412594519613446
1.049,-30.5207961171024,-28.34409232157371,-27.253152743010325,0.016146862236338277,1.1101376736161344,-0.0949337330783112
1.0499999999999998,-30.444744964827485,-28.390217674183624,-27.29927809562024,0.015171046582565559,1.109348780278964,-0.09572262641548156
1.0510000000000002,-30.297046269351945,-28.410695087813508,-27.319755509250122,0.016009870609057907,1.109663828673653,-0.09540757802079246
1.052,-30.55553310507832,-28.410116786678078,-27.31917720811469,0.015633960852742518,1.1120516865535803,-0.09301972014086525
1.053,-30.59392737286083,-28.407920271924734,-27.316980693361348,0.01618884816949917,1.1156347829669182,-0.08943662372752713
1.0539999999999998,-30.755720981725275,-28.41792174462292,-27.326982166059537,0.015468647699130466,1.1192035396701996,-0.08586786702424584
1.0550000000000002,-30.828619620413146,-28.444410666027657,-27.353471087464275,0.015407320902569908,1.1225288324532667,-0.08254257424117878
1.056,-30.725796850207065,-28.4824102519579,-27.391470673394522,0.01606343597557658,1.125010999578442,-0.08006040711600342
1.057,-30.680372401669498,-28.51844917432836,-27.427509595764977,0.015838270011493915,1.1269520699895497,-0.07811933670489575
1.0579999999999998,-30.797754048895534,-28.548870456919406,-27.45793087835602,0.01807537757511684,1.1291111936563394,-0.07596021303810609
1.0590000000000002,-30.847365595752596,-28.580396743960158,-27.48945716539677,0.017441107705776893,1.1307793200458784,-0.07429208664856697
1.06,-30.553267638259538,-28.608607751272558,-27.517668172709172,0.016672262115442784,1.132616796835491,-0.07245460985895442
1.061,-30.79547018777438,-28.626148193361523,-27.535208614798137,0.01545981830425056,1.1364648551213241,-0.06860655157312116
1.0619999999999998,-30.617028816777733,-28.636225729162867,-27.545286150599484,0.016198435202035604,1.1423891316224513,-0.06268227507199431
1.0630000000000002,-30.550134163421042,-28.63374885888579,-27.54280928032241,0.017137030242083365,1.1490802704291891,-0.05599113626525653
1.064,-30.797720104074973,-28.620997892571946,-27.53005831400856,0.015935942685408506,1.1547987787291043,-0.05027262796534128
1.065,-31.027158360505087,-28.618739080118605,-27.52779950155522,0.01568302201300734,1.1582696400511368,-0.04680176664330879
1.0659999999999998,-31.046430659983624,-28.63836967521411,-27.547430096650725,0.014485227286566553,1.1597266187761803,-0.04534478791826528
1.0670000000000002,-30.944854011626916,-28.672089560039446,-27.581149981476063,0.015271222856091995,1.159807304366535,-0.04526410232791057
1.068,-31.00498544628167,-28.708485510957587,-27.6175459323942,0.01432132699728109,1.1592478301214926,-0.045823576572952954
1.069,-31.1040000766932,-28.7469297133516,-27.655990134788215,0.015713480324658954,1.1588397967082555,-0.04623160998619005
1.0699999999999998,-31.18141255981975,-28.792830966507964,-27.70189138794458,0.015076432011633265,1.1589898332122228,-0.046081573482222644
1.0710000000000002,-31.20649138567193,-28.846582395247616,-27.755642816684233,0.015034671834673611,1.1596326205237002,-0.045438786170745295
1.072,-31.235924546981458,-28.903549549506195,-27.812609970942813,0.015029181636963623,1.1600242980215307,-0.0450471086729148
1.073,-31.11788963997991,-28.95565227198709,-27.86471269342371,0.014726586867621124,1.159650967388842,-0.04542043930560349
1.0739999999999998,-31.161746742694614,-28.994939059206153,-27.90399948064277,0.014996842717115056,1.1584405153497237,-0.0466308913447219
1.0750000000000002,-31.18875258747259,-29.022739448097408,-27.93179986953402,0.014812825275342516,1.1566635883397687,-0.048407818354676925
1.076,-31.20095522906568,-29.04512491010564,-27.954185331542256,0.014753656161442932,1.1551980946477718,-0.0498733120466736
1.077,-31.366274236762255,-29.070236776733765,-27.97929719817038,0.014608139380398472,1.1544645848596324,-0.05060682183481327
1.0779999999999998,-31.232503042861904,-29.100546304181286,-28.0096067256179,0.015347900335964454,1.154201297673932,-0.05087010902051353
1.0790000000000002,-31.08443277425621,-29.122811909136935,-28.03187233057355,0.015480043356413842,1.1548303533598039,-0.05024105333464153
1.08,-31.039601584920703,-29.124763088068686,-28.033823509505304,0.01648951369960346,1.156500921920725,-0.048570484773720474
1.081,-31.03510703081752,-29.10780271621302,-28.016863137649633,0.01597165637270646,1.158529361325311,-0.0465420453691345
1.0819999999999999,-31.174901694704147,-29.083251389715247,-27.992311811151865,0.015022716839598037,1.160686235749598,-0.044385170944847535
1.0830000000000002,-31.24222914276457,-29.065719371547083,-27.974779792983696,0.015109286696939592,1.1623622580195196,-0.042709148674925895
1.084,-31.369125381084856,-29.064998336252767,-27.97405875768938,0.01574491439603011,1.162631298231756,-0.04244010846268972
1.085,-31.398540387298986,-29.084293478701387,-27.993353900138,0.015257744368225303,1.1616459309965015,-0.043425475697943944
1.0859999999999999,-31.33431549705983,-29.116781004486548,-28.02584142592316,0.015471363170456161,1.160454601534226,-0.044616805160219486
1.0870000000000002,-31.377816978826633,-29.151750047713247,-28.060810469149867,0.016094366941095433,1.1601762441158026,-0.04489516257864298
1.088,-31.416020668381474,-29.18738312689718,-28.096443548333795,0.01564577623809064,1.1613740508041523,-0.0436973558902932
1.089,-31.585921773946605,-29.22964659311728,-28.138707014553894,0.016398581720674533,1.1639470992351804,-0.0411243074592652
1.0899999999999999,-31.63862764815811,-29.28377919931864,-28.192839620755255,0.014932680900000255,1.1679028528687063,-0.03716855382573925
1.0910000000000002,-31.69225373625871,-29.34864105226913,-28.257701473705747,0.015503578627906477,1.1737974192712335,-0.03127398742321191
1.092,-31.536418590855806,-29.416244325265456,-28.325304746702077,0.016191160267872616,1.1807152448763865,-0.024356161818059073
1.093,-31.65447934477814,-29.479088811147143,-28.38814923258376,0.016109039256821264,1.1861167539800685,-0.01895465271437703
1.0939999999999999,-31.73598021837904,-29.538980642528088,-28.448041063964705,0.0160878382099578,1.189277480012889,-0.01579392668155652
1.0950000000000002,-31.729927948915506,-29.59790761599604,-28.506968037432653,0.015211556765166553,1.1910529783191661,-0.014018428375279432
1.096,-31.692442164067824,-29.65084794544426,-28.559908366880872,0.015878237115717772,1.191516331423312,-0.013555075271133789
1.097,-31.83507165615352,-29.69623502644073,-28.605295447877342,0.015971270504434837,1.1904839094009256,-0.014587497293519757
1.0979999999999999,-31.81628514310354,-29.738333279568234,-28.647393701004855,0.015971547904278786,1.1881434606507773,-0.016927946043668363
1.0990000000000002,-31.627027098201502,-29.77118317313701,-28.680243594573625,0.014024642570007878,1.185408983180514,-0.019662423513931434
1.1,-31.79864793424171,-29.788120320756327,-28.697180742192945,0.014975847831614611,1.183840663388419,-0.02123074330602634
1.101,-31.85305432555271,-29.799099056625092,-28.70815947806171,0.016250080762822833,1.1828644738051601,-0.022206932889285293
1.1019999999999999,-31.95691800690141,-29.81598853553293,-28.725048956969548,0.016174932186236977,1.1811215945765021,-0.023949812117943392
1.1030000000000002,-32.05485486280705,-29.84387430705104,-28.752934728487652,0.017207131064459587,1.1784660375725615,-0.026605369121883993
1.104,-32.1758574576987,-29.885539586883006,-28.79460000831962,0.016469265019015265,1.1757174830121933,-0.029353923682252158
1.105,-32.12911647560683,-29.93793990863757,-28.847000330074188,0.019102420457164433,1.1735064497183625,-0.03156495697608311
1.1059999999999999,-32.211821247270066,-29.994533432946465,-28.903593854383082,0.018377308017711938,1.1707717992580118,-0.03429960743643355
1.1070000000000002,-32.27704653340416,-30.054054151483562,-28.963114572920176,0.020386274777221384,1.1663201330538453,-0.03875127364060026
1.108,-32.16865272241194,-30.11225602640852,-29.021316447845134,0.01939625496171412,1.1607547008299277,-0.04431670586451762
1.109,-32.280609045482095,-30.161872738263412,-29.070933159700026,0.018615394632502127,1.1552060582646142,-0.049865348429831285
1.1099999999999999,-32.358419070236714,-30.206320633945182,-29.1153810553818,0.01870847753157325,1.1497082703512629,-0.05536313634318252
1.1110000000000002,-32.258187019384245,-30.24747400165189,-29.156534423088505,0.017952370176288732,1.1445597070313485,-0.060511699663097
1.112,-32.13783881783466,-30.275623165797576,-29.18468358723419,0.01803950840162675,1.14066659792147,-0.06440480877297515
1.113,-32.20914853608596,-30.285980711516288,-29.195041132952902,0.016132615743737925,1.1392383449355652,-0.06583306175888012
1.1139999999999999,-32.12908325005259,-30.283289085370924,-29.19234950680754,0.017607389779187337,1.1413510747242288,-0.06372033197021673
1.1150000000000002,-32.30037510427457,-30.275406277614273,-29.184466699050887,0.017368645468651352,1.1471149222010826,-0.05795648449336291
1.116,-32.19397521280886,-30.269090397025472,-29.17815081846209,0.01775080974235178,1.1554092181931241,-0.04966218850132134
1.117,-32.31030596123993,-30.26554564243958,-29.1746060638762,0.017004894012372082,1.164743088476141,-0.04032831821830451
1.1179999999999999,-32.38532873689557,-30.26908304469465,-29.178143466131264,0.016322708845242676,1.1743324491482754,-0.030738957546170002
1.1190000000000002,-32.25500499525841,-30.27948777213671,-29.188548193573332,0.016959692703004424,1.1836748682686808,-0.02139653842576457
1.12,-32.15691995385613,-30.283772303027494,-29.192832724464107,0.016862937119790568,1.1921944319491202,-0.01287697474532523
1.121,-32.27858373964429,-30.277856484683415,-29.186916906120032,0.016693912876315272,1.1986866787164985,-0.006384727977946999
1.1219999999999999,-32.141423143096766,-30.266627777921524,-29.17568819935814,0.017892325482153193,1.2022482966418295,-0.0028231100526157965
1.1230000000000002,-32.394617334260865,-30.255957674105556,-29.165018095542173,0.01801269031303432,1.2044888487708283,-0.0005825579236172723
1.124,-32.45843921456378,-30.258769534227174,-29.16782995566379,0.01911581577382322,1.207164961086289,0.0020935543918432836
1.125,-32.522495904317964,-30.280531815825178,-29.18959223726179,0.017660674775670494,1.2101654469537673,0.005094040259321673
1.126,-32.728479615989464,-30.32177453477653,-29.230834956213148,0.01714961356013417,1.21338504940935,0.008313642714904538
1.1270000000000002,-32.67827893509727,-30.382882865873793,-29.291943287310406,0.016061993008872868,1.2168189986778377,0.011747591983392291
1.1280000000000001,-32.71100614550763,-30.4542530462332,-29.36331346766982,0.01577509243866331,1.2199494145019087,0.014878007807463107
1.129,-32.703861152494966,-30.525418920795573,-29.434479342232187,0.015877035805714323,1.2228662677370623,0.01779486104261694
1.13,-32.85288028061859,-30.595369078959017,-29.50442950039563,0.018369839532540656,1.224579368304231,0.019507961609785504
1.1310000000000002,-32.84851529561423,-30.66706667501819,-29.576127096454805,0.0173480765222528,1.2239036668743535,0.018832260179907852
1.1320000000000001,-32.9669551690866,-30.739596803217186,-29.6486572246538,0.018150618993216253,1.2217226091635087,0.016651202469063327
1.133,-33.11722734856373,-30.815140167488487,-29.7242005889251,0.018174950250605285,1.2194033046477397,0.014331897953294198
1.134,-32.964024876100986,-30.892310175745934,-29.801370597182547,0.018800814526097265,1.2169359536302704,0.011864546935824848
1.1350000000000002,-32.94014722495956,-30.95877068363795,-29.867831105074565,0.018688383267670215,1.2140732151813578,0.009001808486912215
1.1360000000000001,-32.79141713894652,-31.00388402578456,-29.912944447221175,0.01839177941904671,1.2118510285935036,0.006779621899057999
1.137,-32.96774762762156,-31.029072434831484,-29.938132856268098,0.01770717634268114,1.2117756820097785,0.006704275315332849
1.138,-32.903075591097306,-31.044113379253222,-29.953173800689836,0.016777314343879128,1.2133148739067754,0.008243467212329929
1.1390000000000002,-32.79617401458941,-31.04849310001504,-29.957553521451654,0.01767136362123613,1.2146207194573664,0.009549312762920906
1.1400000000000001,-32.80083100764248,-31.03670972803039,-29.945770149467005,0.017180264690607648,1.214274443612346,0.00920303691790081
1.141,-32.92643960072953,-31.016018465771825,-29.925078887208443,0.01711399603311728,1.2131574710896085,0.008086064395163014
1.142,-33.05679418965537,-31.003093625189834,-29.912154046626448,0.01593781157809052,1.2138748596522795,0.008803452957834022
1.1430000000000002,-33.32643200654782,-31.012054087491116,-29.921114508927733,0.016358169739174894,1.2174149457341858,0.012343539039740581
1.1440000000000001,-33.39333578990121,-31.048020396056025,-29.95708081749264,0.015814953091131276,1.2225452997975308,0.017473893103085357
1.145,-33.28663479656436,-31.102338746621108,-30.01139916805772,0.017306440808295843,1.2271692759686768,0.022097869274231383
1.146,-33.359902486303945,-31.161589259715285,-30.0706496811519,0.016711346057473497,1.2300793844570532,0.02500797776260764
1.1470000000000002,-33.32860886696213,-31.220419482321223,-30.129479903757836,0.015834813520545336,1.232035145847162,0.02696373915271641
1.1480000000000001,-33.28982671110902,-31.27456834817442,-30.183628769611037,0.01814521460029086,1.234327644548876,0.02925623785443056
1.149,-33.42081151701015,-31.322020028590092,-30.231080450026706,0.017656162997151108,1.2382331942259073,0.03316178753146201
1.15,-33.270191778854254,-31.363347130160463,-30.27240755159708,0.01729466765202675,1.2445876666721378,0.039516259977692356
1.1510000000000002,-33.380582220187655,-31.39576242290402,-30.304822844340638,0.01981206813651039,1.2521773938697276,0.047105987175282034
1.1520000000000001,-33.59131114916378,-31.42864322740675,-30.337703648843366,0.01841181718124739,1.2596617641764205,0.05459035748197517
1.153,-33.593349076748275,-31.4747844981804,-30.383844919617022,0.01773492265490121,1.2673550301513277,0.06228362345688215
1.154,-33.60845932771119,-31.531745212601646,-30.44080563403826,0.017866603397166284,1.2758909479110954,0.07081954121664998
1.1550000000000002,-33.58112327478254,-31.59112757721996,-30.50018799865658,0.017142669366524144,1.2847365502945758,0.07966514360013012
1.1560000000000001,-33.349550154840436,-31.640370939606377,-30.54943136104299,0.017228663075373768,1.2924461602202857,0.08737475352584008
1.157,-33.26003284225742,-31.662903981511853,-30.571964402948467,0.018367120262097837,1.2971860420067685,0.09211463531232292
1.158,-33.37194960487075,-31.658972739366103,-30.568033160802717,0.018144695518003365,1.2982384953798571,0.09316708868541171
1.1589999999999998,-33.32807402590047,-31.641894810535103,-30.550955231971717,0.018162918723240225,1.2963235855057864,0.09125217881134084
1.1600000000000001,-33.485456894384974,-31.622645323980887,-30.5317057454175,0.01810976351471769,1.2924723015731605,0.08740089487871495
1.161,-33.557137169965394,-31.613249526267104,-30.52230994770372,0.019616563376719305,1.2865901137470668,0.0815187070526212
1.162,-33.58660627326589,-31.619573148070415,-30.52863356950703,0.018970299284270794,1.2789765209835626,0.07390511428911739
1.1629999999999998,-33.557572660255566,-31.63750256144374,-30.546562982880353,0.02030031672769,1.2706750135861897,0.0656036068917444
1.1640000000000001,-33.65840357837202,-31.66284121038621,-30.571901631822822,0.018096044269090242,1.2626003299357533,0.05752892324130783
1.165,-33.63764344077299,-31.69419359039422,-30.603254011830835,0.018292438493845188,1.2565096438764076,0.051438237181962165
1.166,-33.75096004866974,-31.73088908486997,-30.639949506306586,0.0188679729201229,1.253418341855408,0.048346935160962584
1.1669999999999998,-33.768662807929225,-31.77319992895944,-30.682260350396056,0.017576317859417594,1.2516309735294642,0.046559566835018676
1.1680000000000001,-33.88939412517186,-31.821610284281082,-30.730670705717696,0.017650263786441057,1.2494086994545528,0.04433729276010735
1.169,-33.9063951671276,-31.876467508951837,-30.785527930388454,0.018086505387004008,1.2464309681408199,0.04135956144637453
1.1720000000000002,-33.78767128555344,-32.03365287706321,-30.942713298499825,0.016985531250345434,1.2447768114722657,0.039705404777820134
1.173,-33.94019014464508,-32.06423592030207,-30.973296341738685,0.017528500268544592,1.2494348189191167,0.044363412224671064
1.174,-33.99797789499695,-32.090653705115166,-30.99971412655178,0.019463427040775912,1.2543664804266328,0.04929507373218754
1.1749999999999998,-33.97285498096817,-32.118502174547125,-31.02756259598374,0.01832737510077423,1.2580601944068392,0.05298878771239372
1.1760000000000002,-34.05328739721885,-32.14722118769673,-31.056281609133347,0.01733877274590117,1.2612303579377355,0.0561589512432902
1.177,-34.13090995060278,-32.17925189020633,-31.088312311642948,0.01771864792134826,1.2656665496711639,0.060595142976718426
1.178,-34.08965276194371,-32.214627044144436,-31.12368746558105,0.019328011595957737,1.26987399971526,0.06480259302081465
1.1789999999999998,-34.1723996345131,-32.25026240825648,-31.159322829693096,0.0187444530477278,1.2714375469995647,0.06636614030511913
1.1800000000000002,-34.23560857049763,-32.28751303288843,-31.196573454325044,0.01792912250136879,1.2710128778549412,0.0659414711604957
1.181,-34.08711264387743,-32.32278784033175,-31.231848261768363,0.016995311984162532,1.2706162284222686,0.06554482172782304
1.182,-34.136196004596925,-32.34658467354766,-31.255645094984278,0.018005778408461473,1.2701697219953791,0.06509831530093362
1.1829999999999998,-34.03684980152682,-32.35612246858239,-31.265182890019005,0.017847080815249567,1.2690373799920902,0.06396597329764464
1.1840000000000002,-34.251278975186445,-32.35798039128007,-31.26704081271669,0.017921140374745962,1.2673596825438143,0.06228827584936867
1.185,-34.33139012066214,-32.36567842221855,-31.274738843655165,0.017006428984705474,1.2652804039447885,0.06020899725034276
1.186,-34.338243528273274,-32.385663225983684,-31.294723647420295,0.01689048807357552,1.2637795185691725,0.058708111874726944
1.1869999999999998,-34.37167251289432,-32.4138564439483,-31.322916865384915,0.016643495622235695,1.2647196192694472,0.05964821257500175
1.1880000000000002,-34.37861964631358,-32.446216475581046,-31.355276897017667,0.015552785260435187,1.2677814203387596,0.06271001364431415
1.189,-34.46575471911452,-32.48095656728145,-31.390016988718067,0.017012214245830836,1.2717004494887194,0.06662904279427373
1.19,-34.43157642236222,-32.51691423747342,-31.425974658910036,0.016450719171295577,1.275959017265119,0.07088761057067364
1.1909999999999998,-34.54450136290747,-32.55294688110869,-31.46200730254531,0.01575609076193917,1.2795812705112015,0.07450986381675591
1.1920000000000002,-34.59615492068061,-32.59170702647555,-31.500767447912164,0.017062336618596966,1.2820108759232232,0.0769394692287777
1.193,-34.61677154624446,-32.63463543825601,-31.54369585969263,0.01821534619591754,1.2827213665202115,0.07764995982576615
1.194,-34.66168114946916,-32.6795752125583,-31.58863563399491,0.019063807997949593,1.2808506238178776,0.07577921712343227
1.1949999999999998,-34.74896506969797,-32.726442538851494,-31.635502960288107,0.018228087835549564,1.276960018633676,0.07188861193923039
1.1960000000000002,-34.81407734249177,-32.777574727139836,-31.686635148576457,0.017319901740761052,1.2729709453963292,0.0678995387018836
1.197,-34.85368945722669,-32.832974758009904,-31.742035179446514,0.018070064756157075,1.269952116395414,0.06488070970096843
1.198,-34.64231484306214,-32.88307271613184,-31.792133137568456,0.01774036563487493,1.267437915414745,0.062366508720299536
1.1989999999999998,-34.748095632550424,-32.91714811964259,-31.826208541079207,0.018308685837485374,1.265220704974771,0.06014929828032552
1.2000000000000002,-34.81532033622729,-32.93956060591019,-31.848621027346805,0.01781610069677203,1.2632660224411378,0.05819461574669244
1.201,-34.894286224435376,-32.9619198733888,-31.87098029482542,0.017009527505503764,1.2613805779482419,0.0563091712537965
1.202,-34.80413534302606,-32.98589604398359,-31.894956465420204,0.017332473619996437,1.2595849696304857,0.05451356293604019
1.2029999999999998,-34.86954657715859,-33.00638583219123,-31.915446253627845,0.01736504812503761,1.2577344971968034,0.052663090502358165
1.2040000000000002,-34.8775798938949,-33.023185306075625,-31.932245727512246,0.017123400999008033,1.2555526974595164,0.05048129076507084
1.205,-35.003849996315175,-33.04112629794069,-31.95018671937731,0.016229211835555982,1.254124256386253,0.049052849691807524
1.206,-34.84312134293605,-33.06011467868936,-31.96917510012598,0.019388379560447665,1.254960678679693,0.04988927198524745
1.2069999999999999,-34.71593767646926,-33.068528977135834,-31.977589398572455,0.01941574604599763,1.2582559665473492,0.053184559852903886
1.2080000000000002,-34.61763795049131,-33.054897907952885,-31.963958329389495,0.01930818377118197,1.263061267887909,0.057989861193463284
1.209,-34.815769419627784,-33.02522899176232,-31.93428941319893,0.020642230455423943,1.2670249173690598,0.061953510674614284
1.21,-34.678701584600944,-32.99245003602073,-31.90151045745734,0.019771725615457404,1.2682456968979778,0.06317429020353227
1.2109999999999999,-34.83442167728299,-32.96295664584345,-31.872017067280066,0.02175104432353779,1.2673993798030736,0.062327973108628275
1.2120000000000002,-34.97858765517505,-32.94703099513496,-31.856091416571573,0.019538329068940503,1.2668226521011388,0.06175124540669324
1.213,-34.955001150624646,-32.95127369210228,-31.8603341135389,0.01901883104325042,1.2684775947052207,0.0634061880107753
1.214,-35.050256658083065,-32.97249997079842,-31.881560392235034,0.01868341671246229,1.2722426800064384,0.06717127331199282
1.2149999999999999,-35.02423181176382,-33.00612885599831,-31.915189277434926,0.018635511473704784,1.2772618639140536,0.07219045721960825
1.2160000000000002,-35.05081126550705,-33.04571140361407,-31.95477182505069,0.018829384698586523,1.2829183300155493,0.0778469233211039
1.217,-35.078590886174176,-33.087108385572584,-31.9961688070092,0.01681406739059574,1.289146822429705,0.08407541573525942
1.218,-35.13325235733978,-33.13029900342973,-32.03935942486635,0.017059346837190834,1.2965359043757458,0.09146449768130047
1.2189999999999999,-35.1487875565857,-33.1745058523705,-32.083566273807115,0.01798997798884332,1.3033902009114742,0.09831879421702869
1.2200000000000002,-35.347546809718224,-33.22160321415011,-32.13066363558673,0.016845076190145712,1.3075872324482565,0.10251582575381091
1.221,-35.41652654632401,-33.27813576599192,-32.18719618742853,0.018536572304222926,1.3093636101776707,0.10429220348322527
1.222,-35.13944784750885,-33.33647132278728,-32.245531744223904,0.017631137794591693,1.3094239130696328,0.10435250637518746
1.2229999999999999,-35.26590350567419,-33.38051022324484,-32.289570644681454,0.017124859802937955,1.3088363301744732,0.10376492348002782
1.2240000000000002,-35.13631088884147,-33.407647779520524,-32.31670820095714,0.019076891340394874,1.3077425111381868,0.10267110444374127
1.225,-35.27915478906165,-33.42173464817574,-32.33079506961237,0.01985634435929626,1.3050884848108013,0.10001707811635584
1.226,-35.362985889520836,-33.432448861219,-32.34150928265562,0.01837357196621065,1.3010863964166393,0.09601498972219373
1.2269999999999999,-35.32847195309953,-33.44699465469876,-32.35605507613538,0.020707746917099527,1.2959246119258234,0.09085320523137796
1.2280000000000002,-35.45427051686673,-33.46513922767539,-32.374199649112015,0.020907985269826596,1.2890651420460815,0.0839937353516359
1.229,-35.30038845891718,-33.484595654332985,-32.393656075769606,0.02199524829659173,1.280670417320762,0.07559901062631633
1.23,-35.356235423667506,-33.49890683140487,-32.40796725284148,0.021208453711808756,1.2718035311281002,0.06673212443365488
1.2309999999999999,-35.45332420247853,-33.51000229159352,-32.41906271303014,0.020499694730815615,1.2635836911937433,0.05851228449929763
1.2320000000000002,-35.596948013434,-33.52883273326822,-32.43789315470484,0.019785163727036453,1.2577196343367167,0.05264822764227112
1.233,-35.59720278424285,-33.56013957542037,-32.46919999685699,0.019483527387526366,1.2561330158310424,0.051061609136597075
1.234,-35.55416926930947,-33.597445752776814,-32.506506174213435,0.018521010792980026,1.2600846774206678,0.055013270726222314
1.2349999999999999,-35.626080750200984,-33.63386644009148,-32.542926861528095,0.01918655589692572,1.2686670873206523,0.06359568062620691
1.2360000000000002,-35.71842824345951,-33.671831870267305,-32.580892291703925,0.018217590914983407,1.2800000260183688,0.07492861932392306
1.237,-35.76176204464829,-33.71527972320357,-32.624340144640186,0.018989267081470165,1.2925224669585107,0.08745106026406514
1.238,-35.74799959189763,-33.762506440025135,-32.671566861461756,0.019218254569596714,1.3034698048335795,0.09839839813913386
1.2389999999999999,-35.874255667764146,-33.81168539229443,-32.72074581373104,0.018971835795992903,1.3101636126310008,0.10509220593655531
1.2400000000000002,-35.85511803900098,-33.86341193538682,-32.77247235682344,0.018759955416400544,1.313504804927754,0.10843339823330855
1.241,-35.72140919809793,-33.91056587631193,-32.819626297748556,0.01736256398877933,1.3160959572219322,0.11102455052748669
1.242,-35.75284659901448,-33.94273089360188,-32.851791315038504,0.019498360843772027,1.318479412358484,0.11340800566403854
1.2429999999999999,-35.89470880605967,-33.96457713524335,-32.873637556679974,0.018196215272320095,1.3196510997879638,0.11457969309351825
1.2440000000000002,-35.97291408369619,-33.988954894665945,-32.89801531610256,0.021106494908106652,1.3204990130275334,0.11542760633308766
1.245,-36.05316304480246,-34.022241347749656,-32.93130176918627,0.018576852074749323,1.3229500051197856,0.11787859842534003
1.246,-36.11140747423335,-34.065903698927876,-32.9749641203645,0.01872469615340882,1.3276341898199806,0.12256278312553509
1.2469999999999999,-35.90522813778734,-34.11091146256054,-33.01997188399716,0.01801956288716061,1.3342941421048353,0.12922273541038973
1.2480000000000002,-35.77364077643616,-34.13756519591425,-33.04662561735086,0.02088768175264993,1.3421335937989367,0.13706218710449145
1.249,-35.932927708085096,-34.141143086089706,-33.05020350752633,0.020435626173877314,1.3508889255971155,0.14581751890267
1.25,-35.82740078139626,-34.133155471090845,-33.04221589252746,0.01918569250989049,1.3605165932848222,0.15544518659037665
1.251,-36.01962813425612,-34.12169117533141,-33.03075159676803,0.01854356541866988,1.3691605911227458,0.16408918442830028
1.2520000000000002,-36.15855657018304,-34.118985709869285,-33.028046131305906,0.017463137800075988,1.3744115915652861,0.1693401848708405
1.2530000000000001,-36.28491285674251,-34.13658389535029,-33.045644316786905,0.019383878143259044,1.3755202952068792,0.1704488885124338
1.254,-36.17055256519601,-34.171803575101364,-33.08086399653798,0.01987353683257143,1.3727997213647352,0.16772831467028979
1.255,-36.27180620299002,-34.21441544766691,-33.12347586910354,0.0190879858879694,1.367485682670888,0.16241427597644278
1.2560000000000002,-36.20468834600147,-34.25743335796555,-33.16649377940217,0.020670925656397582,1.360681356848886,0.1556099501544408
1.2570000000000001,-36.30991461928568,-34.29818334949633,-33.20724377093295,0.021350589839741346,1.3525700507959975,0.1474986441015518
1.258,-36.081819725489616,-34.3331142240358,-33.24217464547242,0.019745286478183483,1.3447125451121198,0.1396411384176742
1.259,-36.223323486659034,-34.35789973461938,-33.266960156056,0.01913789639317736,1.3398492282057801,0.13477782151133474
1.2600000000000002,-36.33857400018159,-34.37867934906369,-33.28773977050031,0.01877647384574012,1.3377144790138817,0.13264307231943645
1.2610000000000001,-36.411182380267846,-34.40604757148496,-33.31510799292158,0.018769167220404018,1.3360688939859666,0.13099748729152114
1.262,-36.2056887220952,-34.434831806758126,-33.343892228194754,0.017961429969231148,1.3338029952392976,0.12873158854485198
1.263,-36.31629766233701,-34.45357132586341,-33.36263174730002,0.01703813708606693,1.3313132869129054,0.1262418802184599
1.2640000000000002,-36.38040366032802,-34.466146914592564,-33.37520733602918,0.01784347054200825,1.3292247695285677,0.12415336283412229
1.2650000000000001,-36.44597230290889,-34.48215104902237,-33.39121147045899,0.01879714309369551,1.3282353792927823,0.12316397259833685
1.266,-36.36832547066717,-34.50020552180378,-33.4092659432404,0.018831164805564717,1.3299602297189097,0.12488882302446438
1.267,-36.452329954241584,-34.515605485304775,-33.424665906741396,0.017711260282301126,1.335526931002931,0.13045552430848528
1.2680000000000002,-36.4467957876536,-34.528999299408504,-33.438059720845125,0.018357240622426017,1.3437118234067522,0.13864041671230684
1.2690000000000001,-36.52806143801144,-34.543632557348566,-33.452692978785194,0.01740993723645279,1.3518689975096454,0.1467975908151999
1.27,-36.487468224859334,-34.55976164485768,-33.468822066294294,0.018324360209716235,1.3583061793305307,0.15323477263608504
1.271,-36.54591324659829,-34.57598108622719,-33.4850415076638,0.01765080182065392,1.363287576231416,0.1582161695369708
1.2720000000000002,-36.58383835957798,-34.593208405984804,-33.502268827421425,0.01679230835906995,1.3674214412795653,0.16235003458511985
1.2730000000000001,-36.656335690100974,-34.614541698643315,-33.523602120079936,0.01843067529646803,1.3700615893514192,0.1649901826569738
1.274,-36.600602586639155,-34.63818734751267,-33.54724776894928,0.0180580107546363,1.3714076729330278,0.16633626623858255
1.275,-36.73062827931754,-34.66146979040782,-33.57053021184444,0.017980772585392227,1.3731326979873917,0.16806129129294614
1.2760000000000002,-36.772013642369096,-34.68847736597721,-33.59753778741382,0.019347411851183854,1.3754689387351222,0.1703975320406768
1.2770000000000001,-36.91128315331969,-34.72517567967041,-33.63423610110703,0.020684567853259714,1.3772992136161715,0.1722278069217259
1.278,-36.824367135338505,-34.76985109073008,-33.6789115121667,0.020271993593016954,1.377495647269934,0.1724242405754886
1.279,-37.034778868493426,-34.81858831904297,-33.72764874047959,0.018866962422752664,1.3760412539574336,0.17096984726298814
1.2800000000000002,-37.01026309919634,-34.873489351532506,-33.782549772969126,0.01828376414012593,1.373936378199075,0.16886497150462962
1.2810000000000001,-36.89333935297947,-34.92741098591525,-33.83647140735187,0.01775974303434288,1.3712167004734248,0.16614529377897935
1.282,-37.01327575791687,-34.97049879444002,-33.87955921587664,0.019211057368735966,1.3670008373004965,0.16192943060605103
1.283,-36.911553988606954,-35.00316574270358,-33.91222616414019,0.018985114611220023,1.360919693161398,0.1558482864669526
1.2839999999999998,-36.891865902894175,-35.02320164270616,-33.932262064142776,0.021275723777908588,1.3535291579193853,0.14845775122493987
1.2850000000000001,-36.84698707209705,-35.02680758097052,-33.93586800240714,0.022012337434018366,1.3462310089394278,0.14115960224498225
1.286,-36.95845268182156,-35.019571834785324,-33.928632256221945,0.021653415214648686,1.3396491508025554,0.13457774410811013
1.287,-37.11477958666343,-35.01640034615596,-33.92546076759258,0.02048271524864945,1.3332288936013907,0.12815748690694512
1.2879999999999998,-37.179445810631854,-35.02978016232165,-33.938840583758264,0.01906486412977656,1.3279898934112047,0.12291848671675906
1.2890000000000001,-37.2893132995735,-35.06258636588765,-33.97164678732427,0.019421447056294817,1.3262690281510459,0.12119762145660036
1.29,-37.24822500393187,-35.11001949219957,-34.01907991363619,0.018508244146280724,1.328579375802574,0.12350796910812838
1.291,-37.30792264734736,-35.16386452405098,-34.0729249454876,0.01939464273000289,1.3333158684448214,0.12824446175037596
1.2919999999999998,-37.28680973888393,-35.217848756220725,-34.12690917765734,0.020023914961115174,1.33819792158641,0.13312651489196445
1.2930000000000001,-37.34922090336135,-35.26957060731665,-34.17863102875327,0.01781988385572258,1.3422721234951445,0.13720071680069884
1.294,-37.494886007227656,-35.32240030760108,-34.23146072903769,0.01809108719179034,1.3453311828101744,0.140259776115729
1.295,-37.53660072138663,-35.38199664293465,-34.29105706437127,0.01815119146616081,1.3481370293593091,0.14306562266486356
1.2959999999999998,-37.2576525868563,-35.438945418475676,-34.3480058399123,0.01943008836580285,1.3511854209235648,0.14611401422911952
1.2970000000000002,-37.43506134252063,-35.47975727894226,-34.38881770037888,0.021388027037995395,1.35352936363411,0.14845795693966446
1.298,-37.49131428564416,-35.511239056880335,-34.42029947831695,0.019477809229570504,1.355246912691582,0.15017550599713658
1.299,-37.286098644313896,-35.537189662482234,-34.44625008391886,0.02014687006764107,1.3566800921905569,0.15160868549611117
1.2999999999999998,-37.291538752308014,-35.547859428658555,-34.456919850095176,0.01806348443572025,1.3572964551571347,0.15222504846268928
1.3010000000000002,-37.299761193511365,-35.542654768190225,-34.45171518962684,0.02010900746361116,1.3569902846785922,0.15191887798414686
1.302,-37.27639547678561,-35.52687479658095,-34.43593521801756,0.019649101151812058,1.3562929943113329,0.15122158761688745
1.303,-37.166868147844504,-35.50066590368415,-34.409726325120765,0.021500546239831535,1.3559619071904627,0.15089050049601715
1.3039999999999998,-37.3431189076061,-35.468257984583836,-34.37731840602045,0.02025595708500249,1.3548861297444235,0.14981472304997787
1.3050000000000002,-37.396148249204494,-35.44359824220017,-34.35265866363678,0.02210217946258554,1.3516942071630285,0.14662280046858273
1.306,-37.507471008049855,-35.43665432944686,-34.34571475088349,0.021334392460795736,1.3459915584406008,0.14092015174615552
1.307,-37.48145565185503,-35.44639350339091,-34.35545392482753,0.019129296035981073,1.3392582703319464,0.13418686363750096
1.3079999999999998,-37.580346627605444,-35.46794825118263,-34.37700867261924,0.019858242118498962,1.3348771067142564,0.1298057000198107
1.3090000000000002,-37.65042931365147,-35.500710696960454,-34.40977111839707,0.020963357327742415,1.333597710512265,0.12852630381781938
1.31,-37.77981557293204,-35.546955419731674,-34.456015841168295,0.019530646346544344,1.333819882466929,0.12874847577248338
1.311,-37.72507817769969,-35.60434719429604,-34.51340761573266,0.021076613971851337,1.334602254865395,0.12953084817094948
1.3119999999999998,-37.83343892863426,-35.66635225871874,-34.57541268015536,0.020484567200304653,1.335444764244094,0.1303733575496486
1.3130000000000002,-37.64402075219739,-35.72392955300486,-34.63298997444148,0.021600746973031406,1.3354968033900658,0.13042539669562048
1.314,-37.83972272836595,-35.770340452872276,-34.6794008743089,0.021360373149658406,1.3335271831019855,0.1284557764075398
1.315,-37.89539783376918,-35.81279810734074,-34.72185852877736,0.021919220349407187,1.3296092442876013,0.12453783759315575
1.3159999999999998,-37.83992258465776,-35.855874482017576,-34.7649349034542,0.021357884792754432,1.326629634720463,0.12155822802601766
1.3170000000000002,-37.906413701923036,-35.89490534662274,-34.80396576805936,0.020251379690740912,1.3271135031141463,0.12204209641970082
1.318,-37.968540100919256,-35.931485429479324,-34.84054585091594,0.022009106875392145,1.3305920995983391,0.12552069290389348
1.319,-38.12254604249252,-35.97317562843704,-34.88223604987366,0.021085490861248328,1.3349521802890787,0.1298807735946335
1.3199999999999998,-37.93023708753673,-36.01808889249765,-34.927149313934265,0.01974349897254063,1.3394790936509695,0.13440768695652386
1.3210000000000002,-38.07482949047204,-36.05689587120474,-34.96595629264136,0.019118535174606377,1.3444990956586103,0.13942768896416477
1.322,-37.84635762411647,-36.084753949488636,-34.99381437092526,0.018418806087017493,1.3508085281401252,0.14573712144567968
1.323,-38.047778010971975,-36.1004018544603,-35.009462275896915,0.01916109691310007,1.3594942724531098,0.15442286575866432
1.3239999999999998,-38.11990159778181,-36.11329438576925,-35.02235480720587,0.019128981618589364,1.3703032909387114,0.16523188424426585
1.3250000000000002,-38.22411579752594,-36.13473463344962,-35.04379505488624,0.021315023897754172,1.3814150914652943,0.1763436847708487
1.326,-38.30557705821938,-36.169014571365565,-35.07807499280218,0.020614231359641848,1.3900883641517694,0.1850169574573239
1.327,-38.32935039555815,-36.21625421337869,-35.125314634815304,0.01967573678644437,1.396309428966342,0.1912380222718968
1.3279999999999998,-38.24459235068504,-36.268044398130485,-35.177104819567106,0.02038662381917724,1.4015111370973354,0.19643973040288987
1.3290000000000002,-38.3102909801753,-36.31518918075065,-35.22424960218727,0.022217506707701187,1.4054309263958118,0.2003595197013663
1.33,-38.37557693872841,-36.35819895898878,-35.2672593804254,0.0219775992443126,1.4076282107293245,0.20255680403487916
1.331,-38.452657409054616,-36.40240413525856,-35.31146455669518,0.020555235333648864,1.4083316319912471,0.2032602252968016
1.3319999999999999,-38.59459102209068,-36.45274354694714,-35.36180396838376,0.021742484483386476,1.4075447440079476,0.20247333731350226
1.3330000000000002,-38.37395136831163,-36.504614786997195,-35.413675208433816,0.022326777311298816,1.405120529005396,0.20004912231095062
1.334,-38.27531222270521,-36.54086964320198,-35.4499300646386,0.022665038363203435,1.4012305625633523,0.19615915586890684
1.335,-38.33763788446964,-36.554391068908345,-35.46345149034496,0.023770496521650877,1.395239634196014,0.19016822750156856
1.3359999999999999,-38.429065259511106,-36.556420896995384,-35.465481318432,0.023326009689572852,1.3864300872182482,0.18135868052380272
1.3370000000000002,-38.52951381966425,-36.56133868358651,-35.47039910502313,0.0229191472899585,1.3769670025401506,0.17189559584570513
1.338,-38.654338125762735,-36.57894474970157,-35.48800517113819,0.022544328458953974,1.3701959865496,0.16512457985515455
1.339,-38.387787471115765,-36.60358961922829,-35.51265004066491,0.024459620620377976,1.3664275702600832,0.16135616356563784
1.3399999999999999,-38.58775754559735,-36.62368362277519,-35.5327440442118,0.022727766584118906,1.3639455707152324,0.158874164020787
1.3410000000000002,-38.40796573077564,-36.63758550536736,-35.54664592680398,0.021676200525464144,1.3613454741694675,0.15627406747502207
1.342,-38.30310551260309,-36.6375704870165,-35.54663090845311,0.022620973610923193,1.3581494817094253,0.15307807501497978
1.343,-38.474176422978324,-36.62175757856033,-35.53081799999695,0.02100296975923625,1.3557736635067241,0.15070225681227872
1.3439999999999999,-38.50554100352423,-36.60495771410448,-35.51401813554109,0.01961502545208923,1.356662109678228,0.15159070298378258
1.3450000000000002,-38.32284304656905,-36.589439533522835,-35.498499954959456,0.019787230182170136,1.3614107372750948,0.15633933058064914
1.346,-38.70389705129353,-36.574434091759166,-35.48349451319579,0.02195828180084787,1.3687478010988405,0.16367639440439513
1.347,-38.78470250287092,-36.575733958086076,-35.48479437952269,0.022586957685795963,1.3768990527644671,0.17182764607002152
1.3479999999999999,-38.82148858023384,-36.60152270035977,-35.51058312179639,0.019728239813850017,1.3849265499882777,0.17985514329383215
1.3490000000000002,-38.82448011539422,-36.64502674526803,-35.55408716670465,0.020294770118235092,1.3931127485223869,0.18804134182794127
1.35,-38.854692372877885,-36.698580675228484,-35.607641096665105,0.018888525273751643,1.4022416544307599,0.19717024773631445
1.351,-38.96211836922636,-36.759296309115044,-35.66835673055167,0.018815878542818423,1.413045260673803,0.2079738539793577
1.3519999999999999,-39.047100485020195,-36.82842293012152,-35.73748335155814,0.018014458582121546,1.4254743394718616,0.22040293277741613
1.3530000000000002,-38.772415637281505,-36.89667366775316,-35.80573408918978,0.01787112693221137,1.4378853384220682,0.23281393172762294
1.354,-38.95566719613313,-36.951958693800265,-35.86101911523688,0.019570796761937466,1.4484947396524757,0.24342333295803023
1.355,-39.03006547911417,-37.000404275793784,-35.909464697230405,0.020402597488663667,1.4564411065603673,0.2513696998659218
1.3559999999999999,-38.878470733292865,-37.04534822990247,-35.95440865133909,0.02197127389674805,1.4605052140945036,0.2554338074000582
1.3570000000000002,-38.80865416429267,-37.075303516995525,-35.98436393843214,0.02162521474067934,1.4601341576046352,0.25506275091018965
1.358,-38.99808366742968,-37.08839203179275,-35.99745245322937,0.022466362931433417,1.4557665361544345,0.250695129459989
1.359,-39.201026570131695,-37.100385067161405,-36.009445488598026,0.024088021794721325,1.4484281078452634,0.2433567011508179
1.3599999999999999,-39.211766645138475,-37.125887156682964,-36.034947578119585,0.022725314698515565,1.4405519902371704,0.23548058354272494
1.3610000000000002,-39.19203250443347,-37.1641362240125,-36.07319664544912,0.023388673105011082,1.434294030286437,0.2292226235919917
1.362,-39.24347115581189,-37.208553368614645,-36.117613790051266,0.022125583584168124,1.4299044912581276,0.22483308456368198
1.363,-39.31194887481663,-37.25677362164067,-36.16583404307728,0.021239598849890125,1.4259674351648934,0.220896028470448
1.3639999999999999,-39.3940136073201,-37.30923337224901,-36.21829379368564,0.019505974938398774,1.4211284821157355,0.21605707542129007
1.3650000000000002,-39.460166295921155,-37.36661092179086,-36.27567134322748,0.02058451416389399,1.414819121615075,0.20974771492062944
1.366,-39.57376463766498,-37.43102021457218,-36.3400806360088,0.02205859043696718,1.4075505391964576,0.2024791325020121
1.367,-39.38253273641631,-37.497333087604254,-36.40639350904087,0.021420666751187232,1.4005916074860867,0.19552020079164115
1.3679999999999999,-39.297416569603016,-37.54896867915376,-36.45802910059038,0.021106077714615826,1.3950960358285098,0.19002462913406448
1.3690000000000002,-39.31540024010511,-37.57789023230274,-36.486950653739356,0.02088434805037396,1.391414208603843,0.18634280190939773
1.37,-39.51754592228827,-37.59594911726031,-36.50500953869693,0.02014090856607995,1.3904918476114245,0.1854204409169791
1.371,-39.31533593586078,-37.61176250711471,-36.52082292855133,0.02244589754579031,1.3926894503661693,0.18761804367172366
1.3719999999999999,-39.208964253209764,-37.61495126232498,-36.52401168376159,0.02098025205662196,1.3962970639351742,0.19122565724072893
1.3730000000000002,-39.341607395593584,-37.6028228734228,-36.511883294859416,0.02108730621500658,1.3993158651275273,0.1942444584330818
1.374,-39.4547491987335,-37.5909569179206,-36.500017339357214,0.01917016097102002,1.4012162028160389,0.19614479612159347
1.375,-39.322589029092256,-37.58526148610681,-36.49432190754342,0.020279370077723975,1.4021902791817016,0.1971188724872561
1.376,-39.545477882522604,-37.582460986601774,-36.49152140803839,0.018934153576704672,1.4022239216157224,0.1971525149212772
1.3770000000000002,-39.56833084935661,-37.587400891592694,-36.496461313029315,0.019764804667428155,1.4023255235159149,0.19725411682146937
1.3780000000000001,-39.59471905750528,-37.60405290801194,-36.51311332944855,0.019603809419166382,1.4048159727475527,0.19974456605310695
1.379,-39.55289466053013,-37.62764851299996,-36.53670893443658,0.018850970353090232,1.4101929437521539,0.20512153705770858
1.38,-39.804816143196526,-37.65869140886808,-36.56775183030471,0.01911219014145916,1.4177436120412032,0.21267220534675774
1.3810000000000002,-39.759517859336285,-37.7033266695462,-36.612387090982814,0.01902279932950571,1.4275859881260717,0.2225145814316262
1.3820000000000001,-39.755712238671464,-37.756380804556734,-36.665441225993355,0.018699547719617318,1.4390975846065912,0.2340261779121459
1.383,-39.84820985173146,-37.809919443226725,-36.71897986466334,0.022713771552658163,1.450749583546306,0.24567817685186055
1.384,-39.901372386461986,-37.86530764634599,-36.7743680677826,0.020881814744503346,1.4602860323423634,0.2552146256479179
1.3850000000000002,-39.78747007572963,-37.91884179548684,-36.82790221692346,0.022958912627021662,1.4664834719051998,0.2614120652107544
1.3860000000000001,-39.862412292043395,-37.963126301704115,-36.872186723140736,0.02376419176447586,1.4692148148929696,0.26414340819852405
1.387,-39.89902332705704,-38.000288014931414,-36.90934843636804,0.023400618370240173,1.468176813815452,0.2631054071210065
1.388,-39.834570601681115,-38.03242050504515,-36.941480926481766,0.023785771399857696,1.4633138102769099,0.25824240358246436
1.3890000000000002,-39.83881233206107,-38.05541646553478,-36.9644768869714,0.02214289819309792,1.4569510316012384,0.251879624906793
1.3900000000000001,-39.97348532443373,-38.07246491157061,-36.98152533300723,0.020173285548115226,1.4525152548967375,0.24744384820229218
1.391,-39.964478675721494,-38.09060456746272,-36.99966498889934,0.022145740892247804,1.4499916858400101,0.24492027914556477
1.392,-40.11590223619214,-38.114204780932056,-37.02326520236867,0.022068367560478724,1.4474558366664128,0.2423844299719672
1.3930000000000002,-40.19007854342182,-38.14856528149549,-37.05762570293211,0.022800034515811328,1.444986113817187,0.2399147071227414
1.3940000000000001,-40.18679816939808,-38.193222940657975,-37.10228336209459,0.022104542138281155,1.4437745197253524,0.2387031130309069
1.395,-40.09010916760332,-38.23787853199353,-37.146938953430144,0.02323008175477143,1.4441818754937155,0.23911046879927003
1.396,-40.08932255879244,-38.272142112560225,-37.181202533996846,0.022499078557990257,1.4459434998093426,0.24087209311489727
1.3970000000000002,-40.2230310550168,-38.29777803142756,-37.20683845286418,0.024280893503004438,1.4475381825724816,0.24246677587803603
1.3980000000000001,-40.26791956613899,-38.324457480306805,-37.233517901743426,0.02168664509763566,1.4474118991206628,0.24234049242621744
1.399,-40.40355039976065,-38.358844825122276,-37.26790524655889,0.022011618711202975,1.4462448319676333,0.24117342527318786
1.4,-40.2882948126673,-38.39941580829706,-37.30847622973368,0.0226978819594229,1.445983483883643,0.24091207718919755
1.4010000000000002,-40.2745580255717,-38.4359891973703,-37.34504961880692,0.023515806292044,1.446905916799763,0.24183451010531773
1.4020000000000001,-40.470350922835,-38.46885506354319,-37.37791548497981,0.023611937242059608,1.4489918596094913,0.24392045291504583
1.403,-40.16244890396605,-38.49893308233237,-37.40799350376899,0.023155011782523997,1.4529356555992068,0.24786424890476116
1.404,-40.24737686626515,-38.514705969897854,-37.423766391334475,0.02174126068769022,1.4594088446211115,0.254337437926666
1.4050000000000002,-40.25788123505793,-38.51591405808198,-37.4249744795186,0.024561201255151155,1.4664544799645407,0.2613830732700952
1.4060000000000001,-40.26584754604887,-38.51041001784168,-37.4194704392783,0.022949946038022768,1.4701267205827724,0.2650553138883269
1.407,-40.13127686710082,-38.49778885060406,-37.406849272040674,0.02126380632691108,1.4705533492596594,0.26548194256521385
1.408,-40.21962676151867,-38.477061589887974,-37.38612201132459,0.021036698109015744,1.471816880058847,0.2667454733644016
1.4089999999999998,-40.32125372530982,-38.457045875045786,-37.366106296482414,0.02096193916109387,1.475055091884658,0.26998368519021254
1.4100000000000001,-40.37729912156069,-38.44796481271614,-37.35702523415276,0.019783175242101818,1.4787573375097678,0.27368593081532233
1.411,-40.485514852606954,-38.45453718196568,-37.3635976034023,0.022361486819629385,1.480813716753081,0.2757423100586356
1.412,-40.453248603547515,-38.476206265803995,-37.385266687240616,0.021071269671956435,1.4793947504448295,0.27432334375038414
1.4129999999999998,-40.49627070334564,-38.50558929679023,-37.41464971822685,0.022864091614557488,1.4739064605206895,0.2688350538262442
1.4140000000000001,-40.5762911062182,-38.539659091067016,-37.44871951250363,0.0211049554220874,1.4656196707222693,0.2605482640278238
1.415,-40.653080053833754,-38.58093478600872,-37.48999520744534,0.02223338295247003,1.4564104842498806,0.25133907755543505
1.416,-40.704778884816356,-38.62947699612631,-37.53853741756293,0.024652391968969206,1.44677776166963,0.2417063549751843
1.4169999999999998,-40.760180076961724,-38.68280605637364,-37.591866477810264,0.02641820471117322,1.436338141288361,0.23126673459391536
1.4180000000000001,-40.8428356953857,-38.740097325339725,-37.649157746776346,0.023756863363253698,1.4270598454520276,0.22198843875758223
1.419,-40.85010010793322,-38.801009342464894,-37.710069763901515,0.023433397614136778,1.421276911715586,0.21620550502114036
1.42,-40.93934236782925,-38.86402455062271,-37.77308497205934,0.021255061566181656,1.4182682712276884,0.21319686453324288
1.4209999999999998,-40.772071812713165,-38.92185976043515,-37.83092018187176,0.021414198654921265,1.4168956094477858,0.21182420275334038
1.4220000000000002,-40.88689408032933,-38.966562482038945,-37.875622903475566,0.022262440192757495,1.41697712108065,0.21190571438620467
1.423,-40.989053385778234,-39.00391676414578,-37.91297718558239,0.024069966040837363,1.4179026535779178,0.21283124688347227
1.424,-41.12020725166889,-39.04551651859494,-37.95457694003155,0.0226903247137943,1.4191604276532217,0.2140890209587764
1.4249999999999998,-41.15648832637674,-39.096614156043984,-38.005674577480605,0.02225700127122062,1.4208821796617794,0.21581077296733384
1.4260000000000002,-41.14717733010888,-39.15407438604973,-38.06313480748636,0.021665784326966954,1.4242648524188386,0.2191934457243933
1.427,-41.170272369471256,-39.211142941098835,-38.12020336253545,0.020885501713882634,1.4308313680346278,0.22575996134018228
1.428,-41.26275519610857,-39.26622852943326,-38.17528895086988,0.019941473202554863,1.4400378637809028,0.23496645708645736
1.4289999999999998,-41.07329948269122,-39.315160132186946,-38.22422055362357,0.021419069768973377,1.4495082469444494,0.24443684025000392
1.4300000000000002,-41.03166279395482,-39.346603240594135,-38.255663662030756,0.019907498562751653,1.458653259382696,0.25358185268825045
1.431,-41.24079723234473,-39.362898015974125,-38.271958437410746,0.023043468922366292,1.4671733700343155,0.26210196333986985
1.432,-41.28236463687584,-39.379930057543284,-38.28899047897991,0.02241937724788049,1.4740527645166075,0.2689813578221619
1.4329999999999998,-41.37624260557294,-39.40558679103004,-38.31464721246666,0.023222730966721197,1.478269064249773,0.27319765755532754
1.4340000000000002,-41.4038935537921,-39.44117130635521,-38.35023172779183,0.021459340900842533,1.4801471757567435,0.27507576906229786
1.435,-41.217458555271236,-39.478607251558785,-38.3876676729954,0.022606768797771272,1.4810394267036273,0.27596802000918186
1.436,-41.26607283950152,-39.504869113013925,-38.413929534450546,0.02356419519477794,1.4808870052666179,0.2758155985721726
1.4369999999999998,-41.3059841148221,-39.519991621308094,-38.429052042744715,0.02451209698327291,1.4788114873105414,0.27374008061609584
1.4380000000000002,-41.343202725507645,-39.532091607755056,-38.44115202919167,0.025163549252070316,1.4753720881505756,0.27030068145613023
1.439,-41.38414847058919,-39.546134131460875,-38.455194552897495,0.02312612500503228,1.4727019287301035,0.26763052203565807
1.44,-41.38788713272812,-39.56329033324635,-38.47235075468298,0.023510699093141654,1.472653904965607,0.2675824982711618
1.4409999999999998,-41.29684273985162,-39.57894430112139,-38.48800472255801,0.023799139474088293,1.475547703956586,0.2704762972621406
1.4420000000000002,-41.44760787869997,-39.59059268397848,-38.49965310541509,0.024728649063109998,1.4802849198029577,0.27521351310851216
1.443,-41.39537771664068,-39.60342779945282,-38.51248822088943,0.02429225155817246,1.4851663326080984,0.28009492591365276
1.444,-41.45206614135423,-39.61893140753117,-38.52799182896779,0.026003861357064048,1.4886641657871138,0.28359275909266823
1.4449999999999998,-41.513141299030444,-39.63730648764904,-38.546366909085656,0.023853140311213248,1.4903062152530837,0.2852348085586382
1.4460000000000002,-41.50939531238719,-39.65944920146629,-38.56850962290291,0.022343686717400196,1.4910691667688936,0.28599776007444805
1.447,-41.55276530989756,-39.683697884841735,-38.592758306278355,0.022057859653341394,1.4918035124767608,0.28673210578231534
1.448,-41.70709175357097,-39.71300037697496,-38.62206079841158,0.02248077273774617,1.4911943386726016,0.2861229319781564
1.4489999999999998,-41.5530483481818,-39.747956889135025,-38.657017310571646,0.026246150634022514,1.4873620023536935,0.28229059565924813
1.4500000000000002,-41.719585469068114,-39.78382806541355,-38.69288848685017,0.02330175944145478,1.482136911786881,0.27706550509243544
1.451,-41.62502495053512,-39.81944666386072,-38.72850708529734,0.021717017261497912,1.4792296108146101,0.27415820412016484
1.452,-41.594945336148754,-39.849188727564126,-38.75824914900075,0.020586747012969704,1.4790966769334788,0.27402527023903356
1.4529999999999998,-41.673911364154776,-39.86942121255877,-38.7784816339954,0.020907926762173172,1.4796696382447565,0.27459823155031116
1.4540000000000002,-41.81715448424048,-39.88874805379,-38.797808475226624,0.020319618536227737,1.4815207559955024,0.2764493493010569
1.455,-41.81468244880315,-39.915123471143055,-38.824183892579676,0.019772892199453707,1.4877759062596712,0.2827044995652258
1.456,-41.86726205953512,-39.9478866529422,-38.85694707437882,0.022990284975140617,1.4973946584889175,0.29232325179447205
1.4569999999999999,-41.87363472256557,-39.9840083788805,-38.89306880031712,0.021369150533435247,1.5071161352573652,0.30204472856291986
1.4580000000000002,-41.90334418143941,-40.021140378035035,-38.93020079947165,0.023069564401826708,1.5151726344483443,0.31010122775389887
1.459,-41.93484823851611,-40.058481031497365,-38.96754145293398,0.021730429909347714,1.5207862021630107,0.31571479546856523
1.46,-41.97907177033608,-40.09601268332807,-39.00507310476468,0.020655337990562517,1.5245029358762923,0.3194315291818468
1.4609999999999999,-41.95513507771961,-40.13229068010507,-39.04135110154169,0.02258506217655944,1.5266523880986576,0.32158098140421193
1.4620000000000002,-42.10389772975792,-40.168573780301145,-39.07763420173776,0.023693599792606462,1.5269790824476717,0.321907675753226
1.463,-42.179478756705116,-40.2097862722181,-39.118846693654724,0.021956209169078145,1.5265233881127442,0.3214519814182987
1.464,-41.95444456938072,-40.25017056913563,-39.15923099057225,0.024213232637246184,1.5254355269454336,0.3203641202509882
1.4649999999999999,-42.05430975826753,-40.27851511609318,-39.1875755375298,0.021710566753912006,1.523056386383511,0.31798497968906564
1.4660000000000002,-42.09950399119138,-40.29820833766491,-39.207268759101524,0.020861665417587702,1.5197879408251216,0.31471653413067635
1.467,-41.945312189721626,-40.31120444656439,-39.22026486800101,0.0204612034284059,1.5164883207526911,0.31141691405824573
1.468,-42.04885555946164,-40.31340243383183,-39.222462855268446,0.020366213192956246,1.5129490744845728,0.3078776677901274
1.4689999999999999,-41.94299485690272,-40.307045130149874,-39.216105551586494,0.022734449547659814,1.5088246537808956,0.30375324708645
1.4700000000000002,-41.88891134990135,-40.290352816928404,-39.19941323836502,0.02455041884899142,1.503776925561854,0.29870551886740876
1.471,-41.98877530352578,-40.26424167490024,-39.17330209633686,0.022461379011082618,1.4970687624598773,0.29199735576543184
1.472,-42.093118075229405,-40.24159477966463,-39.150655201101245,0.02487587914495552,1.4894285491639176,0.2843571424694722
1.4729999999999999,-41.93165726146773,-40.22681709036009,-39.13587751179671,0.0234229893219732,1.4824923590294534,0.27742095233500796
1.4740000000000002,-42.04970826270185,-40.21394198922828,-39.123002410664895,0.022611664956841186,1.4764933045665871,0.27142189787214166
1.475,-42.13296365780217,-40.207091698510155,-39.116152119946776,0.022554556601555434,1.4717416381394492,0.2666702314450037
1.476,-42.11968932178651,-40.21179878489189,-39.12085920632851,0.021906481196794822,1.4697864765787731,0.26471506988432764
1.4769999999999999,-42.249039085554664,-40.22734283918936,-39.13640326062598,0.021814095439477346,1.4720152244792646,0.2669438177848191
1.4780000000000002,-42.353284884471606,-40.25592260139047,-39.16498302282709,0.02179043302083483,1.47819088177695,0.27311947508250467
1.479,-42.47202531008475,-40.30056072849327,-39.20962114992989,0.021178783467304233,1.4875088457040826,0.28243743900963714
1.48,-42.39942483854406,-40.35809242684954,-39.26715284828616,0.02066253821411209,1.499176773927901,0.2941053672334552
1.4809999999999999,-42.530497671120344,-40.42119437213805,-39.33025479357467,0.022769822063260864,1.5123647328434324,0.307293326148987
1.4820000000000002,-42.5829525235173,-40.48821128146705,-39.39727170290367,0.024728134362104814,1.5254426656116438,0.32037125891719836
1.483,-42.57434320056911,-40.557351948833926,-39.46641237027054,0.022450412668370202,1.5376053886977723,0.3325339820033268
1.484,-42.71616489454208,-40.62593958386855,-39.53500000530517,0.02186674740027307,1.549261453547367,0.34419004685292165
1.4849999999999999,-42.66537061986094,-40.69395040986816,-39.603010831304786,0.02293550919978473,1.5592624240160144,0.35419101732156894
1.4860000000000002,-42.80773384589389,-40.759887380382516,-39.66894780181913,0.023936427008134867,1.565463924325691,0.36039251763124536
1.487,-42.77929520836452,-40.823951193290796,-39.73301161472742,0.023238461097223034,1.5674019261349983,0.3623305194405528
1.488,-42.797089166313,-40.88380998938841,-39.79287041082503,0.024955834582439586,1.565687864243136,0.3606164575486907
1.4889999999999999,-42.67681889552508,-40.931519823045086,-39.84058024448171,0.02329098373285592,1.5611305830941222,0.3560591763996769
1.4900000000000002,-42.82749273793931,-40.96463478464895,-39.87369520608557,0.02094692395304333,1.5564767424064494,0.3514053357120039
1.491,-42.73217900402826,-40.98767547949999,-39.89673590093661,0.02104060411203792,1.5536312557927803,0.34855984909833465
1.492,-42.71505351875308,-40.99931248058487,-39.90837290202149,0.022940005105931607,1.5511156354136761,0.34604422871923085
1.4929999999999999,-42.61856613354097,-40.99445776450544,-39.903518185942055,0.024303104547402688,1.5472602627739755,0.3421888560795301
1.4940000000000002,-42.52195600065304,-40.97061401091329,-39.87967443234991,0.025143370905893386,1.5414296541347852,0.33635824744033965
1.496,-42.869121877379754,-40.90871254774042,-39.81777296917704,0.02277074705672859,1.5318381759212938,0.3267667692268485
1.4969999999999999,-43.00891522163998,-40.90638832805865,-39.81544874949526,0.024772209019730554,1.5318744828681594,0.3268030761737142
1.4980000000000002,-42.800527168761874,-40.923317847675875,-39.83237826911249,0.02399948106167176,1.532665615073797,0.32759420837935155
1.499,-42.89913381670244,-40.94433904736727,-39.85339946880389,0.02473249487504691,1.531568774356054,0.32649736766160836
1.5,-42.92367235591072,-40.96642871562966,-39.87548913706628,0.02375001656675059,1.5274526234241645,0.322381216729719
1.501,-42.85381269624603,-40.9887551110808,-39.89781553251743,0.022136510389443056,1.520922409104398,0.31585100240995245
1.5020000000000002,-42.95194669719015,-41.00767626849044,-39.916736689927056,0.022617279464425856,1.514116735859777,0.3090453291653317
1.5030000000000001,-43.086682357089515,-41.030161686350326,-39.93922210778695,0.022564977937462746,1.5092330908301304,0.30416168413568484
1.504,-43.10131650689111,-41.06397197957692,-39.97303240101354,0.021579476909216577,1.507909667395401,0.3028382607009557
1.505,-43.071172985801816,-41.10560175686031,-40.01466217829693,0.021235550042579224,1.5107838795231303,0.30571247282868497
1.5060000000000002,-43.204713538397435,-41.15143725708607,-40.060497678522694,0.020207469897561284,1.516884482681214,0.31181307598676855
1.5070000000000001,-43.4108031715062,-41.20638900787606,-40.11544942931268,0.02089361576189391,1.5249399600945135,0.3198685534000678
1.508,-43.423079084350576,-41.273226470504625,-40.18228689194124,0.021404731078893787,1.5341390689785477,0.32906766228410234
1.509,-43.39480776065195,-41.345655452540626,-40.25471587397724,0.02193907358998725,1.5432008562182817,0.3381294495238363
1.5100000000000002,-43.49656863326347,-41.41787845507366,-40.32693887651029,0.020938255848449185,1.5519512416363295,0.346879834941884
1.5110000000000001,-43.29967407548579,-41.486238921847715,-40.395299343284336,0.022679458864944158,1.5613392950130347,0.35626788831858913
1.512,-43.137650956350186,-41.53793676407957,-40.44699718551619,0.023926551569692308,1.570761599372596,0.3656901926781507
1.513,-43.28142536362292,-41.565927137513086,-40.47498755894971,0.02559632833540295,1.5788575343114803,0.37378612761703495
1.5140000000000002,-43.45941422988603,-41.5846071986758,-40.49366762011241,0.025623083688185368,1.5849880867596657,0.3799166800652201
1.5150000000000001,-43.41206260874765,-41.6070817635818,-40.516142185018424,0.023463099552697642,1.5894887258114,0.3844173191169547
1.516,-43.179572644995645,-41.622983460044246,-40.53204388148087,0.02462188276081886,1.5922881780140017,0.3872167713195563
1.517,-43.32870624717534,-41.62231431060083,-40.53137473203745,0.025280921174121868,1.5923825624633736,0.3873111557689281
1.5180000000000002,-43.35282530146632,-41.61526468875521,-40.52432511019183,0.025906842231543915,1.589297266929528,0.38422586023508254
1.5190000000000001,-43.42618609035671,-41.612836936217015,-40.52189735765363,0.026890535699936727,1.5845413344910992,0.37946992779665384
1.52,-43.373529413991065,-41.615286747001214,-40.52434716843783,0.02654594136987236,1.5790818717825847,0.3740104650881394
1.521,-43.483256174409284,-41.62098903132929,-40.5300494527659,0.024853859122160992,1.5723636888324937,0.3672922821380484
1.5220000000000002,-43.63038991466339,-41.63613114547496,-40.54519156691158,0.02574519253674005,1.564495701564639,0.35942429487019345
1.5230000000000001,-43.54173748445902,-41.6634073127648,-40.57246773420141,0.026644300612463288,1.5563509847545458,0.3512795780601004
1.524,-43.637859298741354,-41.69581537001881,-40.60487579145544,0.027225282227654725,1.5474662795405811,0.3423948728461358
1.525,-43.76831976606922,-41.73359485003878,-40.6426552714754,0.025845208511515984,1.5380258359698011,0.33295442927535557
1.5260000000000002,-43.76518627551835,-41.78061430856355,-40.68967473000017,0.024994588964815895,1.530630701472518,0.32555929477807266
1.5270000000000001,-43.854450553692764,-41.83384056199953,-40.74290098343615,0.02515159148908243,1.526326118434615,0.3212547117401696
1.528,-43.89190496305684,-41.890658808431446,-40.79971922986807,0.026274591812889315,1.5242398515621314,0.3191684448676859
1.529,-43.6778107662437,-41.94248730805523,-40.85154772949185,0.025239797977864426,1.5243974652714174,0.319326058576972
1.5300000000000002,-43.819449357032624,-41.97865155946263,-40.88771198089925,0.025411952708443958,1.527045282742017,0.32197387604757166
1.5310000000000001,-43.72891599372616,-42.000302376028955,-40.90936279746557,0.024583470126651286,1.5305682291626415,0.32549682246819617
1.532,-43.56769936989082,-42.00638502368062,-40.915445445117236,0.024906140772789444,1.5322357321991666,0.327164325504721
1.533,-43.71587310861327,-41.998598906098195,-40.90765932753481,0.023589042751938585,1.5326349792879932,0.3275635725935475
1.5339999999999998,-43.924717827799576,-41.99335762542133,-40.90241804685795,0.023200007880329828,1.5336964533036597,0.3286250466092141
1.5350000000000001,-43.91073379270991,-42.00204666662224,-40.91110708805886,0.023331853424871773,1.53542582755792,0.33035442086347455
1.536,-43.98551323663553,-42.02307530221665,-40.93213572365327,0.024239481467196042,1.538812619000865,0.33374121230641934
1.537,-44.065225267687715,-42.0536369570981,-40.96269737853471,0.02294136524827746,1.5440165571362268,0.3389451504417814
1.5379999999999998,-44.03064547220654,-42.09017093936163,-40.99923136079825,0.023388235802286186,1.5489930455663756,0.3439216388719302
1.5390000000000001,-44.158558223774044,-42.127499363215925,-41.03655978465255,0.027933611770412176,1.5529920464349363,0.3479206397404908
1.54,-44.03089654858163,-42.16109799015314,-41.07015841158976,0.025494243831128298,1.55699450086108,0.35192309416663425
1.541,-44.139916848258025,-42.1861244822834,-41.09518490372001,0.02571318414600328,1.5629410915339665,0.3578696848395211
1.5419999999999998,-44.21235472339035,-42.20709374786075,-41.11615416929737,0.025371250681225924,1.5710891855034026,0.36601777880895714
1.5430000000000001,-44.3119541338659,-42.233512162022926,-41.142572583459554,0.027213125653575476,1.5786015735873067,0.3735301668928613
1.544,-44.29181145081509,-42.26700895306683,-41.17606937450344,0.026792247088092472,1.5839111076551893,0.3788397009607439
1.545,-44.25709850699247,-42.301520782559216,-41.21058120399583,0.027822951513726074,1.5870292787775686,0.38195787208312304
1.5459999999999998,-44.40143044525625,-42.335697960956686,-41.2447583823933,0.025160911334640674,1.5875457633494758,0.38247435665503043
1.5470000000000002,-44.285833846894064,-42.37060031578813,-41.279660737224745,0.02313412585860199,1.5865488952418392,0.38147748854739344
1.548,-44.16255255751201,-42.395053149456274,-41.304113570892895,0.025249919880502437,1.58533867774164,0.38026727104719454
1.549,-44.36535853205314,-42.40606279745275,-41.31512321888936,0.02503796799535948,1.5840619669031797,0.3789905602087342
1.5499999999999998,-44.225818130363244,-42.41254614125242,-41.321606562689034,0.02601979437503856,1.5822621412351743,0.3771907345407288
1.5510000000000002,-44.28528707852739,-42.414820999274546,-41.32388142071116,0.026324728936015736,1.578564463680139,0.3734930569856933
1.552,-44.254383785979094,-42.41211910851752,-41.321179529954144,0.026850769269296748,1.571554574880818,0.3664831681863724
1.553,-44.31768925054857,-42.407505057280694,-41.31656547871731,0.02796054144515239,1.5614770203837238,0.3564056136892786
1.5539999999999998,-44.46654171338822,-42.408698623551565,-41.31775904498819,0.026734520923764157,1.5501731410228816,0.3451017343284362
1.5550000000000002,-44.39893411440721,-42.42142090815576,-41.33048132959238,0.026504831892330764,1.5403572482478687,0.3352858415534232
1.556,-44.481157948280746,-42.44042830887894,-41.34948873031556,0.023634664348469163,1.534708275455374,0.32963686876092857
1.557,-44.40617069863556,-42.459164298907616,-41.36822472034423,0.02461988131302744,1.5345553089842485,0.3294839022898031
1.5579999999999998,-44.504132843317926,-42.47603919440848,-41.3850996158451,0.023601229095524798,1.5389701754281853,0.33389876873373975
1.5590000000000002,-44.55700220807067,-42.496014305207424,-41.405074726644045,0.023872663116049367,1.5469083819370621,0.3418369752426168
1.56,-44.72055558819441,-42.52646027373459,-41.435520695171206,0.02321771464102195,1.5575798590227805,0.35250845232833494
1.561,-44.5531126476851,-42.56643845155171,-41.47549887298833,0.023648075511825427,1.570495549800894,0.36542414310644844
1.5619999999999998,-44.56603964767678,-42.60466306030364,-41.51372348174027,0.025135988819285478,1.5848625050843235,0.37979109838987796
1.5630000000000002,-44.77838285282864,-42.64115627016956,-41.55021669160618,0.023344593559759142,1.5982053984440425,0.39313399174959707
1.564,-44.77833525037048,-42.68559809807988,-41.5946585195165,0.024456304704838797,1.6081660210633053,0.4030946143688599
1.565,-44.81880414790584,-42.73860238240659,-41.64766280384321,0.02492145545102387,1.6150378965905143,0.4099664898960687
1.5659999999999998,-44.789066557313696,-42.79419570902698,-41.7032561304636,0.024505858588703883,1.6197170818711188,0.4146456751766733
1.568,-44.95944653451148,-42.90526526033916,-41.814325681775784,0.025010458453486747,1.6268332241886139,0.42176181749416836
1.569,-44.93501443237025,-42.96402410093758,-41.87308452237419,0.0258546310640669,1.6296352957080689,0.4245638890136234
1.5699999999999998,-45.024089740127245,-43.020914236233374,-41.92997465766999,0.025881926405592653,1.6300627841720787,0.4249913774776333
1.5710000000000002,-44.98353329992237,-43.074245852523866,-41.98330627396048,0.026472861290959868,1.627276261497734,0.42220485480328873
1.572,-45.04014333946566,-43.122438560246216,-42.03149898168284,0.02721565976645437,1.6213949485927404,0.4163235418982949
1.573,-45.02831857615385,-43.165149893375194,-42.07421031481181,0.02773668471525587,1.6137667701970138,0.4086953635025682
1.5739999999999998,-45.17737400929959,-43.20583982631174,-42.11490024774836,0.02812031414930385,1.6061722310851505,0.401100824390705
1.5750000000000002,-45.147199917010965,-43.24794474309689,-42.1570051645335,0.026869090708817815,1.5999697516950109,0.3948983450005652
1.576,-45.19214234155646,-43.28971915044703,-42.19877957188365,0.027210972926774206,1.5957592733515096,0.390687866657064
1.577,-45.10591952609009,-43.32827105201817,-42.23733147345479,0.02487246247086225,1.5938783583805831,0.38880695168613766
1.5779999999999998,-45.023679226329506,-43.35786787660851,-42.26692829804513,0.025018533345944085,1.5939930355183105,0.38892162882386494
1.5790000000000002,-45.07615190779411,-43.37284450968264,-42.281904931119264,0.024599029774453576,1.5948667936952705,0.389795387000825
1.58,-45.01848600793341,-43.37373888245175,-42.28279930388836,0.023701900716665635,1.5951993519191114,0.390127945224666
1.581,-44.97800758006588,-43.36206707471532,-42.27112749615194,0.02369654636672465,1.5942445882142522,0.3891731815198067
1.5819999999999999,-45.10565981058484,-43.34259310937617,-42.25165353081279,0.022708585143887135,1.592320561555645,0.38724915486119965
1.5830000000000002,-45.43610286330771,-43.33124816660515,-42.24030858804178,0.022378812101769438,1.5894237715880815,0.38435236489363594
1.584,-45.384466325024576,-43.34047002863138,-42.249530450068,0.021431534480432463,1.5852422234646522,0.38017081677020675
1.585,-45.45264825448862,-43.36606071044821,-42.27512113188483,0.02413606506211589,1.5806157329775994,0.37554432628315393
1.5859999999999999,-45.40242899395347,-43.39938154718167,-42.30844196861829,0.02512702271670048,1.575917877546928,0.37084647085248257
1.5870000000000002,-45.45133493706111,-43.43506119315314,-42.34412161458976,0.024007084920385603,1.5709793785996364,0.36590797190519087
1.588,-45.34853450333156,-43.46674124128074,-42.37580166271736,0.022753043648685876,1.5665705247794317,0.36149911808498597
1.589,-45.28337257599828,-43.485699040925105,-42.394759462361726,0.02245764879511205,1.563421051788717,0.3583496450942714
1.5899999999999999,-45.329073704575855,-43.490980337843816,-42.40004075928043,0.02241247739659013,1.5622484629042346,0.3571770562097892
1.5910000000000002,-45.20799966852319,-43.487177917782546,-42.39623833921917,0.021863247096216624,1.5646167085445588,0.3595453018501136
1.592,-45.52113886484681,-43.48270992409753,-42.39177034553414,0.022165057923820397,1.5711178119290798,0.36604640523463444
1.593,-45.31211761833039,-43.48528658995704,-42.394347011393656,0.022857386427264016,1.5800526600800329,0.37498125338558724
1.5939999999999999,-45.41543253187355,-43.49000304280582,-42.39906346424244,0.024624696254667,1.587598223344998,0.38252681665055255
1.5950000000000002,-45.298636154665694,-43.49189832730778,-42.4009587487444,0.02492552733929255,1.5910198627154282,0.38594845602098266
1.596,-45.283964788292685,-43.48695290001671,-42.39601332145333,0.024902863934732265,1.591498318145301,0.3864269114508555
1.597,-45.18392485196305,-43.47037183771789,-42.379432259154505,0.022733397608807198,1.5905178314963642,0.38544642480191876
1.5979999999999999,-45.26683894540213,-43.443237646023164,-42.352298067459785,0.02473962158407505,1.5879992235428704,0.3829278168484249
1.5990000000000002,-45.431518307123135,-43.41766939736718,-42.32672981880379,0.02503752582640364,1.5836562730544392,0.3785848663599939
1.6,-45.592380316565,-43.40972968054096,-42.31879010197759,0.0265451367385924,1.5767579298186323,0.37168652312418704
1.601,-45.609803219090075,-43.42440532135638,-42.333465742793,0.02463875166213971,1.5671356522963817,0.3620642456019363
1.6019999999999999,-45.686173140847366,-43.456799045194835,-42.365859466631456,0.025219220054859836,1.5563697065653965,0.351298299870951
1.6030000000000002,-45.81136348839416,-43.50442159140983,-42.41348201284645,0.024953066597837303,1.5468130145641037,0.3417416078696581
1.604,-45.779149172721645,-43.56476775193608,-42.4738281733727,0.025250243425158626,1.5404599957793679,0.3353885890849225
1.605,-45.90084999550709,-43.632562180750334,-42.54162260218695,0.02548805846044523,1.5374275064646377,0.3323560997701924
1.6059999999999999,-45.8369897729787,-43.70179030517788,-42.610850726614494,0.02547436639321933,1.5346343634269608,0.3295629567325154
1.6070000000000002,-45.984360045208234,-43.76804663164002,-42.67710705307663,0.024753908595785704,1.5308250026450687,0.32575359595062336
1.608,-46.062195925015565,-43.835178345722944,-42.74423876715956,0.02519663889066961,1.5283932326620948,0.32332182596764936
1.609,-45.949102420325964,-43.90273892325576,-42.811799344692375,0.02365686083475845,1.5291511905861528,0.32407978389170733
1.6099999999999999,-45.927647629998646,-43.95905542454675,-42.86811584598336,0.023509229673448123,1.5336072763304718,0.3285358696360266
1.6110000000000002,-46.074165579287495,-44.00322935653649,-42.912289777973115,0.023194415199667463,1.5418646772246798,0.3367932705302344
1.612,-45.92000214523236,-44.03918236697832,-42.94824278841493,0.025557041509136014,1.5520351094034575,0.34696370270901195
1.613,-46.06896666511577,-44.06578610785907,-42.97484652929568,0.02641312134215545,1.5605614438620892,0.3554900371676437
1.6139999999999999,-46.22917389127628,-44.09313927099492,-43.00219969243153,0.02704779677545206,1.5658342747907095,0.36076286809626407
1.6150000000000002,-46.136849990450294,-44.12919922337615,-43.03825964481277,0.025636484435517977,1.5682626585528647,0.36319125185841933
1.616,-46.33703111677608,-44.17128859278323,-43.08034901421984,0.02445567329598445,1.5700556409985214,0.36498423430407595
1.617,-46.340938935526516,-44.22123011250095,-43.13029053393756,0.023193719466725205,1.5741232680529358,0.36905186135849044
1.6179999999999999,-46.390737490357786,-44.27836098720441,-43.18742140864102,0.02189025961902067,1.5812752336702456,0.3762038269758001
1.6190000000000002,-46.64752778158431,-44.34219999149782,-43.251260412934435,0.02205418857433889,1.5905084817371438,0.38543707504269825
1.62,-46.4171674948124,-44.40900323782892,-43.31806365926554,0.02160525468814234,1.6007238998429423,0.3956524931484968
1.621,-46.27695266261116,-44.460093921611595,-43.36915434304821,0.02402321522754894,1.6098767237466818,0.40480531705223627
1.6219999999999999,-46.153296611971975,-44.48313851111514,-43.392198932551764,0.024540626052278042,1.6166142487575617,0.411542842063116
1.6230000000000002,-46.225252225282915,-44.48417002502753,-43.39323044646415,0.02639013495416727,1.6215037317593453,0.4164323250648998
1.624,-46.22869399002177,-44.47475554127455,-43.38381596271117,0.02744076464832455,1.6254633064129704,0.4203918997185249
1.625,-46.498809640989265,-44.46787324294567,-43.37693366438229,0.027040402686492444,1.6282138234058734,0.4231424167114278
1.626,-46.33101537472061,-44.4711380457852,-43.38019846722182,0.026964390007587564,1.6288662163090255,0.42379480961458016
1.6270000000000002,-46.172586303063326,-44.47242479962508,-43.381485221061695,0.027591806559258136,1.6267001889596302,0.4216287822651846
1.6280000000000001,-46.1682188990626,-44.4584067607081,-43.36746718214472,0.027697159323934285,1.6215876419392772,0.4165162352448317
1.629,-46.237571062440956,-44.43347875006527,-43.34253917150189,0.029196999589964814,1.6127830184125704,0.4077116117181249
1.63,-46.327151078554806,-44.411090625384695,-43.32015104682132,0.029327837574628784,1.6008603978335234,0.3957889911390778
1.6310000000000002,-46.39504852952631,-44.40180027777754,-43.31086069921416,0.029865975551099523,1.5888190622736589,0.3837476555792135
1.6320000000000001,-46.39572161721416,-44.40708801854734,-43.31614843998396,0.028351618046354114,1.5788170622965756,0.37374565560212997
1.633,-46.49959519518513,-44.42503706245513,-43.334097483891746,0.027822613303639658,1.5718291675393998,0.3667577608449543
1.634,-46.702650222800166,-44.458437017883995,-43.367497439320616,0.02661001578468284,1.5698853080875217,0.3648139013930761
1.6350000000000002,-46.715563584250376,-44.50990009631292,-43.41896051774954,0.02625010920449519,1.572772620007178,0.3677012133127326
1.6360000000000001,-46.751870631187565,-44.57369136638629,-43.482751787822906,0.024774949887849642,1.578276088186384,0.3732046814919387
1.637,-46.81976152812324,-44.6439562747866,-43.55301669622322,0.025513135235920702,1.5849939255168806,0.379922518822435
1.638,-46.96646568552233,-44.72104208037837,-43.63010250181499,0.025692050000066215,1.5925788995658048,0.38750749287135916
1.6390000000000002,-47.01166778302307,-44.806925968285626,-43.71598638972225,0.02388815884732225,1.6004141526479887,0.39534274595354324
1.6400000000000001,-46.99847411715102,-44.896547524425856,-43.80560794586248,0.025522825502833253,1.6076081481815938,0.40253674148714824
1.641,-46.94472213639277,-44.98026795400336,-43.88932837543998,0.02408314461040439,1.614421745145568,0.4093503384511223
1.642,-47.044875806415455,-45.05423641584843,-43.96329683728504,0.02429164872088694,1.6206820933112769,0.4156106866168312
1.6430000000000002,-46.97147047536689,-45.11765207214409,-44.02671249358071,0.022707614326470765,1.626966303310604,0.42189489661615864
1.6440000000000001,-46.81436581387881,-45.16183491556996,-44.070895337006576,0.025488858638810896,1.6340274521017781,0.4289560454073326
1.645,-46.929355768621136,-45.18177931597337,-44.09083973741,0.02401705248678316,1.640075090584892,0.43500368389044664
1.646,-47.09040127464574,-45.191657196361774,-44.100717617798395,0.02364268734446036,1.6446055165033813,0.43953410980893604
1.6470000000000002,-46.987642642463925,-45.20322746399395,-44.11228788543057,0.02220135961867259,1.6495574573966028,0.4444860507021572
1.6480000000000001,-46.836527341262844,-45.207972557700714,-44.11703297913733,0.022220251798431567,1.65562819437974,0.45055678768529445
1.649,-46.884559350290644,-45.19745502171803,-44.10651544315464,0.02191939019640072,1.6625302698688507,0.45745886317440504
1.65,-47.015185205494774,-45.180494476849674,-44.08955489828629,0.024053938750779876,1.6684648584161537,0.46339345172170815
1.6510000000000002,-47.08668405291044,-45.170877173981715,-44.07993759541833,0.02488267789667933,1.6712714501573114,0.46620004346286587
1.6520000000000001,-47.17176708156253,-45.1751221581331,-44.08418257956972,0.023183011430280235,1.6708177351827125,0.46574632848826725
1.653,-47.134665016208956,-45.19204084982373,-44.10110127126035,0.024895401612176925,1.6671890359378907,0.4621176292434451
1.654,-47.27782573898261,-45.21809444512697,-44.1271548665636,0.02594248428434948,1.660330346717118,0.4552589400226725
1.6550000000000002,-47.293538918751615,-45.25402672038492,-44.163087141821535,0.024719836434489138,1.6517634524969118,0.4466920458024663
1.6560000000000001,-47.31105394180748,-45.297410175092715,-44.206470596529336,0.02555841457508405,1.643034225767947,0.43796281907350154
1.657,-47.32852479769081,-45.3425383184879,-44.25159873992452,0.02607665664539462,1.633735614115277,0.4286642074208315
1.6580000000000004,-47.416606848299374,-45.387309172881245,-44.29636959431787,0.025516263310219996,1.6242996382384136,0.41922823154396827
1.6589999999999998,-47.49756446871337,-45.43526550645869,-44.344325927895305,0.025205309376339722,1.6175572728935765,0.41248586619913113
1.6600000000000001,-47.60066439352812,-45.49022164787605,-44.39928206931267,0.024460988920683727,1.6154208355836464,0.4103494288892008
1.6609999999999996,-47.599955740761395,-45.55137837783433,-44.460438799270946,0.02488191011864755,1.6160759392482835,0.411004532553838
1.662,-47.63478286898172,-45.613399175703584,-44.522459597140205,0.02437696714630621,1.617590860504282,0.4125194538098364
1.6630000000000003,-47.714568950546756,-45.673656942531,-44.58271736396762,0.02315702471435618,1.620836345605518,0.41576493891107247
1.6639999999999997,-47.56406708939355,-45.72779652719244,-44.63685694862906,0.026013048988799532,1.6261955983753553,0.42112419168091
1.665,-47.61663204096772,-45.768631567062094,-44.67769198849871,0.026206315168778072,1.6314459011220692,0.4263744944276236
1.6660000000000004,-47.62606057103987,-45.79722198479229,-44.7062824062289,0.02646971676494109,1.6351068707314143,0.4300354640369688
1.6669999999999998,-47.699564444839,-45.82032663243262,-44.72938705386923,0.02649438107179269,1.6384346287000782,0.4333632220056328
1.6680000000000001,-47.5748073790617,-45.83936906483471,-44.74842948627133,0.027482125231683974,1.6419882420530867,0.43691683535864106
1.6689999999999996,-47.477807736294906,-45.84544088152963,-44.754501302966254,0.025994944856606025,1.6456486075118137,0.4405772008173684
1.67,-47.68714793164242,-45.838251885593095,-44.747312307029716,0.026582145748223433,1.6495876693416005,0.4445162626471552
1.6710000000000003,-47.756584676320756,-45.83354294117148,-44.742603362608094,0.025542710080379876,1.6550880597829356,0.45001665308849026
1.6719999999999997,-47.771002526518856,-45.83967336584433,-44.74873378728094,0.02543063231692224,1.6625741977980217,0.4575027911035763
1.673,-47.561506477630424,-45.84770608623904,-44.75676650767566,0.024495619222317775,1.6708897972382768,0.4658183905438314
1.6740000000000004,-47.46987299576793,-45.841740373212495,-44.750800794649116,0.023948709429173452,1.6786402784677918,0.4735688717733463
1.6749999999999998,-47.581297368283316,-45.81949257937133,-44.72855300080795,0.024070336891551334,1.6853220375632405,0.4802506308687952
1.6760000000000002,-47.73816245736721,-45.79652209958243,-44.70558252101905,0.02362817034262996,1.6909502190655374,0.48587881237109215
1.6769999999999996,-47.81226259428059,-45.7876043942056,-44.69666481564222,0.023462527386862345,1.6961688638108514,0.49109745711640607
1.678,-47.740315361469136,-45.791183880360116,-44.70024430179674,0.027160674483274794,1.6997145036237045,0.4946430969292591
1.6790000000000003,-48.02652404144771,-45.8026745487525,-44.71173497018912,0.02619035641534537,1.6995466959386356,0.4944752892441901
1.6799999999999997,-47.78913547316672,-45.82112813979816,-44.730188561234776,0.026613421645123356,1.6959225747776727,0.49085116808322715
1.681,-47.87656329385872,-45.83978578374076,-44.74884620517738,0.027066533422594814,1.6896728179584168,0.4846014112639712
1.6820000000000004,-47.875329860909126,-45.85703705398015,-44.766097475416764,0.0279514217756982,1.681698848726943,0.4766274420324976
1.6829999999999998,-48.013040071560084,-45.87864220916319,-44.78770263059981,0.026691122871412676,1.6752474360456215,0.470176029351176
1.6840000000000002,-48.18628075244979,-45.91274430305615,-44.82180472449277,0.02990920134353509,1.6717515857408807,0.4666801790464354
1.6849999999999996,-48.28111363359682,-45.96608816468661,-44.87514858612323,0.02823663996715976,1.6704501075476865,0.46537870085324107
1.686,-48.15183786858762,-46.031144856390505,-44.940205277827125,0.028853801880250482,1.6713564550096303,0.4662850483151848
1.6870000000000003,-48.24408640219318,-46.095346962510376,-45.004407383947,0.02933178308808049,1.6737771031710695,0.46870569647662397
1.6879999999999997,-48.26318333824127,-46.15622585968517,-45.06528628112179,0.02844627474455741,1.6755788570786372,0.47050745038419167
1.689,-48.460657340247565,-46.21943269746061,-45.12849311889723,0.02712101921405743,1.6763556535389186,0.4712842468444729
1.6900000000000004,-48.20543227660813,-46.28259733766002,-45.19165775909664,0.026787222011642995,1.6766745763600996,0.47160316966565435
1.6909999999999998,-48.31852081545662,-46.33390923410801,-45.24296965554463,0.024717429276493903,1.6770393233826881,0.4719679166882426
1.6920000000000002,-48.51018151985825,-46.378721334563025,-45.287781755999646,0.025341435180817225,1.6783789822373134,0.47330757554286806
1.6929999999999996,-48.383754168432475,-46.42562112315572,-45.33468154459234,0.027274492491596303,1.6788967109418163,0.4738253042473708
1.694,-48.44773918208095,-46.46850682788573,-45.377567249322354,0.025211892125582887,1.6776212907604138,0.4725498840659682
1.6950000000000003,-48.259790672114235,-46.499809179681144,-45.40886960111776,0.026097588845045344,1.6761068485202508,0.47103544182580537
1.6959999999999997,-48.26621675038767,-46.51242203897519,-45.42148246041181,0.023558907585926842,1.675953691467494,0.4708822847730485
1.697,-48.37414521475859,-46.51141829081683,-45.42047871225344,0.023566518510583778,1.67901458382454,0.47394317713009443
1.6980000000000004,-48.255587084608145,-46.505628111165954,-45.41468853260257,0.024901713472874076,1.6848949355170293,0.47982352882258383
1.6989999999999998,-48.31289227594467,-46.49543909175973,-45.40449951319635,0.02239151574596682,1.6915458894833137,0.486474482788868
1.7000000000000002,-48.41686894555064,-46.48632856003393,-45.39538898147055,0.023296244015134148,1.6979997757729755,0.49292836907853005
1.7009999999999996,-48.51072445562354,-46.48806902023172,-45.39712944166834,0.02340207864617066,1.703929209980655,0.49885780328620916
1.702,-48.508701145586826,-46.50381753779807,-45.41287795923469,0.02340096709851935,1.709858431860829,0.5047870251663834
1.7030000000000003,-48.58102842494977,-46.531575574038435,-45.440635995475056,0.02336936917412856,1.7163096590796356,0.5112382523851903
1.7039999999999997,-48.5742812287063,-46.56788147302369,-45.4769418944603,0.0248764395713387,1.7227638332092927,0.5176924265148474
1.705,-48.637272585225155,-46.60923215627454,-45.51829257771116,0.026970365980922593,1.727263599494536,0.5221921928000905
1.7060000000000004,-48.6466379828529,-46.65290012313192,-45.561960544568535,0.02653984964831678,1.7291243561031886,0.5240529494087431
1.7069999999999999,-48.66772795963936,-46.69585869725631,-45.60491911869293,0.027566252155073197,1.7288297368106942,0.5237583301162486
1.7080000000000002,-48.54816143769665,-46.73212700016298,-45.641187421599604,0.025961663294282622,1.7267699143944855,0.5216985077000401
1.7089999999999996,-48.61690857956787,-46.75698374670211,-45.666044168138725,0.023803149172333584,1.7253234980078205,0.5202520913133749
1.71,-48.71306516608509,-46.775542144218875,-45.68460256565549,0.028894779681266414,1.7258355598384834,0.5207641531440379
1.7110000000000003,-48.97824365063806,-46.80128464557377,-45.710345067010394,0.02620835084447613,1.727791041833901,0.5227196351394554
1.7119999999999997,-48.935198526284914,-46.84330483386007,-45.75236525529669,0.02521834516267251,1.7323482065468843,0.5272767998524388
1.713,-48.884582312908385,-46.89466608246926,-45.80372650390587,0.02680874598649981,1.738702954077578,0.5336315473831327
1.7140000000000004,-49.01832926759859,-46.94691435061563,-45.85597477205225,0.027380681656468855,1.7428661991806096,0.537794792486164
1.7149999999999999,-49.02065948697514,-47.00087579555854,-45.90993621699516,0.029071347335223378,1.7430479987438776,0.5379765920494322
1.7160000000000002,-49.05972263141179,-47.055391513927106,-45.964451935363726,0.02851816226633283,1.7394213605083932,0.5343499538139478
1.7169999999999996,-49.09276521842286,-47.10777191757626,-46.01683233901287,0.030187560337634187,1.7330131514996736,0.5279417448052282
1.718,-49.30324591300052,-47.1625188188036,-46.07157924024021,0.03108120072352801,1.7257253357492663,0.5206539290548208
1.7190000000000003,-49.30185150412743,-47.225396134561024,-46.134456555997645,0.029674916817731635,1.7184087304919713,0.5133373237975255
1.7199999999999998,-49.12036442198379,-47.286902475674175,-46.195962897110796,0.03042057287809113,1.7103606162544285,0.5052892095599831
1.721,-49.256294713086504,-47.33504806781687,-46.244108489253485,0.02903432729785109,1.700791398570311,0.49571999187586563
1.7220000000000004,-49.140090114840085,-47.36955498824153,-46.27861540967816,0.027881242962669268,1.690586035862055,0.4855146291676096
1.7229999999999999,-49.00395288591039,-47.38502488122474,-46.29408530266135,0.02777922073026924,1.6813941123763019,0.4763227056818564
1.7240000000000002,-48.95718703567964,-47.374483484569396,-46.28354390600601,0.027243825513755034,1.6746286922814178,0.4695572855869724
1.7249999999999996,-49.12219417631076,-47.34771743697909,-46.2567778584157,0.026909797507779363,1.6710132908462154,0.4659418841517697
1.726,-49.200890017847385,-47.32362446578097,-46.232684887217594,0.026397882612774475,1.6716304217971258,0.46655901510268044
1.7270000000000003,-49.246615840008104,-47.3129902309561,-46.22205065239273,0.02639779677947448,1.6772982756353514,0.47222686894090565
1.7279999999999998,-49.288765848988476,-47.31713412732031,-46.22619454875693,0.02522252927113723,1.6872510474566798,0.4821796407622343
1.729,-49.398153551345374,-47.33615275365368,-46.2452131750903,0.025295067876878144,1.6998478873544245,0.4947764806599789
1.7300000000000004,-49.36386822803318,-47.36732935902754,-46.27638978046416,0.02801914319452608,1.7129648487429117,0.507893442048466
1.7309999999999999,-49.33689813348545,-47.40300023776497,-46.312060659201585,0.02856202699185691,1.72440104219102,0.5193296354965746
1.7320000000000002,-49.410141140962345,-47.438494543370844,-46.347554964807465,0.027821112802931366,1.7340719682705392,0.5290005615760937
1.7329999999999997,-49.24340644843377,-47.468224832764314,-46.37728525420093,0.026709835885965844,1.7433706360609897,0.5382992293665442
1.734,-49.265061992926,-47.48327556189562,-46.39233598333224,0.02700235853626679,1.752694204564741,0.5476227978702953
1.7350000000000003,-49.16096980387117,-47.48100511126616,-46.39006553270278,0.028540648746835085,1.7608165178147657,0.5557451111203201
1.7359999999999998,-49.355903600611065,-47.46791571337373,-46.37697613481035,0.029304888988620145,1.765775612691362,0.5607042059969165
1.737,-49.405012127090764,-47.45836352091737,-46.36742394235399,0.02776836446786126,1.7660909336701895,0.5610195269757439
1.7380000000000004,-49.313406823958864,-47.45669239980409,-46.36575282124071,0.028325982356610376,1.761565949326291,0.5564945426318454
1.7389999999999999,-49.28907807576569,-47.453921457648235,-46.36298187908485,0.029148241304497936,1.753290989501455,0.5482195828070096
1.7400000000000002,-49.29241532460556,-47.44574319841882,-46.35480361985543,0.02866680049672321,1.742385547152477,0.5373141404580316
1.7409999999999997,-49.47225855880415,-47.439214819242785,-46.348275240679406,0.02970021677512007,1.7294519954662162,0.5243805887717706
1.742,-49.541775461827974,-47.445966621786624,-46.355027043223245,0.03041371328962522,1.715551153756725,0.5104797470622796
1.7430000000000003,-49.652055983790895,-47.47133785118367,-46.38039827262029,0.028129209047500763,1.7035341382957085,0.4984627316012631
1.7439999999999998,-49.64856464513769,-47.512539200734096,-46.42159962217072,0.02916487152997475,1.6941301363105166,0.48905872961607105
1.745,-49.713877292187064,-47.56290032230523,-46.47196074374185,0.029874940462392318,1.6850703532652311,0.4799989465707857
1.7460000000000004,-49.779666524764224,-47.619357784602215,-46.528418206038836,0.02953987481799499,1.6760599605750557,0.47098855388061023
1.7469999999999999,-49.921413684174446,-47.684064763784406,-46.59312518522103,0.02803640137550082,1.6688488212176065,0.463777414523161
1.7480000000000002,-49.95523153423427,-47.75796718119345,-46.66702760263008,0.027831090132908524,1.6646168373928942,0.45954543069844866
1.7489999999999997,-49.93152132721342,-47.835393013025694,-46.744453434462315,0.027883352887229436,1.663412319572865,0.4583409128784196
1.75,-50.13027772986473,-47.91280520429213,-46.82186562572875,0.027048653264084083,1.6658261079744885,0.4607547012800431
1.7510000000000003,-49.94062026767159,-47.98740609998868,-46.8964665214253,0.025769767321550837,1.6731759002717017,0.46810449357725614
1.7519999999999998,-50.030138636586045,-48.05021869131856,-46.95927911275518,0.0261009557798703,1.6837790752735562,0.47870766857911085
1.7530000000000001,-49.87630858539288,-48.09650221671201,-47.00556263814863,0.025810443781413256,1.6939931414735674,0.4889217347791219
1.7540000000000004,-50.05457362623434,-48.12764804146135,-47.03670846289796,0.02428933958386523,1.703010561263424,0.49793915456897886
1.755,-50.09563540776185,-48.15358960521496,-47.06265002665158,0.025143476191440504,1.71189354738186,0.5068221406874146
1.7560000000000002,-50.24490318295641,-48.18495865570356,-47.09401907714018,0.022949418436348158,1.7202070631439326,0.5151356564494871
1.7569999999999997,-49.97322770625831,-48.217731617236474,-47.12679203867309,0.025350372092993234,1.7277129671116596,0.522641560417214
1.758,-50.13467355210558,-48.24090245005407,-47.149962871490686,0.026007764024692664,1.7343558054059394,0.5292843987114939
1.7590000000000003,-49.89033840143826,-48.25083437274437,-47.159894794180985,0.03025773942511628,1.7388333622543732,0.5337619555599278
1.7599999999999998,-50.111483252660015,-48.24885869217795,-47.15791911361457,0.030407667891569092,1.7405584947585884,0.5354870880641427
1.7610000000000001,-50.087895089909004,-48.24434784383352,-47.153408265270144,0.028923711735405835,1.7399268641307808,0.5348554574363354
1.7620000000000005,-50.05703283176769,-48.241937268398175,-47.150997689834796,0.027561644282885593,1.738498239820851,0.5334268331264056
1.763,-50.21116658070844,-48.24105239245535,-47.15011281389197,0.026053838233981705,1.7373671009224299,0.5322956942279842
1.7640000000000002,-50.11330453283588,-48.24422108382493,-47.15328150526156,0.0245446626799995,1.7364439566078131,0.5313725499133679
1.7649999999999997,-49.998341677116585,-48.243617499376306,-47.15267792081292,0.02529544106750232,1.7359974952289208,0.5309260885344752
1.766,-50.18012628526626,-48.23665139982505,-47.14571182126167,0.025457142122247478,1.73569349892902,0.5306220922345743
1.7670000000000003,-50.17986809657535,-48.234090765830665,-47.143151187267286,0.026262934520497615,1.7342539241059916,0.5291825174115462
1.7679999999999998,-50.18416589967051,-48.23870135908225,-47.14776178051886,0.025963899830168034,1.7304456445801406,0.5253742378856949
1.7690000000000001,-50.289985366021625,-48.24725618065094,-47.156316602087564,0.02722786416422014,1.7243260840026202,0.5192546773081748
1.7700000000000005,-50.145440106826534,-48.257049593033244,-47.166110014469865,0.028375340026294472,1.7163320015916914,0.511260594897246
1.771,-50.30818636825934,-48.26699434353189,-47.17605476496851,0.02641257565889703,1.7077541324310073,0.5026827257365617
1.7720000000000002,-50.276924235867455,-48.2798273196175,-47.18888774105413,0.02775735006640149,1.7009297426976455,0.4958583360032002
1.7729999999999997,-50.3887405400124,-48.29712775844339,-47.20618817988,0.029231563226189826,1.696066356527916,0.4909949498334703
1.774,-50.427766212426505,-48.32204306551428,-47.2311034869509,0.028239185435209306,1.6921244007642553,0.4870529940698099
1.7750000000000004,-50.548307829050984,-48.35841966403353,-47.267480085470154,0.028559882130816398,1.6897069759917758,0.4846355692973301
1.7759999999999998,-50.57134983550814,-48.40619723976696,-47.31525766120358,0.027147330310021325,1.6899074634970643,0.4848360568026188
1.7770000000000001,-50.55951703219165,-48.45950715985139,-47.368567581288005,0.026717870390897926,1.693938632442964,0.4888672257485185
1.7780000000000005,-50.70565379722255,-48.51602287333865,-47.42508329477527,0.025816793552825193,1.7021606661684838,0.4970892594740383
1.779,-50.70155604766132,-48.57724882996518,-47.48630925140179,0.025554075701442153,1.7136753533128355,0.5086039466183899
1.7800000000000002,-50.6811258128949,-48.63955415320911,-47.54861457464573,0.025486673975473616,1.7280197265482158,0.5229483198537704
1.7809999999999997,-50.75117219440403,-48.69779314055737,-47.606853561993994,0.02563520934456665,1.744531067736161,0.5394596610417153
1.782,-50.794879717126626,-48.75301771276053,-47.66207813419715,0.02423720638430839,1.7611461791337208,0.5560747724392754
1.7830000000000004,-50.87011031213297,-48.80784238020767,-47.71690280164429,0.02651095811694968,1.774977043238994,0.5699056365445484
1.7839999999999998,-50.76857836115943,-48.85991024776528,-47.76897066920189,0.02480621229579585,1.784870047095061,0.5797986404006155
1.7850000000000001,-50.9022688359254,-48.905547738082205,-47.814608159518826,0.02377887260899826,1.7918889220884717,0.5868175153940264
1.7859999999999996,-50.91610550490717,-48.94878065823739,-47.857841079674,0.025665027570327025,1.797147665859563,0.5920762591651179
1.787,-51.00382096694187,-48.994272330875006,-47.90333275231163,0.026063977572288177,1.8004865881529115,0.595415181458466
1.7880000000000003,-50.873964659621805,-49.03817185404688,-47.94723227548351,0.028248098753693007,1.8011705552283737,0.5960991485339282
1.7889999999999997,-50.907103754986124,-49.07206888315081,-47.981129304587434,0.02682216329595039,1.79917107188765,0.5940996651932042
1.79,-50.81085318188966,-49.09175403201819,-48.00081445345481,0.024656592539164773,1.7956645909904885,0.5905931842960431
1.7910000000000004,-50.98695770940129,-49.10191925875069,-48.01097968018731,0.02684396523355648,1.7915312701228556,0.5864598634284103
1.7919999999999998,-50.984119543479686,-49.11295875971223,-48.02201918114885,0.02506474861117535,1.7865888013931415,0.581517394698696
1.7930000000000001,-51.10558924363736,-49.1312352824583,-48.04029570389492,0.027046754787556953,1.7804007989246993,0.5753293922302537
1.7939999999999996,-51.105830182199405,-49.157925051732086,-48.0669854731687,0.02717165288338156,1.771947968729386,0.5668765620349404
1.795,-51.332448706146415,-49.19512226645104,-48.10418268788765,0.026679337016679374,1.7624132660762237,0.5573418593817783
1.7960000000000003,-51.03328670769549,-49.23863969537926,-48.14770011681588,0.027093073203181436,1.754257535145506,0.5491861284510607
1.7969999999999997,-51.03543139582511,-49.271090756533724,-48.18015117797035,0.027035101744253394,1.7474657683917147,0.5423943616972694
1.798,-51.140489954969766,-49.288093743753954,-48.197154165190575,0.026629534215045995,1.7414761548131843,0.5364047481187386
1.7990000000000004,-51.204655704733625,-49.302578839755874,-48.21163926119249,0.02671503064284161,1.7375529923165147,0.5324815856220692
1.7999999999999998,-51.16183214869222,-49.31960242128014,-48.22866284271676,0.02616512711875008,1.7362038234409716,0.5311324167465261
1.8010000000000002,-51.38226676289634,-49.33968170467674,-48.24874212611336,0.02831532488486109,1.7362444010910296,0.531172994396584
1.8019999999999996,-51.370738944531226,-49.36897858516916,-48.27803900660577,0.028715829800592077,1.7367769653566212,0.5317055586621756
1.803,-51.39706156264885,-49.407846221566366,-48.31690664300299,0.02618208380330836,1.7375523154171182,0.5324809087226728
1.8040000000000003,-51.430220762226945,-49.450931151981784,-48.3599915734184,0.025937833070987428,1.7382443295432457,0.5331729228488002
1.8049999999999997,-51.45629768348754,-49.495888425708216,-48.40494884714483,0.02641937971698651,1.738192580542354,0.5331211738479085
1.806,-51.41053039642448,-49.53907135645256,-48.44813177788918,0.026099955886711417,1.7381470117442703,0.5330756050498248
1.8070000000000004,-51.31731413864322,-49.5720009947433,-48.48106141617992,0.025841017328536817,1.7412124636054236,0.5361410569109781
1.8079999999999998,-51.47594657201477,-49.59289809536855,-48.50195851680516,0.025682979448253183,1.7493024005521531,0.5442309938577076
1.8090000000000002,-51.34919915297937,-49.607369027678494,-48.51642944911511,0.02514654235139589,1.7616468800369198,0.5565754733424743
1.8099999999999996,-51.41826752937346,-49.615580446549416,-48.52464086798604,0.025814156040667252,1.7771983577498365,0.5721269510553909
1.811,-51.627081295389594,-49.62540795916389,-48.53446838060051,0.02642063339901638,1.794653498175824,0.5895820914813785
1.8120000000000003,-51.637403580893974,-49.648835515709685,-48.5578959371463,0.025589215170565813,1.8113746999771076,0.6063032932826621
1.8129999999999997,-51.666600972695946,-49.68470117095847,-48.59376159239509,0.026449317730491712,1.8244855933075208,0.6194141866130751
1.814,-51.64818574925394,-49.725513502177755,-48.634573923614376,0.02819395466041281,1.8320020577954628,0.6269306511010174
1.8150000000000004,-51.67042563915742,-49.766457097690946,-48.67551751912756,0.028649531540913094,1.833422624958799,0.6283512182643536
1.8159999999999998,-51.715507367154984,-49.80645993671344,-48.71552035815006,0.02852467741879787,1.8301111326313844,0.625039725936939
1.8170000000000002,-51.81354167540423,-49.84762209438439,-48.75668251582101,0.031949612504384065,1.8228201614067572,0.6177487547123117
1.8179999999999996,-51.67243009113377,-49.88656951854743,-48.795629939984046,0.027823443619921,1.8126434836492775,0.607572076954832
1.819,-51.76410335839593,-49.915971777163506,-48.82503219860012,0.029410377012775615,1.8015235992398615,0.5964521925454161
1.8200000000000003,-51.837726041363005,-49.940146921066315,-48.84920734250293,0.027948739873000394,1.7906044703908588,0.5855330636964131
1.8209999999999997,-51.94660925391377,-49.96918914785896,-48.87824956929558,0.02603156478596389,1.781471890445708,0.5764004837512625
1.822,-51.91060608976237,-50.00528736147218,-48.9143477829088,0.026182506131324935,1.77638061610047,0.5713092094060245
1.8230000000000004,-51.87818881103796,-50.0405600861196,-48.94962050755622,0.027002085347937296,1.7751772376120316,0.570105830917586
1.8239999999999998,-51.80891942130856,-50.06496775829445,-48.97402817973107,0.02661525668862618,1.7765460479116175,0.571474641217172
1.8250000000000002,-51.91551749518731,-50.077881966799396,-48.98694238823601,0.02770697715656741,1.77899497385625,0.5739235671618045
1.8259999999999996,-52.03183849213006,-50.0896429695752,-48.99870339101182,0.02738678859104425,1.7810774862192447,0.5760060795247993
1.827,-51.9157869358298,-50.10528326354351,-49.01434368498013,0.028745321998772708,1.7810267457148836,0.5759553390204384
1.8280000000000003,-51.92946702588931,-50.11748903308073,-49.026549454517344,0.026943215799559436,1.778067391069268,0.5729959843748224
1.8289999999999997,-51.84014785943447,-50.11949690110423,-49.02855732254085,0.02902760043152411,1.7722970358091117,0.5672256291146662
1.83,-52.0299879625836,-50.11529190328398,-49.024352324720596,0.029337918652861898,1.7639917245231456,0.5589203178287001
1.8310000000000004,-52.12788353707279,-50.118176389498196,-49.027236810934816,0.028848679159211375,1.7549287969389098,0.5498573902444643
1.8319999999999999,-52.1540413695838,-50.136375507277045,-49.045435928713665,0.02758877511637437,1.7487022446534033,0.5436308379589581
1.8330000000000002,-52.19832875108485,-50.16671550112488,-49.0757759225615,0.026531785365011384,1.7479944027257845,0.542922996031339
1.8339999999999996,-52.35770304783707,-50.20767608746086,-49.116736508897475,0.02699336077780544,1.7530314695785494,0.5479600628841037
1.835,-52.348526955321496,-50.25943532702364,-49.16849574846026,0.02567412443932045,1.7621884183706786,0.5571170116762332
1.8360000000000003,-52.257004348146694,-50.313535367021316,-49.222595788457944,0.026692433497468037,1.774469917721135,0.5693985110266895
1.8369999999999997,-52.25043406216132,-50.35873252539727,-49.267792946833886,0.028975485609529696,1.787615154555525,0.5825437478610797
1.838,-52.15744079302496,-50.38870890146922,-49.29776932290584,0.0302978675949207,1.7981207139521564,0.5930493072577111
1.8390000000000004,-52.330207101893656,-50.406318763617335,-49.315379185053956,0.029805012494054824,1.804731118932827,0.5996597122383815
1.8399999999999999,-52.3932617699967,-50.423421170808304,-49.33248159224492,0.03080594704129454,1.80806723580037,0.6029958291059244
1.8410000000000002,-52.29066361519339,-50.44273020498323,-49.35179062641984,0.034131085673957756,1.8071731759676808,0.6021017692732353
1.8419999999999996,-52.40928221316435,-50.459763646102765,-49.36882406753938,0.033559581513573244,1.800917612475459,0.5958462057810132
1.843,-52.365412260909125,-50.47616248503742,-49.385222906474034,0.0321911341458212,1.7917807573443554,0.5867093506499098
1.8440000000000003,-52.46433705279594,-50.4947756051119,-49.40383602654852,0.031113901581767824,1.7830165491942342,0.5779451424997888
1.8449999999999998,-52.53187030520222,-50.51920455916065,-49.42826498059727,0.02996612630060612,1.775381637630767,0.5703102309363215
1.846,-52.609754222805385,-50.551931319031354,-49.460991740467975,0.03302058330652253,1.7688795963371566,0.5638081896427112
1.8470000000000004,-52.65154701753504,-50.59221594639044,-49.50127636782706,0.033091003287472956,1.7635138269276118,0.5584424202331664
1.8479999999999999,-52.696702103236724,-50.638407611473546,-49.54746803291016,0.03235970063833142,1.7594187184320753,0.5543473117376296
1.8490000000000002,-52.77156858139195,-50.68925081136248,-49.59831123279909,0.030368366951605826,1.7581596899299645,0.5530882832355191
1.8499999999999996,-52.78152247470414,-50.74333458850086,-49.65239500993748,0.03243383435584759,1.7614803356701099,0.5564089289756646
1.851,-52.63697373957393,-50.792504788713394,-49.70156521015002,0.03181583511799191,1.7685957941331951,0.5635243874387494
1.8520000000000003,-52.52193406501493,-50.82294767663324,-49.73200809806986,0.03059833062065969,1.7755513187841148,0.5704799120896692
1.8529999999999998,-52.51421076649632,-50.82762316425541,-49.73668358569202,0.028772385128268706,1.779668716893102,0.5745973101986567
1.854,-52.80058919337096,-50.82009840319057,-49.72915882462719,0.02761511947961837,1.7833866662178937,0.5783152595234483
1.8550000000000004,-52.77827900288231,-50.82025281271025,-49.729313234146865,0.026289444307325,1.7895046544334567,0.584433247739011
1.8559999999999999,-52.88430829442591,-50.833590188265774,-49.742650609702395,0.028318522881354197,1.797368384281993,0.5922969775875474
1.8570000000000002,-52.797877054061836,-50.85582354618208,-49.7648839676187,0.025702815369897693,1.8045487717397282,0.5994773650452826
1.8579999999999997,-52.84336686111667,-50.87991159815289,-49.7889720195895,0.027322103796267996,1.8099570136429581,0.6048856069485128
1.859,-52.916004067144684,-50.90444890068407,-49.813509322120694,0.02817902882072161,1.813270919179743,0.6081995124852972
1.8600000000000003,-52.90817770186143,-50.93230444947266,-49.841364870909274,0.026483496180787436,1.8141901589769547,0.6091187522825091
1.8609999999999998,-52.867644045633455,-50.960252014457154,-49.869312435893775,0.027505700274986326,1.8133311880887466,0.608259781394301
1.862,-53.061800841610335,-50.988446020523085,-49.897506441959706,0.028399252993862277,1.8113098825322405,0.606238475837795
1.8630000000000004,-53.09197837343761,-51.024109937961654,-49.93317035939828,0.02763535793661156,1.809339792793093,0.6042683860986476
1.8639999999999999,-53.21973491253819,-51.07054605884345,-49.97960648028006,0.02866121566799813,1.8080101456739168,0.6029387389794711
1.8650000000000002,-53.20828206643846,-51.125957655319986,-50.0350180767566,0.03022562010350914,1.8054136813776935,0.6003422746832481
1.8659999999999997,-52.977627366764985,-51.17756416344821,-50.086624584884824,0.03181494559224679,1.800357071313602,0.5952856646191563
1.867,-52.97681168596082,-51.20819892029498,-50.117259341731604,0.03256813568556405,1.7943892608589622,0.589317854164517
1.8680000000000003,-53.06754523222106,-51.21940853331799,-50.1284689547546,0.03303916498533878,1.787799757676129,0.5827283509816837
1.8689999999999998,-53.05927988522217,-51.22282488243307,-50.13188530386969,0.031913458272952326,1.7813263467810772,0.5762549400866315
1.87,-52.875845706735845,-51.21776391380153,-50.12682433523814,0.030838664627463458,1.7756069731259359,0.5705355664314904
1.8710000000000004,-52.90220404977778,-51.19748033017389,-50.10654075161051,0.03143454407821172,1.7702845675045462,0.5652131608101009
1.8719999999999999,-53.12583266695903,-51.17156871409537,-50.080629135531986,0.0329500069192816,1.7655192175885113,0.5604478108940655
1.8730000000000002,-53.10590070154256,-51.156504567657166,-50.06556498909378,0.030925101718264687,1.7604659650900523,0.5553945583956069
1.8739999999999997,-53.052579722959734,-51.15175111822417,-50.06081153966079,0.030510856138463174,1.7558876143867228,0.5508162076922775
1.875,-53.09199841262771,-51.150552402742235,-50.059612824178856,0.030123318629039584,1.754632348499299,0.5495609418048535
1.8760000000000003,-53.099661493294604,-51.15155758572122,-50.06061800715785,0.029329908818736268,1.7568763351098595,0.551804928415414
1.8769999999999998,-53.14666082724325,-51.15614719910981,-50.06520762054643,0.02856895576033962,1.762171184466337,0.5570997777718915
1.8780000000000001,-53.275527735201834,-51.168183362710714,-50.077243784147335,0.027826356492131683,1.7699992315718611,0.5649278248774158
1.8790000000000004,-53.51714035186531,-51.1969218316683,-50.10598225310492,0.027307310088333477,1.7785079363682277,0.5734365296737819
1.88,-53.515280883109234,-51.24812280529713,-50.15718322673375,0.027003114296564573,1.78692187425172,0.5818504675572748
1.8810000000000002,-53.49964995779123,-51.313216821919866,-50.22227724335649,0.02642340641484908,1.796342210883143,0.5912708041886975
1.8819999999999997,-53.59163495584754,-51.38275048439045,-50.29181090582707,0.026620775140240287,1.8071226812661876,0.6020512745717422
1.883,-53.67217981771556,-51.45660968073294,-50.36567010216955,0.02503111765544363,1.8183236318320677,0.6132522251376221
1.8840000000000003,-53.61712408405784,-51.53151413855746,-50.440574559994076,0.024966332006699694,1.8295748595753591,0.6245034528809135
1.8849999999999998,-53.65546404533829,-51.59929991397899,-50.50836033541562,0.027283685678332777,1.8412199211411673,0.6361485144467218
1.8860000000000001,-53.76212168640312,-51.66043733462358,-50.569497756060194,0.028092126814873268,1.8519402666456641,0.6468688599512186
1.8870000000000005,-53.773598795878165,-51.72068240066425,-50.62974282210087,0.02934617105461331,1.8600875489620547,0.6550161422676092
1.888,-53.652014271634755,-51.775202307669566,-50.68426272910619,0.03222575164461706,1.8638505781866455,0.6587791714922
1.8890000000000002,-53.83348569724424,-51.819591084129236,-50.72865150556586,0.03212530604500216,1.8627469896706867,0.6576755829762414
1.8899999999999997,-53.586325820391735,-51.85325116107355,-50.762311582510165,0.034609238411181575,1.8580560205534233,0.6529846138589777
1.891,-53.81419750562888,-51.874696143784654,-50.78375656522127,0.03252103777094986,1.8509999162700361,0.6459285095755906
1.8920000000000003,-53.83485132123394,-51.89347758554626,-50.802538006982886,0.031270261543386295,1.8422870569225474,0.6372156502281021
1.8929999999999998,-53.87209039503379,-51.91744445912794,-50.82650488056456,0.029729210711980723,1.8337707595755428,0.6286993528810974
1.8940000000000001,-53.93758026585292,-51.946189564864994,-50.855249986301615,0.03061877347731085,1.8269470454298333,0.621875638735388
1.8950000000000005,-53.914830292968766,-51.97838506007331,-50.88744548150993,0.031084436068267662,1.8211144152507703,0.6160430085563249
1.896,-53.984498033269105,-52.0103209184833,-50.919381339919916,0.03279961012496798,1.813153836229665,0.6080824295352196
1.8970000000000002,-54.00408010195986,-52.04222664027467,-50.9512870617113,0.03147474563588769,1.801911687281504,0.5968402805870584
1.8979999999999997,-54.06819341870834,-52.07599505548427,-50.985055476920884,0.03051865654431828,1.789890813593037,0.5848194068985914
1.899,-54.15084242258302,-52.114712298608616,-51.02377272004523,0.03133876136318503,1.780749038119106,0.5756776314246606
1.9000000000000004,-54.2588813968843,-52.162360014408485,-51.071420435845106,0.03294880672042645,1.7753598657609044,0.5702884590664591
1.9009999999999998,-54.16021106743565,-52.21608674458193,-51.12514716601855,0.03446592526763103,1.7716523657254704,0.5665809590310249
1.9020000000000001,-54.21878642832968,-52.26803780636302,-51.17709822779965,0.03277981556628465,1.768420921357641,0.5633495146631955
1.9030000000000005,-54.266814553274926,-52.31562646666273,-51.22468688809935,0.03102386061725947,1.7673090914865193,0.5622376847920738
1.904,-54.21842779901596,-52.358774071197374,-51.26783449263399,0.029790462675695212,1.76993059744018,0.5648591907457345
1.9050000000000002,-54.08837595622063,-52.39094674324031,-51.30000716467693,0.029887829714556564,1.7753451206052144,0.5702737139107688
1.9059999999999997,-54.05924257008943,-52.40588144190738,-51.314941863343996,0.03128663303976074,1.780784244160959,0.5757128374665136
1.907,-54.23098700973134,-52.40903841403594,-51.31809883547256,0.029742696519175424,1.7861192703760467,0.5810478636816011
1.9080000000000004,-54.24719451765777,-52.41272476528437,-51.321785186720994,0.03008808586575089,1.7929023150877854,0.5878309083933398
1.9089999999999998,-54.34423686347065,-52.423366688086816,-51.33242710952344,0.028332068531282322,1.8012585030839614,0.5961870963895161
1.9100000000000001,-54.37584292766794,-52.44216100910668,-51.3512214305433,0.02871676932903772,1.80974537221256,0.6046739655181146
1.9109999999999996,-54.17194189052741,-52.461247063135076,-51.37030748457169,0.027165124137229484,1.8171339830297857,0.6120625763353401
1.912,-53.99903030423547,-52.462703719832675,-51.371764141269296,0.0300568525172938,1.8231825017942913,0.6181110950998457
1.9130000000000003,-54.01046664103623,-52.43741513789036,-51.346475559326976,0.0305181060080227,1.828279773390875,0.6232083666964296
1.9139999999999997,-54.18110631498534,-52.39707807620195,-51.30613849763857,0.03219387447259026,1.8335053468148494,0.628433940120404
1.915,-54.28366884589549,-52.36189212433128,-51.2709525457679,0.034823939822192916,1.8387126722291371,0.6336412655346915
1.9160000000000004,-54.38438385782584,-52.344618510654314,-51.25367893209093,0.034078631149242845,1.8430598011937926,0.6379883944993473
1.9169999999999998,-54.49029193407868,-52.349452931967974,-51.2585133534046,0.033323184125590904,1.8477873442248398,0.6427159375303941
1.9180000000000001,-54.513765210936675,-52.376523900493396,-51.28558432193001,0.032944901465819305,1.8521471816112087,0.6470757749167634
1.9189999999999996,-54.5776487348942,-52.419491430776766,-51.32855185221339,0.03443643909226302,1.8532700174076933,0.6481986107132477
1.92,-54.59762279087552,-52.471167815061015,-51.380228236497636,0.033693339293839684,1.8496826985704138,0.6446112918759681
1.9210000000000003,-54.43139256447153,-52.52078990604343,-51.429850327480054,0.034075549744532634,1.842740715337277,0.6376693086428314
1.9219999999999997,-54.56783629784676,-52.55986553559843,-51.468925957035054,0.030395570097778005,1.836121007588126,0.6310496008936805
1.923,-54.641059888104515,-52.59432445840286,-51.50338487983948,0.02973657905378288,1.8334015854395584,0.6283301787451129
1.9240000000000004,-54.86231016103376,-52.63677002946354,-51.54583045090016,0.03104845410306569,1.8340303729142406,0.6289589662197951
1.9249999999999998,-54.71720596936432,-52.68938249913912,-51.59844292057574,0.0345794927804917,1.8331341010097792,0.6280626943153338
1.9260000000000002,-54.60760106642436,-52.736932827552764,-51.645993248989384,0.03209654489243652,1.8288965134661055,0.6238251067716598
1.9269999999999996,-54.716247160915515,-52.769669276852234,-51.678729698288855,0.031067091434239566,1.8232692087963167,0.6181978021018713
1.928,-54.764899569593126,-52.7960270549075,-51.70508747634411,0.029412277895860324,1.8175244537091746,0.6124530470147291
1.9290000000000003,-54.82950859726536,-52.82443166331009,-51.73349208474671,0.028719903891453624,1.813000919559555,0.6079295128651095
1.9299999999999997,-54.8852711226017,-52.85667137373627,-51.76573179517289,0.027858084391879857,1.8124149341224818,0.6073435274280361
1.931,-54.864831200541055,-52.890799360274116,-51.79985978171074,0.027724837671918665,1.8170829787234508,0.6120115720290056
1.9320000000000004,-55.036456889646765,-52.92758093791964,-51.836641359356264,0.030968073232901544,1.8249317440602242,0.6198603373657788
1.9329999999999998,-54.94953341664026,-52.96978411035905,-51.87884453179567,0.03157166564402473,1.8326154947773732,0.6275440880829274
1.9340000000000002,-55.098477593074236,-53.016109254751754,-51.92516967618837,0.030686653794868655,1.8395151137039538,0.6344437070095084
1.9349999999999996,-55.05773105979244,-53.06558719354024,-51.97464761497686,0.032495087230682694,1.846829674815724,0.6417582681212787
1.936,-55.059098792628205,-53.114060893628306,-52.02312131506493,0.03237526935451662,1.854974630333551,0.6499032236391056
1.9370000000000003,-55.086348548389715,-53.156067527861474,-52.065127949298095,0.02915668533090558,1.8644550935908257,0.6593836868963804
1.9379999999999997,-54.93607555468074,-53.18732582409476,-52.096386245531384,0.0319396026875949,1.8747995283651577,0.6697281216707119
1.939,-55.04598902504977,-53.205969331613765,-52.115029753050386,0.03259140806663836,1.8836337482534293,0.6785623415589835
1.9400000000000004,-55.084712290813385,-53.2200720014972,-52.12913242293383,0.03409532779178961,1.8904627646240781,0.6853913579296326
1.9409999999999998,-54.95282959918856,-53.2323162879556,-52.141376709392226,0.03166686720863925,1.8963421256869502,0.6912707189925045
1.9420000000000002,-55.12076614116036,-53.23951944162164,-52.14857986305826,0.032662417392437484,1.8998722069702731,0.6948008002758278
1.9429999999999996,-55.19871701894193,-53.248874223951056,-52.15793464538768,0.03277519906055746,1.898757248906552,0.6936858422121066
1.944,-55.05105203993584,-53.26189189432634,-52.17095231576295,0.033201180558887544,1.8943407989107983,0.689269392216353
1.9450000000000003,-55.11559918177229,-53.27069637371049,-52.179756795147114,0.03619803747156188,1.8876865199123478,0.6826151132179024
1.9459999999999997,-55.16415996105463,-53.27696297020436,-52.18602339164098,0.034970167190758086,1.8775658756730578,0.6724944689786122
1.947,-55.32847107041757,-53.28947587779567,-52.19853629923229,0.035686268964611564,1.8646223895664715,0.6595509828720261
1.9480000000000004,-55.393182847339695,-53.31454102112666,-52.22360144256328,0.037445807098698124,1.8508167770638184,0.645745370369373
1.9489999999999998,-55.22720824317601,-53.34533735234381,-52.254397773780425,0.03845729438845906,1.838144041204635,0.6330726345101897
1.9500000000000002,-55.371569917797764,-53.371973017650305,-52.281033439086926,0.03715636122176868,1.8279964119107837,0.6229250052163382
1.9509999999999996,-55.46576034870699,-53.400205324838026,-52.30926574627465,0.03572925830300883,1.8200890848962161,0.6150176782017706
1.952,-55.44695906121101,-53.4354945085602,-52.34455492999681,0.03437935077159187,1.8144639763319232,0.6093925696374778
1.9530000000000003,-55.49508021229932,-53.47380115245137,-52.382861573887986,0.03187089505055715,1.8123969345009303,0.6073255278064849
1.9539999999999997,-55.420359551454936,-53.511948356546576,-52.4210087779832,0.03235858956717887,1.813824153937153,0.6087527472427074
1.955,-55.34779624461119,-53.544744312670616,-52.45380473410724,0.0321928609781128,1.817234488999984,0.6121630823055386
1.9560000000000004,-55.521900452541615,-53.5707446550065,-52.47980507644312,0.030747743961418383,1.8224984878518016,0.6174270811573562
1.9569999999999999,-55.570160754200025,-53.59790852340275,-52.50696894483937,0.030583787010775482,1.8296471007331263,0.6245756940386807
1.9580000000000002,-55.633458770399294,-53.63173145644124,-52.54079187787785,0.03175998477812315,1.8360706956038113,0.630999288909366
1.9589999999999996,-55.71810031652055,-53.6725377591257,-52.58159818056232,0.033212387837864586,1.8397156092410483,0.6346442025466029
1.96,-55.70841760896277,-53.718742446270674,-52.62780286770729,0.032460353726375214,1.8403634791508896,0.635292072456444
1.9610000000000003,-55.741109216019446,-53.76602995365725,-52.67509037509387,0.032838952871487886,1.8391573407253767,0.6340859340309314
1.9619999999999997,-55.664601727834636,-53.80965490357338,-52.71871532501,0.03307428026089409,1.83832152675371,0.6332501200592648
1.963,-55.77247754613638,-53.84641285537393,-52.75547327681055,0.03406186977561087,1.83805045951371,0.6329790528192644
1.9640000000000004,-55.87543315569044,-53.88107491082234,-52.79013533225896,0.03390625273272485,1.8374183763335654,0.6323469696391201
1.9649999999999999,-55.97548052596279,-53.921523158199776,-52.8305835796364,0.034136280943403166,1.8372616491912719,0.6321902424968263
1.9660000000000002,-55.9630753656771,-53.9692656780039,-52.87832609944052,0.0358003941347486,1.8375273108027899,0.6324559041083443
1.9669999999999996,-56.04407373083625,-54.01947072479069,-52.928531146227314,0.03534175729885297,1.8370332012697275,0.6319617945752819
1.968,-56.11502573751275,-54.070800227618875,-52.979860649055496,0.03499932198392137,1.836268933047922,0.6311975263534766
1.9690000000000003,-56.019655600380524,-54.1205869333495,-53.02964735478612,0.03529202408204135,1.833893325389623,0.6288219186951777
1.9699999999999998,-56.01366584695573,-54.161624845485036,-53.07068526692166,0.037232491156052525,1.8270454220987973,0.6219740154043518
1.971,-56.113559843082385,-54.19343323771504,-53.102493659151655,0.03760987318025118,1.8150892825485492,0.6100178758541036
1.9720000000000004,-55.983968770313965,-54.21797467691325,-53.127035098349864,0.035090144047370084,1.8008542600086466,0.5957828533142009
1.9729999999999999,-55.97429718669208,-54.22910484294884,-53.138165264385464,0.032988584730423307,1.7890251589159556,0.58395375222151
1.9740000000000002,-55.89564891287832,-54.223825221373865,-53.13288564281048,0.035069190304461935,1.7813769562471615,0.5763055495527161
1.9749999999999996,-55.787720270046954,-54.20191694048328,-53.11097736191989,0.03323469647210615,1.7782679037482974,0.5731964970538519
1.976,-56.07948853600628,-54.17172684799995,-53.08078726943657,0.03181674897394174,1.7808573665776686,0.5757859598832233
1.9770000000000003,-55.90066542986707,-54.146304478363305,-53.055364899799926,0.03269837557104322,1.7876401175009329,0.5825687108064876
1.9779999999999998,-55.872113095734775,-54.12168241514009,-53.03074283657671,0.03152578891866753,1.7957233688648573,0.5906519621704119
1.979,-55.86139664400333,-54.09170407792263,-53.000764499359256,0.032284473338035656,1.8040451357455531,0.5989737290511078
1.9800000000000004,-56.00958205247406,-54.06282579488657,-52.971886216323185,0.030936755402475785,1.8127455304985416,0.6076741238040961
1.9809999999999999,-55.92992252872391,-54.04068590071897,-52.94974632215559,0.03196617826686552,1.822138655206059,0.6170672485116135
1.9820000000000002,-56.09620154067196,-54.02618602320334,-52.93524644463995,0.03256999675967211,1.831934624277327,0.6268632175828814
1.9829999999999997,-56.19681922184631,-54.027508517796015,-52.93656893923263,0.03294666372961917,1.8418327992393708,0.6367613925449254
1.984,-56.066952519115056,-54.045746883852345,-52.954807305288966,0.0332030850455822,1.851523814131885,0.6464524074374395
1.9850000000000003,-56.17695556427481,-54.070568091135804,-52.979628512572425,0.031800001416272455,1.8607966181279876,0.6557252114335422
1.9859999999999998,-56.280666762988325,-54.10243713279568,-53.0114975542323,0.032656834549937244,1.8693527921339887,0.6642813854395433
1.987,-56.34013533833095,-54.14682987280773,-53.05589029424435,0.033051037185595614,1.8772378992957166,0.672166492601271
1.9880000000000004,-56.46528791592322,-54.204486652280934,-53.113547073717555,0.032962187361971436,1.8844243996972665,0.679352993002821
1.9889999999999999,-56.085291245312554,-54.262419891223416,-53.17148031266004,0.03445049826102256,1.890955591873357,0.6858841851789114
1.9900000000000002,-56.32670066835964,-54.30393231290193,-53.21299273433855,0.03370422977135276,1.89691926096813,0.6918478542736844
1.9909999999999997,-56.422700613691234,-54.338005203749006,-53.247065625185634,0.034566111396909446,1.9018608432586215,0.6967894365641759
1.992,-56.42813254349076,-54.378092827155534,-53.28715324859215,0.033480712211199554,1.905598123126593,0.7005267164321476
1.9930000000000003,-56.57123318838989,-54.42579720287898,-53.3348576243156,0.03450855033150937,1.9087248633596503,0.703653456665205
1.9939999999999998,-56.392161574945824,-54.476437541905106,-53.38549796334173,0.03917769424918375,1.9106230777141853,0.7055516710197399
1.995,-56.551916748395506,-54.52116416338835,-53.43022458482498,0.03820303119094366,1.9096500210511949,0.7045786143567495
1.9960000000000004,-56.610662431193916,-54.56339872216012,-53.472459143596744,0.037175194369371306,1.9051023596012868,0.7000309529068414
1.9969999999999999,-56.565161827828,-54.60585377110465,-53.51491419254126,0.03874284350335064,1.8967437999035244,0.6916723932090791
1.9980000000000002,-56.41632696865699,-54.63708353723361,-53.54614395867022,0.03802952132421699,1.8855792770568414,0.6805078703623959
1.9989999999999997,-56.63643200570132,-54.65402303764853,-53.56308345908515,0.03784349345848479,1.8737564689573605,0.668685062262915
2.0,-56.83036659243301,-54.67504627047746,-53.58410669191407,0.035844020322384165,1.864349956827085,0.6592785501326393
2.0010000000000003,-56.8330797959206,-54.71428338612152,-53.623343807558136,0.03390862497765645,1.860157905065778,0.6550864983713324
2.002,-57.00313597135006,-54.77093591092609,-53.67999633236271,0.03570344610736642,1.8606902484952086,0.6556188418007631
2.003,-56.95969549339405,-54.84079636497373,-53.749856786410355,0.03719998311064171,1.862619082279372,0.6575476755849264
2.0040000000000004,-57.04153678706895,-54.917281807732,-53.826342229168624,0.037882710970371034,1.864118620198157,0.6590472135037114
2.005,-57.12429747236367,-54.99707330891053,-53.90613373034714,0.035748700110649165,1.8656427872439032,0.6605713805494576
2.0060000000000002,-56.9860592100013,-55.0746394879601,-53.98369990939672,0.0338710651248361,1.8679848512195818,0.6629134445251365
2.0069999999999997,-56.974371368748166,-55.137449344501704,-54.04650976593833,0.03474160734450449,1.8707222121578357,0.6656508054633903
2.008,-56.98262611455706,-55.18027213474422,-54.08933255618084,0.033910569253405624,1.8732149250344377,0.6681435183399921
2.0090000000000003,-56.906965473758284,-55.20455647245146,-54.11361689388808,0.03859511298415072,1.8754282798088173,0.6703568731143716
2.01,-57.05665250278802,-55.216686533155446,-54.12574695459207,0.0380836811980187,1.876885660659266,0.6718142539648205
2.011,-57.18182294845542,-55.23159841661793,-54.14065883805454,0.03720772688669328,1.8774345653470332,0.6723631586525877
2.0120000000000005,-56.96507107304433,-55.25164736718874,-54.16070778862536,0.03484385144911261,1.877273764350264,0.6722023576558185
2.013,-57.0185320853364,-55.26425488947657,-54.17331531091319,0.036152940839782606,1.8759331492293156,0.6708617425348703
2.0140000000000002,-56.91279472983753,-55.263347164476876,-54.1724075859135,0.03438464172658431,1.8742732490933485,0.6692018423989031
2.0149999999999997,-56.858290467056264,-55.247544466998384,-54.156604888435005,0.035703131536344905,1.873991862069705,0.6689204553752595
2.016,-56.77855244796958,-55.21695399058644,-54.12601441202305,0.03581216255469825,1.8754596790685656,0.67038827237412
2.0170000000000003,-56.78661796448755,-55.1749116879164,-54.08397210935302,0.036941753792122674,1.8759828240545104,0.6709114173600649
2.018,-56.718950421395434,-55.125579487714795,-54.034639909151416,0.03703883858212172,1.8728079583615678,0.6677365516671223
2.019,-57.04282900792821,-55.08124053157477,-53.99030095301139,0.036698955630481526,1.8661529296988923,0.6610815230044468
2.0200000000000005,-57.0461515740868,-55.0609201723291,-53.96998059376572,0.037392752911984045,1.8576894650555347,0.6526180583610892
2.021,-57.419383723940896,-55.07294525175113,-53.98200567318774,0.03909099812170481,1.848879592340946,0.6438081856465004
2.0220000000000002,-57.36594568237147,-55.116559197774954,-54.02561961921157,0.03854831511520395,1.8404292704109837,0.6353578637165381
2.0229999999999997,-57.346680149629314,-55.18116560287434,-54.09022602431096,0.03840879364383483,1.832286710363305,0.6272153036688594
2.024,-57.38036573442892,-55.25452999807189,-54.1635904195085,0.03820454292758301,1.8258783006949866,0.6208068940005411
2.0250000000000004,-57.41964333477273,-55.33064280347117,-54.23970322490779,0.03786521316510325,1.8224547727188853,0.61738336602444
2.026,-57.22448963779062,-55.39934801078038,-54.30840843221699,0.038894439072303916,1.8204292316420443,0.6153578249475988
2.027,-57.45922445747612,-55.45354046119725,-54.36260088263386,0.03762750122970801,1.8184474199322083,0.6133760132377629
2.0280000000000005,-57.276857046457735,-55.49720550691352,-54.40626592835014,0.03682503763946573,1.8157542077980753,0.6106828011036298
2.029,-57.506458400402614,-55.534753660185395,-54.443814081622016,0.03537749834190243,1.8127130216359846,0.6076416149415392
2.0300000000000002,-57.668597624518114,-55.57785547255161,-54.48691589398824,0.03360963935370907,1.8111996607609544,0.606128254066509
2.0309999999999997,-57.72643772096695,-55.63718668089026,-54.54624710232688,0.03316892217465736,1.8126009610294669,0.6075295543350212
2.032,-58.00287227133443,-55.71451894642978,-54.6235793678664,0.03176419887816558,1.8171752771040102,0.6121038704095646
2.0330000000000004,-57.81384430681545,-55.80501820689999,-54.7140786283366,0.03321770824739544,1.8235852262371055,0.6185138195426598
2.034,-57.87926587906477,-55.89429685870153,-54.80335728013815,0.03384840488750319,1.8294627384978541,0.6243913318034086
2.035,-57.917518765997734,-55.97679294253952,-54.88585336397614,0.036003296092756286,1.8349710471695504,0.6298996404751052
2.0359999999999996,-57.72995809025062,-56.04756876757966,-54.956629189016276,0.03620838423975965,1.8405528499319292,0.6354814432374839
2.037,-57.855109080666125,-56.09798205576651,-55.00704247720312,0.036694030178559385,1.843778378217585,0.6387069715231396
2.0380000000000003,-57.88975888937346,-56.13271705966951,-55.04177748110613,0.03660272941621677,1.8438586287663663,0.6387872220719207
2.0389999999999997,-57.82004980108712,-56.157936805883814,-55.066997227320435,0.03480583459818366,1.842778734614524,0.6377073279200782
2.04,-57.76978447187215,-56.17003239403922,-55.07909281547584,0.0361447781951111,1.84198746574368,0.6369160590492348
2.0410000000000004,-57.929771611384496,-56.172647787848945,-55.081708209285566,0.03562665103028014,1.8423918680212563,0.6373204613268109
2.042,-57.84453716151185,-56.17431810644933,-55.08337852788594,0.0362576162769352,1.844099554786759,0.6390281480923135
2.043,-57.882696999524484,-56.175282904587064,-55.084343326023685,0.036231567723380195,1.846462882101075,0.6413914754066293
2.0439999999999996,-57.97950140181635,-56.17854060348681,-55.08760102492342,0.034644357519731446,1.8487445588862979,0.6436731521918524
2.045,-57.971057885270554,-56.18820651515824,-55.097266936594856,0.03775305979346041,1.8498042829881658,0.6447328762937202
2.0460000000000003,-57.98284453288461,-56.20196050000631,-55.11102092144293,0.03770368414875047,1.8498256027272595,0.644754196032814
2.0469999999999997,-58.0802369050716,-56.220384816429366,-55.12944523786599,0.03797536463619313,1.8503260211340822,0.6452546144396367
2.048,-57.941509028909984,-56.241986739917856,-55.15104716135448,0.035725770281657965,1.8534781037628092,0.6484066970683636
2.0490000000000004,-57.89899688128585,-56.25554353144937,-55.16460395288598,0.038078802118347015,1.8598641787934929,0.6547927720990472
2.05,-58.04084276473976,-56.25964550828371,-55.16870592972034,0.038099245785273,1.8680622573278676,0.6629908506334221
2.051,-58.24210868887929,-56.270443502392204,-55.179503923828825,0.03913180046212456,1.8766481554356955,0.6715767487412501
2.0519999999999996,-58.2607640403318,-56.30008803648626,-55.20914845792288,0.039552115460656796,1.8846182298236716,0.6795468231292262
2.053,-58.175067919684786,-56.34101509104432,-55.25007551248094,0.0363321845357179,1.8918829587915764,0.6868115520971311
2.0540000000000003,-58.268516055934164,-56.381799378216186,-55.29085979965281,0.036918308356578146,1.899164680006549,0.6940932733121034
2.0549999999999997,-58.33280350424343,-56.42417299073639,-55.333233412173,0.0364488716924427,1.9063635695740695,0.7012921628796241
2.056,-58.30032810381207,-56.47050314139122,-55.37956356282783,0.037110512580299404,1.9124448244835455,0.7073734177890999
2.0570000000000004,-58.45479731477031,-56.519585905450604,-55.42864632688722,0.03495203612318889,1.9170487555909643,0.711977348896519
2.058,-58.43716167279562,-56.57304640349845,-55.48210682493507,0.03526772560940663,1.9205263332386282,0.7154549265441827
2.059,-58.58376700969874,-56.63223768332121,-55.54129810475782,0.034021190408024184,1.9231880464613116,0.7181166397668661
2.0599999999999996,-58.588242840741,-56.697678307387086,-55.60673872882371,0.03514092926780824,1.9253735292764067,0.7203021225819612
2.061,-58.60854899883203,-56.76504430418367,-55.674104725620296,0.035941403726705415,1.926895709572602,0.7218243028781566
2.0620000000000003,-58.46713802140435,-56.82455029493475,-55.73361071637137,0.035949390220434814,1.9253257370901953,0.7202543303957499
2.0629999999999997,-58.46888010894051,-56.866812216268166,-55.77587263770478,0.0366958395012299,1.919695910786769,0.7146245040923236
2.064,-58.348256542624796,-56.88794014595294,-55.79700056738955,0.036660287931821786,1.9123113878007594,0.7072399811063139
2.0650000000000004,-58.35024403081391,-56.887948716314185,-55.797009137750806,0.036808215471626084,1.9057886009018732,0.7007171942074276
2.066,-58.53183039318511,-56.87572884339532,-55.78478926483194,0.03988803752429145,1.8995259058711766,0.6944544991767311
2.067,-58.57510756076378,-56.86687864180033,-55.77593906323695,0.039446236371931655,1.8919214030098976,0.6868499963154522
2.0679999999999996,-58.6997167631912,-56.87147143128341,-55.78053185272004,0.03917436134498037,1.8835798277728724,0.6785084210784269
2.069,-58.64879643603152,-56.890204470618,-55.79926489205462,0.03957467909107806,1.8753452007845657,0.6702737940901201
2.0700000000000003,-58.63779244444385,-56.91504667682025,-55.82410709825687,0.039596383253647026,1.8672269855169241,0.6621555788224786
2.0709999999999997,-58.67270307273562,-56.94067855980237,-55.84973898123899,0.04014212169988175,1.8594121159332118,0.6543407092387662
2.072,-58.81959308502784,-56.970614972848566,-55.87967539428519,0.03826720331513771,1.8537358500170833,0.6486644433226377
2.0730000000000004,-58.902434533562314,-57.01038585771288,-55.919446279149504,0.03973032025502191,1.852426635364796,0.6473552286703507
2.074,-58.983839707643206,-57.06144796502655,-55.97050838646317,0.037470721294707326,1.8535921059120917,0.6485206992176462
2.075,-58.79486472474521,-57.11471974105226,-56.02378016248888,0.03551711121640473,1.8540107011097873,0.648939294415342
2.0759999999999996,-58.91091270984703,-57.15820710465659,-56.06726752609321,0.03500970693841015,1.8543658210613356,0.6492944143668903
2.077,-58.92577599882678,-57.19400752018558,-56.10306794162221,0.034797393254024526,1.8565303016434889,0.6514588949490433
2.0780000000000003,-59.01927735458376,-57.22826633026955,-56.13732675170617,0.034799225159015096,1.8619861731420493,0.6569147664476039
2.0789999999999997,-59.13557868540919,-57.266594385638285,-56.1756548070749,0.03474116188592596,1.8706582634677342,0.6655868567732889
2.08,-59.1233892462437,-57.31238368309812,-56.22144410453473,0.034718268794555716,1.8812636630934463,0.6761922563990008
2.0810000000000004,-59.03409432973419,-57.35803590230074,-56.26709632373736,0.03494657139258703,1.891179280423945,0.6861078737294992
2.082,-59.07055493847005,-57.39317961068117,-56.30224003211779,0.03619728511229656,1.8980296479537078,0.6929582412592623
2.083,-59.019100974432604,-57.41523697420007,-56.32429739563669,0.03439082965596465,1.9023579945392652,0.6972865878448199
2.0839999999999996,-59.056011465239884,-57.42586304741654,-56.33492346885316,0.036734769442093314,1.90434440564257,0.6992729989481244
2.085,-59.23860574338419,-57.433787276101185,-56.3428476975378,0.0364217690895506,1.902941062861363,0.6978696561669173
2.0860000000000003,-59.24821698846397,-57.450292075412506,-56.359352496849134,0.04019532663957761,1.8985994426165727,0.6935280359221271
2.0869999999999997,-59.30593844036529,-57.47697875799455,-56.38603917943117,0.03639831651078864,1.8933421719196506,0.688270765225205
2.088,-59.39127946453363,-57.512536333690576,-56.4215967551272,0.03673838696294567,1.888639276050825,0.6835678693563798
2.0890000000000004,-59.28579130078874,-57.5530877806489,-56.462148202085515,0.03715527823090573,1.885777376248521,0.6807059695540755
2.09,-59.49838553507969,-57.594960714608085,-56.5040211360447,0.03516082980394179,1.8851109553972072,0.6800395487027616
2.091,-59.41741819535955,-57.63994906318572,-56.54900948462234,0.036079906747919575,1.8856086223120276,0.6805372156175823
2.0919999999999996,-59.53310570062295,-57.685978229560845,-56.595038650997466,0.0367268026561794,1.8856058972300314,0.6805344905355857
2.093,-59.51503864459538,-57.731919260612315,-56.640979682048936,0.037925396842907196,1.884229383063152,0.6791579763687067
2.0940000000000003,-59.52248259837382,-57.77559345030736,-56.68465387174398,0.038903605813265935,1.8813883174748287,0.676316910780383
2.0949999999999998,-59.133856768741715,-57.80116944661649,-56.71022986805311,0.038659998257338866,1.877897506351779,0.6728260996573335
2.096,-59.08870967155917,-57.78982762429018,-56.6988880457268,0.0384895190412967,1.8749610504783405,0.669889643783895
2.0970000000000004,-59.33950007317378,-57.75196387595279,-56.6610242973894,0.03912016707649267,1.872436221074291,0.6673648143798455
2.098,-59.218933903581934,-57.71109872867966,-56.62015915011627,0.03868527685073899,1.8683542342537172,0.6632828275592717
2.099,-59.50639210751526,-57.677916513989246,-56.58697693542587,0.03893687768773937,1.8622036291190147,0.6571322224245693
2.0999999999999996,-59.53565136661328,-57.664526842241436,-56.57358726367805,0.03864394336824159,1.85599597869872,0.6509245720042746
2.101,-59.27356167077519,-57.66579615659321,-56.574856578029824,0.03962939873979119,1.8515049117758275,0.6464335050813819
2.1020000000000003,-59.499260782607074,-57.667818272197536,-56.57687869363415,0.03674059995120593,1.849238063159269,0.6441666564648237
2.1029999999999998,-59.483952127440034,-57.67510523309705,-56.58416565453366,0.03526683920593841,1.8496030978595979,0.6445316911651522
2.104,-59.57187776956551,-57.69248368986638,-56.601544111303,0.037105410152224884,1.8536335228572332,0.6485621161627875
2.1050000000000004,-59.58487870142811,-57.71874661846391,-56.627807039900524,0.03532228757583157,1.8610216562930033,0.655950249598558
2.106,-59.64558925173471,-57.75287990969672,-56.66194033113335,0.03784542968575032,1.8699432553543485,0.664871848659903
2.107,-59.806487397776706,-57.796090903259945,-56.705151324696565,0.03958791942031861,1.8782666001861457,0.6731951934917002
2.1079999999999997,-59.903889702543204,-57.85286141878518,-56.7619218402218,0.038102030219490844,1.8856057580383445,0.680534351343899
2.109,-59.967277706967515,-57.922948400798724,-56.83200882223534,0.035852201395151884,1.8937894055799473,0.688717998885502
2.1100000000000003,-59.914999299291516,-57.9990031873583,-56.90806360879491,0.03498635994878964,1.9046246985107735,0.699553291816328
2.1109999999999998,-59.91367579700267,-58.07121011940319,-56.98027054083981,0.03478958921770911,1.9178470501568101,0.7127756434623647
2.112,-60.036619891669694,-58.1374752212543,-57.04653564269092,0.03349021778394222,1.9324551176348705,0.7273837109404251
2.1130000000000004,-60.00716720972659,-58.20088029400734,-57.10994071544396,0.0356175926965226,1.9474695552483288,0.7423981485538834
2.114,-60.216802554883195,-58.26408198876034,-57.17314241019696,0.03464066474419494,1.9614574820653743,0.756386075370929
2.115,-60.19665977823723,-58.331341581552756,-57.240402002989384,0.03758404369643376,1.972823000440381,0.7677515937459357
2.1159999999999997,-59.996169692815805,-58.39289581480617,-57.30195623624279,0.037713368800594976,1.9797819991318037,0.7747105924373584
2.117,-60.04066450510387,-58.43462394520258,-57.343684366639195,0.03766111162020158,1.9824199598474692,0.7773485531530238
2.1180000000000003,-59.97506318186855,-58.45552210983305,-57.36458253126966,0.037674921874348594,1.983606786155624,0.7785353794611783
2.1189999999999998,-60.01294493343552,-58.45945949955821,-57.36851992099482,0.036382014334433395,1.9860004475453747,0.7809290408509294
2.12,-60.06951024111052,-58.45329816928146,-57.36235859071809,0.03656200037354522,1.98985087812261,0.7847794714281644
2.1210000000000004,-60.13603007524078,-58.447108211117374,-57.356168632553995,0.037997036661316416,1.9942857068635798,0.7892143001691344
2.122,-60.23122880206617,-58.45009973757259,-57.35916015900921,0.03727039648466718,1.9976238404036948,0.7925524337092492
2.123,-60.163359652952444,-58.46341927282252,-57.37247969425914,0.03759215003696707,1.998190777790607,0.7931193710961615
2.1239999999999997,-60.12568281628579,-58.477427546607274,-57.386487968043895,0.038252979041287855,1.9962593289375146,0.7911879222430691
2.125,-60.02315512318597,-58.48238466409851,-57.39144508553513,0.038462036830707855,1.9922578068983345,0.787186400203889
2.1260000000000003,-60.084012036218525,-58.47595003719891,-57.385010458635534,0.037582159055872956,1.9856409652512632,0.7805695585568175
2.127,-60.21522853173358,-58.46732816735534,-57.37638858879196,0.03782330014237879,1.97666599713833,0.7715945904438847
2.128,-60.09879430433137,-58.464632915112546,-57.37369333654917,0.03719491721795882,1.9662032371562597,0.7611318304618141
2.1290000000000004,-60.26820512531444,-58.46759247057024,-57.37665289200687,0.03821856362204162,1.9555496488498099,0.7504782421553644
2.13,-60.36688322969125,-58.482008870048126,-57.39106929148475,0.037171642237704576,1.9465107509823711,0.7414393442879256
2.1310000000000002,-60.3992221968495,-58.51329013925481,-57.42235056069143,0.0381844993943227,1.9402919917295243,0.7352205850350788
2.1319999999999997,-60.4003505985414,-58.556600385519936,-57.465660806956556,0.03850127774773433,1.9361918807297227,0.7311204740352775
2.133,-60.43784368913324,-58.60541097444716,-57.51447139588378,0.04040724947304,1.9317570160692032,0.7266856093747578
2.1340000000000003,-60.45626444007897,-58.65633406255627,-57.56539448399289,0.04071587924871922,1.9262705674335712,0.7211991607391256
2.135,-60.589042710211686,-58.70929373521956,-57.61835415665618,0.039584387116870574,1.9213972458488793,0.7163258391544336
2.136,-60.55156134547256,-58.76561190617641,-57.67467232761303,0.03812013656535751,1.919282339883066,0.7142109331886205
2.1370000000000005,-60.5050314537856,-58.818358440028646,-57.72741886146526,0.038151839577992425,1.9211738281741684,0.716102421479723
2.138,-60.54187562249464,-58.85986724612727,-57.76892766756389,0.03747589068332835,1.9264022033064392,0.7213307966119937
2.1390000000000002,-60.66754704503934,-58.894533683955366,-57.80359410539198,0.037002021569476934,1.9332612296630054,0.72818982296856
2.1399999999999997,-60.690014818572834,-58.93107871461419,-57.8401391360508,0.03716787122265946,1.941536449709194,0.7364650430147487
2.141,-60.80327342690211,-58.97308602772631,-57.88214644916294,0.036690321922834696,1.95209460471174,0.7470231980172947
2.1420000000000003,-60.68620221198124,-59.01761471729658,-57.926675138733195,0.03603643771429369,1.964540975934201,0.7594695692397553
2.143,-60.66688374010383,-59.05513366731874,-57.96419408875536,0.0350385051975181,1.9783248658852686,0.7732534591908232
2.144,-60.83629652427126,-59.08517348036224,-57.994233901798864,0.036950678548605266,1.9928951947322353,0.7878237880377896
2.1450000000000005,-60.936226160763034,-59.12001403121774,-58.02907445265436,0.03671991780277907,2.004611478959007,0.7995400722645615
2.146,-60.89956852492553,-59.16236417336578,-58.0714245948024,0.0384205119771487,2.0099558546749057,0.8048844479804602
2.1470000000000002,-60.98306935700672,-59.20780791521316,-58.11686833664978,0.03877796869538858,2.0082847261880334,0.803213319493588
2.1479999999999997,-60.99574127878649,-59.25533105515287,-58.16439147658949,0.03839364547645784,2.002848879640234,0.7977774729457889
2.149,-60.85989531217049,-59.298505090138356,-58.20756551157498,0.03786489656390859,1.9985776460592595,0.7935062393648138
2.1500000000000004,-60.893864099404475,-59.326776162779296,-58.23583658421592,0.04099547431509311,1.9972811955598078,0.7922097888653621
2.151,-60.732851257228916,-59.334420455924764,-58.24348087736138,0.04364259287164541,1.9981509534522344,0.7930795467577888
2.152,-60.680732536789414,-59.31856362774057,-58.227624049177194,0.039827099179093585,2.0007431859338403,0.7956717792393948
2.1530000000000005,-60.70326628521824,-59.28369587409315,-58.192756295529776,0.04134332470707328,2.005598690418616,0.8005272837241704
2.154,-60.66967112566634,-59.23884154931837,-58.14790197075499,0.04083157449374949,2.011069504956434,0.8059980982619886
2.1550000000000002,-60.63772314975464,-59.18789901486413,-58.09695943630075,0.04021492314513685,2.014152341033445,0.8090809343389999
2.1559999999999997,-60.63729395372361,-59.134212020515236,-58.043272441951856,0.03974175507948689,2.0150847493828166,0.8100133426883709
2.157,-61.019453468500565,-59.09106284088545,-58.00012326232207,0.04114564335904418,2.0149610498424666,0.8098896431480213
2.1580000000000004,-61.119201296819234,-59.078154153968015,-57.987214575404636,0.04140857384670585,2.013557840994391,0.8084864342999459
2.159,-60.981958050722746,-59.09412452161946,-58.003184943056084,0.04460460125448297,2.010515626314018,0.8054442196195722
2.16,-61.079769473403616,-59.12337484906048,-58.0324352704971,0.04208462669334626,2.0067383693956797,0.8016669627012346
2.1609999999999996,-61.11911911247216,-59.161852683538434,-58.070913104975055,0.04193444612117133,2.0035186983686892,0.7984472916742438
2.162,-61.167301661049684,-59.210825767971706,-58.11988618940833,0.03925964468510021,2.0021238314136522,0.7970524247192068
2.1630000000000003,-61.07150048633925,-59.26426260445377,-58.17332302589039,0.03830963344215226,2.0023553536532557,0.7972839469588102
2.1639999999999997,-61.25446240798352,-59.316141763043866,-58.225202184480494,0.037094666760016014,2.0039921436773294,0.7989207369828839
2.165,-61.3750087534303,-59.372291645051696,-58.28135206648832,0.03589820115495033,2.007097378532804,0.8020259718383588
2.1660000000000004,-61.34265194582896,-59.435659611359604,-58.344720032796225,0.03664441940029451,2.011132157143508,0.8060607504490624
2.167,-61.17681123377643,-59.49563971197498,-58.4047001334116,0.03746212206195588,2.0162318216454667,0.8111604149510211
2.168,-61.08883766643663,-59.537286755090626,-58.44634717652725,0.0385216488066987,2.02191419691768,0.8168427902232348
2.1689999999999996,-61.076657560064085,-59.554758510944524,-58.46381893238114,0.039939268066395875,2.026415819992243,0.8213444132977976
2.17,-61.00525222102141,-59.5515654244455,-58.46062584588212,0.03856775756024079,2.029669082860443,0.8245976761659976
2.1710000000000003,-61.203996818481265,-59.53797645110691,-58.44703687254352,0.03938414978915808,2.0335956377945936,0.8285242311001478
2.1719999999999997,-61.3119511541778,-59.531568702904224,-58.44062912434084,0.03876092535263622,2.038837312975006,0.8337659062805605
2.173,-61.34880652232984,-59.54180311638653,-58.45086353782315,0.03672551446835124,2.045418643019273,0.8403472363248277
2.1740000000000004,-61.773158889108224,-59.57441018814464,-58.48347060958125,0.03765165177093258,2.0535876156272255,0.8485162089327801
2.175,-61.683898260993416,-59.634604150954495,-58.54366457239111,0.038565928489479734,2.0624993012522355,0.8574278945577899
2.176,-61.62057560453701,-59.708492043866116,-58.61755246530274,0.03899641609928085,2.0698280023879696,0.864756595693524
2.1769999999999996,-61.38492081844261,-59.771954801664734,-58.681015223101355,0.04015674356545339,2.0745063637467034,0.8694349570522576
2.178,-61.629297838474024,-59.81600835487687,-58.72506877631349,0.039678960948709034,2.077678428084396,0.8726070213899505
2.1790000000000003,-61.55377987105243,-59.85327996434198,-58.7623403857786,0.03841387301090649,2.080907457117047,0.8758360504226014
2.1799999999999997,-61.62618133865339,-59.892966550017235,-58.80202697145385,0.0414734936827726,2.083430138353146,0.8783587316587007
2.181,-61.91006922786839,-59.94211364886086,-58.85117407029748,0.04059060019783716,2.0830396071314143,0.8779682004369685
2.1820000000000004,-61.983162341783775,-60.01024475184528,-58.9193051732819,0.04095194885068628,2.0778740425320814,0.8728026358376356
2.183,-61.96877388836538,-60.092414653116535,-59.001475074553156,0.04079630272119836,2.068214644178752,0.8631432374843063
2.184,-61.75670564889455,-60.169365111104575,-59.078425532541196,0.038572702633637906,2.0575705990420743,0.8524991923476287
2.1849999999999996,-61.83805461465981,-60.22690205477864,-59.135962476215255,0.03917520782835511,2.0494584290837516,0.8443870223893061
2.186,-61.70064662051093,-60.264135832224035,-59.17319625366065,0.04089540187111347,2.0434387315095743,0.8383673248151291
2.1870000000000003,-61.69928499027321,-60.280874427839905,-59.189934849276526,0.04125004055478354,2.0385115189162475,0.8334401122218023
2.1879999999999997,-61.803823333081425,-60.2820583757815,-59.191118797218124,0.041603211737885476,2.0349729439572264,0.8299015372627815
2.189,-61.98268407182829,-60.28405540888393,-59.19311583032055,0.04025695878042661,2.0326051005033494,0.8275336938089036
2.1900000000000004,-62.0075921405416,-60.29924388566985,-59.208304307106474,0.03959174945579745,2.0311121828828576,0.8260407761884121
2.191,-62.30723068339721,-60.332195443135014,-59.24125586457164,0.039829642970851245,2.0296691737308166,0.8245977670363709
2.192,-62.37269210308164,-60.3876177059945,-59.296678127431115,0.043150093142972155,2.028228146533627,0.8231567398391815
2.1929999999999996,-62.30990337576547,-60.46015713761511,-59.369217559051734,0.04314575060625961,2.0270976326054346,0.8220262259109894
2.194,-62.15464910324205,-60.53090709584169,-59.439967517278305,0.044665592673925586,2.0250375953019613,0.8199661886075158
2.1950000000000003,-62.19153272397135,-60.58567988272704,-59.494740304163656,0.04137855144122937,2.0227980200848967,0.8177266133904513
2.1959999999999997,-62.048096778066196,-60.622042994617445,-59.531103416054066,0.04283842745984949,2.021482003651935,0.8164105969574892
2.197,-62.18629333540026,-60.644952999504866,-59.55401342094148,0.040849524709073416,2.0221496584963328,0.817078251801887
2.1980000000000004,-62.03361309959228,-60.65877918637888,-59.5678396078155,0.03931116192812417,2.02546687433687,0.8203954676424243
2.199,-62.132920232453806,-60.66340853077531,-59.57246895221193,0.03842574618309668,2.0299571885235412,0.8248857818290957
2.2,-62.06596798860961,-60.65999522365118,-59.5690556450878,0.03712787840747022,2.0343250504505566,0.829253643756111
2.2009999999999996,-62.11884627429523,-60.65044020322812,-59.55950062466474,0.036860227846677224,2.038411201055191,0.8333397943607455
2.202,-61.916318387206076,-60.632362262015555,-59.54142268345217,0.035337528498529405,2.0427092903601443,0.8376378836656991
2.2030000000000003,-62.121409765680276,-60.60703676297989,-59.51609718441651,0.03766891407629978,2.0474350271784374,0.8423636204839918
2.2039999999999997,-62.112943318693034,-60.58588945131225,-59.49494987274887,0.0388305594240229,2.0509340363286497,0.845862629634204
2.205,-62.20281820964599,-60.57582693439305,-59.48488735582967,0.040583963918814386,2.0515114486527426,0.846440041958297
2.2060000000000004,-62.414926334197936,-60.580717683083144,-59.489778104519765,0.04379422327044242,2.049197246493358,0.8441258397989128
2.207,-62.49016515542695,-60.60604555731967,-59.51510597875628,0.04153649550367771,2.045611915938101,0.8405405092436554
2.208,-62.49408936831513,-60.64767946526262,-59.55673988669924,0.04093480621822851,2.041928039553482,0.8368566328590362
2.2089999999999996,-62.50466317504728,-60.69820836520386,-59.60726878664048,0.04057476316586805,2.0384871755623064,0.8334157688678608
2.21,-62.663976588982926,-60.755667237189975,-59.664727658626596,0.04247627268458073,2.0356362494089812,0.8305648427145357
2.2110000000000003,-62.36336042195294,-60.81397457890521,-59.72303500034183,0.0416850852673113,2.0329321544973102,0.8278607478028648
2.2119999999999997,-62.54231332218062,-60.86370031286872,-59.772760734305336,0.04221325284450793,2.0298558191529525,0.8247844124585072
2.213,-62.6069012402152,-60.90843952248846,-59.81749994392508,0.041124739868792004,2.025392626904014,0.8203212202095685
2.2140000000000004,-62.528774325743335,-60.949634666454145,-59.858695087890766,0.046628954997223825,2.01950071150559,0.8144293048111446
2.215,-62.62979006483765,-60.98403671699058,-59.8930971384272,0.04340197716238415,2.0144746066998587,0.8094032000054131
2.216,-62.811677502713614,-61.0217096470348,-59.93077006847142,0.0420084192885022,2.011572652512613,0.8065012458181676
2.2169999999999996,-62.51776111158647,-61.063682540279565,-59.972742961716186,0.043352177337746683,2.008740015010412,0.8036686083159669
2.218,-62.46219701977117,-61.09040021119399,-59.9994606326306,0.042036021621615634,2.0038355816643256,0.7987641749698806
2.2190000000000003,-62.726471920146814,-61.10101679843382,-60.01007721987044,0.04335222133254818,1.9972332372207087,0.7921618305262631
2.2199999999999998,-62.73854152372474,-61.11410411312125,-60.02316453455787,0.04264172610215773,1.9891132752503202,0.7840418685558749
2.221,-62.88953728936846,-61.13968597200029,-60.0487463934369,0.0418090468232801,1.9796414808721723,0.7745700741777269
2.2220000000000004,-62.901026770694564,-61.17884138358267,-60.08790180501929,0.039938233418416055,1.9711029725188183,0.7660315658243728
2.223,-62.934815087441805,-61.22689162049703,-60.13595204193364,0.04003787207543184,1.9664188340136866,0.761347427319241
2.224,-63.056087879265554,-61.2813355035536,-60.19039592499022,0.04193889225183513,1.9657930013794194,0.7607215946849738
2.2249999999999996,-62.88585564739027,-61.33707350269395,-60.24613392413057,0.04310633203537924,1.9673200709282153,0.7622486642337698
2.226,-63.00577274492155,-61.38483462531399,-60.29389504675061,0.04351337669406157,1.9692064008235568,0.7641349941291111
2.2270000000000003,-63.127986283347155,-61.42923234441193,-60.33829276584855,0.042165930713986235,1.970835394978574,0.7657639882841285
2.2279999999999998,-62.93587402089458,-61.47537508550297,-60.38443550693959,0.04190971536061307,1.9725603271012426,0.7674889204067972
2.229,-62.935706562334104,-61.51423469641522,-60.42329511785184,0.04072652603421805,1.9745606958121031,0.7694892891176576
2.2300000000000004,-63.11032088804841,-61.54448440213446,-60.45354482357108,0.03842625006972419,1.9767179545359344,0.7716465478414889
2.231,-63.145981860049076,-61.57503387678024,-60.48409429821686,0.03880037749289345,1.9791267720742456,0.7740553653798
2.232,-63.20146348945115,-61.609867365075026,-60.51892778651165,0.03835144904047656,1.9828583153738304,0.777786908679385
2.2329999999999997,-63.19150352883558,-61.64719866300002,-60.55625908443664,0.03830175586920367,1.9896668993953326,0.7845954927008871
2.234,-63.14572570296179,-61.68049945324018,-60.589559874676794,0.037959782728949586,1.9992653976585417,0.7941939909640964
2.2350000000000003,-63.227867412707575,-61.7059474308182,-60.61500785225482,0.04021878527117419,2.009546328890448,0.8044749221960021
2.2359999999999998,-63.20180471603651,-61.726199497034784,-60.6352599184714,0.041898017516518414,2.01759061546639,0.8125192087719447
2.237,-63.33231229641253,-61.74518800395149,-60.654248425388104,0.04024076476664583,2.0220417406939575,0.816970333999512
2.2380000000000004,-63.428249902923575,-61.769653609868456,-60.67871403130508,0.04167331046081153,2.024530169974651,0.8194587632802061
2.239,-63.266882717488656,-61.79851376351771,-60.70757418495433,0.04065383511009884,2.0266578593213085,0.8215864526268631
2.24,-63.429154395941545,-61.82367087156176,-60.73273129299837,0.04097548162071412,2.0288936180388997,0.8238222113444543
2.2409999999999997,-63.59967680231126,-61.85261103118214,-60.761671452618764,0.04079934559591837,2.0318904443606223,0.8268190376661773
2.242,-63.48185104626276,-61.891074646759776,-60.8001350681964,0.0413948998928855,2.03547240289108,0.8304009961966341
2.2430000000000003,-63.56393197082792,-61.931062331184954,-60.84012275262157,0.04181710989340176,2.03853358278429,0.8334621760898444
2.2439999999999998,-63.39090859013665,-61.96449748930664,-60.87355791074326,0.04056507217259436,2.039744345876806,0.8346729391823605
2.245,-63.460286952525436,-61.9844278175206,-60.89348823895721,0.046541985446207385,2.0377760478514984,0.8327046411570529
2.2460000000000004,-63.498400593801136,-61.99300421923398,-60.9020646406706,0.04437526321883911,2.0336163927996362,0.8285449861051908
2.247,-63.528386053553646,-61.999184422005996,-60.90824484344261,0.0442917477058976,2.030856070632813,0.825784663938367
2.248,-63.515575408681656,-62.00537331095237,-60.914433732388986,0.044328283446525375,2.0296812793688366,0.8246098726743909
2.2489999999999997,-63.432276269753984,-62.00774118033004,-60.91680160176665,0.04732825825839404,2.0265919111962463,0.8215205045018006
2.25,-63.37513573403092,-62.00004199486526,-60.909102416301884,0.044451969680508054,2.0214796427756774,0.8164082360812319
2.2510000000000003,-63.39823062014363,-61.98251697160735,-60.89157739304397,0.04284790244703114,2.01717320820274,0.8121018015082944
2.252,-63.67792369350442,-61.968479500153734,-60.87753992159035,0.04056193995140671,2.0157960512113764,0.8107246445169307
2.253,-63.77386554515596,-61.97646103177505,-60.88552145321167,0.04268337629581071,2.0172264073765795,0.8121550006821341
2.2540000000000004,-63.751797595033196,-62.008447656673816,-60.91750807811043,0.040654022815680264,2.020513744183341,0.8154423374888957
2.255,-63.92658648903105,-62.05607816769908,-60.9651385891357,0.04159264538555067,2.024107928383845,0.8190365216893994
2.2560000000000002,-63.999090414155496,-62.11757079740444,-61.02663121884106,0.043297376503192535,2.0281684305873546,0.823097023892909
2.2569999999999997,-63.8261502252545,-62.18532363183866,-61.09438405327529,0.04087760121344862,2.033970345348948,0.8288989386545028
2.258,-63.897201380824136,-62.246624191268346,-61.15568461270497,0.04216507041915462,2.041294235560008,0.8362228288655627
2.2590000000000003,-63.97963945257545,-62.30138359836428,-61.210444019800896,0.043583905761178404,2.0477693786428834,0.842697971948438
2.26,-64.17139901301007,-62.359671118422185,-61.2687315398588,0.04341753972574717,2.051419641622209,0.8463482349277632
2.261,-64.19042606980412,-62.42792541590613,-61.336985837342745,0.043340410677499885,2.0527933289607296,0.8477219222662842
2.2620000000000005,-63.93419532757532,-62.497144482515075,-61.406204903951696,0.043429672057213875,2.053453354502503,0.8483819478080576
2.2640000000000002,-64.0250815736639,-62.59678776517435,-61.50584818661097,0.0415241436207178,2.062822655780075,0.8577512490856289
2.2649999999999997,-63.96425540596132,-62.62590564547161,-61.53496606690823,0.042925645012745005,2.0712275741831285,0.8661561674886832
2.266,-63.93584565141934,-62.63703844308844,-61.546098864525064,0.04446958775575993,2.077771533411969,0.8727001267175236
2.2670000000000003,-63.797890268621344,-62.62774641138838,-61.53680683282501,0.044841660566240824,2.0809870295922144,0.8759156228977687
2.268,-63.83411259537086,-62.59944903560392,-61.50850945704053,0.04265569235983227,2.0822376648598673,0.8771662581654218
2.269,-63.785420124674054,-62.558890771407626,-61.46795119284424,0.04287045553832938,2.0844936905634563,0.8794222838690111
2.2700000000000005,-63.75740686704344,-62.51158638520348,-61.4206468066401,0.04333659573314223,2.087484217135911,0.8824128104414655
2.271,-63.90879348408417,-62.465474564360825,-61.374534985797446,0.043309794665110986,2.0896480007499827,0.8845765940555373
2.2720000000000002,-64.0210081596251,-62.434662559498314,-61.34372298093494,0.04239708201408513,2.0907760740847294,0.8857046673902838
2.2729999999999997,-64.15840808261605,-62.42957204542724,-61.338632466863864,0.04421129785359796,2.0905577885402624,0.8854863818458171
2.274,-64.41691275073126,-62.45599266052156,-61.36505308195818,0.04265263197136351,2.089110387160392,0.8840389804659466
2.2750000000000004,-64.3484950391823,-62.5121595859677,-61.42122000740432,0.04597150038540273,2.0865932732284715,0.8815218665340259
2.276,-64.36882807819019,-62.583334346794324,-61.492394768230945,0.04670292650818818,2.083271008895496,0.8781996022010509
2.277,-64.40203165028004,-62.65698597052226,-61.56604639195888,0.047631619376852494,2.079596229661424,0.8745248229669788
2.2780000000000005,-64.592144942642,-62.73319098494608,-61.64225140638269,0.04945033444743972,2.0761134958051484,0.8710420891107032
2.279,-64.67766753186896,-62.81705684755913,-61.72611726899574,0.04976746122717239,2.0722026657054533,0.8671312590110078
2.2800000000000002,-64.52211502605873,-62.90471468804015,-61.81377510947677,0.04638115550781655,2.068754098167016,0.8636826914725708
2.2809999999999997,-64.69464437544173,-62.98951075089897,-61.89857117233559,0.04661133445110728,2.068357474593658,0.8632860678992123
2.282,-64.69727948789546,-63.07208393544793,-61.98114435688455,0.04579380240215723,2.070658464601526,0.8655870579070802
2.2830000000000004,-64.68151850589503,-63.149007285866986,-62.05806770730361,0.0475349320155715,2.0720800253849965,0.8670086186905507
2.284,-64.60210683107356,-63.21101770708756,-62.12007812852418,0.04505999433798602,2.072358502376882,0.867287095682436
2.285,-64.71214247552379,-63.25580495542333,-62.16486537685994,0.04567708350281915,2.073366318331268,0.8682949116368227
2.2859999999999996,-64.7809544589152,-63.291655648975514,-62.200716070412135,0.04619399721331483,2.074355702736395,0.8692842960419496
2.287,-64.89074293764878,-63.32930593676864,-62.23836635820526,0.0460798969391018,2.0755027622411184,0.8704313555466731
2.2880000000000003,-64.92002150434524,-63.37368870362877,-62.282749125065386,0.04515224014684511,2.0791061494226692,0.8740347427282232
2.2889999999999997,-64.85996656939066,-63.421099695090085,-62.330160116526706,0.046522009252857224,2.084239386608073,0.8791679799136276
2.29,-64.83111198057239,-63.46283384676566,-62.37189426820229,0.04640891527810353,2.089090104175882,0.884018697481436
2.2910000000000004,-64.73091118543903,-63.49103925156075,-62.40009967299737,0.046446180552748795,2.0937521149516676,0.8886807082572225
2.292,-64.63332060501119,-63.498100469176734,-62.407160890613355,0.046378651092879405,2.0979384779062817,0.8928670712118361
2.293,-64.79541342253555,-63.48692730636706,-62.39598772780368,0.046796585316725293,2.102572969560811,0.8975015628663657
2.2939999999999996,-64.91931152991604,-63.475469805673676,-62.38453022711029,0.049015441882542164,2.1071829154134876,0.9021115087190424
2.295,-64.8051356727428,-63.47209482734384,-62.38115524878046,0.04819810096793776,2.1083658727262566,0.903294466031811
2.2960000000000003,-64.93153781348018,-63.4737282020128,-62.382788623449414,0.04618832919547579,2.105765257341621,0.9006938506471753
2.2969999999999997,-64.9536143618199,-63.4825211089527,-62.39158153038932,0.04652039419483121,2.1009574476153774,0.8958860409209322
2.298,-65.00753995898596,-63.50100862735665,-62.41006904879327,0.048589084127353584,2.0941563612596776,0.8890849545652321
2.2990000000000004,-64.91464783039312,-63.52472358690556,-62.43378400834218,0.04997316308471064,2.0875283061832626,0.8824568994888169
2.3,-65.07101328901214,-63.54946734747337,-62.45852776890998,0.052301381245653256,2.082535623765068,0.8774642170706227
2.301,-65.11488196193005,-63.57832559629423,-62.48738601773084,0.0506755128078197,2.078258404230616,0.8731869975361707
2.3019999999999996,-64.9921654344177,-63.60808828400418,-62.517148705440796,0.05007283838820379,2.074509181000123,0.8694377743056768
2.303,-64.9313451535755,-63.629172797721594,-62.53823321915822,0.05048771987534075,2.072931789275966,0.8678603825815207
2.3040000000000003,-64.83660973032782,-63.63772106347433,-62.54678148491095,0.0506447735993096,2.072649934052786,0.8675785273583401
2.3049999999999997,-65.08513791740235,-63.63954324654246,-62.54860366797908,0.0495185631289936,2.072052802722635,0.866981396028189
2.306,-65.1503729660278,-63.64825776733533,-62.55731818877195,0.05122512177070058,2.0714270596285718,0.8663556529341263
2.3070000000000004,-65.19186968151118,-63.670017236132175,-62.57907765756879,0.04959327606943756,2.0708641707313125,0.8657927640368671
2.308,-65.29751395131538,-63.702704717280994,-62.61176513871762,0.05098980472691665,2.069236988906952,0.8641655822125064
2.309,-65.3609923267298,-63.74452060725687,-62.65358102869349,0.05110189068937944,2.0667824317738566,0.8617110250794108
2.3099999999999996,-65.30184779080479,-63.79148926141169,-62.700549682848305,0.05057141555733725,2.0641826238367993,0.8591112171423536
2.311,-65.39743670524095,-63.83921313466543,-62.748273556102056,0.04914482898878949,2.0611893277138478,0.8561179210194023
2.3120000000000003,-65.40514637699457,-63.887831570927055,-62.79689199236367,0.04863823318633654,2.05772948747453,0.8526580807800846
2.3129999999999997,-65.52571399404519,-63.93866263285997,-62.847723054296594,0.04784087947097562,2.0551419536220696,0.850070546927624
2.314,-65.57691597613115,-63.99332589168036,-62.90238631311697,0.04578874434797384,2.054809046364589,0.8497376396701433
2.3150000000000004,-65.38781038938033,-64.04650657013379,-62.95556699157041,0.04608098335749637,2.0565696296349034,0.8514982229404577
2.316,-65.57121737937189,-64.09225847374871,-63.00131889518533,0.04814226931113716,2.0596642911724086,0.8545928844779631
2.317,-65.60835663307736,-64.1351119333814,-63.04417235481802,0.048062839282387,2.064591575979452,0.8595201692850067
2.3179999999999996,-65.53770447446509,-64.17532290738386,-63.08438332882048,0.04803132197465894,2.071851114819953,0.8667797081255079
2.319,-65.60645010902321,-64.20700036025264,-63.11606078168926,0.04749684153547352,2.080731538382639,0.8756601316881936
2.3200000000000003,-65.69628291047765,-64.23422979706827,-63.14329021850489,0.047409117352529756,2.0901413547255827,0.8850699480311369
2.3209999999999997,-65.46788451525933,-64.2565947308596,-63.165655152296225,0.04700281219033334,2.099540403598939,0.8944689969044936
2.322,-65.81240225530873,-64.27009448177763,-63.17915490321425,0.05003577437266975,2.10726781849963,0.9021964118051846
2.3230000000000004,-65.66387315923656,-64.28107750261685,-63.190137924053474,0.04979820089273196,2.1112052648502977,0.906133858155852
2.324,-65.62558591041724,-64.28575226616981,-63.194812687606415,0.05529338874106952,2.111057506531765,0.9059860998373195
2.325,-65.4936872085784,-64.27495080122571,-63.184011222662335,0.05571434756317184,2.107261730013011,0.9021903233185656
2.3259999999999996,-65.74999752186669,-64.25441282793581,-63.16347324937242,0.054513210404459854,2.1007246219676854,0.8956532152732395
2.327,-65.65981551329978,-64.23858822406044,-63.14764864549704,0.054038957696887456,2.092939417018539,0.8878680103240937
2.3280000000000003,-65.69327862235347,-64.22935342043432,-63.13841384187094,0.05120988205942819,2.086539481115872,0.8814680744214269
2.3289999999999997,-65.59649852938588,-64.21986194211017,-63.128922363546785,0.050281126989629735,2.0844704609785767,0.8793990542841313
2.33,-65.66544630968788,-64.20779054019403,-63.11685096163064,0.05168707970631234,2.0866509137655362,0.8815795070710906
2.3310000000000004,-65.70969198518671,-64.19882557119368,-63.107885992630294,0.05196728720915459,2.0900450892331106,0.8849736825386653
2.332,-65.66419178019919,-64.19728561144213,-63.10634603287874,0.05092499388738539,2.0921067143720906,0.8870353076776449
2.3339999999999996,-65.84026354844,-64.20960523500992,-63.118665656446524,0.05086229713266358,2.090479248569363,0.8854078418749182
2.335,-66.10841812831111,-64.23508856880535,-63.14414899024198,0.05060254499717645,2.0895858441772255,0.8845144374827799
2.3360000000000003,-65.95554462610427,-64.27782648739999,-63.18688690883661,0.05025355561228527,2.0919895633013,0.886918156606855
2.3369999999999997,-66.07563726154383,-64.32859542024818,-63.237655841684806,0.052665712731758046,2.0959289818523064,0.8908575751578608
2.338,-66.08331906293212,-64.3850116892712,-63.29407211070782,0.05232086868164693,2.098396412802067,0.8933250061076213
2.3390000000000004,-66.07677761840765,-64.44643256642104,-63.355492987857666,0.05351835836523519,2.0989092055089165,0.893837798814471
2.34,-66.1846871362193,-64.51002971097131,-63.419090132407916,0.052604589801585784,2.0979120588495226,0.8928406521550774
2.341,-65.8235938261361,-64.56865027029444,-63.47771069173106,0.05014882615065686,2.0977536005219255,0.8926821938274803
2.3419999999999996,-65.97327921476854,-64.61026409122618,-63.5193245126628,0.052217361974827,2.1003283046076318,0.8952568979131863
2.343,-66.11860555231013,-64.64082708816495,-63.54988750960158,0.05115178071825449,2.1043471803872413,0.8992757736927959
2.3440000000000003,-66.19236743882051,-64.67532003771913,-63.58438045915576,0.05150520705792999,2.108165441966225,0.9030940352717797
2.3449999999999998,-66.07983371151212,-64.71334404966757,-63.6224044711042,0.051583901434288926,2.1122168587058203,0.9071454520113746
2.346,-66.17396672221054,-64.74837482640464,-63.65743524784126,0.049585963648796284,2.11826981324012,0.9131984065456745
2.3470000000000004,-66.46553884453654,-64.78755544706658,-63.696615868503194,0.05042464267195673,2.1264665519424097,0.9213951452479647
2.348,-66.48108953671677,-64.84123510545606,-63.75029552689268,0.052997063585249755,2.1335556475220003,0.9284842408275551
2.349,-66.42026848890319,-64.90365489058942,-63.81271531202604,0.053242945558802844,2.1372693510559455,0.9321979443615003
2.3499999999999996,-66.40336072610894,-64.96424859447468,-63.87330901591129,0.05406271459048692,2.1395220474293426,0.9344506407348967
2.351,-66.32689439177767,-65.01492538811507,-63.9239858095517,0.054151965353967296,2.1419709217731815,0.9368995150787356
2.3520000000000003,-66.2343637379903,-65.04873351281243,-63.95779393424906,0.05385549055054253,2.14410963648996,0.939038229795515
2.3529999999999998,-66.47104643345389,-65.07102772071208,-63.980088142148716,0.05499331498607568,2.1458392273257383,0.9407678206312933
2.354,-66.60924543323493,-65.09900832318685,-64.00806874462347,0.054401687132168454,2.1475124319140138,0.9424410252195683
2.3550000000000004,-66.60050295140019,-65.13881811523987,-64.04787853667649,0.0556114185360795,2.1488085607975296,0.9437371541030846
2.356,-66.73984652992677,-65.18658419277686,-64.0956446142135,0.05587160199071992,2.149189352876857,0.9441179461824112
2.357,-66.5028247278624,-65.23423510306064,-64.14329552449725,0.056214617987153555,2.1487425774921256,0.9436711707976803
2.3579999999999997,-66.49984094927134,-65.26799484884566,-64.1770552702823,0.05539969242762121,2.1482555038989344,0.9431840972044889
2.359,-66.60713020588737,-65.2878132036349,-64.19687362507152,0.05559557590083061,2.147447468939549,0.9423760622451037
2.3600000000000003,-66.65893709822927,-65.30572275637225,-64.21478317780887,0.05693881426293432,2.1450458159562666,0.9399744092618212
2.3609999999999998,-66.80930502282384,-65.33040122716375,-64.23946164860037,0.056342516211490785,2.142096817108733,0.9370254104142874
2.362,-66.71577434661215,-65.36298535755311,-64.27204577898975,0.05765586189210805,2.1391295423203855,0.9340581356259401
2.3630000000000004,-66.86031080159579,-65.39913082488285,-64.30819124631948,0.05684912709619411,2.135011106321132,0.9299396996266863
2.364,-66.92583908881896,-65.4407520215011,-64.3498124429377,0.054777141148012465,2.1309575541956907,0.9258861475012452
2.365,-66.70891242437968,-65.4825132312984,-64.39157365273502,0.054470205523652164,2.129087958556353,0.9240165518619078
2.3659999999999997,-66.75420933707672,-65.51083428426819,-64.41989470570482,0.05272845712529003,2.130143360919872,0.925071954225427
2.367,-66.79460398424442,-65.52627006400145,-64.43533048543806,0.052428972726631516,2.1341265959756197,0.9290551892811739
2.3680000000000003,-66.78091889707059,-65.53596572442153,-64.44502614585817,0.05323080031439338,2.1398175663405934,0.9347461596461477
2.3689999999999998,-66.88874027740825,-65.54339815436913,-64.45245857580575,0.05158647170726564,2.146687827246973,0.9416164205525279
2.37,-66.79312831976706,-65.55133622474852,-64.46039664618513,0.05195488134815789,2.156056917826465,0.9509855111320197
2.3710000000000004,-66.97316732308177,-65.5614490754513,-64.47050949688793,0.0543815253444069,2.165926473608054,0.9608550669136083
2.372,-66.79706317573688,-65.57413686654135,-64.48319728797797,0.0526514813735705,2.1730807583170106,0.9680093516225654
2.373,-66.87266339552757,-65.58403776180324,-64.49309818323988,0.05398941054270758,2.1775633982163978,0.9724919915219524
2.3739999999999997,-67.01737592299482,-65.59473625824354,-64.50379667968016,0.053420984671354595,2.179565966176353,0.9744945594819074
2.375,-66.95508876532192,-65.61330921700139,-64.52236963843801,0.05566875897539003,2.1801365881655865,0.9750651814711411
2.3760000000000003,-67.16515128585935,-65.64078387673254,-64.54984429816915,0.05599170553026892,2.1801322749526135,0.9750608682581681
2.377,-67.1297037147923,-65.67923700137975,-64.58829742281637,0.058067151473024034,2.179705611801483,0.9746342051070375
2.378,-67.30469419260008,-65.72839974446086,-64.63746016589748,0.05965629418863041,2.1796218158653518,0.9745504091709063
2.3790000000000004,-67.26042331151628,-65.78570310990163,-64.69476353133825,0.05907423417783882,2.180174106308827,0.9751026996143815
2.38,-67.35206111799779,-65.84595910110974,-64.75501952254636,0.05663656443185085,2.181325653639545,0.9762542469450994
2.3810000000000002,-67.33089690918007,-65.90563182512456,-64.81469224656118,0.05665806895920961,2.1825178109355865,0.977446404241141
2.3819999999999997,-67.46394439505237,-65.96506983938414,-64.87413026082076,0.05762934169289239,2.1809476908744494,0.9758762841800037
2.383,-67.57314157045876,-66.02916586416157,-64.93822628559818,0.060055697252594506,2.1752026239459696,0.9701312172515243
2.3840000000000003,-67.46625208258887,-66.09562934140884,-65.00468976284547,0.05918100140422605,2.167630010376514,0.9625586036820684
2.385,-67.37150954048752,-66.14895178846436,-65.05801220990098,0.06068840637240855,2.1601571685150835,0.9550857618206379
2.386,-67.43478364631812,-66.18281206715156,-65.09187248858818,0.05797356353851388,2.1533254971751234,0.9482540904806781
2.3870000000000005,-67.3484293239527,-66.20166866924906,-65.11072909068567,0.05857528216342898,2.1487334276187235,0.943662020924278
2.388,-67.39027289794954,-66.20767787420483,-65.11673829564147,0.05994992909894984,2.1464199691788703,0.9413485624844248
2.3890000000000002,-67.33048269319143,-66.20274180037069,-65.11180222180732,0.05768112574882161,2.145425315581001,0.9403539088865553
2.3899999999999997,-67.54433914976237,-66.1945766902248,-65.10363711166143,0.057324497295084854,2.1472891011656183,0.9422176944711731
2.391,-67.45520480592295,-66.19210490259944,-65.10116532403606,0.05530288669620141,2.153312929434766,0.9482415227403207
2.3920000000000003,-67.64384613708158,-66.19848032519987,-65.10754074663649,0.05550866218941916,2.162725677128748,0.9576542704343024
2.393,-67.67214696939524,-66.2179991939875,-65.12705961542413,0.054385673993189096,2.174881260525182,0.9698098538307364
2.394,-67.7479076704974,-66.2525311752247,-65.16159159666132,0.05676080202808177,2.189037464504891,0.9839660578104451
2.3950000000000005,-67.79646401017499,-66.29868136455315,-65.20774178598975,0.05963388998915179,2.2028308710931475,0.997759464398702
2.396,-67.83779194330408,-66.35246996638789,-65.2615303878245,0.05841739694054651,2.21267553200706,1.0076041253126147
2.3970000000000002,-67.79919050682369,-66.40821651850929,-65.31727693994591,0.05937545742886706,2.2167765320977053,1.0117051254032596
2.3979999999999997,-67.88204588192409,-66.46209209379,-65.37115251522661,0.0564030368582725,2.2162800718395816,1.011208665145136
2.399,-67.7473920978256,-66.51044524538135,-65.41950566681797,0.05666227691897849,2.2145015032911406,1.0094300965966945
2.4000000000000004,-67.69888098289572,-66.54383339110247,-65.45289381253907,0.05708417546909777,2.2131744077963966,1.0081030011019518
2.401,-67.7086622437513,-66.55879913470939,-65.467859556146,0.05745288682912338,2.2129852517017086,1.0079138450072627
2.402,-67.84691234935593,-66.56375822919549,-65.4728186506321,0.05749789278001714,2.214174481140631,1.0091030744461857
2.4030000000000005,-67.98962266185548,-66.57429764465519,-65.48335806609181,0.05838177910303046,2.215592761992285,1.0105213552978394
2.404,-67.71284989894228,-66.59189657688829,-65.50095699832491,0.06059133813938689,2.216237018361823,1.011165611667378
2.4050000000000002,-67.88822789987852,-66.60599531423573,-65.51505573567235,0.05797924880149571,2.2170914789424123,1.0120200722479666
2.4059999999999997,-67.89522569403104,-66.61961124903898,-65.52867167047559,0.05836843551920105,2.2196586130227844,1.014587206328339
2.407,-67.98371542152344,-66.63958090901365,-65.54864133045025,0.060416097258066404,2.2228445279704414,1.0177731212759957
2.4080000000000004,-67.82446438952695,-66.66009548333449,-65.56915590477111,0.06143240295583561,2.2240037213165307,1.0189323146220852
2.409,-67.8065004138428,-66.66893219091241,-65.57799261234904,0.06261812564738665,2.221457295156085,1.0163858884616395
2.41,-67.94790123611502,-66.66677392387807,-65.57583434531468,0.06374851882499058,2.214886214558153,1.0098148078637075
2.4109999999999996,-67.99789468042638,-66.66726516439718,-65.5763255858338,0.061913397223692705,2.205619331134435,1.0005479244399893
2.412,-68.0802360076619,-66.6788488300911,-65.58790925152772,0.06019912419068332,2.1960492520229082,0.9909778453284626
2.4130000000000003,-68.17316795105319,-66.70444120074622,-65.61350162218284,0.060217509286477074,2.188023216735967,0.9829518100415213
2.4139999999999997,-68.28217375847115,-66.74670350259007,-65.6557639240267,0.06085571500296209,2.181886409328017,0.9768150026335713
2.415,-68.2455482380541,-66.80315566725098,-65.7122160886876,0.058964840607538364,2.176140101284263,0.9710686945898177
2.4160000000000004,-68.34144388946704,-66.86595063293753,-65.77501105437416,0.0570053599067084,2.170473515139839,0.9654021084453933
2.417,-68.43907452578833,-66.93321388120393,-65.84227430264055,0.05766353545183317,2.166873743280145,0.9618023365856992
2.418,-68.47445745392304,-67.00581214273606,-65.91487256417267,0.05608095378529657,2.1660731369043345,0.9610017302098885
2.4189999999999996,-68.43202190965705,-67.07958614412503,-65.98864656556164,0.05544764517292374,2.1693561960357837,0.9642847893413382
2.42,-68.51618916215213,-67.14916721931041,-66.05822764074702,0.055165208553270326,2.1769644079968216,0.9718930013023762
2.4210000000000003,-68.57881109442086,-67.21482943480672,-66.12388985624332,0.055522699653373316,2.187628884224942,0.982557477530496
2.4219999999999997,-68.54849939729269,-67.27688800103593,-66.18594842247255,0.058190808609666515,2.1991753112156305,0.9941039045211851
2.423,-68.41237643772499,-67.32668749124822,-66.23574791268484,0.0540495453467909,2.2087655634382575,1.003694156743812
2.4240000000000004,-68.37390335493114,-67.3538521383997,-66.26291255983634,0.053210879033454415,2.2163474013309923,1.011275994636547
2.425,-68.56597908422353,-67.36253924870721,-66.27159967014383,0.05710248377663097,2.222906620696537,1.0178352140020914
2.426,-68.5634734781503,-67.36844529536015,-66.27750571679677,0.057714335976031046,2.2276218310100226,1.0225504243155774
2.4269999999999996,-68.69632789892576,-67.38069372930852,-66.28975415074514,0.056249474088574086,2.2302745645922344,1.0252031578977892
2.428,-68.51948982243255,-67.39649084806308,-66.30555126949969,0.05919509309617254,2.2318166222125164,1.0267452155180707
2.4290000000000003,-68.7110321995145,-67.40896472933495,-66.31802515077158,0.062178525270022766,2.231223084134627,1.0261516774401813
2.4299999999999997,-68.78063729541573,-67.42558010975999,-66.33464053119661,0.06264426900878566,2.2267085327931357,1.0216371260986905
2.431,-68.58965642557064,-67.44667174327589,-66.3557321647125,0.06141116741269297,2.2195972011723275,1.0145257944778816
2.4320000000000004,-68.56119680641348,-67.45786214249722,-66.36692256393384,0.06303442727326719,2.2127910516523657,1.0077196449579198
2.433,-68.61425744929461,-67.45499075340844,-66.36405117484505,0.06262533772855557,2.2065149428302084,1.0014435361357632
2.434,-68.5201776821918,-67.44214658111339,-66.35120700255,0.059620985456554955,2.2000029912366146,0.9949315845421687
2.4349999999999996,-68.53710764373169,-67.42087255095062,-66.32993297238723,0.06297622887894525,2.1944173294932807,0.989345922798835
2.436,-68.48877556238551,-67.39392216087238,-66.30298258230899,0.060342070428764195,2.1894860008825257,0.9844145941880803
2.4370000000000003,-68.68141642906751,-67.36890765426315,-66.27796807569976,0.06102352712543599,2.1820951920959626,0.9770237854015172
2.4379999999999997,-68.83896636235502,-67.36019906344106,-66.26925948487768,0.060183027637830115,2.1716603554797973,0.9665889487853516
2.439,-68.6386460231602,-67.36980452676171,-66.27886494819832,0.059182905768723565,2.163176635874091,0.958105229179646
2.4400000000000004,-68.76932834006311,-67.38632045253343,-66.29538087397005,0.0582032895858873,2.1609530418574208,0.9558816351629756
2.441,-69.08167603942792,-67.41440181025344,-66.32346223169006,0.05606749144104576,2.1641146682655776,0.9590432615711322
2.442,-68.98234478649508,-67.46244989696967,-66.3715103184063,0.05666540978659384,2.170352612329502,0.9652812056350569
2.4429999999999996,-69.03058364630796,-67.5221174313396,-66.43117785277622,0.057546894992260955,2.1779874707061335,0.972916064011688
2.444,-69.09246992588395,-67.58651848737117,-66.4955789088078,0.05692056359613557,2.1858550512487906,0.9807836445543452
2.4450000000000003,-69.20500341734098,-67.65599083800441,-66.56505125944103,0.056934259916635116,2.193924318725398,0.9888529120309527
2.4459999999999997,-69.15467556305067,-67.72829453046639,-66.637354951903,0.05560594458141809,2.201637964340247,0.9965665576458016
2.447,-69.30756555756564,-67.80104445046683,-66.71010487190344,0.05516798767697196,2.208465790737394,1.0033943840429485
2.4480000000000004,-69.393215288894,-67.8765268198185,-66.78558724125513,0.05633607790326258,2.214837260019809,1.0097658533253635
2.449,-69.50385110789472,-67.95936693346137,-66.868427354898,0.057013706788942325,2.2212571966035806,1.0161857899091347
2.45,-69.43682944221673,-68.04724815163843,-66.95630857307506,0.05786595345841688,2.2283732649559544,1.023301858261509
2.4509999999999996,-69.5342835662739,-68.13286470775802,-67.04192512919464,0.05909670324135093,2.2360414199337817,1.0309700132393365
2.452,-69.55807298092917,-68.2137129158019,-67.12277333723853,0.05932728481900776,2.242261065579814,1.0371896588853686
2.4530000000000003,-69.46040907082005,-68.28617982632262,-67.19524024775926,0.05950753168881657,2.2447313651846157,1.0396599584901702
2.4539999999999997,-69.34491566565765,-68.33863984480342,-67.24770026624005,0.05936425258600464,2.2438217678161774,1.0387503611217317
2.455,-69.15040320291939,-68.35933452694393,-67.26839494838056,0.06381641719691403,2.2411101749242794,1.0360387682298338
2.4560000000000004,-69.10585360237505,-68.34538881495844,-67.25444923639506,0.06227223310004881,2.23703160210915,1.0319601954147044
2.457,-69.072825637706,-68.3027470651141,-67.21180748655071,0.06595723291499075,2.231819777794174,1.0267483710997287
2.458,-69.11875463935013,-68.24327666462844,-67.15233708606505,0.06288322374836075,2.226314187187812,1.0212427804933664
2.4589999999999996,-69.0165360876506,-68.1773899413714,-67.08645036280801,0.06280726951206216,2.220924866133736,1.0158534594392905
2.46,-68.97381862386257,-68.10744360189874,-67.01650402333536,0.059851421236466265,2.215369146228975,1.0102977395345296
2.4610000000000003,-68.95742814764056,-68.03323448227957,-66.94229490371619,0.059866290284658404,2.209880703609015,1.0048092969145697
2.4619999999999997,-68.80565139472539,-67.95465380695697,-66.8637142283936,0.05897157382518069,2.2061608337046237,1.0010894270101782
2.463,-69.03582636750534,-67.87606000169528,-66.7851204231319,0.05915113515069982,2.205125495891361,1.000054089196916
2.4640000000000004,-69.26765658608652,-67.81732623664738,-66.726386658084,0.05922532308480837,2.2060051480782916,1.0009337413838464
2.465,-69.37856496664682,-67.7953278623596,-66.7043882837962,0.06076562708642497,2.207726513626718,1.0026551069322727
2.466,-69.41755777127656,-67.80925548840504,-66.71831590984166,0.054995325174544744,2.210239244025263,1.0051678373308182
2.4669999999999996,-69.3789337836497,-67.84713456471597,-66.75619498615258,0.054657717560890176,2.2130975942062876,1.0080261875118421
2.468,-69.38336533254169,-67.89520330975225,-66.80426373118885,0.054639853174475075,2.2154186999177714,1.010347293223326
2.4690000000000003,-69.65645915490256,-67.95179932004231,-66.86085974147892,0.056228407315373395,2.2181846570770447,1.013113250382599
2.4699999999999998,-69.83626844810378,-68.0275437272547,-66.93660414869132,0.0581994501377482,2.222652093783981,1.0175806870895352
2.471,-69.29304723640213,-68.11046937541553,-67.01952979685214,0.058189894345977974,2.2266356578895725,1.0215642511951268
2.4720000000000004,-69.36400645734565,-68.16851375249755,-67.07757417393417,0.06494986326098673,2.228396342546825,1.0233249358523797
2.473,-69.72001099272464,-68.2062361320544,-67.115296553491,0.06284829287667197,2.2298016814872184,1.0247302747927731
2.474,-69.63971308467856,-68.24596726093367,-67.15502768237029,0.060112625011411375,2.2332226206972248,1.0281512140027795
2.4749999999999996,-69.75104201930918,-68.29035645215097,-67.19941687358761,0.05891421898101841,2.2391006794034056,1.03402927270896
2.476,-69.7426911039695,-68.33773192002639,-67.246792341463,0.055992118226703316,2.247449778709578,1.0423783720151327
2.4770000000000003,-69.8210709702488,-68.38815132353577,-67.29721174497239,0.058331022682846734,2.2571529495401634,1.0520815428457178
2.4779999999999998,-69.72477669090806,-68.43619263778236,-67.34525305921898,0.057348899922078034,2.266267386860058,1.0611959801656121
2.479,-69.77506040130221,-68.47625265307848,-67.38531307451508,0.05554495981335336,2.274202903278415,1.069131496583969
2.4800000000000004,-69.90628791402092,-68.51262454083309,-67.42168496226971,0.05564792399279678,2.2806014187086627,1.0755300120142173
2.481,-70.00416131481123,-68.55583172495783,-67.46489214639443,0.054895053313264,2.2845944636030526,1.0795230569086072
2.482,-70.14617082698443,-68.61165182763433,-67.52071224907094,0.0540840259274909,2.287018704505696,1.081947297811251
2.4829999999999997,-70.03018720138718,-68.67594542435323,-67.58500584578985,0.05642568773366395,2.288710195935535,1.0836387892410893
2.484,-70.069051462492,-68.73731041696256,-67.64637083839918,0.058991741469989506,2.2877950811299765,1.0827236744355309
2.4850000000000003,-70.102322415841,-68.7932119531587,-67.70227237459531,0.0591647341497348,2.2827027698036386,1.077631363109193
2.4859999999999998,-70.20370039752287,-68.84902700762953,-67.75808742906615,0.05909430961311451,2.2733179060252477,1.068246499330802
2.487,-70.25853934645443,-68.90740678159476,-67.81646720303138,0.059969853038287495,2.259289631357531,1.0542182246630856
2.4880000000000004,-70.23805292993755,-68.96486949929285,-67.87392992072947,0.0607835645756271,2.2419608277068512,1.0368894210124058
2.489,-70.33785033325591,-69.01779631446938,-67.92685673590599,0.06149685310955176,2.223508331956548,1.0184369252621024
2.49,-70.16730132437182,-69.06283065628631,-67.97189107772293,0.062465102553063076,2.205029643894967,0.9999582372005211
2.4909999999999997,-70.33824973568707,-69.09625350618904,-68.00531392762568,0.06045556295620899,2.1872089271612927,0.9821375204668473
2.492,-70.50305953193356,-69.12816258562167,-68.03722300705829,0.05979680876164514,2.1718095627036855,0.9667381560092402
2.4930000000000003,-70.40108640785864,-69.16685800743068,-68.0759184288673,0.058254710905892,2.1622090381471626,0.9571376314527172
2.4939999999999998,-70.45879330697693,-69.20637585623156,-68.11543627766818,0.05841072510150845,2.1590955073204885,0.954024100626043
2.495,-70.47552050530294,-69.2432348265108,-68.15229524794744,0.05895944012940815,2.1605313023605284,0.955459895666083
2.4960000000000004,-70.41246845026015,-69.2750025381825,-68.18406295961914,0.05759064469303856,2.166065392827831,0.9609939861333854
2.497,-70.35527448288745,-69.29498858789819,-68.20404900933481,0.05517216137102086,2.1762488901473627,0.9711774834529174
2.498,-70.30021142909447,-69.2988367673152,-68.2078971887518,0.055621500166046445,2.1903187595082794,0.9852473528138336
2.4989999999999997,-70.40889771400943,-69.29085243402751,-68.19991285546412,0.055448360977985806,2.2064855321369055,1.00141412544246
2.5,-70.36109959359676,-69.28052253765598,-68.1895829590926,0.05787413099501245,2.224084757486321,1.019013350791876
2.5010000000000003,-70.3176401526943,-69.26867470799343,-68.17773512943003,0.056290953531921734,2.2430110904259095,1.037939683731464
2.502,-70.20820655914825,-69.24898556557282,-68.15804598700944,0.05706678310571001,2.261999352242759,1.0569279455483136
2.503,-70.31261249258462,-69.22191463931314,-68.13097506074976,0.059343562201925784,2.2780375853647317,1.0729661786702858
2.5040000000000004,-70.47746682307331,-69.20119349364516,-68.1102539150818,0.06068225009077037,2.2888409358750708,1.0837695291806253
2.505,-70.57269180676356,-69.20051835837018,-68.10957877980681,0.06092659127194624,2.294781093071696,1.0897096863772506
2.5060000000000002,-70.52005668979109,-69.22042958421761,-68.12949000565422,0.06051045502208199,2.2983645822613363,1.0932931755668909
2.5069999999999997,-70.71243521795529,-69.25508389083832,-68.16414431227494,0.06430679930868827,2.300619039093241,1.0955476323987954
2.508,-70.59625494071787,-69.2993286499106,-68.20838907134723,0.06793974609214642,2.3014144352853907,1.0963430285909452
2.5090000000000003,-70.63661218192618,-69.34447110092674,-68.25353152236336,0.06637694592723878,2.302176999597899,1.0971055929034532
2.51,-70.78135014599351,-69.38916645745117,-68.29822687888779,0.06552498028226056,2.303213415228664,1.0981420085342184
2.511,-70.77809991500649,-69.43768263089957,-68.34674305233618,0.06504165643330538,2.3040713525537724,1.098999945859327
2.5120000000000005,-70.91038053436831,-69.48889294633342,-68.39795336777004,0.06661637437806466,2.304664882106224,1.0995934754117784
2.513,-70.9623231094549,-69.54393589805653,-68.45299631949315,0.06546127939829675,2.304782975723135,1.09971156902869
2.5140000000000002,-71.14731150035693,-69.60713084746709,-68.51619126890371,0.06676627572676644,2.3038203695634523,1.0987489628690066
2.5149999999999997,-71.22957862292758,-69.68274447842818,-68.59180489986481,0.06857254424993514,2.300630155461245,1.0955587487668002
2.516,-71.07447261387597,-69.76286810539507,-68.6719285268317,0.06742924394223708,2.295401589240476,1.0903301825460308
2.5170000000000003,-71.06966471123654,-69.83138015816994,-68.74044057960657,0.06890098831559123,2.2890214165526888,1.0839500098582435
2.518,-71.21535404355978,-69.88628489088686,-68.79534531232348,0.06920087535682974,2.282005183121835,1.0769337764273892
2.519,-71.24539482942757,-69.93921842726922,-68.84827884870585,0.06841149517793556,2.274075572100006,1.0690041654055602
2.5200000000000005,-71.1400336256184,-69.99133200374449,-68.90039242518112,0.06743344305382139,2.2650296003991177,1.059958193704672
2.521,-71.1678665840737,-70.0350361550515,-68.94409657648814,0.06564572677893463,2.256285045197305,1.0512136385028599
2.5220000000000002,-71.10388730344602,-70.066373092736,-68.97543351417261,0.06560908133784032,2.2503011376658515,1.0452297309714058
2.5229999999999997,-71.16995204342123,-70.0853746127014,-68.99443503413802,0.06463198012926465,2.2484422170128147,1.0433708103183692
2.524,-71.04720921395176,-70.09226638888856,-69.00132681032518,0.06397532019032202,2.2503982275903947,1.045326820895949
2.5250000000000004,-71.08495397251832,-70.08760924795371,-68.99666966939033,0.06267485023644773,2.254553908270495,1.0494825015760494
2.526,-70.97848995102726,-70.07475485076257,-68.9838152721992,0.06133111435644957,2.260288264813709,1.0552168581192634
2.527,-71.09129357296372,-70.05797190957485,-68.96703233101147,0.06243332436382477,2.2658201042296966,1.0607486975352511
2.5280000000000005,-71.15535617738539,-70.04512284154058,-68.9541832629772,0.06016423348586159,2.2707814615961186,1.0657100549016731
2.529,-71.1277600488568,-70.042003473265,-68.9510638947016,0.05962321739639983,2.2783135748877332,1.0732421681932878
2.5300000000000002,-71.27617401564805,-70.04872913360377,-68.95778955504039,0.06008672823329359,2.290709337517137,1.0856379308226918
2.5309999999999997,-71.31886669917824,-70.0676450428251,-68.97670546426171,0.06371550022011273,2.306528220120159,1.1014568134257134
2.532,-71.2267743516633,-70.09484712437424,-69.00390754581088,0.06325812977587145,2.3235373909685,1.1184659842740547
2.5330000000000004,-71.27154425116966,-70.12182492613194,-69.03088534756856,0.0636319872025815,2.339624931741558,1.1345535250471124
2.534,-71.38411901113415,-70.1490221437555,-69.05808256519211,0.06635958775171165,2.352351952638545,1.1472805459440996
2.535,-71.4565088595455,-70.18076748832651,-69.08982790976314,0.06693743697776931,2.359997933115528,1.1549265264210824
2.5359999999999996,-71.51506430024857,-70.21823764725033,-69.12729806868697,0.06973157833049035,2.36387570842266,1.158804301728214
2.537,-71.64972848570316,-70.26209679582152,-69.17115721725814,0.06977578812380658,2.364919000610924,1.159847593916479
2.5380000000000003,-71.52876097077309,-70.31148093098706,-69.22054135242368,0.07100696582897674,2.362832346737471,1.157760940043025
2.5389999999999997,-71.61733855094579,-70.3616511962935,-69.2707116177301,0.07228136255412079,2.357008270933587,1.1519368642391414
2.54,-71.68549851305205,-70.4113724952713,-69.3204329167079,0.07182612661341631,2.3465088012031443,1.1414373945086989
2.5410000000000004,-71.86652642384959,-70.465272261987,-69.37433268342362,0.0698087241291516,2.331691858485736,1.1266204517912903
2.542,-71.78022943093772,-70.52389014475403,-69.43295056619067,0.07280977858615205,2.3148917295782967,1.1098203228838517
2.543,-71.9289795634018,-70.58053258022771,-69.48959300166433,0.07167455600077906,2.2974856051715724,1.0924141984771272
2.5439999999999996,-71.86347958814585,-70.6325013850627,-69.54156180649933,0.07083470000068762,2.2818670763747524,1.0767956696803067
2.545,-71.74843621497608,-70.67298762846558,-69.5820480499022,0.07074955717971423,2.2711231814112853,1.06605177471684
2.5460000000000003,-71.76850577371268,-70.69499273840758,-69.60405315984421,0.06978111562687794,2.265477286877032,1.0604058801825866
2.5469999999999997,-71.90285429863285,-70.7061050115365,-69.61516543297311,0.06842781682012629,2.263160177201476,1.0580887705070305
2.548,-72.03709124705351,-70.72193484046518,-69.63099526190179,0.0698758506737968,2.26215057898744,1.0570791722929942
2.5490000000000004,-71.95481342466599,-70.74725525325444,-69.65631567469107,0.06906560785102397,2.2602531947244353,1.0551817880299899
2.55,-71.92268019611906,-70.77178678243519,-69.68084720387179,0.06799429483655284,2.2567791954609535,1.0517077887665083
2.551,-71.81635623740621,-70.78649220495228,-69.69555262638889,0.06659145175933012,2.2539663482460814,1.048894941551636
2.5519999999999996,-71.78810739364943,-70.78767654880897,-69.6967369702456,0.06777581614393742,2.253253067292237,1.048181660597792
2.553,-71.66203233664137,-70.7726182348307,-69.68167865626734,0.06721301203483596,2.254222136158169,1.0491507294637237
2.5540000000000003,-71.82545897850072,-70.74638510698391,-69.65544552842053,0.06557453207474648,2.256369954323584,1.0512985476291385
2.5549999999999997,-71.89006799753447,-70.72416316180899,-69.63322358324561,0.06495936974132262,2.2605404285463235,1.0554690218518783
2.556,-71.81260442435118,-70.71218346235952,-69.62124388379613,0.06450957673576029,2.2662993067342114,1.0612279000397655
2.5570000000000004,-71.87994038833375,-70.7061368056087,-69.61519722704533,0.0622642926893847,2.272787484129736,1.0677160774352905
2.558,-72.00503574918666,-70.70902053379027,-69.61808095522689,0.06511422079813486,2.2818935793314603,1.0768221726370149
2.559,-72.11631118319873,-70.72616832705,-69.63522874848664,0.06487028781384357,2.294188766791039,1.0891173600965929
2.5599999999999996,-72.18092335797768,-70.75733472167563,-69.66639514311227,0.06574394915842463,2.3085693319070693,1.1034979252126238
2.561,-72.17654735910382,-70.79900157932947,-69.70806200076608,0.0672999632243546,2.323911124633794,1.1188397179393488
2.5620000000000003,-72.1084660108636,-70.84274423298517,-69.75180465442179,0.06963905257350705,2.337142997558014,1.1320715908635681
2.5629999999999997,-72.13523602439317,-70.87957571772849,-69.7886361391651,0.06993642535481794,2.345353395467202,1.1402819887727564
2.564,-72.11847734910462,-70.90803069580485,-69.81709111724147,0.07302738868249037,2.347153764273104,1.1420823575786587
2.5650000000000004,-72.3015108106282,-70.93437558647702,-69.84343600791364,0.07317114398545047,2.3441846241311435,1.1391132174366976
2.566,-72.49356872232994,-70.9709120739956,-69.87997249543223,0.07170736461865598,2.3397193162672245,1.1346479095727793
2.567,-72.63493714777465,-71.02838837961464,-69.93744880105126,0.07135477949731382,2.335388176986954,1.1303167702925083
2.5679999999999996,-72.62034934979988,-71.10521531124425,-70.01427573268089,0.07541074145243937,2.3296349215651593,1.1245635148707138
2.569,-72.5447005118523,-71.18634279072369,-70.09540321216032,0.07607429133265076,2.3216283988275155,1.1165569921330696
2.5700000000000003,-72.7068706237998,-71.2620394747859,-70.17109989622253,0.07609091724782001,2.310776378513182,1.105704971818736
2.5709999999999997,-72.75882126485955,-71.33559684060899,-70.24465726204559,0.0762594839157069,2.296798990968453,1.0917275842740075
2.572,-72.7424572021089,-71.40784366118773,-70.31690408262433,0.0749981640042619,2.281225075749212,1.0761536690547664
2.5730000000000004,-72.45918167847147,-71.4668269313188,-70.37588735275543,0.07406915193766778,2.266998371933774,1.061926965239329
2.574,-72.56846800756493,-71.50306899226368,-70.41212941370028,0.07425086735401931,2.256114037846225,1.0510426311517793
2.575,-72.5209742859023,-71.52246182747145,-70.43152224890807,0.07304577906498107,2.249076331064937,1.0440049243704912
2.5759999999999996,-72.33852222095494,-71.5278912437861,-70.43695166522272,0.06858611756443557,2.2460735417038804,1.041002135009435
2.577,-72.53800862457742,-71.52110421355582,-70.43016463499242,0.07007082020023186,2.2463687411345123,1.041297334440067
2.5780000000000003,-72.53006651031158,-71.51355559530101,-70.42261601673763,0.06860079292616263,2.2485951421304335,1.043523735435988
2.5789999999999997,-72.54108194641508,-71.51099663148675,-70.42005705292337,0.0685817358603184,2.2526124334637734,1.0475410267693277
2.58,-72.57675849619565,-71.51314623341186,-70.42220665484847,0.06776806136710391,2.258985270197432,1.053913863502986
2.5810000000000004,-72.69643977836016,-71.52309899515365,-70.43215941659027,0.06692503399240679,2.268192687079193,1.0631212803847476
2.582,-72.61996337323549,-71.54085209380074,-70.44991251523734,0.0661141585956469,2.2809133028125115,1.075841896118066
2.583,-72.6614171224252,-71.56096908687014,-70.47002950830675,0.06585501984001436,2.2968395740957894,1.091768167401344
2.5839999999999996,-73.00175227745873,-71.58939207169419,-70.4984524931308,0.06811689291625522,2.3131116262551124,1.1080402195606667
2.585,-72.92188497320231,-71.63756723106614,-70.54662765250275,0.06780760082116016,2.3281893811117973,1.1231179744173516
2.5860000000000003,-72.93750530704098,-71.69816111031282,-70.60722153174943,0.07007710457958455,2.3430092088651957,1.13793780217075
2.5869999999999997,-72.89340747858611,-71.75724146978266,-70.66630189121928,0.07236375846328054,2.357184109880349,1.1521127031859038
2.588,-72.63603916225915,-71.7985014334056,-70.70756185484221,0.07608204091586193,2.369783550617096,1.1647121439226504
2.5890000000000004,-72.8968246313156,-71.81290494121662,-70.72196536265325,0.07336195614315011,2.380015379403362,1.1749439727089164
2.59,-72.9268416615893,-71.81529719521103,-70.72435761664765,0.07248722893515748,2.387407672856116,1.1823362661616705
2.591,-72.92092755992606,-71.81634989277053,-70.72541031420714,0.07322896809179527,2.39055672742721,1.1854853207327645
2.5919999999999996,-72.77614449599852,-71.81169826156834,-70.72075868300495,0.07256630239446385,2.3884167210081224,1.183345314313677
2.593,-73.03855245482399,-71.80357411624843,-70.71263453768505,0.07540060505504535,2.382445817522539,1.1773744108280937
2.5940000000000003,-72.8691608429569,-71.79811075002792,-70.70717117146452,0.08161783393232439,2.3731456930566095,1.168074286362164
2.5949999999999998,-72.91753374497299,-71.78976484973361,-70.69882527117024,0.07941390794747115,2.360348311200315,1.1552769045058702
2.596,-72.83008598162401,-71.77420484555361,-70.68326526699023,0.07917755576011254,2.345672182698191,1.1406007760037453
2.5970000000000004,-72.90562022049171,-71.75235644029165,-70.66141686172828,0.08097390867863283,2.331361081601655,1.1262896749072095
2.598,-72.8733761666813,-71.72761381132722,-70.63667423276382,0.08386556373360456,2.317753136442684,1.1126817297482379
2.599,-73.00702981635024,-71.70592036100817,-70.61498078244479,0.08287891938844029,2.3048489448930796,1.099777538198634
2.5999999999999996,-73.12217249935524,-71.69703536243357,-70.60609578387017,0.07866667439099077,2.293943752599976,1.0888723459055305
2.601,-73.3536678835905,-71.71261573793188,-70.62167615936849,0.08012986404531897,2.2864280013180514,1.0813565946236061
2.6020000000000003,-73.40526139540144,-71.75836507165957,-70.66742549309618,0.07997155351534607,2.283545772966134,1.078474366271689
2.6029999999999998,-73.29433351779255,-71.82428220983181,-70.73334263126843,0.08068146999481443,2.2840544553014386,1.0789830486069931
2.604,-73.44459764961265,-71.89602137544814,-70.80508179688478,0.07768916375258159,2.2857120161563618,1.080640609461916
2.6050000000000004,-73.50578571599938,-71.97242704533022,-70.88148746676684,0.07523428715095304,2.287896244270031,1.082824837575585
2.606,-73.52826822493591,-72.05459154621913,-70.96365196765575,0.07265874009060114,2.2914724171099636,1.086401010415518
2.607,-73.62652498351466,-72.14013090282509,-71.04919132426171,0.07111180989743561,2.2993605180922847,1.094289111397839
2.6079999999999997,-73.51259669068011,-72.22449996713186,-71.13356038856848,0.07002721227101992,2.313474962208272,1.1084035555138265
2.609,-73.66054138152579,-72.30082398108624,-71.20988440252287,0.06886684914665316,2.332305105632517,1.1272336989380713
2.6100000000000003,-73.78078665249339,-72.3742248937692,-71.2832853152058,0.06812038957737179,2.3532779393062366,1.1482065326117912
2.6109999999999998,-73.63560718339019,-72.44588291599527,-71.35494333743189,0.06944812291761385,2.3742560986709695,1.1691846919765245
2.612,-73.70170603706954,-72.50656537315447,-71.4156257945911,0.07316264665305709,2.3924379975386056,1.1873665908441597
2.6130000000000004,-73.66084130769558,-72.5535382293494,-71.46259865078602,0.0756630489633484,2.4062481726475844,1.2011767659531387
2.614,-73.6342755913722,-72.58453196628193,-71.49359238771855,0.07584280222142518,2.4168577977750094,1.2117863910805644
2.615,-73.67009031725155,-72.60001185738405,-71.50907227882068,0.0760703264788675,2.424690526986578,1.2196191202921327
2.6159999999999997,-73.70829435142608,-72.60928223549095,-71.51834265692759,0.0783481527515308,2.4279907075887124,1.222919300894267
2.617,-73.60107691222008,-72.61576995435831,-71.52483037579492,0.08046162856912006,2.426130119922016,1.2210587132275705
2.6180000000000003,-73.6980031374845,-72.61881324687674,-71.52787366831336,0.0827588194753273,2.4198999541534976,1.2148285474590519
2.6189999999999998,-73.63359834128799,-72.62081478293796,-71.52987520437458,0.08098963910384302,2.4117890748019915,1.206717668107546
2.62,-73.47905601711918,-72.61608135195053,-71.52514177338713,0.08088210591040772,2.403643293892216,1.1985718871977702
2.6210000000000004,-73.74693811721227,-72.60306076362438,-71.512121185061,0.08386506932839269,2.393364753618847,1.1882933469244017
2.622,-73.66769064170863,-72.59247954790379,-71.50153996934041,0.08168644600304643,2.3802989730484274,1.1752275663539817
2.623,-73.58930377747204,-72.58342747234457,-71.49248789378119,0.08133692711753668,2.3664274485944743,1.1613560419000293
2.6239999999999997,-73.82871255537418,-72.57551105013296,-71.48457147156958,0.08044757916323926,2.35193741688238,1.1468660101879347
2.625,-73.61728130857358,-72.57464286910877,-71.48370329054538,0.0819333276571187,2.3368786674705024,1.1318072607760572
2.6260000000000003,-73.88249478736287,-72.5795885925381,-71.48864901397474,0.0796438387949284,2.3233619358837694,1.1182905291893241
2.627,-73.99095664900697,-72.59753377855199,-71.50659419998861,0.08022362708398637,2.312087579770919,1.1070161730764736
2.628,-74.11598590684609,-72.6377713068727,-71.54683172830933,0.07898989566402018,2.3028605107644853,1.0977891040700394
2.6290000000000004,-74.14658185085877,-72.69877034304112,-71.60783076447774,0.07901028089680287,2.2955095418822493,1.0904381351878039
2.63,-74.18559716199475,-72.77282841022837,-71.681888831665,0.07622273812715835,2.290526920780376,1.08545551408593
2.6310000000000002,-74.23289645570777,-72.85209938440748,-71.7611598058441,0.07749463115084278,2.2881879226402675,1.0831165159458223
2.6319999999999997,-74.22439473530203,-72.93060158302735,-71.83966200446399,0.0737481511460897,2.2881079411521865,1.0830365344577413
2.633,-74.3291828254087,-73.00607735422739,-71.91513777566401,0.07592383695264135,2.2902760345034836,1.0852046278090381
2.6340000000000003,-74.4050258176138,-73.08129736129585,-71.99035778273246,0.07265952202532154,2.295868160259772,1.0907967535653265
2.635,-74.50129268490831,-73.15744460293635,-72.06650502437297,0.07266229770844697,2.3062885659711143,1.1012171592766689
2.636,-74.37781781616609,-73.23090392205819,-72.13996434349481,0.07470455057103234,2.322349366887945,1.1172779601934992
2.6370000000000005,-74.43299918132854,-73.29586764882798,-72.20492807026461,0.07499860884921433,2.3415643119276677,1.1364929052332222
2.638,-74.33470813238993,-73.34828341911042,-72.25734384054704,0.07542983045264402,2.360700302133619,1.1556288954391738
2.6390000000000002,-74.12396544529325,-73.37711806382961,-72.28617848526622,0.07642207538770436,2.378397729606818,1.173326322912373
2.6399999999999997,-74.20065278860832,-73.37608553683361,-72.28514595827023,0.07753451907505639,2.394197389591146,1.189125982896701
2.641,-74.34247225981632,-73.35995543448658,-72.26901585592319,0.0799488583541531,2.4074233483609073,1.2023519416664619
2.6420000000000003,-74.377891963863,-73.34687276746945,-72.25593318890608,0.08262394938726628,2.417652939198124,1.2125815325036784
2.643,-74.29531739449979,-73.33797806720588,-72.24703848864252,0.08308858394741235,2.424694434097809,1.2196230274033633
2.644,-74.28435238696721,-73.32531525884197,-72.23437568027859,0.08630831184807393,2.4283646966661636,1.2232932899717182
2.6479999999999997,-74.32100862264362,-73.20185838723162,-72.11091880866825,0.09141550816026835,2.4073103448457713,1.202238938151326
2.649,-74.32182535654448,-73.17783053261488,-72.0868909540515,0.09157815927154675,2.3954105364080207,1.1903391297135755
2.6500000000000004,-74.52742109106462,-73.15590402297552,-72.06496444441213,0.09235745112292511,2.381561077529549,1.1764896708351034
2.651,-74.82923744333715,-73.15393233818189,-72.06299275961851,0.09555350048375011,2.366692587579979,1.1616211808855337
2.652,-74.87971577482942,-73.18477134636439,-72.093831767801,0.09375555522365996,2.349913981233472,1.1448425745390267
2.6530000000000005,-74.79917480549544,-73.23956137189661,-72.14862179333323,0.09572972439777995,2.3320514472292726,1.1269800405348274
2.654,-74.8721650024303,-73.30158020575934,-72.21064062719597,0.0956527480155849,2.315344628098269,1.1102732214038238
2.6550000000000002,-74.91503658390023,-73.36512617471476,-72.27418659615138,0.09404299045136416,2.301975418961836,1.0969040122673903
2.6559999999999997,-74.98322630623304,-73.43025546064437,-72.339315882081,0.09068103604234894,2.294937187731246,1.0898657810368009
2.657,-74.96713263302873,-73.49681693774981,-72.40587735918645,0.08996419512612247,2.294417748773179,1.0893463420787337
2.6580000000000004,-74.97288510953751,-73.56312003888178,-72.4721804603184,0.09011425425712966,2.297833730527497,1.0927623238330517
2.659,-74.95705836903053,-73.6264477142151,-72.53550813565172,0.08777469145711701,2.3050826548863377,1.1000112481918922
2.66,-74.85823880233413,-73.6798467186608,-72.58890714009743,0.08537603682806824,2.3185584806459016,1.1134870739514557
2.6609999999999996,-75.0798040232264,-73.72219669412573,-72.63125711556235,0.08387345386421818,2.33847128081598,1.133399874121535
2.662,-75.20189394399982,-73.76691590387355,-72.67597632531016,0.08359201139975182,2.361021043777696,1.1559496370832507
2.6630000000000003,-75.1737952115372,-73.82186454054835,-72.73092496198497,0.0826823759651621,2.382759143387098,1.1776877366926521
2.6639999999999997,-75.00439577178697,-73.87547701429266,-72.78453743572928,0.08348700415848581,2.4024832491179744,1.197411842423529
2.665,-74.92993984005007,-73.91159450668874,-72.82065492812536,0.0840876986656776,2.4206109645442515,1.215539557849806
2.6660000000000004,-74.77320113357844,-73.92219693813784,-72.83125735957447,0.08522722002155504,2.437308308153078,1.2322369014586327
2.667,-74.93129906734515,-73.91120094649455,-72.82026136793115,0.0866030615040974,2.452838441743416,1.2477670350489707
2.668,-74.90041088114997,-73.89105904928736,-72.80011947072397,0.0894225756616258,2.4674564476469754,1.2623850409525297
2.6689999999999996,-74.97201198249637,-73.8702066023849,-72.77926702382152,0.09019692621204942,2.479239136213716,1.2741677295192706
2.67,-75.00153207113213,-73.85297951103696,-72.76203993247358,0.09054406315146411,2.4874583968538144,1.2823869901593687
2.6710000000000003,-75.11439988069924,-73.84513159558418,-72.75419201702081,0.09186514060961973,2.4937673539556076,1.288695947261162
2.6719999999999997,-75.15679682249629,-73.85014903124622,-72.75920945268282,0.09611097626873924,2.4976489537542856,1.29257754705984
2.673,-75.01999620136274,-73.86178649717698,-72.77084691861359,0.10426964200475393,2.4958645183911785,1.2907931116967333
2.6740000000000004,-75.11189510692518,-73.8693461103514,-72.77840653178801,0.10351650701649064,2.4868071994751157,1.2817357927806703
2.675,-75.11237833665692,-73.87222329524114,-72.78128371667776,0.10488794505603483,2.4706933769952917,1.2656219703008464
2.676,-75.2081318608282,-73.87387833064452,-72.78293875208114,0.10834906911322179,2.4487895984268753,1.2437181917324298
2.6769999999999996,-75.38724176081418,-73.8822873652588,-72.79134778669541,0.10900133483288527,2.423337678413239,1.2182662717187935
2.678,-75.51680845047764,-73.90758691089165,-72.81664733232827,0.10705512479570657,2.3976741961319843,1.1926027894375393
2.6790000000000003,-75.56999226966705,-73.951533848417,-72.86059426985362,0.1058963631241318,2.3734334561805412,1.1683620494860958
2.6799999999999997,-75.60351674097043,-74.00830866161591,-72.91736908305253,0.1067520193184735,2.352094922766326,1.1470235160718807
2.681,-75.6584390533253,-74.07192055517028,-72.9809809766069,0.1052130395354748,2.3357131124511574,1.1306417057567117
2.6820000000000004,-75.52913350331379,-74.13377932706254,-73.04283974849916,0.10361949929414617,2.3239503124400804,1.118878905745635
2.683,-75.45206593683706,-74.18090624597183,-73.08996666740843,0.10329328091536208,2.3143611306155716,1.1092897239211263
2.684,-75.79839112527965,-74.21741517821593,-73.12647559965255,0.10305119455331783,2.305411351337879,1.1003399446434339
2.6849999999999996,-75.6801190445136,-74.25940069866162,-73.16846112009823,0.09771484609119306,2.2990697553335453,1.0939983486391003
2.686,-75.69529430627608,-74.30548078795456,-73.21454120939119,0.0988881512909325,2.298200202693865,1.0931287959994196
2.6870000000000003,-75.85014523372195,-74.35212200285643,-73.26118242429305,0.09618559346062361,2.303987851927401,1.0989164452329554
2.6879999999999997,-75.6773256511688,-74.3994829235577,-73.3085433449943,0.0965606898309194,2.3164733379070657,1.1114019312126198
2.689,-75.67915228599283,-74.43861634557823,-73.34767676701483,0.09684921932935271,2.333259015158448,1.1281876084640023
2.6900000000000004,-75.57046098341652,-74.46431447019054,-73.37337489162717,0.09789641589968268,2.350406900184063,1.1453354934896174
2.691,-75.6629636315761,-74.47893464755505,-73.38799506899167,0.09768830443996157,2.3671463130689694,1.1620749063745242
2.692,-75.67732060305607,-74.48848485318287,-73.39754527461949,0.09498971316730814,2.3849733476357877,1.179901940941342
2.6929999999999996,-75.56652195183581,-74.4941092393223,-73.40316966075892,0.09937037262063733,2.4051819596910695,1.200110552996624
2.694,-75.54482149923591,-74.48885764509734,-73.39791806653396,0.1027116787229201,2.4275760529835977,1.2225046462891522
2.6950000000000003,-75.43896083454626,-74.46713003107918,-73.37619045251581,0.1059380310575648,2.4491641290805783,1.2440927223861327
2.6959999999999997,-75.57198667978246,-74.43187005965802,-73.34093048109465,0.10825696792694005,2.4654712286195166,1.2603998219250714
2.697,-75.62482623476149,-74.39650817069771,-73.30556859213434,0.11034194476123776,2.4735813270304976,1.2685099203360524
2.6980000000000004,-75.676948834085,-74.37357575024171,-73.28263617167832,0.11050437953358372,2.4738987199248084,1.268827313230363
2.699,-75.7565295833613,-74.36651117869037,-73.275571600127,0.11052910714509377,2.4696027003164116,1.2645312936219657
2.7,-75.64446949985472,-74.37001777932049,-73.27907820075711,0.11241521725446804,2.4630019361534363,1.2579305294589904
2.7009999999999996,-75.93790862210305,-74.37931745099095,-73.28837787242757,0.11961841924312176,2.4531697928287235,1.2480983861342778
2.702,-76.1185817123013,-74.40483378985614,-73.31389421129276,0.12107756067624889,2.438122441588711,1.233051034894265
2.7030000000000003,-76.11370909343039,-74.45237655349675,-73.36143697493335,0.12553019511442526,2.4174028275399104,1.212331420845465
2.7039999999999997,-76.27968189726208,-74.51704889829566,-73.42610931973228,0.1261106228367099,2.3932645345313306,1.1881931278368847
2.705,-76.21973047933825,-74.59267295735216,-73.50173337878878,0.12318571621414202,2.368352058125984,1.1632806514315386
2.7060000000000004,-76.34951121515626,-74.67124502284761,-73.58030544428424,0.12390717973147111,2.3443552154286613,1.1392838087342156
2.707,-76.5095737534295,-74.75392794830705,-73.66298836974369,0.12396538208713884,2.3236620872137865,1.118590680519341
2.708,-76.50783142005825,-74.84322117159066,-73.75228159302728,0.12276016186205842,2.308326136656521,1.103254729962075
2.7089999999999996,-76.45562850193167,-74.92966986553371,-73.83873028697033,0.12020438238805396,2.29859470956874,1.0935233028742941
2.71,-76.54703182078242,-75.00553487588117,-73.91459529731779,0.11903265753850127,2.2944662440128827,1.089394837318437
2.7110000000000003,-76.41450512409715,-75.06994584565012,-73.97900626708675,0.11341302486310807,2.2958798149063884,1.0908084082119425
2.7119999999999997,-76.4253681832541,-75.11941265098406,-74.02847307242068,0.11227107307974042,2.302764533972312,1.0976931272778663
2.713,-76.25513798405072,-75.14799856361819,-74.05705898505482,0.111376158327115,2.3146663758141846,1.1095949691197384
2.7140000000000004,-76.15344091514699,-75.14896180289023,-74.05802222432683,0.11068398936348602,2.329087988225905,1.1240165815314596
2.715,-76.27513149302527,-75.1286549873074,-74.03771540874402,0.10914838913817337,2.3439188384096425,1.1388474317151969
2.716,-76.51663030012892,-75.11038931716482,-74.01944973860144,0.10852754143768815,2.3589761932876216,1.1539047865931764
2.7169999999999996,-76.41159483066235,-75.10786221988079,-74.0169226413174,0.10721560448336885,2.376437734998116,1.1713663283036702
2.718,-76.33549659740159,-75.11274254271741,-74.02180296415403,0.10768180092045862,2.3977026967270083,1.192631290032563
2.7190000000000003,-76.21638143006507,-75.11178283189928,-74.02084325333591,0.10684727845337416,2.4213323424419566,1.2162609357475114
2.7199999999999998,-76.14704341665164,-75.09783063665965,-74.00689105809627,0.10801492141844107,2.445955173182491,1.2408837664880457
2.721,-76.1676613256347,-75.07033287096877,-73.97939329240539,0.11182091763717575,2.469832813827119,1.2647614071326732
2.7220000000000004,-76.2889188077105,-75.0392779594415,-73.94833838087811,0.11462976857135919,2.491647104372697,1.2865756976782516
2.723,-76.48139450587297,-75.01901157087077,-73.9280719923074,0.11775947417710268,2.5110384185785746,1.3059670118841287
2.724,-76.40042729893517,-75.01561882710983,-73.92467924854645,0.122826440374262,2.5254696296965835,1.3203982230021378
2.7249999999999996,-76.5483115732679,-75.02517697444918,-73.9342373958858,0.12240988854245453,2.534315867334001,1.3292444606395553
2.726,-76.57998700813955,-75.0470573842137,-73.95611780565034,0.12546549570067694,2.5393928844912463,1.3343214777968009
2.7270000000000003,-76.54018986475275,-75.07652395162133,-73.98558437305795,0.13265990141988976,2.539846061443865,1.3347746547494197
2.7279999999999998,-76.63183062355624,-75.10581580023535,-74.01487622167198,0.13455518043104256,2.534347692766176,1.3292762860717302
2.729,-76.94678536538699,-75.14262781063256,-74.05168823206918,0.13862437937912134,2.523548116668207,1.318476709973761
2.7300000000000004,-77.0949679640584,-75.20247727307812,-74.11153769451472,0.1375096330136132,2.5068320475229484,1.3017606408285034
2.731,-77.10444473346783,-75.28624045965694,-74.19530088109356,0.138305815603079,2.4817573643359654,1.27668595764152
2.732,-77.25656762586188,-75.38476110116409,-74.29382152260072,0.13891757029181948,2.4478657051120716,1.2427942984176268
2.7329999999999997,-77.21581650780527,-75.48943265663216,-74.39849307806878,0.1355781984059737,2.409994369817055,1.204922963122609
2.734,-77.32475248490002,-75.59135855966946,-74.50041898110607,0.13418036679056705,2.3750944531552336,1.1700230464607881
2.7350000000000003,-77.15464033532986,-75.68364847161423,-74.59270889305085,0.13435556467132928,2.3462325313528605,1.141161124658415
2.7359999999999998,-77.42572661837306,-75.76546590288409,-74.67452632432071,0.1281200720554987,2.3251168073308013,1.1200454006363558
2.737,-77.18231676093122,-75.84020658604756,-74.74926700748419,0.12498589365995963,2.315118074315022,1.1100466676205771
2.7380000000000004,-77.11910383713438,-75.8993391355608,-74.80839955699741,0.12424425243646525,2.3166852816988786,1.1116138750044333
2.739,-77.38429026014283,-75.94275231249509,-74.85181273393171,0.11980825467204444,2.32823643053763,1.1231650238431845
2.74,-77.46921830777997,-75.98963047075087,-74.89869089218749,0.11842238568461594,2.3494833510179567,1.144411944323511
2.7409999999999997,-77.27181763585611,-76.04299882839246,-74.95205924982906,0.11567798003981661,2.3793463904841667,1.1742749837897208
2.742,-77.01078720220949,-76.08069639780955,-74.98975681924618,0.11592971740702324,2.415649252214376,1.2105778455199305
2.7430000000000003,-76.8748282693353,-76.0828118245959,-74.99187224603253,0.11515288661975108,2.456135948959621,1.2510645422651756
2.7439999999999998,-76.89118876183414,-76.05016892110154,-74.95922934253817,0.11425925617333131,2.4971177809597442,1.2920463742652988
2.745,-76.91632765276529,-75.99611767224575,-74.90517809368237,0.12381342273354015,2.5352817127438394,1.3302103060493942
2.7460000000000004,-76.98414410619084,-75.93489257274412,-74.84395299418073,0.1242906217841962,2.5688106769828853,1.36373927028844
2.747,-77.10377762639665,-75.87945448540825,-74.78851490684485,0.1292928814925922,2.597149329284242,1.3920779225897966
2.748,-76.9815813239506,-75.83340147323138,-74.742461894668,0.13070751394428484,2.6209896792645404,1.4159182725700952
2.7489999999999997,-76.90737202718446,-75.7876897794189,-74.6967502008555,0.1397376467195877,2.640034280968754,1.4349628742743084
2.75,-76.90333000449218,-75.73635003722431,-74.64541045866095,0.1421176200772712,2.6516428869831397,1.446571480288694
2.7510000000000003,-76.74962510745112,-75.67660316739806,-74.58566358883468,0.14549215525989592,2.6564762603039243,1.451404853609479
2.752,-76.80523924062615,-75.60661705456684,-74.51567747600346,0.14802330448514373,2.6557154539858034,1.4506440472913578
2.753,-76.83835012498868,-75.53201397580017,-74.44107439723678,0.15165886494564104,2.647274228195136,1.4422028215006908
2.7540000000000004,-76.94913854710799,-75.46253683347703,-74.37159725491365,0.1547128452331229,2.6292141531449356,1.4241427464504899
2.755,-77.08237486557798,-75.40812558547215,-74.31718600690878,0.15601912428480552,2.601908388988238,1.3968369822937925
2.7560000000000002,-77.03481068115056,-75.3722974086029,-74.28135783003952,0.15842742251334602,2.56793010133787,1.362858694643425
2.7569999999999997,-76.89197072407526,-75.34485476243682,-74.25391518387346,0.15931657372863633,2.530341573394024,1.3252701666995788
2.758,-77.21178179565374,-75.32450925947494,-74.23356968091156,0.15324365309300753,2.4923861387101374,1.2873147320156921
2.7590000000000003,-77.3948659880736,-75.3292308894907,-74.23829131092731,0.1515935002540352,2.4580318553202454,1.2529604486258001
2.76,-77.48162314330922,-75.36806471772773,-74.27712513916435,0.15189370717023146,2.4287130450403125,1.2236416383458673
2.761,-77.6360437181809,-75.43671228995335,-74.34577271138998,0.1515676985814069,2.403820820194159,1.1987494134997132
2.7620000000000005,-77.58202567785045,-75.52795471614655,-74.43701513758317,0.14716034807804307,2.3824029918203387,1.1773315851258936
2.763,-77.45996889329818,-75.62607091847322,-74.53513133990984,0.14460035662693024,2.3659691466110697,1.1608977399166243
2.7640000000000002,-77.48765441338668,-75.71602302659038,-74.62508344802698,0.1406798465099281,2.356716834956832,1.151645428262387
2.7649999999999997,-77.73045329251809,-75.80072831600123,-74.70978873743786,0.13633367502292487,2.3554634332851063,1.1503920265906609
2.766,-77.65069127011745,-75.88894982885687,-74.7980102502935,0.13212826700518787,2.3638447946712984,1.1587733879768527
2.7670000000000003,-77.4983301070687,-75.97247155141609,-74.88153197285271,0.13101709446460166,2.383537861447513,1.1784664547530677
2.768,-77.65598300435168,-76.04197768817924,-74.95103810961585,0.1310156157488896,2.4112054900198014,1.2061340833253562
2.769,-77.92862381751765,-76.1101906322416,-75.01925105367822,0.12917366886094722,2.4432433335618997,1.2381719268674545
2.7700000000000005,-77.77994089411314,-76.18502678509468,-75.0940872065313,0.12843141910261036,2.477262480392874,1.2721910736984285
2.771,-77.66222154709064,-76.25229703406517,-75.16135745550179,0.1284867174992082,2.5110385124784305,1.3059671057839852
2.7720000000000002,-77.53689484619233,-76.29464952484682,-75.20370994628342,0.1323900989485953,2.542140753844149,1.337069347149704
2.7729999999999997,-77.59849651948217,-76.30810559852675,-75.21716601996337,0.1377380168802535,2.5676878372379686,1.3626164305435233
2.774,-77.61954780732697,-76.30061019461738,-75.209670616054,0.14157634890200954,2.586306314562221,1.3812349078677755
2.7750000000000004,-77.41263689903117,-76.2781673752022,-75.18722779663882,0.14435646719251743,2.598802527011927,1.3937311203174816
2.776,-77.45241959401397,-76.24093267573215,-75.14999309716876,0.14763072963172608,2.6062142841508673,1.4011428774564219
2.777,-77.54132970977402,-76.19563490581714,-75.10469532725376,0.15201935913781703,2.607590678409867,1.4025192717154216
2.7780000000000005,-77.62408008195767,-76.1530990709685,-75.06215949240512,0.15572516245453003,2.6008938657645415,1.3958224590700958
2.779,-77.49709293629603,-76.11464829935963,-75.02370872079626,0.1639163119773483,2.586271643317844,1.381200236623398
2.7800000000000002,-77.48474604707185,-76.07208798086228,-74.98114840229889,0.1654059887561149,2.5643414321131965,1.3592700254187509
2.7809999999999997,-77.49355123591712,-76.02268371235562,-74.93174413379224,0.16592943601391766,2.535774889039225,1.3307034823447794
2.782,-77.73308685059844,-75.97782599875075,-74.88688642018737,0.1679605250518022,2.5018765907223868,1.2968051840279415
2.7830000000000004,-77.95465330721085,-75.95681838934269,-74.86587881077931,0.1663255547196299,2.463827947659885,1.2587565409654395
2.784,-78.17118099775638,-75.97482396697698,-74.8838843884136,0.16516632031858408,2.4248258852605558,1.2197544785661105
2.785,-78.1945406683547,-76.03068603364623,-74.93974645508285,0.16724891417398716,2.3873656396166805,1.182294232922235
2.7859999999999996,-78.19554096186515,-76.11050080486504,-75.01956122630166,0.16478642718820544,2.35145482442037,1.1463834177259242
2.787,-78.36185801948395,-76.20314566689775,-75.11220608833439,0.15994222841083192,2.3194549833027143,1.114383576608269
2.7880000000000003,-78.32153572379343,-76.30412608018104,-75.21318650161764,0.1559490867038098,2.295702873931342,1.0906314672368964
2.7889999999999997,-78.5095260784345,-76.41010590916528,-75.3191663306019,0.15329966152859073,2.283328466806095,1.07825706011165
2.79,-78.3759501755037,-76.51868846936247,-75.4277488907991,0.14213472008717384,2.283579910721337,1.0785085040268916
2.7910000000000004,-78.48360942862223,-76.62593782738321,-75.53499824881985,0.1404589080382953,2.29729454632188,1.092223139627435
2.792,-78.62119622454111,-76.73176627658306,-75.64082669801967,0.13959808114981376,2.3237125283681874,1.1186411216737422
2.793,-78.57202358825624,-76.83705087272239,-75.74611129415901,0.13819193367315818,2.3608154289384418,1.1557440222439963
2.7939999999999996,-78.55929207668703,-76.93430960084818,-75.84337002228482,0.1364170438437311,2.4061945896673995,1.2011231829729538
2.795,-78.38451036785668,-77.01348931627223,-75.92254973770883,0.13358723116163299,2.456621551080468,1.2515501443860226
2.7960000000000003,-78.27698751323837,-77.06514442046144,-75.97420484189804,0.1347527076086566,2.5078307755959384,1.302759368901493
2.7969999999999997,-78.43249738677603,-77.09260090782068,-76.00166132925729,0.13621955615212633,2.5559516006799297,1.3508801939854844
2.798,-78.28015354535846,-77.10641688190572,-76.01547730334234,0.13807888040548238,2.5986487733849635,1.3935773666905182
2.7990000000000004,-78.16834232256201,-77.1034264078035,-76.01248682924012,0.14283849040445198,2.634539959918042,1.429468553223597
2.8,-78.09726797625164,-77.07754395544343,-75.98660437688007,0.14956235326028403,2.6625665354556634,1.457495128761218
2.801,-78.09249900775254,-77.03255400178719,-75.94161442322381,0.1536521338303379,2.6822494631027203,1.477178056408275
2.8019999999999996,-78.05428788921459,-76.97641225607684,-75.88547267751346,0.15982475377265407,2.6927825987846523,1.487711192090207
2.803,-78.08839512891636,-76.91612778914525,-75.82518821058187,0.16377980004691592,2.6953191471852196,1.490247740490774
2.8040000000000003,-77.91780226895139,-76.85100244105374,-75.76006286249036,0.17491030065977808,2.691900558443292,1.4868291517488463
2.8049999999999997,-77.90345499259628,-76.77690209669693,-75.68596251813355,0.1755496050538714,2.6811791419047903,1.4761077352103444
2.806,-78.04617151089775,-76.69988253613086,-75.60894295756748,0.1815476345842681,2.662315703682731,1.4572442969882857
2.8070000000000004,-78.1982901035002,-76.6365902853994,-75.545650706836,0.18264319491357303,2.6373081758299195,1.4322367691354743
2.808,-78.2114126163339,-76.59617629494333,-75.50523671637994,0.18455805547339596,2.608505744904277,1.4034343382098313
2.809,-78.45588408770976,-76.58141175655916,-75.49047217799577,0.18937906536325963,2.577292232090453,1.3722208253960075
2.8099999999999996,-78.54299018419867,-76.59680148868091,-75.50586191011753,0.18483414603638842,2.545916612221824,1.3408452055273783
2.811,-78.83098622212688,-76.64660122637564,-75.55566164781224,0.1809648933246597,2.5165855477535906,1.3115141410591449
2.8120000000000003,-79.12370785121583,-76.73842144622051,-75.64748186765713,0.17729465844355446,2.4888911560727642,1.2838197493783186
2.8129999999999997,-79.13315476254525,-76.87010262802553,-75.77916304946216,0.17445864855188842,2.462458773360868,1.2573873666664228
2.814,-79.18971083471807,-77.02327592364128,-75.93233634507789,0.17272039328822184,2.4392477878092778,1.234176381114832
2.8150000000000004,-79.34622750785229,-77.18638782253623,-76.09544824397285,0.16636641963010665,2.4209228583374327,1.2158514516429872
2.816,-79.19929926831274,-77.3523938126754,-76.26145423411202,0.16366136522682603,2.408601475473168,1.203530068778722
2.817,-79.1375591484927,-77.50403716872647,-76.4130975901631,0.15904359058830977,2.4047459024649114,1.1996744957704661
2.8179999999999996,-79.16727358582787,-77.6319162910076,-76.54097671244422,0.1574305637639868,2.411870925365855,1.2067995186714098
2.819,-79.22073391452646,-77.73938983342494,-76.64845025486154,0.15445508641625927,2.430032839374135,1.2249614326796892
2.8200000000000003,-79.16180031470974,-77.82862665511347,-76.73768707655009,0.15100580107154224,2.4586127949812226,1.253541388286777
2.8209999999999997,-79.09437846954422,-77.89749935530692,-76.80655977674353,0.148600374194153,2.4961946842949936,1.2911232776005483
2.822,-79.09544629566928,-77.94536485081836,-76.85442527225499,0.1481096482310299,2.539677584027477,1.334606177333031
2.8230000000000004,-79.02302329738745,-77.97439462984477,-76.88345505128137,0.14796601901090625,2.5861126636868788,1.381041256992433
2.824,-78.9075528485159,-77.98230588809409,-76.89136630953072,0.14877443886361455,2.6338569464215555,1.42878553972711
2.825,-79.03445495627008,-77.97103957066057,-76.88009999209717,0.1580976632612768,2.6795462151077976,1.4744748084133523
2.8259999999999996,-78.9797025539857,-77.9494623189775,-76.8585227404141,0.16336590012468122,2.718156998543386,1.5130855918489403
2.827,-78.84905783055913,-77.9161385902136,-76.82519901165021,0.16864779370934274,2.7465080820038317,1.5414366753093856
2.8280000000000003,-78.98495228123981,-77.87007457272783,-76.77913499416444,0.17302306686406263,2.7641552007073704,1.559083794012925
2.8289999999999997,-78.86882012978596,-77.81956833751877,-76.7286287589554,0.177529191691309,2.7726718909219437,1.5676004842274986
2.83,-78.63069197436973,-77.75918860481818,-76.6682490262548,0.18559163400294196,2.771852380470021,1.566780973775575
2.8310000000000004,-78.74224388249087,-77.68387197654003,-76.59293239797665,0.19155402314284947,2.759241177804911,1.5541697711104654
2.832,-78.71780746767975,-77.60297887571463,-76.51203929715125,0.18816528421790935,2.734704031591628,1.5296326248971825
2.833,-78.7218392555793,-77.52323443738148,-76.43229485881808,0.19347391267373076,2.70089610068281,1.495824693988364
2.8339999999999996,-78.96950051492442,-77.45379359156142,-76.36285401299804,0.1964544375550367,2.6592863355684546,1.454214928874009
2.835,-78.96145049401945,-77.4077902913843,-76.31685071282091,0.19743982120854128,2.6122864902211873,1.4072150835267419
2.8360000000000003,-79.17169372033794,-77.38894139732405,-76.29800181876065,0.1936514594782097,2.562503123517699,1.3574317168232537
2.8369999999999997,-79.36757931582488,-77.4038997364284,-76.31296015786502,0.18945831850247413,2.5109268765417125,1.3058554698472675
2.838,-79.37304236278798,-77.45285428105929,-76.36191470249591,0.18674924691194558,2.460449903766468,1.2553784970720225
2.8390000000000004,-79.32492696005994,-77.52086351570195,-76.42992393713857,0.18221251461364374,2.4149414739943644,1.209870067299919
2.84,-79.64079230433472,-77.59979757935369,-76.50885800079031,0.17883748311041306,2.3769676550897496,1.1718962483953044
2.841,-80.02963634237038,-77.70678852682363,-76.61584894826025,0.1760507761735966,2.348083169416676,1.1430117627222307
2.8419999999999996,-79.8686870380105,-77.85106103270724,-76.76012145414387,0.16918578479009985,2.3296991883619436,1.124627781667498
2.843,-80.01303475764081,-78.01603592824651,-76.92509634968313,0.16420336013452952,2.3237349394424855,1.1186635327480403
2.8440000000000003,-79.97523972542456,-78.18480616619999,-77.09386658763663,0.15693724998991368,2.3329776001946843,1.1279061935002388
2.8449999999999998,-80.17974406992369,-78.35124918485961,-77.26030960629622,0.15525978078087024,2.3580816649524152,1.15301025825797
2.846,-80.32892172492791,-78.51935506176589,-77.42841548320251,0.15409387913449232,2.3969321558570775,1.1918607491626323
2.8470000000000004,-80.22540123246628,-78.68842959384111,-77.59749001527773,0.1529632713957824,2.4458969042709877,1.2408254975765423
2.848,-80.22822534776856,-78.84683937819234,-77.75589979962896,0.15026502968377647,2.5008448877562683,1.2957734810618227
2.849,-79.95382502624496,-78.98043989677687,-77.88950031821348,0.150848281781292,2.556968356546207,1.3518969498517617
2.8499999999999996,-79.76005718377073,-79.07126240806535,-77.98032282950196,0.15186258382691525,2.611910818969925,1.4068394122754797
2.851,-79.7091944542794,-79.1131740023571,-78.02223442379372,0.15534010894493008,2.6640477985297126,1.4589763918352674
2.8520000000000003,-79.70347752911555,-79.11546263284016,-78.02452305427677,0.16035067488007512,2.710482330900096,1.5054109242056504
2.8529999999999998,-79.39233958896185,-79.07983448023731,-77.98889490167394,0.16833070927998944,2.7487854170281962,1.5437140103337508
2.854,-79.35094990985499,-79.00105286349944,-77.91011328493606,0.17035824904287653,2.777539905521497,1.5724684988270512
2.8550000000000004,-79.3205971883367,-78.88975842580662,-77.79881884724324,0.1741416783148936,2.7967382190021266,1.591666812307681
2.856,-79.29524621383783,-78.76460804621577,-77.67366846765238,0.1822102402668462,2.8052331500490606,1.6001617433546156
2.857,-79.29898828334832,-78.63682964148519,-77.54589006292181,0.1871491504051466,2.8008557619793812,1.5957843552849362
2.8579999999999997,-79.44110225163706,-78.51748691509027,-77.4265473365269,0.1948426480556181,2.7830052356824933,1.5779338289880478
2.859,-79.45605588850333,-78.41628097012732,-77.32534139156392,0.19656515056399443,2.751599924321944,1.5465285176274983
2.8600000000000003,-79.66974282143111,-78.3389184590502,-77.24797888048683,0.19973824277191152,2.709885680714583,1.5048142740201376
2.8609999999999998,-79.56151925156855,-78.28484048057616,-77.19390090201277,0.2024456760708253,2.6637149575949666,1.458643550900521
2.862,-79.72466207247152,-78.24821703709951,-77.15727745853611,0.20325577990120788,2.6157079446814575,1.4106365379870123
2.8630000000000004,-79.99933399985501,-78.23572106703145,-77.14478148846807,0.20330554517899024,2.566540155346089,1.3614687486516435
2.864,-80.02651201037571,-78.259156941769,-77.16821736320563,0.19611008512140118,2.51992250930638,1.3148511026119347
2.865,-80.41308624952818,-78.32362427991337,-77.23268470135,0.19005509899780995,2.480590257305976,1.275518850611531
2.8659999999999997,-80.46808478566265,-78.43221985161425,-77.34128027305086,0.18712508932730593,2.450220812283244,1.245149405588799
2.867,-80.55664337954951,-78.57380061696405,-77.48286103840066,0.1772448244525804,2.4284884522114294,1.2234170455169837
2.8680000000000003,-80.60538956192883,-78.73247447966314,-77.64153490109976,0.1710498022205774,2.416963065929836,1.2118916592353906
2.8689999999999998,-80.77598187861422,-78.90155887688067,-77.81061929831728,0.16464692047621202,2.41975169824163,1.2146802915471846
2.87,-80.79553240517657,-79.07532424474984,-77.98438466618646,0.1637933303892269,2.440013851721614,1.2349424450271687
2.8710000000000004,-80.84019959557101,-79.24456833349066,-78.15362875492728,0.16399845263372081,2.477055740808567,1.2719843341141215
2.872,-80.88517421996882,-79.40386868896272,-78.31292911039932,0.16033276090734394,2.527140268191813,1.3220688614973677
2.873,-80.7403503183036,-79.54643620005847,-78.45549662149509,0.15474684319544224,2.5869791064426835,1.3819076997482382
2.8739999999999997,-80.8248087894969,-79.66743137168743,-78.57649179312405,0.15601797702792944,2.6542318074188316,1.4491604007243863
2.875,-80.79231430838136,-79.77188559501644,-78.68094601645306,0.15427178754434454,2.7265034972317372,1.5214320905372913
2.8760000000000003,-80.4329321344662,-79.85065946210852,-78.75971988354513,0.15675076311919217,2.8002162320543476,1.5951448253599019
2.877,-80.22831142179005,-79.88063737847764,-78.78969779991426,0.1643720581610026,2.870527646034967,1.665456239340521
2.878,-80.16926729976485,-79.85542721209768,-78.7644876335343,0.1726856826934923,2.93265683833389,1.7275854316394446
2.8790000000000004,-80.12258067161919,-79.78944890587252,-78.69850932730914,0.17679957821520978,2.9820275174407156,1.7769561107462701
2.88,-80.10855311446204,-79.70045092651155,-78.60951134794817,0.1869193339804304,3.015372643952685,1.8103012372582397
2.8810000000000002,-79.974651729688,-79.59837802257182,-78.50743844400844,0.19297727070015078,3.0311509394611864,1.8260795327667407
2.8819999999999997,-79.61893351416381,-79.4776311265195,-78.38669154795612,0.19739190525103173,3.0299094463841314,1.824838039689686
2.883,-79.75013635125283,-79.33648109963467,-78.2455415210713,0.20287750620061115,3.0127335401530955,1.8076621334586498
2.8840000000000003,-79.71594928861309,-79.19116456425459,-78.10022498569121,0.20737289889371038,2.9811786905275666,1.7761072838331213
2.885,-79.77046474679416,-79.05739368317042,-77.96645410460704,0.21319744429749965,2.9376036197502216,1.7325322130557763
2.886,-79.93376105540646,-78.94452089306805,-77.85358131450465,0.2156449907771216,2.8835325033482038,1.678461096653758
2.8870000000000005,-80.0755848824676,-78.86316839576978,-77.77222881720641,0.21468769957821063,2.821254341422572,1.616182934728127
2.888,-80.22084064967305,-78.81808035630104,-77.72714077773765,0.21603489875332052,2.754680614446038,1.5496092077515928
2.8890000000000002,-80.63759301677365,-78.81825295405929,-77.7273133754959,0.2136517428807363,2.6879644795502653,1.4828930728558196
2.8899999999999997,-80.74355243009455,-78.87413736857609,-77.78319779001272,0.20964430771927015,2.6237240741436936,1.4186526674492481
2.891,-81.18053632183823,-78.98761945306084,-77.89667987449747,0.20303447172303016,2.5637417908500586,1.3586703841556131
2.8920000000000003,-81.32425393127347,-79.15727073759749,-78.0663311590341,0.19777849664325428,2.5115022460134817,1.3064308393190363
2.893,-81.43958442076772,-79.37169843401608,-78.2807588554527,0.1838443899699798,2.471014576868693,1.2659431701742474
2.894,-81.42705263785925,-79.60734843608505,-78.51640885752167,0.1762711902488773,2.4460825606791268,1.2410111539846815
2.8950000000000005,-81.42926343572053,-79.84095334291926,-78.75001376435588,0.16809592810668667,2.440716465500147,1.235645058805701
2.896,-81.66899608918143,-80.0632965928547,-78.97235701429132,0.16114331891170017,2.457045139408925,1.2519737327144793
2.8970000000000002,-81.78179959353828,-80.27819441881051,-79.18725484024712,0.15407264215013142,2.494552318546057,1.2894809118516115
2.8979999999999997,-81.67913786536396,-80.48088438506768,-79.3899448065043,0.1541789686792096,2.550633927419223,1.3455625207247777
2.899,-81.64459685476469,-80.65842659483478,-79.5674870162714,0.1550912488120156,2.6209882921559107,1.4159168854614654
2.9000000000000004,-81.67507256162352,-80.80616115531753,-79.71522157675415,0.15297516762788238,2.7006936553198138,1.4956222486253683
2.901,-81.62841592229235,-80.9272266406248,-79.83628706206142,0.1570367405973703,2.7832670815921476,1.5781956748977022
2.902,-81.35621877049505,-81.01529677067965,-79.92435719211626,0.16339984916381134,2.8589304961917743,1.6538590894973288
2.9030000000000005,-81.2209325833029,-81.0587794585623,-79.96783987999893,0.16382495910051514,2.92031711127375,1.7152457045793044
2.904,-80.89140873192113,-81.05098151708377,-79.96004193852039,0.16852565986388357,2.965155855899292,1.7600844492048464
2.9050000000000002,-80.76375171337709,-80.9879880617667,-79.89704848320333,0.17877736645961012,2.9932742352803596,1.7882028285859142
2.9059999999999997,-80.4037797601653,-80.86710480645887,-79.7761652278955,0.19156126236813897,3.0032644394185404,1.7981930327240954
2.907,-80.27327291204615,-80.6883485697969,-79.59740899123352,0.19941038272128106,2.9939234895175586,1.7888520828231136
2.9080000000000004,-80.66265067634492,-80.47821118002769,-79.3872716014643,0.2046733422369708,2.9678733655227756,1.7628019588283304
2.909,-80.79526108371813,-80.28287102161805,-79.19193144305466,0.2057508255525326,2.9297999236459105,1.7247285169514648
2.91,-80.69835150765152,-80.12449081892423,-79.03355124036084,0.20598733732645097,2.8820602914392333,1.6769888847447878
2.9109999999999996,-80.72361022188355,-79.99870825673813,-78.90776867817473,0.21014368702314928,2.8259631169191546,1.6208917102247093
2.912,-80.87777784874366,-79.90458022108787,-78.81364064252449,0.21691095991801043,2.7636823250875446,1.558610918393099
2.9130000000000003,-81.03930125947895,-79.84711520434074,-78.75617562577737,0.22009834405473702,2.6993137679950627,1.4942423613006173
2.9139999999999997,-81.40634336337013,-79.83239912209415,-78.74145954353077,0.22070463417867653,2.6356164745065542,1.4305450678121088
2.915,-81.49387438973666,-79.86587575393062,-78.77493617536723,0.2163186411969818,2.5745481048384247,1.369476698143979
2.9160000000000004,-81.43103002672616,-79.93646114946158,-78.8455215708982,0.21083510018893903,2.5192353834017873,1.314163976707342
2.917,-81.63043687082909,-80.02691196329158,-78.93597238472819,0.20554046393645883,2.472409387577583,1.2673379808831375
2.918,-81.74453765013766,-80.1337650784714,-79.04282549990802,0.20061436907176822,2.434948241227862,1.2298768345334163
2.9189999999999996,-81.92463218944468,-80.26120077271995,-79.17026119415657,0.1905885936094605,2.408232814424492,1.2031614077300468
2.92,-82.1858296172904,-80.41589545946667,-79.3249558809033,0.18266469536544172,2.3954936077497226,1.1904222010552774
2.9210000000000003,-82.22457410793099,-80.59866895822573,-79.50772937966235,0.17913002413950255,2.400237267212609,1.1951658605181634
2.9219999999999997,-82.1886283519428,-80.7934249683161,-79.70248538975271,0.17610855960578153,2.424508064492202,1.2194366577977567
2.923,-82.22191881609254,-80.97744274209693,-79.88650316353355,0.17232715776725535,2.468555945133545,1.2634845384390994
2.9240000000000004,-82.14852567691473,-81.13585581086348,-80.0449162323001,0.16917854553142667,2.5301044410962548,1.3250330344018093
2.925,-82.3351029174529,-81.2687142108236,-80.17777463226024,0.1735895461441458,2.605497817627278,1.4004264109328326
2.926,-82.32571400825795,-81.38975693878477,-80.29881736022139,0.17336113494444347,2.6896069909216473,1.4845355842272019
2.9269999999999996,-82.26356888361697,-81.50392304392902,-80.41298346536564,0.17014051469252622,2.775280480281344,1.5702090735868988
2.928,-82.08779235176891,-81.59950085887624,-80.50856128031285,0.1701744862298891,2.8551347142123946,1.650063307517949
2.9290000000000003,-81.78613139235472,-81.6564767143686,-80.5655371358052,0.17218838573892387,2.923202439157943,1.7181310324634977
2.9299999999999997,-81.7279258657552,-81.66080975759752,-80.56987017903414,0.18389402874954355,2.9748113707988146,1.7697399641043687
2.931,-81.40245658484048,-81.60968641843314,-80.51874683986978,0.18950834561175856,3.006889445255076,1.801818038560631
2.9320000000000004,-81.38564059646897,-81.50683066780675,-80.41589108924336,0.19783711303883003,3.018092679326337,1.8130212726318915
2.933,-81.41676477310857,-81.37128352418723,-80.28034394562387,0.20369694423121099,3.0095764305882664,1.804505023893821
2.934,-81.39743503036465,-81.22650646793038,-80.135566889367,0.21375561288028486,2.9841640301872014,1.779092623492756
2.9349999999999996,-81.47916613172116,-81.08861894388225,-79.99767936531886,0.22063787220572065,2.944225863046857,1.7391544563524117
2.936,-81.46741687721283,-80.96949706607839,-79.87855748751502,0.22550273759861786,2.8942516375400706,1.6891802308456252
2.9370000000000003,-81.37171860744218,-80.86801837560903,-79.77707879704565,0.22914677548186568,2.8393864770992776,1.6343150704048324
2.9379999999999997,-81.26560417474332,-80.77167261946595,-79.68073304090258,0.22977510775350432,2.7820636482318273,1.5769922415373814
2.939,-81.54059269302634,-80.67981809982379,-79.58887852126041,0.23166800359953846,2.723500911008081,1.5184295043136353
2.9400000000000004,-81.90912155071311,-80.61598838113305,-79.52504880256966,0.22836816945861263,2.665328532105412,1.4602571254109662
2.941,-82.09722305034771,-80.60288668481883,-79.51194710625543,0.22433914425693952,2.608055502232417,1.4029840955379713
2.942,-82.16120243150579,-80.6390765506533,-79.5481369720899,0.21794319141765506,2.5525110673283047,1.3474396606338594
2.9429999999999996,-82.2240512827802,-80.71152409665252,-79.62058451808915,0.21060824479800452,2.5016139228898866,1.296542516195441
2.944,-82.47545975037283,-80.81153042518518,-79.7205908466218,0.1978607438666145,2.4594344807699686,1.2543630740755234
2.9450000000000003,-82.49205829335995,-80.9363923939407,-79.8454528153773,0.1887720974423718,2.43074427447035,1.2256728677759046
2.9459999999999997,-82.75790493328304,-81.08434366058833,-79.99340408202495,0.1854611980820972,2.4197209725763322,1.2146495658818866
2.947,-83.05838877629425,-81.261560063293,-80.17062048472964,0.17982542554670486,2.4293641538324544,1.224292747138009
2.9480000000000004,-83.34919863850425,-81.47414437667835,-80.38320479811496,0.17474441206846483,2.4613842131404167,1.2563128064459712
2.949,-83.4401845418093,-81.71493950774394,-80.62399992918057,0.172580102669295,2.514122299297657,1.3090508926032118
2.95,-83.52910818987635,-81.96471515615004,-80.87377557758666,0.1718134995791944,2.583628796023608,1.3785573893291623
2.9509999999999996,-83.31234049232776,-82.20122684844948,-81.1102872698861,0.17749145183877438,2.66483033382314,1.4597589271286944
2.952,-83.29600248514149,-82.4055434970991,-81.31460391853571,0.17533240276237408,2.7519722856496887,1.546900878955243
2.9530000000000003,-83.10414466295053,-82.56823506675428,-81.47729548819089,0.17415851714314268,2.8390591220359243,1.6339877153414786
2.9539999999999997,-82.87750265361026,-82.68283434054091,-81.59189476197753,0.17893358858345562,2.918897629546969,1.7138262228525234
2.955,-82.61780920615045,-82.73928477564327,-81.64834519707989,0.1843984221753978,2.983507646235545,1.7784362395411
2.9560000000000004,-82.30359644512312,-82.72672651312764,-81.63578693456427,0.19112563457337806,3.0266725881835495,1.8216011814891042
2.957,-82.39581410704491,-82.64626432527758,-81.5553247467142,0.19866270176276357,3.0475678419550074,1.8424964352605617
2.958,-82.25747202706226,-82.51689720373865,-81.42595762517527,0.21093730051057116,3.0467638054840886,1.841692398789643
2.9589999999999996,-82.35416831049166,-82.36186577476421,-81.27092619620082,0.22312743082426315,3.0236209551866873,1.8185495484922414
2.96,-82.04672916389337,-82.19572642867048,-81.1047868501071,0.23195072260351007,2.981211429271852,1.7761400225774064
2.9610000000000003,-82.21973259958894,-82.02519888544819,-80.9342593068848,0.2387097570685314,2.926120600082494,1.7210491933880487
2.9619999999999997,-81.89171660184533,-81.85551296175507,-80.76457338319169,0.23933361819218377,2.865023980369379,1.6599525736749332
2.963,-81.8790227822296,-81.68533428052942,-80.59439470196604,0.23949726528450765,2.801924791803705,1.5968533851092594
2.9640000000000004,-82.0562840377451,-81.52222121576752,-80.43128163720414,0.24070958686885563,2.739123868919557,1.534052462225111
2.965,-82.06597661062914,-81.38356895043667,-80.29262937187328,0.23696603493129914,2.6786452716724045,1.4735738649779597
2.966,-82.14600516639446,-81.27782308251409,-80.18688350395072,0.23524212886702792,2.6221295766397477,1.4170581699453024
2.9669999999999996,-82.57619476657526,-81.21760136214078,-80.12666178357739,0.23041878149331457,2.5723693402608125,1.3672979335663678
2.968,-82.766242195845,-81.21943738486603,-80.12849780630266,0.22442836230551252,2.531042308887776,1.325970902193331
2.9690000000000003,-82.99366232291683,-81.28510014245091,-80.19416056388754,0.22364858910312002,2.496681060092189,1.291609653397744
2.9699999999999998,-83.18285980191068,-81.40770814015934,-80.31676856159596,0.21659280470769213,2.4678442048764486,1.2627727981820036
2.971,-83.32759771770247,-81.57584782763357,-80.48490824907017,0.20999686147509605,2.447128677308226,1.2420572706137807
2.9720000000000004,-83.48315389265741,-81.77459956964414,-80.68365999108075,0.20604413114109188,2.4379978521537162,1.2329264454592703
2.973,-83.61808419871255,-81.99089844041575,-80.89995886185237,0.1994637420611991,2.4427715313539573,1.2377001246595116
2.974,-83.81428945006121,-82.21540441033713,-81.12446483177375,0.19744365154066462,2.4636743498984033,1.2586029432039578
2.9749999999999996,-83.99470752432673,-82.44251652228695,-81.35157694372357,0.19537822437524363,2.5030412561573385,1.297969849462893
2.976,-83.72890478867053,-82.65657805985647,-81.56563848129309,0.19491618884727283,2.5601452330839036,1.3550738263894582
2.9770000000000003,-83.91250055138389,-82.83915984445036,-81.74822026588699,0.19334854473449334,2.6296177510283014,1.424546344333856
2.9779999999999998,-83.81838064075978,-82.99247235348086,-81.90153277491748,0.19154246664241292,2.704198405886532,1.4991269991920866
2.979,-83.77826865621803,-83.11955349988716,-82.02861392132378,0.19393328033370164,2.778293711496763,1.5732223048023177
2.9800000000000004,-83.61622664407419,-83.2132404255888,-82.12230084702541,0.1962035855260446,2.846354306242177,1.641282899547731
2.981,-83.26892827901953,-83.25844115024762,-82.16750157168426,0.20027797891611196,2.903549894833493,1.6984784881390473
2.982,-83.1267292488054,-83.23989776628144,-82.14895818771805,0.20269630640569514,2.947414159473021,1.742342752778576
2.9829999999999997,-82.9905496488166,-83.1608084696757,-82.06986889111234,0.21315600952775138,2.9759178725132625,1.770846465818817
2.984,-82.86808289567689,-83.03332468851855,-81.94238510995517,0.2271244753268368,2.9862098851689765,1.781138478474531
2.9850000000000003,-82.71242101015144,-82.86921011561252,-81.77827053704912,0.2325179315597155,2.9780902120108124,1.773018805316367
2.9859999999999998,-82.6146016262095,-82.68183520879391,-81.59089563023053,0.2357259720013455,2.9526545399371913,1.7475831332427458
2.987,-82.63555377017795,-82.48840125148706,-81.39746167292368,0.24202621395831983,2.9122401892850256,1.70716878259058
2.9880000000000004,-82.58114724037502,-82.30330482285609,-81.21236524429271,0.24379018522689233,2.8608241039914866,1.655752697297041
2.989,-82.43591000681694,-82.12893677933936,-81.03799720077596,0.24880405682866627,2.8018379131895412,1.596766506495096
2.99,-82.60506711280345,-81.96671131403028,-80.87577173546688,0.24895480530770786,2.738143254555199,1.5330718478607541
2.9909999999999997,-82.69473919944713,-81.82927443808849,-80.73833485952511,0.2485249044383027,2.6717210200704087,1.466649613375963
2.992,-82.68554792595073,-81.72438603956128,-80.63344646099792,0.24659942693354953,2.605241993895268,1.4001705872008223
2.9930000000000003,-83.22682887197637,-81.66066070901184,-80.56972113044846,0.2446022104944861,2.541710403655633,1.336638996961187
2.9939999999999998,-83.4349451541736,-81.65823516425468,-80.5672955856913,0.24015305221823866,2.483429241058687,1.2783578343642419
2.995,-83.78531848915257,-81.72523164511533,-80.63429206655195,0.23718011789336937,2.433709552968163,1.2286381462737181
2.9960000000000004,-83.69728387407696,-81.849586917776,-80.75864733921263,0.22995246637339187,2.3965553047032144,1.191483898008769
2.997,-83.93569526770307,-82.01080561939348,-80.91986604083009,0.22285631897480862,2.375096458971935,1.1700250522774895
2.998,-84.16041825242013,-82.19956102220017,-81.10862144363679,0.21539884980997812,2.37171037940375,1.1666389727093045
2.9989999999999997,-84.53685435612583,-82.41767617080681,-81.32673659224342,0.2095498418429161,2.3877569528649096,1.1826855461704646
3.0,-84.76067061178769,-82.66670546292221,-81.57576588435884,0.2041077254079333,2.4247847252066332,1.2197133185121876
3.0010000000000003,-84.89811281867038,-82.93877477294858,-81.84783519438518,0.19934466803386575,2.4840857856750467,1.2790143789806012
3.002,-84.75274764055241,-83.21032485541751,-82.11938527685412,0.20155772470837205,2.5622106061196543,1.3571391994252089
3.003,-84.83053363310562,-83.45729455294665,-82.36635497438326,0.19947199316809547,2.6517288274184314,1.446657420723986
3.0040000000000004,-84.73449623535626,-83.67188923083417,-82.58094965227079,0.20086130211003558,2.7433694781010582,1.5382980714066132
3.005,-84.48773712495313,-83.84623277022601,-82.75529319166262,0.2047799157766384,2.8280110312338484,1.6229396245394028
3.0060000000000002,-84.37386836018821,-83.96797639632125,-82.87703681775787,0.20780476192870154,2.898851695106724,1.693780288412278
3.0069999999999997,-84.08387225197652,-84.0297268199721,-82.93878724140873,0.21323763968670817,2.951287597390191,1.7462161906957459
3.008,-83.75765053438926,-84.02070604464305,-82.92976646607967,0.22892578018544849,2.982355941466354,1.7772845347719086
3.0090000000000003,-83.64914999992723,-83.93493771257367,-82.84399813401029,0.23710853431877982,2.9926583967089124,1.787586990014467
3.01,-83.5130267339016,-83.78578923048391,-82.69484965192053,0.24708788336337129,2.986492605441393,1.7814211987469473
3.011,-83.36257980248153,-83.5935831976416,-82.50264361907823,0.2561567602540999,2.9688293433378288,1.7637579366433829
3.0120000000000005,-83.09275123856095,-83.3709018614493,-82.27996228288592,0.25871942241584117,2.942197214249587,1.737125807555142
3.013,-83.3131108222978,-83.13294083371996,-82.04200125515658,0.2615167070167306,2.907620264674402,1.7025488579799566
3.0140000000000002,-83.17477806938045,-82.90237513813157,-81.8114355595682,0.2633025185435723,2.8675390309555677,1.6624676242611218
3.0149999999999997,-83.28843485293093,-82.69493319410728,-81.60399361554391,0.2650469727763135,2.824385327438711,1.6193139207442657
3.016,-83.46468777570811,-82.52548634367709,-81.43454676511371,0.2630534276390347,2.7783477509904397,1.5732763442959943
3.0170000000000003,-83.4850577826351,-82.4028723322786,-81.31193275371521,0.26044759485868413,2.7299248183378206,1.5248534116433752
3.018,-83.40704940379506,-82.31719906100604,-81.22625948244267,0.257859963770279,2.6818250693912584,1.4767536626968132
3.019,-83.6654749638064,-82.26063622448753,-81.16969664592415,0.2521721425451761,2.636068481105284,1.430997074410838
3.0200000000000005,-83.63166326800956,-82.23619506624743,-81.14525548768407,0.25157223185768157,2.592261077259675,1.387189670565229
3.021,-83.96895405737196,-82.24627911578503,-81.15533953722165,0.2449252277413047,2.552739934056982,1.3476685273625364
3.0220000000000002,-84.1469733286126,-82.29740496052081,-81.20646538195741,0.2396390477846846,2.5233372313397573,1.3182658246453118
3.0229999999999997,-84.536100052052,-82.39855276727623,-81.30761318871284,0.2333691534921382,2.509447339354997,1.3043759326605517
3.024,-84.76384441463459,-82.55513318748562,-81.46419360892224,0.22812118215788224,2.5137113846625754,1.3086399779681304
3.0250000000000004,-84.95105197348843,-82.76172447653387,-81.67078489797048,0.22299482107433383,2.5355676754001015,1.3304962687056558
3.026,-85.07252276193755,-83.00043681546605,-81.90949723690267,0.216680259935239,2.574795606498483,1.3697241998040373
3.027,-85.22825356747298,-83.25313035720546,-82.16219077864208,0.21610749037454913,2.6322720154361305,1.4272006087416846
3.0280000000000005,-85.44393331011875,-83.51136003766948,-82.4204204591061,0.2128848428985057,2.7057687892668074,1.5006973825723622
3.029,-85.34479932981614,-83.76766103749357,-82.67672145893017,0.21054580841841997,2.7895676748352396,1.5844962681407937
3.0300000000000002,-85.30140989808469,-84.00539358182904,-82.91445400326567,0.21320864468040399,2.8760460779381,1.6709746712436544
3.0309999999999997,-85.16438509729785,-84.2090462577158,-83.11810667915242,0.21589096468907312,2.957450346329934,1.7523789396354885
3.032,-84.95191810354261,-84.36446890015547,-83.2735293215921,0.21865833799762852,3.0277204042729755,1.8226489975785303
3.0330000000000004,-84.56957148156437,-84.4520564462951,-83.36111686773172,0.22500859345757374,3.0822546012875773,1.877183194593132
3.034,-84.38503632557322,-84.45713821998805,-83.36619864142466,0.23978389210775183,3.117822749938003,1.9127513432435574
3.035,-84.30949940932732,-84.38747894177202,-83.29653936320865,0.24141480544640082,3.13436932061017,1.9292979139157245
3.0359999999999996,-84.25146209481903,-84.26665591494549,-83.17571633638211,0.25124251029188793,3.1340973832553205,1.9290259765608753
3.037,-83.92415659444875,-84.11038493330153,-83.01944535473814,0.2560919276183881,3.1197361909563415,1.9146647842618958
3.0380000000000003,-83.94889282690232,-83.92777170070434,-82.83683212214096,0.26073861208738536,3.0946770199360234,1.8896056132415784
3.0389999999999997,-83.91748480934758,-83.73737067725062,-82.64643109868723,0.26886485019725975,3.0621423042292353,1.8570708975347898
3.04,-84.10428016667034,-83.55940389214106,-82.4684643135777,0.2734601654117856,3.0223067120509097,1.8172353053564643
3.0410000000000004,-84.09761427116159,-83.40668101844983,-82.31574143988644,0.27491772746946025,2.9741613946591188,1.769089987964673
3.042,-84.19496948790649,-83.28340787004299,-82.1924682914796,0.27439951918866806,2.9184733789676276,1.7134019722731815
3.043,-84.31000237487696,-83.19266526725411,-82.10172568869073,0.2748946161725445,2.8585374856430508,1.6534660789486053
3.0439999999999996,-84.28717971153705,-83.13262433963527,-82.04168476107189,0.2698983666010787,2.7976327804037973,1.5925613737093516
3.045,-84.55524364879648,-83.1013256909378,-82.01038611237443,0.26693775409012593,2.737988074174256,1.5329166674798105
3.0460000000000003,-84.86588846368693,-83.1103382615656,-82.01939868300222,0.2665341495799236,2.680900974193501,1.4758295674990558
3.0469999999999997,-85.11493853441408,-83.17241024945099,-82.0814706708876,0.2604325556446285,2.6298141624102036,1.4247427557157586
3.048,-85.17514462525503,-83.28345604823105,-82.19251646966765,0.2504452593951888,2.58877643174585,1.3837050250514042
3.0490000000000004,-85.41986522927655,-83.42981391951282,-82.33887434094946,0.24806333563747335,2.561280150838187,1.356208744143741
3.05,-85.72733091885252,-83.60829275054147,-82.51735317197809,0.2401303837921475,2.551433344305172,1.346361937610727
3.051,-86.09403189756655,-83.82522608036429,-82.7342865018009,0.2339794703518442,2.5617158894781804,1.3566444827837345
3.0519999999999996,-86.12744396207418,-84.07703685506257,-82.98609727649918,0.22982139884067407,2.59365551951515,1.3885841128207048
3.053,-86.16190549996709,-84.34152621792299,-83.25058663935961,0.22713811655620586,2.6480372357264135,1.4429658290319678
3.0540000000000003,-86.30049358328665,-84.60024167382714,-83.50930209526375,0.22647507601443687,2.720621445119127,1.5155500384246816
3.0549999999999997,-86.26299868598662,-84.84526697766856,-83.75432739910518,0.22255672197658666,2.8035542011190415,1.5984827944245958
3.056,-86.05077394828888,-85.0614402169706,-83.9705006384072,0.22495521118514353,2.887950839431999,1.6828794327375534
3.0570000000000004,-85.77204327592777,-85.22577850771772,-84.13483892915433,0.22579002968811604,2.965904620728564,1.7608332140341185
3.058,-85.4859554827209,-85.31902093847982,-84.22808135991644,0.23052464413546006,3.0305709615522143,1.825499554857769
3.059,-85.15860901270098,-85.32985120383226,-84.2389116252689,0.236456165703174,3.0766007921790286,1.8715293854845836
3.0599999999999996,-85.32328851025908,-85.26710843648436,-84.17616885792098,0.24686024097552223,3.1019823772159123,1.8969109705214668
3.061,-85.02274880116771,-85.15470895365645,-84.06376937509309,0.25896884236315426,3.10761475073568,1.9025433440412347
3.0620000000000003,-84.70584706417152,-84.99749436147059,-83.90655478290721,0.2659517094451797,3.0965084530681497,1.8914370463737042
3.0629999999999997,-84.79004531554153,-84.80143071234986,-83.71049113378649,0.2719905734831643,3.072430717709951,1.8673593110155056
3.064,-84.79001584551462,-84.59611200292397,-83.5051724243606,0.274347627724544,3.037609082738388,1.832537676043943
3.0650000000000004,-84.67473145218537,-84.4017415982751,-83.31080201971172,0.2806378410128518,2.9955053760618395,1.790433969367394
3.066,-84.42694087365416,-84.21260678794502,-83.12166720938164,0.2841958293783426,2.949384588681124,1.7443131819866788
3.067,-84.40937101757392,-84.01918698171276,-82.9282474031494,0.28724625270057624,2.9001575252323377,1.6950861185378923
3.0679999999999996,-84.68074688526394,-83.83460631274939,-82.74366673418601,0.2897348593224998,2.8478320859188857,1.64276067922444
3.069,-84.88790411499845,-83.68656104014562,-82.59562146158224,0.2852746799317651,2.7930693583636463,1.5879979516692004
3.0700000000000003,-85.06326167916903,-83.59113513913643,-82.50019556057306,0.28649673749206356,2.7371580668068676,1.5320866601124221
3.0709999999999997,-85.17642575224323,-83.5470483187717,-82.45610874020834,0.2828458651327356,2.6805254575774944,1.475454050883049
3.072,-85.51445785007094,-83.55198799191189,-82.46104841334851,0.2810765136917251,2.6271566887739843,1.4220852820795393
3.0730000000000004,-85.74232580724393,-83.60956455278864,-82.51862497422528,0.2726207834216192,2.5820565401312567,1.3769851334368108
3.074,-86.03366770169407,-83.72285417486773,-82.63191459630436,0.26194143013208354,2.547538616303967,1.3424672096095212
3.075,-86.29536653109535,-83.89130420684228,-82.80036462827891,0.2540601567739689,2.52684206068329,1.3217706539888445
3.0759999999999996,-86.50277701744876,-84.10743066329805,-83.01649108473467,0.24692487592931198,2.5228315892210365,1.3177601825265912
3.077,-86.75996363044955,-84.35924430115358,-83.2683047225902,0.23902182396474086,2.5372707157505467,1.332199309056101
3.0780000000000003,-86.954004199848,-84.63401155240331,-83.54307197383993,0.23422845189361113,2.573333735072664,1.3682623283782183
3.0789999999999997,-86.9057423983325,-84.91479348109446,-83.82385390253107,0.23242983559955743,2.630989788347767,1.4259183816533216
3.08,-87.03450462168344,-85.18417381243816,-84.0932342338748,0.23249209671174484,2.705350691823495,1.5002792851290496
3.0810000000000004,-86.83989238045942,-85.43038037724156,-84.33944079867817,0.2299533908620472,2.7889014998841724,1.5838300931897267
3.082,-86.6578173854202,-85.63552159125302,-84.54458201268965,0.2300404862307096,2.8741394273598386,1.669068020665393
3.083,-86.52985808442632,-85.78443448884471,-84.69349491028133,0.2339349871143494,2.9533505685545554,1.74827916186011
3.0839999999999996,-86.05001368513524,-85.86510077467116,-84.7741611961078,0.23723702728640073,3.0203298548398014,1.8152584481453566
3.085,-85.85327564620566,-85.86471026940107,-84.77377069083768,0.2485160264477251,3.0701548552513875,1.8650834485569423
3.0860000000000003,-85.61332732433141,-85.78305531041605,-84.69211573185265,0.25874203246491145,3.099910843959226,1.8948394372647808
3.0869999999999997,-85.42859829057134,-85.62925597693622,-84.53831639837284,0.2670413294307668,3.1098080096020655,1.90473660290762
3.088,-85.27425356889592,-85.41786473549696,-84.32692515693358,0.2750138581645058,3.102599551774424,1.8975281450799786
3.0890000000000004,-85.13704210572465,-85.16685664732461,-84.07591706876121,0.2845486266035789,3.0817062318719612,1.8766348251775156
3.0919999999999996,-85.03287922800743,-84.37588509642063,-83.28494551785725,0.30231848933759947,2.981391113929246,1.7763197072348005
3.093,-85.27227534955317,-84.15856089381163,-83.06762131524825,0.30785094100090893,2.940741151086173,1.7356697443917275
3.0940000000000003,-85.37758391171376,-83.98953874307412,-82.89859916451076,0.3058038270898777,2.8937912850604683,1.688719878366023
3.0949999999999998,-85.30163168119667,-83.87071106488231,-82.77977148631895,0.30341783432332914,2.8400783649203376,1.6350069582258924
3.096,-85.62788054435522,-83.79913642054409,-82.7081968419807,0.29769110675269606,2.782822655333552,1.5777512486391068
3.0970000000000004,-85.68767240241624,-83.77831188920153,-82.68737231063815,0.2949486499640443,2.727018836955245,1.5219474302607992
3.098,-85.82537752231751,-83.80267011311301,-82.71173053454962,0.2920903422393125,2.677248247180851,1.4721768404864057
3.099,-86.48435805961014,-83.8764753483725,-82.78553576980912,0.28583575464385,2.6384295633279784,1.433358156633533
3.0999999999999996,-86.51493532954991,-84.01519821788374,-82.92425863932036,0.2812736909814235,2.615826297815048,1.4107548911206027
3.101,-86.80258124504299,-84.20923972838773,-83.11830014982435,0.2749850145562699,2.6136988187642958,1.4086274120698508
3.1020000000000003,-86.9711001122353,-84.4425310278041,-83.35159144924071,0.2687403214515324,2.632695013839572,1.427623607145127
3.1029999999999998,-87.06271718845646,-84.7027941642082,-83.61185458564482,0.25864627104959326,2.672577762312328,1.4675063556178825
3.104,-87.26576153447537,-84.97468311388626,-83.88374353532288,0.25280610139897725,2.7341828300781224,1.5291114233836764
3.1050000000000004,-87.43142875624586,-85.24796306760156,-84.15702348903818,0.24868746611111472,2.8162913991491285,1.611219992454683
3.106,-87.650812311035,-85.52128993947667,-84.43035036091331,0.24911678749849037,2.9123116402976903,1.707240233603245
3.107,-87.68206622546,-85.79522084030455,-84.70428126174117,0.24606836801317977,3.0128223229494675,1.807750916255022
3.1079999999999997,-87.59180843324917,-86.0577263902228,-84.9667868116594,0.24724031977536137,3.109946897064681,1.9048754903702352
3.109,-87.3573087319506,-86.28485029843827,-85.19391071987488,0.24866000390824627,3.1965145839797224,1.991443177285277
3.1100000000000003,-87.23589119091528,-86.45423790296907,-85.36329832440569,0.2553414879057088,3.264032358354211,2.058960951659765
3.1109999999999998,-86.8957209586005,-86.55236751737534,-85.46142793881197,0.26531527045696424,3.306702483823959,2.101631077129514
3.112,-86.55124764549429,-86.56637642821939,-85.47543684965602,0.26822789757767695,3.325726865936753,2.120655459242307
3.1130000000000004,-86.29716685846182,-86.49236378693868,-85.4014242083753,0.2769760266784279,3.3242810867317165,2.1192096800372715
3.114,-86.2393032083508,-86.34566689133669,-85.25472731277331,0.2837484711495841,3.3064952329416473,2.101423826247202
3.115,-85.92203908511907,-86.1468838120713,-85.05594423350793,0.29094241864706155,3.2766155724099915,2.071544165715546
3.1159999999999997,-85.82163425497806,-85.91045710335368,-84.8195175247903,0.29841950414138585,3.238020329326008,2.0329489226315625
3.117,-86.09628315990209,-85.66405060778463,-84.57311102922125,0.3067706037988428,3.1949931303553982,1.9899217236609523
3.1180000000000003,-86.26399946937671,-85.44562235745673,-84.35468277889336,0.30901512070677023,3.149498051532783,1.9444266448383372
3.1189999999999998,-86.22623385606946,-85.26869755453811,-84.17775797597471,0.3074330043288478,3.101068273025058,1.8959968663306124
3.12,-86.33618494650862,-85.12871277615832,-84.03777319759494,0.30880656126594924,3.048751821280965,1.843680414586519
3.1210000000000004,-86.4868119704302,-85.02740256744775,-83.93646298888439,0.30554560726366825,2.9932682032602447,1.7881967965657994
3.122,-86.2819885456439,-84.96043968920348,-83.8695001106401,0.29851987713283884,2.9354074325620507,1.7303360258676053
3.123,-86.39455828805109,-84.91334141302985,-83.82240183446648,0.29448613911915267,2.875187193152341,1.6701157864578957
3.1239999999999997,-86.71368049023995,-84.89051375768203,-83.79957417911866,0.2902427523562282,2.8163143123321834,1.6112429056377378
3.125,-87.17047075764063,-84.91520315310895,-83.82426357454555,0.284227350382416,2.76494855507103,1.5598771483765843
3.1260000000000003,-87.48791499548521,-85.00766957979266,-83.91673000122928,0.277120410671067,2.726366189523095,1.5212947828286494
3.127,-87.7814464177951,-85.17104849348384,-84.08010891492046,0.2682959509037612,2.703474384724591,1.4984029780301455
3.128,-87.85252457829857,-85.3898381806057,-84.29889860204231,0.25920909853569557,2.697804597887796,1.4927331911933504
3.1290000000000004,-88.09160622133017,-85.64178510037476,-84.55084552181138,0.2527022360364043,2.7119997332650563,1.5069283265706108
3.13,-88.14973395379837,-85.90778423262363,-84.81684465406025,0.25056027169873774,2.746320820058567,1.541249413364122
3.1310000000000002,-88.25474380530835,-86.17109776170827,-85.08015818314489,0.2511029926507111,2.797696380771259,1.5926249740768135
3.1319999999999997,-88.39252915431645,-86.42261607567882,-85.33167649711544,0.2485188456559273,2.8620406242680176,1.6569692175735724
3.133,-88.16116673971577,-86.65551618463657,-85.56457660607319,0.24791900978726714,2.9353755240722004,1.730304117377755
3.1340000000000003,-88.27092619251529,-86.85909633744295,-85.76815675887957,0.24600596227001875,3.012769955493998,1.8076985487995527
3.135,-88.1501281695199,-87.02901706710878,-85.9380774885454,0.25077404502977174,3.0862147540576004,1.881143347363155
3.136,-87.81184725065823,-87.15058714420026,-86.05964756563688,0.25874596514322123,3.1459132572264865,1.940841850532041
3.1370000000000005,-87.45698240776903,-87.19782122913294,-86.10688165056956,0.26622101308632523,3.185701993312563,1.9806305866181177
3.138,-87.07840036309243,-87.15652807026042,-86.06558849169706,0.2737531573958799,3.2019755263200964,1.9969041196256505
3.1390000000000002,-87.0056079732715,-87.0329877582397,-85.94204817967632,0.28397062485515606,3.19623934287259,1.9911679361781447
3.1399999999999997,-86.79606138859319,-86.84837895457521,-85.75743937601183,0.28912612241169944,3.1739576713476856,1.9688862646532403
3.141,-86.7871880336903,-86.62534505618414,-85.53440547762077,0.29239864546968486,3.1406900469637535,1.9356186402693083
3.1420000000000003,-86.92971686921067,-86.39379514385445,-85.30285556529108,0.29710327584962254,3.10148160926442,1.8964102025699745
3.143,-86.86424147371271,-86.17860458888272,-85.08766501031933,0.29798234947551994,3.0587333302742885,1.8536619235798433
3.144,-86.75105917684405,-85.98283811859723,-84.89189854003385,0.3020157976681104,3.013279652883305,1.8082082461888598
3.1450000000000005,-86.66967056874032,-85.79873902374345,-84.70779944518007,0.30514436377026816,2.965791643983413,1.7607202372889676
3.146,-86.73087017920143,-85.6256982365182,-84.53475865795484,0.30686221498099914,2.9148965344420046,1.7098251277475593
3.1470000000000002,-86.66680261766639,-85.46867594385765,-84.37773636529427,0.3034919670958546,2.8597105641015195,1.6546391574070742
3.1479999999999997,-86.95813950506708,-85.3355742112699,-84.24463463270654,0.3000619932241728,2.801497675485642,1.5964262687911963
3.149,-87.2222223079314,-85.24557440998822,-84.15463483142484,0.29903555257833164,2.743186508493132,1.5381151017986865
3.1500000000000004,-87.53962423004205,-85.21674484945295,-84.12580527088957,0.29019568303289267,2.688374120389526,1.4833027136950805
3.151,-87.87174622093474,-85.25640708009391,-84.16546750153051,0.28622540648116856,2.642017991506718,1.4369465848122722
3.152,-88.2079146685498,-85.36443071093795,-84.27349113237457,0.2827502706252463,2.6094700394572317,1.4043986327627864
3.1530000000000005,-88.60324539540612,-85.53857631637507,-84.4476367378117,0.2775285985112076,2.593970431979841,1.3888990252853952
3.154,-88.74086919302587,-85.77119456990113,-84.68025499133775,0.26703372363447503,2.5968173071915066,1.391745900497061
3.1550000000000002,-88.92853543814292,-86.04495688746826,-84.95401730890488,0.26130887978560496,2.618698844378104,1.4136274376836582
3.1559999999999997,-88.81551807670215,-86.33554580117897,-85.24460622261559,0.25704009466345645,2.6607107706715123,1.455639363977067
3.157,-89.03485947618138,-86.62026240339877,-85.52932282483539,0.2568680262450587,2.720994659861334,1.515923253166889
3.16,-88.94690461598964,-87.37167698752984,-86.28073740896646,0.2525945632170998,2.9481167089510865,1.743045302256641
3.1609999999999996,-88.40136516230133,-87.54871914928664,-86.45777957072326,0.25888957534089707,3.0155758949777414,1.8105044882832961
3.162,-88.14456694525133,-87.64602596295678,-86.55508638439342,0.2630031264923553,3.067690314331957,1.862618907637512
3.1630000000000003,-87.87783457923555,-87.65100268962975,-86.56006311106637,0.26912699305318794,3.103329401196291,1.8982579945018452
3.1639999999999997,-87.67121052333245,-87.57130493542597,-86.48036535686259,0.2798865047475563,3.1222327841463766,1.9171613774519314
3.165,-87.46654514782409,-87.42045272809432,-86.32951314953092,0.2865561577700693,3.1235681650405267,1.9184967583460817
3.1660000000000004,-87.26552460502775,-87.21427508216999,-86.12333550360661,0.29395380366323354,3.1091209362684236,1.9040495295739779
3.167,-87.42734866278332,-86.97644562964616,-85.88550605108279,0.30023730218301187,3.0813559513055346,1.8762845446110892
3.168,-87.3619382373119,-86.73686905304001,-85.64592947447663,0.3054646800671897,3.043083152193452,1.8380117454990064
3.1689999999999996,-87.27116256965725,-86.5098712512894,-85.41893167272602,0.30757619811707765,2.998641836833086,1.793570430138641
3.17,-87.12250825356891,-86.29447429213101,-85.20353471356763,0.31714488251517065,2.950222622422887,1.7451512157284415
3.1710000000000003,-87.14622806341244,-86.09105627969605,-85.00011670113267,0.323861605636138,2.8978493442984985,1.6927779376040526
3.1719999999999997,-87.20678144547055,-85.90698384127417,-84.81604426271079,0.33192566975744253,2.8411071342603558,1.63603572756591
3.173,-87.35000566675298,-85.7528926517387,-84.66195307317533,0.3369745194541231,2.7795877424318087,1.5745163357373635
3.1740000000000004,-87.75151433589166,-85.64540257758776,-84.5544629990244,0.33601478813108754,2.7136100654326505,1.5085386587382046
3.175,-88.10896174521979,-85.6068852923548,-84.51594571379141,0.3378124735261353,2.645225904179113,1.4401544974846667
3.176,-88.4158377921516,-85.64930233285214,-84.55836275428877,0.3362316815103901,2.5777588534441076,1.3726874467496621
3.1769999999999996,-88.77404382850196,-85.77225572158969,-84.68131614302631,0.3289706070851008,2.5158903752545028,1.3108189685600573
3.178,-88.90283700445477,-85.96404957570009,-84.87310999713671,0.32609647909489,2.467125495969145,1.2620540892746996
3.1790000000000003,-89.21269897289666,-86.20642441158915,-85.11548483302577,0.3201225188943171,2.4389300093265036,1.233858602632058
3.1799999999999997,-89.42373149553944,-86.48686641356753,-85.39592683500415,0.31483757938160656,2.4349192807323727,1.2298478740379275
3.181,-89.30394690942569,-86.78437497777536,-85.69343539921199,0.3109180983955327,2.454085819784902,1.2490144130904564
3.1820000000000004,-89.2848181765883,-87.0680103955001,-85.9770708169367,0.3050888391263859,2.4945906623147027,1.2895192556202573
3.183,-89.26794175346933,-87.31797582593697,-86.22703624737358,0.3020642708549835,2.5536720206768884,1.348600613982443
3.184,-89.10936470170134,-87.52236959075728,-86.43143001219389,0.30234024381451535,2.624831910760756,1.4197605040663104
3.1849999999999996,-89.0414625500175,-87.67468055796147,-86.58374097939807,0.30266159831280814,2.700072880085318,1.4950014733908725
3.186,-89.02175391282594,-87.781054957509,-86.6901153789456,0.3034262214199179,2.7725384626237535,1.5674670559293082
3.1870000000000003,-88.92645273345946,-87.84956975849084,-86.75863017992747,0.30778524246836864,2.837684395798909,1.6326129891044636
3.1879999999999997,-88.7473021300251,-87.87559470410423,-86.78465512554084,0.3136757523295946,2.8924902593028112,1.6874188526083653
3.189,-88.49721872134178,-87.84932557864575,-86.75838600008237,0.3232109612066337,2.934725382392282,1.7296539756978364
3.1900000000000004,-88.2565840258302,-87.76397246990324,-86.67303289133987,0.33531586286232684,2.9635827862627444,1.758511379568299
3.191,-88.22430827850664,-87.62508100493966,-86.5341414263763,0.34198367390339973,2.9795787093906316,1.7745073026961857
3.192,-88.07552100686789,-87.44918810177109,-86.35824852320769,0.3533237376497496,2.983145772721656,1.7780743660272105
3.1929999999999996,-88.03391749216414,-87.25263965865109,-86.1617000800877,0.36748832264074266,2.9736033876531853,1.7685319809587399
3.194,-87.85247192746868,-87.04449761161082,-85.95355803304743,0.38160965144673603,2.9517300169549037,1.7466586102604582
3.1950000000000003,-87.77241737307763,-86.82823418845874,-85.73729460989534,0.39061939165430315,2.920370125456837,1.7152987187623912
3.1959999999999997,-87.82798321748389,-86.61285663605047,-85.52191705748709,0.3976970576960111,2.8838468076480797,1.6787754009536344
3.197,-87.8505740672618,-86.41175231502142,-85.32081273645802,0.40426542315303826,2.8446032125912213,1.6395318058967756
3.1980000000000004,-88.1413912952622,-86.2404757898633,-85.14953621129992,0.410520836611417,2.80431362790151,1.5992422212070647
3.199,-88.28123569096293,-86.11398124082616,-85.02304166226278,0.41894801734671855,2.7641730450906503,1.5591016383962046
3.2,-88.52844767801346,-86.03772411405397,-84.94678453549058,0.42819197879094256,2.724372002944469,1.5193005962500234
3.2009999999999996,-88.63104023912626,-86.00961214014123,-84.91867256157786,0.4290509258292523,2.6858066010746917,1.4807351943802465
3.202,-88.60950138364103,-86.02126133889135,-84.93032176032796,0.42991908210926216,2.6488426895014276,1.4437712828069822
3.2030000000000003,-88.81748529752403,-86.06132699556939,-84.97038741700601,0.4321266935154121,2.614746479605264,1.409675072910819
3.2039999999999997,-89.06617479242895,-86.13081298886193,-85.03987341029855,0.4319666925630466,2.587191613623362,1.3821202069289165
3.205,-89.16248485829828,-86.23627643836916,-85.14533685980578,0.4249219506720874,2.5709686356339674,1.365897228939522
3.2060000000000004,-89.20559752201524,-86.37332457768966,-85.28238499912628,0.41703999872027514,2.571695889093302,1.3666244823988565
3.207,-89.43732778546921,-86.53082386585443,-85.43988428729106,0.4111235211219078,2.592615230977697,1.3875438242832514
3.208,-89.42846999815657,-86.70049223043415,-85.60955265187076,0.4130609775390666,2.633524847717139,1.4284534410226932
3.2089999999999996,-89.5266388075228,-86.87425916806644,-85.78331958950308,0.41098294746988906,2.690853576647145,1.4857821699526994
3.21,-89.42330919783721,-87.04302654860608,-85.95208697004271,0.4130449687585183,2.759881444436504,1.5548100377420586
3.2110000000000003,-89.28928099634877,-87.19358816257648,-86.1026485840131,0.4104781980613356,2.835966515060941,1.6308951083664953
3.2119999999999997,-89.2091555062337,-87.31328749550572,-86.22234791694234,0.41348284102388044,2.9134620308659924,1.708390624171547
3.213,-88.92378699827181,-87.39191951272616,-86.30097993416278,0.4158604227840254,2.983927826887257,1.7788564201928114
3.2140000000000004,-88.73568213331204,-87.41823003514763,-86.32729045658425,0.4205970738928829,3.040373815266758,1.835302408572312
3.215,-88.56067768971108,-87.3886090995524,-86.29766952098902,0.4251596281837833,3.08146879459606,1.876397387901615
3.216,-88.68634352017864,-87.31323685224288,-86.22229727367949,0.43114713965848955,3.1074045997190476,1.9023331930246021
3.2169999999999996,-88.41688543637564,-87.20788622410066,-86.11694664553728,0.43769019652636243,3.1174734716537023,1.9124020649592568
3.218,-88.58127404046813,-87.08245029082103,-85.99151071225764,0.4489291507080679,3.1132061732318634,1.9081347665374178
3.2190000000000003,-88.32410900223128,-86.94605694872563,-85.85511737016225,0.45972856151104363,3.096210333689573,1.8911389269951275
3.2199999999999998,-88.46417138176284,-86.80469132048279,-85.71375174191941,0.4646879419636317,3.067328827235454,1.8622574205410087
3.221,-88.63259868567172,-86.67301206429556,-85.58207248573218,0.4696436442845854,3.028048954980261,1.822977548285816
3.2220000000000004,-88.41614884130811,-86.55808213764537,-85.467142559082,0.47756320066738916,2.981088471406153,1.776017064711707
3.223,-88.70780051494614,-86.4578413690434,-85.36690179048003,0.48220642345363696,2.9285152226186875,1.723443815924242
3.224,-88.67104255024941,-86.37950428661073,-85.28856470804733,0.48846316097356574,2.8717168963255575,1.6666454896311125
3.2249999999999996,-88.86175509085598,-86.32535146523975,-85.23441188667638,0.49137387562318213,2.812089726592306,1.6070183198978611
3.226,-88.87152100902371,-86.29510276336329,-85.20416318479991,0.4903341102587906,2.7515052010401835,1.5464337943457378
3.2270000000000003,-89.00731959915986,-86.28895727208271,-85.19801769351935,0.4879847388556074,2.693581826470563,1.4885104197761176
3.2279999999999998,-89.28967495237578,-86.31275582707693,-85.22181624851355,0.48269580183829436,2.6421487160861825,1.437077309391737
3.229,-89.5417839409565,-86.37855998290648,-85.2876204043431,0.48168343085289816,2.6009228489857366,1.395851442291291
3.2300000000000004,-89.60796035146232,-86.48707546264471,-85.39613588408133,0.47870535105779366,2.5715335375225723,1.3664621308281266
3.231,-89.96983991233826,-86.63335004731213,-85.54241046874874,0.47474583473092696,2.556307154679358,1.3512357479849126
3.232,-89.71329541204462,-86.80745410606211,-85.71651452749875,0.46696171516213725,2.5582538818784095,1.3531824751839638
3.2329999999999997,-89.76420937670265,-86.98225275667073,-85.89131317810735,0.4600291630334722,2.5776273504645837,1.3725559437701378
3.234,-89.7247446838886,-87.13879983058142,-86.04786025201805,0.4584540681904214,2.613002085435705,1.4079306787412595
3.2350000000000003,-89.77993731624397,-87.27408408207538,-86.18314450351198,0.45925806587764084,2.6610434082619285,1.455972001567483
3.2359999999999998,-89.845476147232,-87.39441114201708,-86.3034715634537,0.4540597491228691,2.718559517239836,1.5134881105453903
3.237,-89.59184044924308,-87.49986060240506,-86.40892102384169,0.45624265863133145,2.7819221822495424,1.576850775555097
3.2380000000000004,-89.39366140450107,-87.57702942248159,-86.48608984391821,0.46431884592944506,2.845135286827311,1.640063880132866
3.239,-89.12252763895279,-87.61137610108669,-86.52043652252331,0.46860950045941324,2.902150334595532,1.6970789279010865
3.24,-88.95570452562566,-87.59548473331867,-86.50454515475529,0.4691575879508999,2.9492188392194607,1.7441474325250155
3.2409999999999997,-88.78567678093015,-87.52973368298277,-86.43879410441937,0.4756858089288799,2.9852412807492748,1.780169874054829
3.242,-88.85216010699173,-87.42714194394313,-86.33620236537975,0.4781599084743592,3.011291881026629,1.8062204743321835
3.2430000000000003,-89.0479170962518,-87.31630902993908,-86.22536945137571,0.48536509072550127,3.027996254017079,1.8229248473226336
3.2439999999999998,-89.06088540236206,-87.22092141114646,-86.12998183258308,0.49224054606355166,3.03437141382232,1.8293000071278744
3.245,-88.88232952323429,-87.13788640697008,-86.04694682840672,0.501732729440707,3.028980903028814,1.8239094963343687
3.2460000000000004,-88.92079293318727,-87.0536150296084,-85.96267545104502,0.5106675952908162,3.01289577267292,1.8078243659784747
3.247,-89.11818095005214,-86.97438677682179,-85.88344719825842,0.514729463354599,2.9881775308563148,1.7831061241618698
3.248,-89.32535459294037,-86.91841801583021,-85.82747843726682,0.5205333343092146,2.9567816993979936,1.751710292703548
3.2489999999999997,-89.53632892498663,-86.89599739797299,-85.80505781940961,0.5278376617235955,2.918797535839348,1.7137261291449022
3.25,-80.54129599184395,-86.90361683361093,-85.81267725504755,0.5340227932392518,2.874722819762128,1.6696514130676825
3.2510000000000003,-80.75790151129621,-86.9327375933765,-85.84179801481314,0.5388600722613559,2.827582926520364,1.6225115198259183
3.252,-80.57634196737688,-86.97527947922867,-85.88433990066528,0.5405139525650159,2.7823030921487346,1.5772316854542894
3.253,-80.85996865992396,-87.02627316319186,-85.93533358462848,0.5427490172405403,2.742991050223964,1.5379196435295188
3.2540000000000004,-80.86115718943357,-87.09042497336672,-85.99948539480333,0.5406317734443823,2.7122145481323714,1.5071431414379255
3.255,-81.21403261311762,-87.17507168389348,-86.08413210533011,0.5353739612559154,2.692660489965157,1.4875890832707113
3.2560000000000002,-81.31714231629182,-87.28750380380289,-86.19656422523951,0.5364769931556413,2.6884037753414938,1.4833323686470479
3.2569999999999997,-81.51878285051598,-87.4284965840361,-86.3375570054727,0.5292384920207014,2.7003197259232232,1.4952483192287778
3.258,-81.54033727441416,-87.59127384022551,-86.50033426166213,0.5267682441183054,2.7265135704376715,1.5214421637432256
3.2590000000000003,-81.61392341155263,-87.76523651119925,-86.67429693263587,0.5267195298251383,2.7648332827682074,1.5597618760737617
3.26,-81.4650760758545,-87.93469028166172,-86.84375070309834,0.5249742617194626,2.8135420587369713,1.6084706520425256
3.261,-81.64106559123123,-88.08869048494438,-86.997750906381,0.5200607250349801,2.869352406202753,1.6642809995083077
3.2620000000000005,-81.55658554533198,-88.22637649307867,-87.1354369145153,0.522358647128368,2.927181925569175,1.7221105188747299
3.263,-81.8307167836958,-88.35062206493613,-87.25968248637275,0.526517030635461,2.982333097760857,1.7772616910664114
3.2640000000000002,-81.96918179548572,-88.47186343643135,-87.38092385786798,0.5288766380904725,3.0304497184582426,1.8253783117637967
3.2649999999999997,-81.87012728752654,-88.59252591289993,-87.50158633433655,0.5353572457071529,3.0689169373703558,1.8638455306759099
3.266,-81.84852590205251,-88.69750262929412,-87.60656305073076,0.5396225810759595,3.0995411407529776,1.894469734058532
3.2670000000000003,-81.63072168534264,-88.77147712041648,-87.68053754185308,0.5433798658774017,3.1244372941848777,1.919365887490432
3.268,-81.40881463423248,-88.79776948228158,-87.7068299037182,0.551762600672521,3.142413029526607,1.9373416228321616
3.269,-81.12801187827937,-88.75937600166777,-87.66843642310441,0.5566765445577859,3.1510863248693046,1.946014918174859
3.2700000000000005,-80.82777747451999,-88.64648647322875,-87.55554689466537,0.5623960812416765,3.1485262159316862,1.9434548092372408
3.271,-80.83004144743123,-88.463474399949,-87.37253482138563,0.5722079466237151,3.1342035051392267,1.929132098444781
3.2720000000000002,-80.65172880293149,-88.22773056620038,-87.13679098763699,0.5729434689515351,3.10861267977042,1.9035412730759746
3.2729999999999997,-80.82747597295344,-87.95942559416505,-86.86848601560166,0.57897446738542,3.072580991284281,1.8675095845898355
3.274,-80.6306424658135,-87.67649408588908,-86.58555450732568,0.5825914792818521,3.0279068776769638,1.8228354709825183
3.2750000000000004,-80.69663769498136,-87.38907612835197,-86.2981365497886,0.5808083923141593,2.976919489241365,1.7718480825469194
3.276,-80.8538141811221,-87.11141463709416,-86.02047505853076,0.5796435974808092,2.922404108768408,1.7173327020739622
3.277,-80.79287679026807,-86.85541585617287,-85.76447627760949,0.5768459128181723,2.8692637505110103,1.664192343816565
3.2780000000000005,-81.02507511986131,-86.62657576107446,-85.53563618251107,0.5764495868565216,2.8212040376851775,1.6161326309907318
3.279,-81.18782990909061,-86.43570661580488,-85.34476703724148,0.5782178284799461,2.778316899283614,1.5732454925891681
3.2800000000000002,-81.28568593718414,-86.28708244360608,-85.19614286504269,0.5736871146137281,2.7412797436463885,1.536208336951943
3.2809999999999997,-81.29653304838719,-86.17135280673045,-85.08041322816706,0.5721833311197595,2.7128438303005162,1.5077724236060708
3.282,-81.53540420559374,-86.08273260369866,-84.9917930251353,0.5659626991750737,2.694576364742511,1.4895049580480655
3.2830000000000004,-81.61289245783775,-86.02200930990534,-84.93106973134196,0.562249121350782,2.686858527426545,1.4817871207320998
3.284,-81.20104132112864,-85.97013008651818,-84.8791905079548,0.5602798269709524,2.6896022361308503,1.484530829436405
3.285,-81.39196585712769,-85.90028199528405,-84.80934241672067,0.5629557710498714,2.7033986225820392,1.498327215887594
3.2859999999999996,-81.42639286083467,-85.81427855982595,-84.72333898126257,0.5595471851897617,2.7276846473450465,1.5226132406506012
3.287,-81.13921443423185,-85.71393665765777,-84.6229970790944,0.5577011574134195,2.7595054063062583,1.5544339996118124
3.2880000000000003,-80.84822780799229,-85.5780726516555,-84.48713307309214,0.5613154392151978,2.7954834471773586,1.5904120404829136
3.2889999999999997,-81.03013000966615,-85.40126217404705,-84.31032259548368,0.5614165427314801,2.832528941084301,1.6274575343898554
3.29,-80.85412980694005,-85.20078699082765,-84.10984741226427,0.5669250057930703,2.8657844235026495,1.6607130168082038
3.2910000000000004,-80.72029192961014,-84.9818501708626,-83.89091059229922,0.5730090194556146,2.8923699810282453,1.6872985743338
3.292,-80.78387222030457,-84.74639332707622,-83.65545374851284,0.5734354775691427,2.914321509937034,1.7092501032425884
3.293,-80.42333556728495,-84.4967733104313,-83.4058337318679,0.5789069740157784,2.932090791309294,1.7270193846148492
3.2939999999999996,-80.3437721783379,-84.22265315216366,-83.13171357360027,0.591652371776949,2.942772137125754,1.7377007304313083
3.295,-80.33070930068347,-83.92636057816297,-82.83542099959958,0.5912328023966389,2.9433273164467972,1.7382559097523516
3.2960000000000003,-80.63348678926153,-83.6331480455507,-82.54220846698732,0.5947450702866942,2.931545580623331,1.7264741739288851
3.2969999999999997,-80.27905380699417,-83.35798265929942,-82.26704308073603,0.6022201256291507,2.907479661648772,1.7024082549543265
3.298,-80.43794431667637,-83.09413984146798,-82.0032002629046,0.6037473856158062,2.874139674512714,1.6690682678182684
3.2990000000000004,-80.28757274544748,-82.83982198755794,-81.74888240899455,0.6085983457014871,2.8342565620922064,1.6291851553977612
3.3,-80.21485430365615,-82.59224939131369,-81.50130981275029,0.6101344774090679,2.789729347723087,1.5846579410286412
3.301,-80.11969995069266,-82.34492866715335,-81.25398908858999,0.6108692730930091,2.742601408008127,1.5375300013136812
3.3019999999999996,-79.98562409254724,-82.09632694592264,-81.00538736735926,0.6106873781650468,2.69597133443639,1.4908999277419444
3.303,-80.15005158372384,-81.85142864228447,-80.76048906372111,0.6078697207704941,2.653899571898209,1.4488281652037633
3.3040000000000003,-80.07518766856128,-81.61975366680417,-80.5288140882408,0.606173343491398,2.6187064470796173,1.4136350403851718
3.3049999999999997,-80.298253360791,-81.40975890418645,-80.31881932562308,0.6100512617978349,2.5895044222946306,1.3844330156001852
3.306,-80.2024830257819,-81.22924173669436,-80.13830215813098,0.6034449546134636,2.5646685386418238,1.3595971319473779
3.3070000000000004,-80.33248273208049,-81.07938447477304,-79.98844489620966,0.6035341709635159,2.545150931238964,1.340079524544519
3.308,-80.41026773648872,-80.96056543969152,-79.86962586112814,0.6017723124043548,2.534673465220789,1.3296020585263433
3.309,-80.39450729582556,-80.87209165601135,-79.78115207744797,0.6008759427453182,2.534396782399046,1.3293253757046006
3.3099999999999996,-80.31933091431671,-80.80191334034699,-79.71097376178359,0.6051859903853608,2.5410245747824622,1.3359531680880168
3.311,-80.50570206431424,-80.74048562621343,-79.64954604765005,0.6020548136087804,2.5537517596043844,1.348680352909939
3.3120000000000003,-80.59411632852694,-80.69330142589388,-79.6023618473305,0.602435385972082,2.57429832426625,1.3692269175718046
3.3129999999999997,-80.42123313012699,-80.66051200374494,-79.56957242518156,0.6067368019000676,2.6009108999863764,1.3958394932919311
3.314,-80.22419969070154,-80.6249809662331,-79.53404138766972,0.6065033720123857,2.6283742352137787,1.4233028285193332
3.3150000000000004,-80.07400889710047,-80.57076787436888,-79.47982829580552,0.6069678002428947,2.6528076208380766,1.4477362141436314
3.316,-80.10752408914396,-80.49648038257142,-79.40554080400804,0.6115149247395381,2.6717917036913756,1.4667202969969302
3.317,-80.01953021777074,-80.41011481914799,-79.31917524058461,0.6118242791756824,2.6841479997158126,1.479076593021367
3.3179999999999996,-80.02170587798702,-80.31569557843964,-79.22475599987625,0.6159087740159308,2.6902327940607242,1.4851613873662788
3.319,-79.93783089666493,-80.21496077681005,-79.12402119824667,0.6189568939016225,2.6908199002737647,1.485748493579319
3.3200000000000003,-79.77187949222362,-80.10705832977473,-79.01611875121135,0.6155761564122049,2.686313106684766,1.4812416999903204
3.3209999999999997,-79.81926508684812,-79.99075264901752,-78.89981307045414,0.6166830847529912,2.6788326417040738,1.473761235009629
3.322,-79.71429196561266,-79.87008820321877,-78.7791486246554,0.6205796945062667,2.668896002236922,1.4638245955424765
3.3230000000000004,-80.01627931334052,-79.7572578375896,-78.66631825902621,0.6170662980821702,2.656896808356403,1.4518254016619572
3.324,-79.99146328643312,-79.66674462400687,-78.57580504544349,0.621423642439903,2.645651237029185,1.4405798303347397
3.325,-80.04276747118061,-79.60044988863737,-78.50951031007399,0.6189160256925214,2.6353737047367747,1.430302298042329
3.3259999999999996,-80.08051405465912,-79.55357125159104,-78.46263167302767,0.6157984121755473,2.6242870713530944,1.4192156646586487
3.327,-80.22534024013723,-79.52656980146807,-78.43563022290469,0.6205750702911612,2.613049470017502,1.4079780633230567
3.3280000000000003,-80.15242987566593,-79.51812543261956,-78.42718585405616,0.6164264681477892,2.602865860238926,1.3977944535444802
3.3289999999999997,-80.18776124197242,-79.52157000121979,-78.4306304226564,0.6174881934534423,2.5930546181641376,1.3879832114696922
3.33,-80.23740210303423,-79.5327775167316,-78.44183793816823,0.618595930590705,2.5839262021186853,1.3788547954242396
3.3310000000000004,-80.50608449905118,-79.55847089006045,-78.46753131149705,0.612783376344546,2.5786339751349407,1.3735625684404953
3.332,-80.5466192248357,-79.60693561177305,-78.51599603320967,0.6099286116779941,2.5791606029732357,1.37408919627879
3.333,-80.50463156444863,-79.67079299886308,-78.5798534202997,0.6112704654487442,2.584967575020762,1.3798961683263162
3.3339999999999996,-80.62505778083491,-79.7378251884262,-78.64688560986282,0.6090681583128152,2.5947311611429686,1.389659754448523
3.335,-80.64615889865055,-79.80636967944875,-78.71543010088536,0.604827681335525,2.6076865521403247,1.402615145445879
3.3360000000000003,-80.51109636331694,-79.87267743164251,-78.78173785307914,0.6073248653846588,2.6235954752237114,1.418524068529266
3.3369999999999997,-80.36822619294466,-79.92256261802645,-78.83162303946305,0.6043161964448002,2.6421868646433064,1.437115457948861
3.338,-80.44429903439844,-79.94870202821112,-78.85776244964774,0.6066214979596753,2.6623253295132727,1.4572539228188273
3.3390000000000004,-80.68373596049551,-79.96599511599874,-78.87505553743534,0.6051202512715632,2.6824503917001414,1.477378985005696
3.34,-80.39331441823465,-79.98547839128342,-78.89453881272003,0.6051496903223206,2.7018438360319106,1.4967724293374653
3.341,-80.23548441011293,-79.99118102013325,-78.90024144156988,0.6097479046479766,2.7199517064924637,1.514880299798018
3.3419999999999996,-80.2722934183842,-79.96943539441072,-78.87849581584733,0.6164979584101841,2.7346909033689273,1.529619496674482
3.343,-80.27575367571497,-79.92762459224294,-78.83668501367954,0.620713182750837,2.744635355031983,1.5395639483375374
3.3440000000000003,-80.03317159946361,-79.8728628366065,-78.78192325804312,0.6235329015596566,2.7489012882202033,1.5438298815257576
3.3449999999999998,-79.99001230350068,-79.80277824876707,-78.71183867020369,0.6230617043309131,2.749014348919356,1.5439429422249107
3.346,-79.9135195111165,-79.71933639804277,-78.62839681947938,0.6286819042735096,2.748068023935457,1.5429966172410114
3.3470000000000004,-79.91633704848066,-79.62954276518744,-78.53860318662406,0.630396426494316,2.7463643910791147,1.5412929843846697
3.348,-79.74941296173581,-79.53407860007546,-78.44313902151207,0.6363947699231134,2.7419328170313717,1.536861410336926
3.349,-79.75331320421972,-79.42986560128628,-78.33892602272289,0.6397001836708955,2.733408392108103,1.5283369854136573
3.3499999999999996,-80.00294388784116,-79.32847834870017,-78.2375387701368,0.6419751889070666,2.720348312519973,1.5152769058255275
3.351,-80.31587015856086,-79.25507393142065,-78.16413435285726,0.6446212322875355,2.7036786983894787,1.4986072916950333
3.3520000000000003,-80.28942604687673,-79.22288878773443,-78.13194920917107,0.6435554002952345,2.684298981715228,1.4792275750207826
3.3529999999999998,-80.53811376866796,-79.22843676243411,-78.13749718387074,0.6451590925289444,2.664133729617624,1.4590623229231787
3.354,-80.46427976304928,-79.26210432336175,-78.17116474479836,0.6508717286476875,2.645919311938812,1.4408479052443661
3.3550000000000004,-80.4123598310193,-79.3071805754717,-78.21624099690831,0.6523101986338423,2.6309246646152635,1.4258532579208185
3.356,-80.46225868204492,-79.34940964206842,-78.25847006350503,0.6518923083155935,2.6195132362441123,1.4144418295496668
3.357,-80.4264571076077,-79.38361912090217,-78.29267954233877,0.656571362602784,2.612667132576436,1.407595725881991
3.3579999999999997,-80.49861859068638,-79.40861858456621,-78.31767900600285,0.6548136769020481,2.6128975094663125,1.407826102771867
3.359,-80.5865057697016,-79.42986273395469,-78.3389231553913,0.6554147171675562,2.6212189703120727,1.4161475636176275
3.3600000000000003,-80.4522155630549,-79.45146773293183,-78.36052815436845,0.6543858770617349,2.6370339872268733,1.4319625805324276
3.3609999999999998,-80.39109332324321,-79.46564963389112,-78.37471005532774,0.6538289956500561,2.6566833917962294,1.4516119851017841
3.362,-80.28363880029008,-79.46598455292977,-78.37504497436639,0.6578269953613224,2.6761783613898698,1.4711069546954245
3.3630000000000004,-80.01338268544285,-79.44715154094207,-78.3562119623787,0.6600352987972654,2.694088167297793,1.4890167606033478
3.364,-79.93217795311674,-79.40299755733182,-78.31205797876844,0.6579414673612453,2.7090173885786673,1.5039459818842218
3.365,-79.93077122077567,-79.33761159732632,-78.24667201876294,0.6576777136140799,2.720609586576387,1.5155381798819416
3.3659999999999997,-79.56613681978905,-79.25299659585944,-78.16205701729606,0.6577411194504486,2.730279677057535,1.525208270363089
3.367,-79.58857509277595,-79.14386014843451,-78.05292056987112,0.6591882532408994,2.7377083879540653,1.53263698125962
3.3680000000000003,-79.71851896380313,-79.0229620620516,-77.93202248348823,0.6590981704049971,2.7392420923606386,1.534170685666193
3.3689999999999998,-79.78922147820454,-78.91372324580648,-77.82278366724309,0.6571469253763851,2.7340705214527006,1.5289991147582551
3.37,-79.75220618956156,-78.8255187289476,-77.73457915038422,0.6592348574307764,2.724859264448929,1.5197878577544834
3.3710000000000004,-79.70698242894542,-78.7543445018585,-77.66340492329512,0.6590719910484055,2.7121004181916217,1.5070290114971765
3.372,-79.50988724547386,-78.68899682083716,-77.59805724227377,0.6639506601828724,2.695491327779426,1.4904199210849802
3.373,-79.31990149623898,-78.61511364814756,-77.52417406958418,0.6656858264155798,2.677192818463464,1.4721214117690187
3.3739999999999997,-79.72852990872451,-78.53747444721674,-77.44653486865336,0.6694163479802158,2.658323819431335,1.4532524127368893
3.375,-79.78256600096228,-78.48077678715232,-77.38983720858894,0.667377583028345,2.6385233911229524,1.433451984428507
3.3760000000000003,-80.01363075943792,-78.45944458784876,-77.36850500928537,0.6699217002538445,2.6176721041106017,1.412600697416156
3.377,-79.98561859517092,-78.47197080786238,-77.381031229299,0.6732665041922272,2.59617128436245,1.391099877668005
3.378,-80.30984719366724,-78.51500111369985,-77.42406153513646,0.6738248365709868,2.5757048975969554,1.3706334909025102
3.3790000000000004,-80.25967361737538,-78.58819923322173,-77.49725965465836,0.6757927818603374,2.5577519274411986,1.3526805207467534
3.38,-80.39684940326119,-78.68360403136329,-77.5926644527999,0.6714949102226629,2.543427994896007,1.3383565882015616
3.3810000000000002,-80.32993084586255,-78.7887059794816,-77.69776640091824,0.6733772572306351,2.5352358364709158,1.3301644297764703
3.3819999999999997,-80.17262555651944,-78.88802677976355,-77.79708720120017,0.6749826535637592,2.534791812013055,1.3297204053186091
3.383,-80.16402557622149,-78.9666174291392,-77.87567785057584,0.6723891301292251,2.5399649660435686,1.3348935593491233
3.3840000000000003,-80.05024525739881,-79.01910932900083,-77.92816975043743,0.67012394209871,2.548631842368367,1.343560435673922
3.385,-80.16399691920698,-79.05138420380443,-77.96044462524104,0.6730126688006676,2.5615644308833474,1.3564930241889017
3.386,-80.28801679929448,-79.07931504374965,-77.98837546518627,0.6704431862489705,2.5784079813878975,1.3733365746934523
3.3870000000000005,-80.09167778780251,-79.10851385735296,-78.01757427878958,0.6725153108478809,2.5977514122385332,1.3926800055440878
3.388,-80.21021984616922,-79.13245874544809,-78.0415191668847,0.6762116584824913,2.619463318582547,1.4143919118881016
3.3890000000000002,-80.0382794104512,-79.14885606200333,-78.05791648343994,0.6744616425186377,2.641377148300002,1.4363057416055565
3.3899999999999997,-80.04398001750755,-79.15459856274767,-78.0636589841843,0.6752131949675653,2.6597838198453103,1.4547124131508646
3.391,-79.83434701730465,-79.14409437920317,-78.05315480063979,0.6791427737301405,2.6735982879884994,1.468526881294054
3.3920000000000003,-79.6146905535934,-79.10900644958375,-78.01806687102037,0.676571851836556,2.683520355173499,1.4784489484790537
3.393,-79.51349660425439,-79.04290815324971,-77.95196857468633,0.6805953252059312,2.690617806410962,1.4855463997165168
3.394,-79.39882986734133,-78.95046945952365,-77.85952988096027,0.6868047973687037,2.69414196650062,1.4890705598061746
3.3950000000000005,-79.38661984220853,-78.83995809349616,-77.74901851493279,0.6895915042326033,2.6926352257413124,1.487563819046867
3.396,-79.59963723954479,-78.72863436943376,-77.63769479087038,0.6921511080222069,2.6862380736754474,1.481166666981002
3.3970000000000002,-79.59311619681027,-78.63614180112229,-77.54520222255891,0.6947730851185072,2.6753915966209334,1.4703201899264877
3.3979999999999997,-79.5043874112643,-78.5622908907009,-77.4713513121375,0.6936240347803893,2.6616310638156166,1.4565596571211716
3.399,-79.71142214863063,-78.5026559705881,-77.4117163920247,0.6987078334191937,2.64722394107495,1.4421525343805044
3.4000000000000004,-79.9036288962739,-78.46695229620133,-77.37601271763795,0.7020243025751749,2.6337461994696074,1.4286747927751622
3.401,-80.06404506688256,-78.46369471545127,-77.37275513688789,0.7028798297596636,2.6216889134544257,1.4166175067599802
3.402,-80.06001438435538,-78.48999248388927,-77.39905290532587,0.7060853777267899,2.610610261819861,1.405538855125416
3.4030000000000005,-80.12238452409422,-78.53376370063903,-77.44282412207565,0.7048170323773904,2.601337353995617,1.3962659473011712
3.404,-80.20179309908347,-78.58637138238313,-77.49543180381976,0.7054269032756002,2.59418956711404,1.3891181604195941
3.4050000000000002,-80.32579370976475,-78.64829622909805,-77.55735665053467,0.71062160493527,2.587782447187766,1.3827110404933203
3.4059999999999997,-80.31516595334315,-78.71879780855207,-77.62785822998868,0.707872646249324,2.582306960517735,1.3772355538232897
3.407,-80.16694105946844,-78.78804723272953,-77.69710765416615,0.7063930504926591,2.5788600553687986,1.3737886486743534
3.4080000000000004,-79.9866500042599,-78.84053929526354,-77.74959971670017,0.7104692676572042,2.5776093497864556,1.3725379430920104
3.409,-80.1661402355773,-78.87375184114472,-77.78281226258136,0.7062136783810297,2.579583790413948,1.3745123837195021
3.41,-80.01905891530772,-78.89697677449611,-77.80603719593273,0.7058909037070343,2.5847392736553676,1.3796678669609221
3.4109999999999996,-79.84036939931632,-78.90639438420189,-77.81545480563851,0.7097071317314403,2.59238039571034,1.3873089890158945
3.412,-79.91998683653276,-78.89549412961057,-77.80455455104718,0.7053712961883425,2.6031042963322375,1.398032889637792
3.4130000000000003,-79.53016169847662,-78.86117694697487,-77.77023736841147,0.7038754929470389,2.617751202383501,1.4126797956890553
3.4139999999999997,-79.82673104558242,-78.80355402358774,-77.71261444502437,0.7026442952251658,2.634411389967879,1.4293399832734333
3.415,-79.77792778975625,-78.74019171829254,-77.64925213972916,0.7001415723963719,2.6488609038795174,1.4437894971850722
3.4160000000000004,-79.6375778475455,-78.67885313095566,-77.58791355239228,0.6992202349280869,2.6597294441279744,1.4546580374335285
3.417,-79.49099597328015,-78.61004452010012,-77.51910494153674,0.6986523676627671,2.669865743087467,1.4647943363930211
3.418,-79.4046797331102,-78.52729114400556,-77.43635156544218,0.7007385118858663,2.679261091783332,1.4741896850888867
3.4189999999999996,-79.57315784112772,-78.43863732747964,-77.34769774891626,0.6987387533897226,2.685197108709218,1.4801257020147731
3.42,-79.40625250635145,-78.35496390042958,-77.26402432186619,0.7009455040757911,2.6878374587773104,1.482766052082865
3.4210000000000003,-79.45151104680686,-78.27726730521601,-77.18632772665264,0.7032338397098065,2.6889358516521265,1.483864444957681
3.4219999999999997,-79.32546736967022,-78.2044574509144,-77.11351787235103,0.7040559667496405,2.6884121496345905,1.483340742940145
3.423,-79.43209765002148,-78.13589292055136,-77.04495334198798,0.7062357458842468,2.684565561746925,1.4794941550524794
3.4240000000000004,-79.31201592014521,-78.07160226886677,-76.98066269030338,0.7033173663854859,2.6759192843691055,1.4708478776746599
3.425,-79.59964184918564,-78.01755530235586,-76.92661572379248,0.7021494346724673,2.663099423800338,1.4580280171058924
3.426,-79.80381173932412,-77.99037542203293,-76.89943584346955,0.7019512841608929,2.6484098155040896,1.4433384088096441
3.4269999999999996,-79.92528507601594,-78.00080120881633,-76.90986163025293,0.7043289377324031,2.633591227882689,1.428519821188244
3.428,-80.02965983989907,-78.04478580782573,-76.95384622926235,0.7057153080119226,2.6190498867353558,1.41397848004091
3.4290000000000003,-80.1762167307885,-78.11290312331835,-77.02196354475497,0.7073593776014895,2.6052461096969592,1.4001747030025142
3.4299999999999997,-80.28751681859774,-78.200176954425,-77.10923737586162,0.7057667913171146,2.593153008165404,1.3880816014709585
3.431,-80.1466041146887,-78.29593807272582,-77.20499849416244,0.7094987864499145,2.5821627713635404,1.377091364669095
3.4320000000000004,-80.1799961591848,-78.38562117543638,-77.294681596873,0.711844575817465,2.5706571144666492,1.3655857077722036
3.433,-80.2929647097013,-78.47005516444214,-77.37911558587876,0.7080244817951842,2.559125360785991,1.3540539540915455
3.434,-80.27235718232218,-78.55698061664518,-77.46604103808178,0.7111173925841677,2.5505959648828327,1.3455245581883872
3.4349999999999996,-80.35064125606276,-78.64813278018563,-77.55719320162224,0.7125998029088288,2.545939031631978,1.3408676249375324
3.436,-80.17615714528483,-78.73800822979159,-77.6470686512282,0.713012145794266,2.5465245356270287,1.3414531289325835
3.4370000000000003,-80.03094608171729,-78.8106725773043,-77.71973299874092,0.713750129686441,2.553440509157996,1.3483691024635502
3.4379999999999997,-79.85476629227095,-78.85279411795678,-77.7618545393934,0.7169517672021009,2.5649078340719873,1.3598364273775418
3.439,-79.72412409817989,-78.85782558283279,-77.76688600426941,0.7126695009647264,2.5785409933354586,1.3734695866410127
3.4400000000000004,-79.55617438804578,-78.82437107571879,-77.73343149715542,0.7141279530976254,2.592240247296884,1.3871688406024392
3.441,-79.37323301862988,-78.75385498979111,-77.66291541122773,0.7178984604959017,2.604841634146135,1.3997702274516899
3.442,-79.26875866306669,-78.64919477022538,-77.55825519166201,0.7149526157759584,2.615369769895855,1.4102983632014094
3.4429999999999996,-79.17872693231625,-78.51882003446259,-77.42788045589921,0.7178556320452066,2.62252147193732,1.4174500652428748
3.444,-79.16219089589782,-78.37586293224314,-77.28492335367976,0.7226242237807051,2.6253210092113335,1.4202496025168876
3.4450000000000003,-79.21665316027146,-78.23482560867612,-77.14388603011275,0.7268651563249857,2.623408190436503,1.418336783742058
3.4459999999999997,-79.31417387220533,-78.110671085765,-77.01973150720164,0.7255416014379161,2.6184171046956366,1.4133456980011914
3.447,-79.20262060648203,-78.00978424368756,-76.91884466512417,0.7306902950252399,2.612444126429834,1.4073727197353885
3.4480000000000004,-79.39538597067978,-77.93304702913112,-76.84210745056775,0.7266802335233317,2.6080543732307437,1.4029829665362983
3.449,-79.69495244422096,-77.89227838290373,-76.80133880434033,0.7309423748057358,2.6065876885498915,1.4015162818554456
3.45,-79.57474164360775,-77.89287021161336,-76.80193063304998,0.7376475077564576,2.6067135519628715,1.4016421452684256
3.4509999999999996,-79.69230443235816,-77.91845321400733,-76.82751363544396,0.7363494590836722,2.6064540986613896,1.401382691966944
3.452,-79.71576403485679,-77.9567267063604,-76.86578712779703,0.7396665309910662,2.605058515601249,1.3999871089068037
3.4530000000000003,-79.71019097266814,-77.99914347821421,-76.90820389965083,0.745292678518983,2.6024751015034737,1.3974036948090283
3.4539999999999997,-79.69935107276707,-78.03716747502841,-76.94622789646503,0.7443269899837414,2.5995105470985544,1.3944391404041092
3.455,-79.7568336799603,-78.06942592979966,-76.97848635123627,0.7478179040579157,2.5981745077765828,1.3931031010821366
3.4560000000000004,-79.88505679344227,-78.10223493749123,-77.01129535892785,0.7512811971524488,2.599309055839523,1.3942376491450774
3.457,-80.11923446391238,-78.14765255704981,-77.05671297848643,0.7474300107010273,2.6011263449284803,1.3960549382340346
3.458,-80.11148981079064,-78.21406963844441,-77.12313005988102,0.7491239851106902,2.602737132308548,1.3976657256141027
3.4589999999999996,-80.20218210330962,-78.2980388841676,-77.2070993056042,0.750893054429969,2.6047807907901044,1.399709384095659
3.46,-80.04007231288597,-78.38875434916073,-77.29781477059734,0.7502242093436522,2.6075037154587832,1.4024323087643378
3.4610000000000003,-79.68866092587464,-78.46433598404701,-77.37339640548363,0.7510445270544066,2.61060390969149,1.4055325029970442
3.4619999999999997,-79.53131214225627,-78.5035053577983,-77.41256577923491,0.747172175977018,2.6142445235021614,1.409173116807716
3.463,-79.5722198326809,-78.50824507424717,-77.41730549568378,0.7471509986406273,2.617774440670662,1.4127030339762165
3.4640000000000004,-79.40051165377348,-78.49052800040087,-77.39958842183748,0.7520152463394848,2.6192019937274456,1.414130587033
3.465,-79.357373144757,-78.45475264384285,-77.36381306527947,0.7511333334845907,2.6170373258224617,1.4119659191280165
3.466,-79.33286283116125,-78.40656575153346,-77.31562617297007,0.7495034035901863,2.6127843437643796,1.4077129370699344
3.4669999999999996,-79.3049433673137,-78.35367020875692,-77.26273063019354,0.7493084158939919,2.608865193248942,1.4037937865544965
3.468,-79.2682793362614,-78.29848244775182,-77.20754286918843,0.7480956412012282,2.6074149308372685,1.402343524142823
3.4690000000000003,-79.2893698387041,-78.24010322041825,-77.14916364185487,0.7497394399741731,2.6075526919638725,1.4024812852694268
3.4699999999999998,-79.35005487869361,-78.18213993835,-77.09120035978661,0.7533650144515426,2.6090322024666297,1.4039607957721842
3.471,-79.27606129688948,-78.13032898598028,-77.03938940741689,0.748579524746071,2.612519695168056,1.4074482884736104
3.4720000000000004,-79.26317706190737,-78.08329634316864,-76.99235676460526,0.7507920952128747,2.61723371285106,1.4121623061566149
3.473,-79.72077777543264,-78.05405685400689,-76.96311727544351,0.7516162711198481,2.620395108196605,1.4153237015021591
3.474,-79.88496076618723,-78.06770238565454,-76.97676280709115,0.7477625044404468,2.6203750103123884,1.4153036036179427
3.4749999999999996,-80.04690760383527,-78.13100580603287,-77.0400662274695,0.7484975684037785,2.618441681898241,1.4133702752037955
3.476,-80.06247733749215,-78.23106491691813,-77.14012533835475,0.7542984175357464,2.616251333604162,1.411179926909716
3.4770000000000003,-80.05246793182484,-78.34741644503531,-77.25647686647191,0.7521385978437508,2.6144300935073295,1.4093586868128838
3.4779999999999998,-80.13905679944513,-78.46277652852365,-77.37183694996027,0.7522947575095648,2.611863328749736,1.4067919220552907
3.479,-80.12454550634988,-78.57099820180068,-77.4800586232373,0.7570059617017284,2.607224108953299,1.4021527022588531
3.4800000000000004,-80.28669986376241,-78.67251631066006,-77.58157673209668,0.7579880487166805,2.600599336651388,1.3955279299569423
3.481,-80.21155223231958,-78.77087058884455,-77.67993101028115,0.7599289320889073,2.5922059552143306,1.3871345485198852
3.482,-80.01141179423827,-78.85775436128743,-77.76681478272405,0.7643148781351087,2.583938853361524,1.3788674466670785
3.4829999999999997,-80.14790373506305,-78.92186225876021,-77.83092268019684,0.7616467467473916,2.577940825362407,1.3728694186679615
3.484,-80.1852878806374,-78.96913856086309,-77.87819898229971,0.7638371540689588,2.5745728132876513,1.3695014065932056
3.4850000000000003,-80.11974157986583,-79.0060476344049,-77.9151080558415,0.7652954983391672,2.5731750515200518,1.3681036448256063
3.4859999999999998,-79.94721547698849,-79.02582522200049,-77.93488564343713,0.7668698705440274,2.5729220711963494,1.3678506645019042
3.487,-79.68814426394306,-79.01454996445462,-77.92361038589122,0.7728297682367792,2.5734672359491957,1.3683958292547505
3.4880000000000004,-79.52615359673489,-78.96166823006996,-77.87072865150658,0.7714261793251349,2.5754404015527164,1.370368994858271
3.489,-79.65225600535108,-78.87506338776852,-77.78412380920516,0.7701197835037589,2.5799785381182847,1.3749071314238388
3.49,-79.46285913502493,-78.77182937188965,-77.68088979332627,0.7706017505918914,2.5848295019893883,1.3797580952949426
3.4909999999999997,-79.53916591307464,-78.65939518432053,-77.56845560575715,0.771392365346307,2.5894133716121543,1.3843419649177091
3.492,-79.35526256693684,-78.54069408777114,-77.44975450920778,0.7726275460285249,2.594958877514181,1.3898874708197353
3.4930000000000003,-79.35353464908296,-78.41604651297092,-77.32510693440754,0.7756349876100435,2.6005469193517095,1.3954755126572636
3.4939999999999998,-79.29902659083422,-78.2896060479432,-77.1986664693798,0.773382353758938,2.6046555983972683,1.3995841917028229
3.495,-79.31159049522253,-78.16831778432362,-77.07737820576024,0.7731662321469088,2.607241394361523,1.4021699876670777
3.4960000000000004,-79.33092299250127,-78.05890126013516,-76.96796168157178,0.7765351916790358,2.6085493624496325,1.4034779557551869
3.497,-79.35519626280856,-77.9671415531899,-76.87620197462654,0.7726125116348699,2.609364939787739,1.4042935330932933
3.498,-79.53758127785851,-77.89952652973096,-76.80858695116758,0.77547034394247,2.6093925149194495,1.404321108225004
3.4989999999999997,-79.60809819357661,-77.86198862458927,-76.7710490460259,0.7785957137266188,2.6084646130366584,1.4033932063422132
3.5,-79.80863286854863,-77.85465774941981,-76.76371817085645,0.7788147591080774,2.6076045107689114,1.4025331040744664
3.5010000000000003,-79.89327422542685,-77.87554989329476,-76.78461031473138,0.7791071920601631,2.6069154538561343,1.4018440471616889
3.502,-79.88889879394644,-77.91504036834536,-76.824100789782,0.7819107033152847,2.604943369507504,1.3998719628130585
3.503,-79.87723347229485,-77.95893560719846,-76.86799602863506,0.7809998574524615,2.6008528742689827,1.3957814675745375
3.5040000000000004,-79.95601604356176,-78.00042753007764,-76.90948795151425,0.7827910593321363,2.595418091436468,1.3903466847420225
3.505,-79.87112483992752,-78.03548281409894,-76.94454323553555,0.7870944086063658,2.5910755730855066,1.3860041663910612
3.5060000000000002,-79.73241921945083,-78.05458396395439,-76.96364438539099,0.7828488044444583,2.589683714086514,1.3846123073920684
3.5069999999999997,-79.67696260691345,-78.05078055945172,-76.95984098088834,0.7813539683326616,2.59060791162462,1.3855365049301744
3.508,-79.71111981244056,-78.03075000583017,-76.93981042726679,0.7802263855252338,2.5924227109469435,1.387351304252498
3.5090000000000003,-79.69741854157643,-78.00686886159492,-76.91592928303155,0.7771477726559737,2.594163372603816,1.3890919659093708
3.51,-79.69470570070607,-77.98493238600871,-76.89399280744534,0.7792843868123621,2.5951752162915005,1.390103809597055
3.511,-79.80166140571536,-77.96783504143468,-76.87689546287129,0.7809239811158963,2.5952435892795975,1.390172182585152
3.5120000000000005,-79.5292575366401,-77.95218971084505,-76.86125013228167,0.7807153960836971,2.594181047234094,1.3891096405396481
3.513,-79.56577461945317,-77.92603373303088,-76.83509415446748,0.7780538575129862,2.591118379543651,1.3860469728492055
3.5140000000000002,-79.5478171343911,-77.88698775672782,-76.79604817816443,0.7802780212662855,2.5854365698919612,1.3803651631975156
3.5149999999999997,-79.49832105207685,-77.84218874208597,-76.7512491635226,0.7773770758400369,2.576543964346729,1.3714725576522837
3.516,-79.3084560302819,-77.79063550319407,-76.69969592463069,0.776104135353051,2.565246160922035,1.3601747542275897
3.5170000000000003,-79.30913966130461,-77.72771681049367,-76.63677723193028,0.7754284202134644,2.552662839699132,1.3475914330046868
3.518,-79.23142050277588,-77.6560394946096,-76.56509991604622,0.7763275287665683,2.539640090257505,1.3345686835630595
3.519,-79.28482262770648,-77.58261088369552,-76.49167130513214,0.7739691285117067,2.5269137096920082,1.3218423029975628
3.5200000000000005,-79.41526456060399,-77.51812201030674,-76.42718243174338,0.7758701688442908,2.5145279219129684,1.3094565152185234
3.521,-79.2045004988314,-77.46465682133531,-76.37371724277193,0.7741424162391551,2.5039221389032753,1.2988507322088299
3.5220000000000002,-79.34464590791623,-77.41536857869357,-76.32442900013018,0.7738906854810229,2.497170927767151,1.2920995210727058
3.5229999999999997,-79.52435472465986,-77.38010691869691,-76.28916734013353,0.7757679409929251,2.495213704364441,1.2901422976699954
3.524,-79.60852801089774,-77.3721077303897,-76.28116815182632,0.7753582003423581,2.4979295399841144,1.2928581332896694
3.5250000000000004,-79.52029102243075,-77.38543408359162,-76.29449450502824,0.7740613941678824,2.5048249370369566,1.2997535303425107
3.526,-79.98321950984418,-77.4170786470047,-76.32613906844132,0.7754558753114044,2.513487206680222,1.3084157999857762
3.527,-79.80113346840972,-77.47247688167273,-76.38153730310935,0.777592881753356,2.5211112217508234,1.3160398150563775
3.5280000000000005,-79.77303329958576,-77.53492095948731,-76.44398138092393,0.7751066356807836,2.526860686663011,1.3217892799685655
3.529,-79.58274003844652,-77.5835135243888,-76.49257394582543,0.7767619634611193,2.5320379491306997,1.3269665424362544
3.5300000000000002,-79.76656262637944,-77.61590097595216,-76.52496139738878,0.7787427820994123,2.5378545072810885,1.332783100586643
3.5309999999999997,-79.81303534765786,-77.64555710656425,-76.55461752800086,0.7795588556075103,2.544596721597751,1.339525314903306
3.532,-79.80956438934935,-77.68055855281752,-76.58961897425414,0.7787166539306527,2.5518916640988674,1.3468202574044217
3.5330000000000004,-79.74234951401233,-77.7133808494976,-76.6224412709342,0.7825378802014177,2.558727575556015,1.3536561688615694
3.534,-79.72690168235624,-77.73634597628211,-76.64540639771872,0.7865672403172566,2.5631379830747227,1.3580665763802777
3.535,-79.58521733868234,-77.74524583808089,-76.65430625951751,0.7856074329422744,2.56299532907781,1.3579239223833643
3.5359999999999996,-79.61459942507972,-77.73710786639558,-76.6461682878322,0.7896989464907977,2.557694447993306,1.3526230412988607
3.537,-79.3186266515292,-77.70871177704785,-76.61777219848446,0.7928772488961519,2.548859610724466,1.3437882040300204
3.5380000000000003,-79.23562340758134,-77.65282747131668,-76.5618878927533,0.7926898750768656,2.5378104227818117,1.332739016087366
3.5389999999999997,-79.39373892814307,-77.57724958244428,-76.4863100038809,0.7947431406228531,2.5247053488213544,1.319633942126909
3.54,-79.43647511331415,-77.50457571256699,-76.41363613400361,0.7991742166855595,2.5101978312931132,1.3051264245986676
3.5410000000000004,-79.44570268529512,-77.44724494070286,-76.35630536213947,0.7986152500233108,2.4968383863982626,1.291766979703817
3.542,-79.26579951839771,-77.39997738375556,-76.30903780519219,0.8027370940933172,2.4863531800299157,1.28128177333547
3.543,-79.340889600775,-77.35600920461393,-76.26506962605053,0.8069938243778704,2.4788785781305216,1.273807171436076
3.5439999999999996,-79.34735055083192,-77.32018844166763,-76.22924886310423,0.8084604146359441,2.4744860493146685,1.2694146426202229
3.545,-79.31396376102,-77.29545852318529,-76.20451894462191,0.8068561082996004,2.473197098363981,1.2681256916695354
3.5460000000000003,-79.19873921341248,-77.27544692308189,-76.1845073445185,0.8079794113309916,2.4744230984750515,1.2693516917806063
3.5469999999999997,-79.29766743696347,-77.25700285981172,-76.16606328124833,0.8078042106989017,2.4771024265453656,1.2720310198509202
3.548,-79.42808113077338,-77.24716301698292,-76.15622343841954,0.8050615537072873,2.480352944494461,1.2752815378000155
3.5490000000000004,-79.68828758795226,-77.2599594546093,-76.16901987604594,0.8089605424998391,2.485197457784509,1.2801260510900634
3.55,-79.38593772937847,-77.29487287432688,-76.2039332957635,0.8099419042613061,2.491664068861992,1.2865926621675463
3.551,-79.48191393401709,-77.33439361414443,-76.24345403558104,0.8095170217414606,2.49887501180773,1.2938036051132848
3.5519999999999996,-79.49211675417966,-77.37238194274607,-76.28144236418268,0.8107674867525151,2.5068394919210824,1.3017680852266371
3.553,-79.58429682667364,-77.41209787366398,-76.32115829510062,0.8116882495978622,2.515666943808523,1.3105955371140772
3.5540000000000003,-79.64552105630708,-77.45582040080369,-76.36488082224031,0.8107579478210406,2.524669454429126,1.319598047734681
3.5549999999999997,-79.65383713072498,-77.50537919541924,-76.41443961685584,0.8131355474934189,2.532806097497311,1.3277346908028655
3.556,-79.47614861168917,-77.55331506001393,-76.46237548145054,0.8117412025327552,2.5392850251332946,1.3342136184388493
3.5570000000000004,-79.52150476464897,-77.591247367244,-76.50030778868062,0.8125633289424992,2.543813049068004,1.3387416423735585
3.558,-79.69060559548736,-77.62598534583046,-76.53504576726708,0.816309919495711,2.5465975342226495,1.341526127528204
3.559,-79.92329523159196,-77.67297493118669,-76.58203535262331,0.8166041253782801,2.5474140226606576,1.342342615966212
3.5599999999999996,-79.75686031895798,-77.73391772275572,-76.64297814419233,0.8172643452694531,2.5468495610794712,1.3417781543850265
3.561,-79.59744243001303,-77.79036004548615,-76.69942046692276,0.8174555480783364,2.5448622702982076,1.3397908636037617
3.5620000000000003,-79.56069061875614,-77.82657713729618,-76.7356375587328,0.8165742890254266,2.540568816779763,1.3354974100853172
3.5629999999999997,-79.64883569200238,-77.84648877397376,-76.75554919541038,0.8146077331290992,2.533575508678738,1.3285041019842927
3.564,-79.53471018281957,-77.8596776032306,-76.76873802466723,0.8120235736116729,2.524482699647371,1.3194112929529251
3.5650000000000004,-79.59321739397681,-77.86870256829702,-76.77776298973363,0.8088991099189284,2.514479529987497,1.3094081232930517
3.566,-79.46667222536607,-77.87397969969712,-76.78304012113375,0.8120402987393428,2.5030939261983813,1.298022519503936
3.567,-79.41287881606755,-77.8723939508507,-76.78145437228731,0.8106099701489037,2.4906828353849844,1.2856114286905387
3.5679999999999996,-79.32606523884232,-77.86076267482667,-76.7698230962633,0.809722172959884,2.478810323097739,1.2737389164032935
3.569,-79.22398676802835,-77.8373668754341,-76.7464272968707,0.8106504980895083,2.4683288694306675,1.2632574627362216
3.5700000000000003,-79.14691908771184,-77.80352957681033,-76.71258999824697,0.8083150952668966,2.4596063170217075,1.254534910327262
3.5709999999999997,-79.19464425344495,-77.76483162373098,-76.6738920451676,0.8110924505246754,2.4532401039445246,1.248168697250079
3.572,-79.32615515969177,-77.7311471541728,-76.64020757560944,0.8084105534995315,2.4486242296506693,1.2435528229562236
3.5730000000000004,-79.323074124533,-77.71010480742196,-76.61916522885856,0.8065338129938848,2.4455404095635984,1.2404690028691523
3.574,-79.56713426056861,-77.70884677835514,-76.61790719979176,0.8090367690494812,2.444715854773461,1.2396444480790152
3.575,-79.61672659084657,-77.73490286240947,-76.64396328384609,0.8049156639371116,2.446561041552851,1.2414896348584057
3.5759999999999996,-79.6006369513212,-77.78296036652672,-76.69202078796334,0.8065342064930826,2.450491132204328,1.245419725509882
3.577,-79.5409429410403,-77.83946245756614,-76.74852287900275,0.8094503887742895,2.4546141071107757,1.2495427004163306
3.5780000000000003,-79.66893358107949,-77.89828324136454,-76.80734366280116,0.8093192500481011,2.458648026583853,1.2535766198894078
3.5789999999999997,-79.59733852512908,-77.9605361843762,-76.86959660581282,0.8093284352891509,2.46332859707235,1.2582571903779047
3.58,-79.48309845730235,-78.0193172541335,-76.92837767557013,0.809997942125375,2.4686544470046656,1.2635830403102202
3.5810000000000004,-79.49334602613543,-78.06661743462924,-76.97567785606587,0.8117925516917264,2.4752730873060087,1.2702016806115632
3.582,-79.40482462975255,-78.10119105238248,-77.0102514738191,0.8105056726578119,2.48355096679577,1.2784795601013241
3.583,-79.39631925751809,-78.12221512965506,-77.03127555109168,0.8157452674102688,2.491930259172848,1.2868588524784024
3.5839999999999996,-79.73459591354568,-78.13849037175068,-77.0475507931873,0.8178233151875249,2.4987025719793463,1.2936311652849006
3.585,-79.7066126467187,-78.16844658825664,-77.07750700969325,0.8200841517406537,2.5039505488955833,1.2988791422011376
3.5860000000000003,-79.58637067785449,-78.20758721245998,-77.1166476338966,0.8180860338610678,2.508350908570463,1.3032795018760175
3.5869999999999997,-79.6170244213567,-78.24047627718167,-77.14953669861828,0.8214974011049051,2.5119662205907414,1.3068948138962957
3.588,-79.74367196841123,-78.26809335934387,-77.1771537807805,0.8225251849782252,2.514581060989647,1.3095096542952016
3.5890000000000004,-79.6037574269746,-78.29477512324507,-77.2038355446817,0.820671211772989,2.5156639876019375,1.310592580907492
3.59,-79.79938980340002,-78.31928535435138,-77.228345775788,0.822693046986665,2.512973292220567,1.3079018855261215
3.591,-79.62042707389239,-78.3423426368367,-77.25140305827333,0.8261152636681897,2.5059419808396095,1.300870574145164
3.5919999999999996,-79.80361717027901,-78.36368143220496,-77.27274185364156,0.8237521447627938,2.4976384208350804,1.2925670141406351
3.593,-79.94374126792286,-78.39233719632057,-77.30139761775719,0.8262332645794833,2.4901702903256964,1.2850988836312502
3.5940000000000003,-79.7871149426352,-78.43195957373463,-77.34101999517125,0.830602928248674,2.4831470709602006,1.278075664265755
3.5949999999999998,-79.59620550770248,-78.46575750781213,-77.37481792924876,0.8314948235717194,2.4765747837073504,1.2715033770129047
3.596,-79.61417504363621,-78.47975105293092,-77.38881147436753,0.8328003729830713,2.469861148394203,1.2647897416997576
3.5970000000000004,-79.65930368672888,-78.47587672488322,-77.38493714631984,0.8327290946818958,2.461466426135502,1.2563950194410562
3.598,-79.63076300372529,-78.4595847519791,-77.3686451734157,0.8326256715465418,2.4514812481881445,1.246409841493699
3.599,-79.54202504139421,-78.43033131115214,-77.33939173258875,0.8334749284119194,2.4423566662370826,1.2372852595426371
3.5999999999999996,-79.16428619668584,-78.37753374495955,-77.28659416639616,0.8337029021160972,2.4342537883593454,1.2291823816648995
3.601,-79.34307476900118,-78.29594044359592,-77.20500086503255,0.8341459791532024,2.427038505273886,1.2219670985794404
3.6020000000000003,-79.61173530355693,-78.20759731534177,-77.1166577367784,0.8324788845857285,2.420959714278007,1.2158883075835616
3.6029999999999998,-79.69683743618634,-78.1394388669757,-77.04849928841233,0.8343260548104162,2.414693921235923,1.2096225145414772
3.604,-79.54357402428099,-78.09400279370666,-77.00306321514329,0.8344976036583485,2.4080631653668347,1.2029917586723888
3.6050000000000004,-79.56198702831303,-78.05879389666438,-76.96785431810099,0.8332647619573464,2.4032395515432077,1.1981681448487622
3.606,-79.60957350061844,-78.02875746164347,-76.93781788308007,0.8322391860198012,2.401632608410591,1.1965612017161456
3.607,-79.62362641543106,-78.00686322405741,-76.91592364549402,0.827577353187512,2.4024561746028237,1.1973847679083784
3.6079999999999997,-79.51887043801939,-77.9909758675685,-76.90003628900512,0.826584673671492,2.404116982456191,1.1990455757617458
3.609,-79.65890579061276,-77.97677501832158,-76.8858354397582,0.8236267695599464,2.4071791144070755,1.20210770771263
3.6100000000000003,-79.42367533427048,-77.9600356709442,-76.86909609238081,0.8240099078217553,2.412173344523912,1.2071019378294667
3.6109999999999998,-79.33160018998329,-77.9285006095806,-76.83756103101722,0.8258059776691389,2.4172886764570887,1.2122172697626428
3.612,-79.47712241511468,-77.88160781316809,-76.79066823460472,0.825537092413977,2.4196540498232086,1.214582643128763
3.6130000000000004,-79.42226199967364,-77.83477528361048,-76.7438357050471,0.8218765979353775,2.4182879508534967,1.2132165441590512
3.614,-79.49362851743851,-77.79587797049923,-76.70493839193585,0.8231674547862454,2.413583818897939,1.2085124122034934
3.615,-79.54715469419098,-77.76759560386758,-76.67665602530418,0.8262960003499852,2.4062365474622807,1.2011651407678352
3.6159999999999997,-79.55478671638639,-77.75037224397515,-76.65943266541177,0.822468543599916,2.397947682445665,1.19287627575122
3.617,-79.5871515454561,-77.74364890250202,-76.65270932393864,0.8221875219932512,2.3906913579307347,1.1856199512362886
3.6180000000000003,-79.23305566149484,-77.73572109543082,-76.64478151686744,0.821778169147769,2.3838021735544097,1.1787307668599645
3.6189999999999998,-79.38033638714778,-77.71252846683629,-76.62158888827292,0.820291600861205,2.37569183996513,1.1706204332706844
3.62,-79.45770564830646,-77.68218413084828,-76.5912445522849,0.8200028292936976,2.3659230609515096,1.1608516542570642
3.6210000000000004,-79.42537897129677,-77.65745738992027,-76.5665178113569,0.8203602652578107,2.355041043204904,1.1499696365104584
3.622,-79.59165483718613,-77.64271354241696,-76.55177396385358,0.8216008804591322,2.3455654121733476,1.1404940054789023
3.623,-79.42343733927875,-77.63804859926178,-76.54710902069839,0.8200877437983674,2.339776136985799,1.134704730291353
3.6239999999999997,-79.40095344152695,-77.63291135612074,-76.54197177755735,0.8173221482040721,2.3368930232748375,1.131821616580392
3.625,-79.68231050638029,-77.62895932282896,-76.53801974426558,0.8148631656077925,2.334171505512598,1.1291000988181528
3.6260000000000003,-79.69435551641222,-77.6406074744729,-76.54966789590952,0.8138455513939055,2.329227906428134,1.1241564997336884
3.627,-79.69228601277776,-77.66692484696202,-76.57598526839865,0.8133517589102903,2.323683720185166,1.1186123134907209
3.628,-79.76676065960335,-77.70214521560894,-76.61120563704556,0.8124699808923539,2.3204884656011746,1.1154170589067294
3.6290000000000004,-79.75714909298219,-77.74587398119648,-76.6549344026331,0.8117320050444169,2.3208602803064715,1.115788873612026
3.63,-79.86699283294374,-77.79764886427779,-76.7067092857144,0.8138747370391999,2.3245145513016894,1.119443144607244
3.6310000000000002,-79.99904686495238,-77.86192060761486,-76.77098102905148,0.8140045543417698,2.3298013338770565,1.1247299271826112
3.6319999999999997,-79.72411079310028,-77.93217331240741,-76.84123373384402,0.8115582111050582,2.3351231632440452,1.1300517565495998
3.633,-79.48392186782398,-77.98141427484775,-76.89047469628437,0.8134200919007186,2.3401074027783446,1.135035996083899
3.6340000000000003,-79.62546564486239,-77.99616781547792,-76.90522823691452,0.8100054144996114,2.344074382087913,1.1390029753934676
3.635,-79.65834943271413,-77.99143506802054,-76.90049548945714,0.8117123638051246,2.3452245958396865,1.1401531891452406
3.636,-79.76133425984557,-77.9843173523961,-76.89337777383273,0.8103189411770427,2.342033741949449,1.1369623352550031
3.6370000000000005,-79.47758726551558,-77.9770915329334,-76.88615195437002,0.811839506243874,2.334435503685856,1.1293640969914105
3.638,-79.589031535035,-77.96284672122218,-76.8719071426588,0.8130516169357774,2.3245441025500795,1.119472695855634
3.6390000000000002,-79.30136207006932,-77.93821880015473,-76.84727922159134,0.8170403299955286,2.31458863340721,1.1095172267127642
3.6399999999999997,-79.19858866800178,-77.89412658343531,-76.80318700487193,0.8169140017321069,2.30486238130233,1.0997909746078844
3.641,-79.19744335456224,-77.82692109635461,-76.73598151779123,0.8161885752885623,2.294881640425733,1.0898102337312872
3.6420000000000003,-79.30347752727741,-77.7506665866962,-76.65972700813282,0.8162936361392723,2.2851756296596255,1.08010422296518
3.643,-79.29646840558698,-77.6823956119122,-76.59145603334882,0.8196434329071166,2.274542337694952,1.0694709310005064
3.644,-79.46781641793373,-77.63414484648794,-76.54320526792456,0.815927471561162,2.262321650498579,1.057250243804134
3.6450000000000005,-79.48149490209589,-77.6140267844606,-76.52308720589723,0.8152174586998285,2.24811277342701,1.0430413667325644
3.646,-79.22249452684177,-77.6132963339248,-76.52235675536143,0.815996560423084,2.231537844162822,1.0264664374683767
3.6470000000000002,-79.30826886478647,-77.61437293446896,-76.52343335590557,0.8208204244464892,2.213223626589965,1.0081522198955197
3.6479999999999997,-79.58518262600381,-77.62129402985569,-76.5303544512923,0.8199641324912681,2.194209999874987,0.9891385931805415
3.649,-79.54792376631485,-77.64708522612312,-76.55614564755975,0.8191744105160635,2.176321913204798,0.9712505065103528
3.6500000000000004,-79.62806131682065,-77.68937838318735,-76.59843880462395,0.8170702306165835,2.16050049267375,0.9554290859793045
3.651,-79.96128970219547,-77.7501156895838,-76.65917611102041,0.8156239531310393,2.145960637717023,0.9408892310225774
3.652,-79.93857803830603,-77.83594176732255,-76.74500218875916,0.8139515734539832,2.1312370655200636,0.9261656588256182
3.6530000000000005,-79.94945233751967,-77.9383048504415,-76.84736527187812,0.8118370711233726,2.1155339683113943,0.9104625616169486
3.6550000000000002,-80.07631391352416,-78.14273058956455,-77.05179101100117,0.8124474281289618,2.0780694184824395,0.8729980117879939
3.6559999999999997,-80.03666293260906,-78.23883555330413,-77.14789597474075,0.8119794851754355,2.058908970757705,0.8538375640632592
3.657,-80.26619505869836,-78.33476930960418,-77.2438297310408,0.8098860607300464,2.0386252417473107,0.8335538350528653
3.6580000000000004,-80.29030113353693,-78.43751298137633,-77.34657340281294,0.8084499396830762,2.01450968896682,0.8094382822723741
3.659,-80.26632889653392,-78.54351372309735,-77.45257414453397,0.8054339200281547,1.9881357953546837,0.7830643886602382
3.66,-80.06995663764599,-78.63589300923233,-77.54495343066895,0.8068379943633837,1.9623527218667847,0.7572813151723391
3.6609999999999996,-79.95084243738062,-78.69825706250319,-77.6073174839398,0.8038220386410021,1.9378963967856042,0.7328249900911586
3.662,-79.87503157422658,-78.72588729846628,-77.6349477199029,0.8017827580059179,1.9131834394186618,0.7081120327242164
3.6630000000000003,-79.685474769786,-78.71839191122996,-77.62745233266658,0.8002037455135126,1.8851115343402858,0.6800401276458404
3.6639999999999997,-79.99385758973055,-78.68776308647894,-77.59682350791556,0.7925102510079837,1.8544461941672055,0.6493747874727601
3.665,-79.95593268869473,-78.65947556539292,-77.56853598682954,0.7919373758097552,1.8249136445690157,0.6198422378745704
3.6660000000000004,-79.85778295085741,-78.63997433269888,-77.54903475413549,0.7893510187094814,1.7964130586466314,0.5913416519521861
3.667,-79.95194322539784,-78.625077601295,-77.53413802273164,0.7851558656258342,1.7665195347766611,0.5614481280822159
3.668,-80.01271695458554,-78.62053682184283,-77.52959724327947,0.7793441427970416,1.7356654571166454,0.5305940504222
3.6689999999999996,-79.89683150284883,-78.62591728322587,-77.5349777046625,0.7782147753776143,1.7053278018738651,0.5002563951794196
3.67,-79.80437764671844,-78.62808497077476,-77.53714539221137,0.7759234687669562,1.6744369808981852,0.46936557420374
3.6710000000000003,-79.71577742314082,-78.61666841650906,-77.52572883794566,0.773129712908704,1.640914359517937,0.4358429528234915
3.6719999999999997,-79.84407248698402,-78.593541063772,-77.50260148520861,0.7649018298729569,1.6045678016293297,0.3994963949348842
3.673,-79.99800904968419,-78.5734068266934,-77.48246724813004,0.7586313287543893,1.566203247079993,0.3611318403855474
3.6740000000000004,-80.01123765441328,-78.56855681339268,-77.4776172348293,0.7557536787999483,1.5271518842303904,0.322080477535945
3.675,-80.02433381804187,-78.57941026356265,-77.48847068499929,0.7555830148465856,1.4879647270128085,0.282893320318363
3.676,-80.1643389151213,-78.60485678007481,-77.51391720151143,0.7543444251518066,1.4483342378409947,0.24326283114654917
3.6769999999999996,-80.12501167056287,-78.64404860378528,-77.5531090252219,0.7491935588689056,1.4083069293742325,0.2032355226797869
3.678,-80.13453338824574,-78.68995336012358,-77.5990137815602,0.7450271593341196,1.3679160826932166,0.16284467599877106
3.6790000000000003,-80.30546223160212,-78.74002992778442,-77.64909034922104,0.7410540671986744,1.3277279683397014,0.12265656164525605
3.6799999999999997,-80.25123786625115,-78.79649757259568,-77.7055579940323,0.7346327601519663,1.2882384476636648,0.0831670409692193
3.681,-80.36087729951223,-78.85564006422885,-77.76470048566547,0.7310775141620043,1.249217707575651,0.044146300881205316
3.6820000000000004,-80.09358511644827,-78.90741460124197,-77.81647502267857,0.7288401733282766,1.2098093145691446,0.004737907874699234
3.683,-80.24270887925742,-78.94130641257878,-77.85036683401542,0.7215148302251383,1.1692546574496805,-0.03581674924476495
3.684,-80.41675372405437,-78.96667810190658,-77.8757385233432,0.7164420594484531,1.1267159679274126,-0.07835543876703299
3.6849999999999996,-80.28463055395287,-78.99390645702871,-77.90296687846534,0.714418343891283,1.081474787586272,-0.12359661910817346
3.686,-80.43025537876578,-79.02048689232886,-77.92954731376548,0.7104527617251537,1.0339792080376577,-0.17109219865678757
3.6870000000000003,-80.38244931870776,-79.04714744371952,-77.95620786515613,0.7082905327983263,0.9856322669782246,-0.21943913971622095
3.6879999999999997,-80.34279584014526,-79.07148110732031,-77.98054152875693,0.7072299399509461,0.9381053014576493,-0.26696610523679626
3.689,-80.12590397740078,-79.08440184758847,-77.99346226902507,0.7011016116263087,0.8920202003246342,-0.31305120636981126
3.6900000000000004,-80.17990554952853,-79.07934859233686,-77.98840901377348,0.6941465341851879,0.8484889765741684,-0.35658243012027696
3.691,-80.03333261845331,-79.05656767173214,-77.96562809316876,0.6887208458080393,0.8099433489354667,-0.3951280577589788
3.692,-79.88299586761029,-79.01067246636042,-77.91973288779703,0.6839800599447527,0.7774889929752595,-0.42758241371918604
3.6929999999999996,-79.82869455749707,-78.93853413956074,-77.84759456099736,0.6764708024962884,0.751378255910099,-0.4536931507843466
3.694,-79.96378846149159,-78.8516749658831,-77.76073538731973,0.6675151795824436,0.7313852911330783,-0.4736861155613673
3.6950000000000003,-79.92159397737443,-78.7672176783138,-77.67627809975042,0.6642671741151646,0.7161315126792452,-0.4889398940152004
3.6959999999999997,-80.03485863424223,-78.69410493646932,-77.60316535790592,0.6605928518339822,0.7029905767586335,-0.502080829935812
3.697,-80.00966551147089,-78.6362934888542,-77.5453539102908,0.6573857743953946,0.6909754583421018,-0.5140959483523435
3.6980000000000004,-80.0368010767152,-78.59136532592615,-77.50042574736275,0.6563395496214828,0.679535284912172,-0.5255361217822735
3.699,-80.03698897117401,-78.55619213451484,-77.46525255595147,0.6512502714516237,0.6657438609302846,-0.539327545764161
3.7,-80.16365909739697,-78.5318782121289,-77.44093863356552,0.6489687005343496,0.646388534659974,-0.5586828720344714
3.7009999999999996,-80.05816006338014,-78.51765170031736,-77.42671212175398,0.646249439287865,0.6214248621643735,-0.5836465445300718
3.702,-80.18446833891235,-78.50910205457127,-77.41816247600788,0.6490609435867307,0.5914570935608914,-0.6136143131335541
3.7030000000000003,-80.30839548060437,-78.50954077944348,-77.4186012008801,0.6466785823566066,0.5569724640072595,-0.6480989426871859
3.7039999999999997,-80.32396341419734,-78.52336321690227,-77.4324236383389,0.6466757487541894,0.5211876402715447,-0.6838837664229008
3.705,-80.37627318081229,-78.54775958797099,-77.45682000940762,0.6453241003418592,0.4869738834606609,-0.7180975232337846
3.7060000000000004,-80.36832824495407,-78.57730900062742,-77.48636942206404,0.6434438465459268,0.4544627815178167,-0.7506086251766286
3.707,-80.38613842327985,-78.60730415474599,-77.51636457618261,0.6406784128083877,0.42442034399801504,-0.7806510626964305
3.708,-80.47379335710951,-78.63657750691769,-77.54563792835431,0.6403930946897042,0.39736051023559954,-0.807710896458846
3.7089999999999996,-80.46088725725592,-78.66674218910781,-77.57580261054444,0.637334905744805,0.37316668324281543,-0.8319047234516299
3.71,-80.31477438590868,-78.69056386628594,-77.59962428772256,0.6370623503335671,0.35300905107341485,-0.8520623556210306
3.7110000000000003,-80.18809495265602,-78.69469838958075,-77.60375881101737,0.6348184041833601,0.3371638804283109,-0.8679075262661345
3.7119999999999997,-80.21431034619653,-78.6745130955879,-77.58357351702453,0.6346904729821912,0.32480931762934756,-0.8802620890650978
3.713,-80.31517251380139,-78.64217821887104,-77.55123864030767,0.6329339575947246,0.31506351718041786,-0.8900078895140277
3.7140000000000004,-80.23903654122292,-78.61023650709149,-77.51929692852812,0.6341912243265821,0.30693547326295584,-0.8981359334314896
3.715,-80.2596755508515,-78.57942167628671,-77.48848209772333,0.6330573440748098,0.30055549003029747,-0.9045159166641479
3.716,-80.28994962366112,-78.55036308283988,-77.4594235042765,0.6326582572648923,0.29694063006599514,-0.9081307766284503
3.7169999999999996,-80.28102635845346,-78.52662918796122,-77.43568960939783,0.6331916842720242,0.29549659693862973,-0.9095748097558158
3.718,-80.22202332787911,-78.50611160482661,-77.41517202626324,0.633118402103725,0.29547002465993416,-0.9096013820345112
3.7190000000000003,-80.0127045941082,-78.478620062451,-77.3876804838876,0.6332625613966845,0.2985440283142629,-0.9065273783801827
3.7199999999999998,-80.04251237669709,-78.4354618511741,-77.3445222726107,0.632891367554465,0.3049013859018072,-0.9001700207926382
3.721,-79.91333595181736,-78.37852285760258,-77.2875832790392,0.6311666939375449,0.3126773295156068,-0.8923940771788387
3.7220000000000004,-80.12422767661077,-78.31614320571856,-77.22520362715518,0.6308125797274015,0.319610513688818,-0.8854608930056276
3.723,-80.17613796306216,-78.26350022452611,-77.17256064596272,0.6312411132664698,0.32568916900549166,-0.8793822376889538
3.724,-80.22571901852378,-78.23001935481385,-77.13907977625045,0.6302991802262214,0.3319872673170132,-0.8730841393774322
3.7249999999999996,-80.17363133046145,-78.21340073452365,-77.12246115596027,0.6319760234390875,0.3385685933212935,-0.8665028133731519
3.726,-80.1516031865314,-78.20589151199536,-77.11495193343197,0.632322636985815,0.34450149835087746,-0.8605699083435682
3.7270000000000003,-80.20538868537602,-78.20289572177023,-77.11195614320685,0.6330047576980693,0.34995317646973473,-0.8551182302247107
3.7279999999999998,-80.21069222070662,-78.20601802820352,-77.11507844964012,0.6335614489084114,0.3539922030569478,-0.8510792036374978
3.729,-80.23233232819989,-78.21529403199301,-77.12435445342965,0.6339105747270025,0.35474899981703156,-0.8503224068774139
3.7300000000000004,-80.3424897296864,-78.23077964498415,-77.13984006642077,0.6345677404037062,0.3528394353748807,-0.8522319713195647
3.732,-80.38288196386279,-78.28135636637809,-77.1904167878147,0.6341530307601349,0.34339311581170356,-0.8616782908827418
3.7329999999999997,-80.3802211776901,-78.31150683520238,-77.22056725663901,0.6337811202001672,0.33601259596164434,-0.8690588107328011
3.734,-80.35827237805786,-78.34069160130345,-77.24975202274007,0.6348209301752588,0.3275811273773596,-0.8774902793170859
3.7350000000000003,-80.25703574060316,-78.36311640864533,-77.27217683008195,0.6351965556442893,0.31638687643207203,-0.8886845302623735
3.7359999999999998,-80.33107892953633,-78.37558682023605,-77.28464724167266,0.6334354156712808,0.3027564587856821,-0.9023149479087634
3.737,-80.43103513280064,-78.38522041438115,-77.29428083581776,0.6340882121017564,0.2896727900350585,-0.915398616659387
3.7380000000000004,-80.38755523080061,-78.39811199322199,-77.3071724146586,0.6335312350229846,0.277549707517896,-0.9275216991765495
3.739,-80.33345991390385,-78.40997732819162,-77.31903774962822,0.6337135979134735,0.26584556239517165,-0.9392258442992738
3.74,-80.41078056116788,-78.41867405112767,-77.32773447256427,0.6322619478662925,0.25629154399662696,-0.9487798626978184
3.7409999999999997,-80.38441793566086,-78.42673487906484,-77.33579530050146,0.6334693070123548,0.250593399230072,-0.9544780074643735
3.742,-80.44143447214228,-78.43653232740306,-77.34559274883966,0.6332462242120127,0.24903863853833957,-0.9560327681561059
3.7430000000000003,-80.36762961290978,-78.44731631092398,-77.3563767323606,0.6327120830764708,0.25027273873337613,-0.9547986679610695
3.7439999999999998,-80.2887707016617,-78.45306214601727,-77.36212256745388,0.6333978650989622,0.2544351940691903,-0.9506362126252553
3.745,-80.31839231970095,-78.44927565842517,-77.35833607986179,0.631475978041626,0.26189285294397935,-0.9431785537504661
3.7460000000000004,-80.29430922794846,-78.43884703092326,-77.34790745235986,0.632943013350448,0.2717963165822585,-0.933275090112187
3.747,-80.16597968160771,-78.42115294094042,-77.33021336237704,0.6333017521983675,0.2826405400292186,-0.9224308666652268
3.748,-80.19865425334073,-78.39301815663737,-77.30207857807397,0.6332453366811382,0.29315258200953276,-0.9119188246849128
3.7489999999999997,-80.17053718689895,-78.358317563163,-77.26737798459962,0.6337660178075427,0.3018101049554255,-0.90326130173902
3.75,-80.2527608722505,-78.32420818407724,-77.23326860551384,0.6316255667812278,0.3092096908783565,-0.895861715816089
3.7510000000000003,-80.17478268332366,-78.29422607955452,-77.20328650099114,0.630125599369549,0.31789874921096783,-0.8871726574834776
3.752,-80.23626631397636,-78.2685821805545,-77.17764260199112,0.6317317546822746,0.32870846972071166,-0.8763629369737338
3.753,-80.17308591942778,-78.24685446686475,-77.15591488830137,0.6318879140140662,0.33908216932756574,-0.8659892373668798
3.7540000000000004,-80.21337888977959,-78.22785930537488,-77.13691972681148,0.6327624265516671,0.3464404769306742,-0.8586309297637713
3.755,-80.27025526056823,-78.21367555415381,-77.12273597559043,0.6344229733426451,0.3503589386068377,-0.8547124680876077
3.7560000000000002,-80.1871132651405,-78.205098204229,-77.11415862566561,0.6340674144961822,0.35129501128885715,-0.8537763954055884
3.7569999999999997,-80.30839069755991,-78.19956327677258,-77.10862369820919,0.6331921162647405,0.3488244707499318,-0.8562469359445136
3.758,-80.28603824582557,-78.19886954495094,-77.10792996638756,0.6328857555306248,0.3430022615358206,-0.862069145158625
3.7590000000000003,-80.33843363383494,-78.20341718468627,-77.1124776061229,0.6325724330043327,0.33413695317281544,-0.8709344535216301
3.76,-80.25776398075843,-78.21163638601548,-77.1206968074521,0.6337484479496807,0.32288203658311637,-0.882189370111329
3.761,-80.41668275899562,-78.22294191658405,-77.13200233802068,0.6345651740680991,0.310727416753801,-0.8943439899406445
3.7620000000000005,-80.32206406264568,-78.23866169460618,-77.1477221160428,0.6342859295840969,0.2992924210482454,-0.9057789856462003
3.763,-80.35819497142394,-78.25518256158927,-77.16424298302587,0.6339763220997694,0.28895019623980706,-0.9161212104546385
3.7640000000000002,-80.43061863333928,-78.27133229267417,-77.18039271411078,0.6352110012122162,0.2793436812139786,-0.9257277254804668
3.7649999999999997,-80.35042594839469,-78.28820533872322,-77.19726576015984,0.6339013080868506,0.2700076813830705,-0.9350637253113749
3.766,-80.36086515706072,-78.30199497480288,-77.2110553962395,0.6335996352763418,0.26302839606105416,-0.9420430106333914
3.7670000000000003,-80.42081975154416,-78.31205079654455,-77.22111121798117,0.6342574409975487,0.2597568205786702,-0.9453145861157752
3.768,-80.31691076227094,-78.31914545046952,-77.22820587190614,0.6320938221296226,0.2608353594374866,-0.9442360472569591
3.769,-80.36524528000137,-78.3217932856146,-77.23085370705122,0.6330266692316178,0.26706797455967823,-0.9380034321347672
3.7700000000000005,-80.40411950273297,-78.3234968167799,-77.2325572382165,0.633188283695109,0.2772750529807736,-0.927796353713672
3.771,-80.33960499994852,-78.32680264942476,-77.23586307086137,0.6306072498380789,0.2898396884055356,-0.9152317182889098
3.7720000000000002,-80.37965958202044,-78.32979939385493,-77.23885981529155,0.6322102941852987,0.3043717206073857,-0.9006996860870596
3.7729999999999997,-80.36623151127971,-78.33276534642982,-77.24182576786643,0.6322020677954201,0.3195458344463446,-0.8855255722481008
3.774,-80.34358034270723,-78.33468698052432,-77.24374740196096,0.6299223875973334,0.3344471181504691,-0.8706242885439762
3.7750000000000004,-80.34097148127785,-78.33322371197572,-77.24228413341234,0.6312731652135729,0.34852298075768473,-0.8565484259367608
3.776,-80.28291635331873,-78.32719065652049,-77.23625107795712,0.6311819737696315,0.36180871676370047,-0.843262689930745
3.777,-80.22079466924673,-78.31506544015771,-77.22412586159433,0.6329673931956172,0.3745325856619257,-0.8305388210325197
3.7780000000000005,-80.32941462651888,-78.2984005378035,-77.20746095924012,0.6324732390381406,0.3864464188946814,-0.8186249877997641
3.779,-80.19311441434704,-78.28057254061892,-77.18963296205553,0.6325254878437813,0.39806051547583593,-0.8070108912186095
3.7800000000000002,-80.28545319840401,-78.2608869900862,-77.16994741152283,0.634520031113782,0.4090736072201341,-0.7959977994743116
3.7809999999999997,-80.23246101740658,-78.24094905376815,-77.15000947520477,0.6341339290151585,0.4178387066834073,-0.7872327000110382
3.782,-80.24031073089749,-78.22149057254568,-77.13055099398228,0.6345793690940085,0.42387619847875807,-0.7811952082156873
3.7830000000000004,-80.13589497745367,-78.1996339891177,-77.10869441055432,0.6335157243120326,0.42800071473460377,-0.7770706919598416
3.784,-80.14151055701159,-78.1719255737703,-77.08098599520692,0.6346224729130369,0.4307917262066067,-0.7742796804878387
3.785,-80.12270442763445,-78.14016339223852,-77.04922381367516,0.6348605424037629,0.4320141911857344,-0.7730572155087111
3.7859999999999996,-80.24087128919486,-78.11177562945345,-77.02083605089007,0.6342334554733484,0.4312819690145194,-0.7737894376799261
3.787,-80.21241777230173,-78.09242809554392,-77.00148851698053,0.634992913278444,0.42752893199385467,-0.7775424747005909
3.7880000000000003,-80.30868765790999,-78.08341582576752,-76.99247624720412,0.6345805845797529,0.4190196651299937,-0.7860517415644518
3.7889999999999997,-80.19591405823464,-78.08205393358412,-76.99111435502073,0.6352312170203808,0.40676507177449645,-0.798306334919949
3.79,-80.34076206682283,-78.08580209630071,-76.99486251773735,0.635024929333818,0.39409485691195134,-0.8109765497824941
3.7910000000000004,-80.3475645723405,-78.09677162147135,-77.00583204290795,0.6342917715239742,0.38342177177956893,-0.8216496349148765
3.792,-80.26365952017585,-78.11369009737349,-77.0227505188101,0.6342990909984607,0.37644257133944015,-0.8286288353550053
3.793,-80.34004799693484,-78.13019416284365,-77.03925458428027,0.6364212387959187,0.37297505111550094,-0.8320963555789445
3.7939999999999996,-80.28881951835658,-78.14596749852282,-77.05502791995944,0.6344623104086757,0.37220227698380004,-0.8328691297106454
3.795,-80.37153842002976,-78.16242543279819,-77.07148585423482,0.6351196282609235,0.3732106404586511,-0.8318607662357944
3.7960000000000003,-80.37347494420104,-78.18113617782582,-77.09019659926244,0.6353770736175416,0.3754862174195881,-0.8295851892748574
3.7969999999999997,-80.36663782797672,-78.20159977178591,-77.11066019322254,0.6344255185660144,0.37901830632180983,-0.8260531003726357
3.798,-80.33362006601786,-78.22115662450645,-77.13021704594306,0.6338948324889452,0.3842777240091753,-0.8207936826852702
3.7990000000000004,-80.24018989735622,-78.23469012677076,-77.1437505482074,0.633911734299649,0.39080214186858697,-0.8142692648258585
3.8,-80.34816843609123,-78.23995950784841,-77.14901992928503,0.635360035330138,0.39805887491828884,-0.8070125317761566
3.801,-80.30245715273905,-78.24157254444802,-77.15063296588465,0.6348996460928268,0.4051892793416842,-0.7998821273527613
3.8019999999999996,-80.32576477526538,-78.24239406725539,-77.151454488692,0.6344203417105672,0.41236392339527816,-0.7927074832991673
3.803,-80.28452689911374,-78.24254447156041,-77.15160489299703,0.63450465430582,0.41983549626675065,-0.7852359104276948
3.8040000000000003,-80.36780722509823,-78.24341929796431,-77.15247971940094,0.63441121962117,0.4270553583649719,-0.7780160483294737
3.8049999999999997,-80.33795722283656,-78.24731943298306,-77.15637985441968,0.6342218823830754,0.43369318984126437,-0.7713782168531811
3.806,-80.24453385402448,-78.25069732995419,-77.15975775139081,0.6345098633954561,0.43993893539167245,-0.7651324713027731
3.8070000000000004,-80.29416527400394,-78.2485604882654,-77.157620909702,0.6332813039668057,0.4452217874830135,-0.7598496192114321
3.808,-80.30535686254447,-78.24457913083785,-77.15363955227447,0.634616520687772,0.4489404369891775,-0.756130969705268
3.809,-80.33430331701304,-78.24236946466856,-77.15142988610516,0.6346115288707797,0.45098860453330175,-0.7540828021611438
3.8099999999999996,-80.2888919776297,-78.24174453913189,-77.15080496056851,0.634980232274004,0.4513870182504392,-0.7536843884440063
3.811,-80.33434999724754,-78.24214557462376,-77.15120599606037,0.6340280203641351,0.45009674782592773,-0.7549746588685177
3.8120000000000003,-80.40364979091305,-78.24631531380734,-77.15537573524396,0.6352504242743241,0.4478015104937098,-0.7572698962007356
3.8129999999999997,-80.31798400318628,-78.25403375017146,-77.16309417160808,0.6348427534080711,0.4450443645728737,-0.7600270421215717
3.814,-80.38838112252718,-78.2616463924666,-77.17070681390322,0.6350900069521925,0.4416854541998562,-0.7633859524945892
3.8150000000000004,-80.37840441033298,-78.26978951026496,-77.17884993170158,0.6345151520984996,0.43847350674631885,-0.7665978999481265
3.816,-80.41860174350865,-78.27985893449252,-77.18891935592914,0.6345785995711736,0.43611514470282525,-0.7689562619916201
3.817,-80.31585768681309,-78.28944742928165,-77.19850785071827,0.6337196920065852,0.4332236030138712,-0.7718478036805744
3.8179999999999996,-80.39165287660751,-78.29618959992217,-77.20525002135878,0.6339253812664243,0.42833160734427855,-0.7767397993501669
3.819,-80.35742898451034,-78.30181408976665,-77.21087451120329,0.6349722591836665,0.42261002477269893,-0.7824613819217465
3.8200000000000003,-80.3480514420611,-78.30634711917607,-77.21540754061269,0.6339333063225555,0.417944732604164,-0.7871266740902815
3.8209999999999997,-80.33364399114873,-78.30811384071136,-77.21717426214798,0.6349754491465656,0.41532941651804905,-0.7897419901763965
3.822,-80.30078861330509,-78.30607740493409,-77.2151378263707,0.63503695377616,0.4144991793950622,-0.7905722272993834
3.8230000000000004,-80.37798311929237,-78.30242103381703,-77.21148145525363,0.6345819326004035,0.4152595390017957,-0.7898118676926499
3.824,-80.30788917510792,-78.29938635568742,-77.20844677712404,0.6348630441177708,0.41760003155255465,-0.7874713751418908
3.825,-80.25828745305667,-78.293647607411,-77.20270802884762,0.6348899793859297,0.4202675213706068,-0.7848038853238387
3.8259999999999996,-80.31464780164212,-78.28395196083721,-77.19301238227384,0.6350200672274431,0.4226773268074325,-0.7823940798870129
3.827,-80.26029858112817,-78.2734706558901,-77.18253107732671,0.6342564569676749,0.42572545716388566,-0.7793459495305599
3.8280000000000003,-80.3048590059171,-78.26360505617414,-77.17266547761075,0.6344176375588644,0.42995223289217005,-0.7751191738022755
3.8289999999999997,-80.24746640152911,-78.25362591915689,-77.16268634059351,0.6342273621598936,0.43460454973815704,-0.7704668569562885
3.83,-80.2980158490773,-78.2435389077272,-77.15259932916382,0.6346484164148649,0.43884159582535837,-0.7662298108690871
3.8310000000000004,-80.41735024454236,-78.23745736446843,-77.14651778590505,0.6343463131213002,0.4423869446202931,-0.7626844620741523
3.832,-80.3614770690863,-78.23912978047538,-77.14819020191199,0.6343908529146614,0.4450973417861459,-0.7599740649082996
3.833,-80.29705928929002,-78.24305560411243,-77.15211602554903,0.6346120530301743,0.4470053344970798,-0.7580660721973658
3.8339999999999996,-80.32541997596164,-78.24423853113178,-77.1532989525684,0.6337484342483445,0.4485778541558977,-0.7564935525385479
3.835,-80.34808557511583,-78.24422024390859,-77.1532806653452,0.6351508390540995,0.4498418155532084,-0.7552295911412371
3.8360000000000003,-80.39510458308926,-78.24683143871529,-77.15589186015191,0.6354850930395588,0.4502557545169667,-0.7548156521774788
3.8369999999999997,-80.27956703903585,-78.25166710183953,-77.16072752327617,0.6333109137705397,0.45004427674400815,-0.7550271299504373
3.838,-80.40559108362977,-78.25585341570117,-77.1649138371378,0.6340641176823034,0.45082611623192465,-0.7542452904625209
3.8390000000000004,-80.37759469571711,-78.26203055290081,-77.17109097433745,0.6353431215270673,0.45227551887950007,-0.7527958878149454
3.84,-80.36928694356284,-78.270671318672,-77.17973174010862,0.6342984850891789,0.45329518024562604,-0.7517762264488195
3.841,-80.33161728173788,-78.27849833879331,-77.18755876022993,0.6343269189710605,0.4538530456322716,-0.751218361062174
3.8419999999999996,-80.31619792782469,-78.2832359946653,-77.19229641610193,0.6348919010637805,0.45421632652479077,-0.7508550801696546
3.843,-80.37185101367095,-78.28459207408213,-77.19365249551873,0.6346295500557095,0.45464047902587307,-0.7504309276685723
3.8440000000000003,-80.15111440378143,-78.27991577115748,-77.18897619259411,0.6347513128075171,0.4556816986746912,-0.7493897080197544
3.8449999999999998,-80.19175404858534,-78.26245273128399,-77.1715131527206,0.6351205728077568,0.4574828582590001,-0.7475885484354454
3.846,-80.18888767276889,-78.23531741397632,-77.14437783541294,0.6349926958229097,0.4597792503547932,-0.7452921563396522
3.8470000000000004,-80.18578369569728,-78.20630335022071,-77.11536377165734,0.635397789394761,0.46238811385725,-0.7426832928371956
3.848,-80.22700091429834,-78.17956447842289,-77.0886248998595,0.6346430273830609,0.465166065217008,-0.7399053414774376
3.849,-80.27113395962618,-78.16016584531611,-77.06922626675274,0.6346931904714331,0.4682892308084465,-0.7367821758859989
3.8499999999999996,-80.24472803958018,-78.14932714196243,-77.05838756339907,0.6346435078565117,0.471452407143974,-0.7336189995504714
3.851,-80.2477098269637,-78.14371888010021,-77.05277930153684,0.6348813816169429,0.4744126714817469,-0.7306587352126988
3.8520000000000003,-80.24841973154088,-78.14159389692159,-77.05065431835821,0.6344889181236091,0.4775338048325499,-0.7275376018618955
3.8529999999999998,-80.24196907117275,-78.14193578385844,-77.05099620529506,0.6350305521646343,0.48062250837605053,-0.724448898318395
3.854,-80.22557931594697,-78.14254413339499,-77.05160455483163,0.6341091403372747,0.4833066249519762,-0.7217647817424692
3.8550000000000004,-80.40023905857589,-78.1468707185137,-77.0559311399503,0.6338397731051904,0.48599671773923864,-0.7190746889552069
3.856,-80.35494624394694,-78.16067456651643,-77.06973498795305,0.6350669596750941,0.4885239367709495,-0.716547469923496
3.857,-80.36066350077743,-78.18124786373369,-77.0903082851703,0.6348573951730032,0.4900502732513381,-0.7150211334431072
3.8579999999999997,-80.33631323178003,-78.2030085191858,-77.11206894062242,0.6345085012828983,0.4910128383708925,-0.714058568323553
3.859,-80.32731783843896,-78.22347944611676,-77.13253986755338,0.6344714750322575,0.4920751759060227,-0.7129962307884228
3.8600000000000003,-80.33393014941494,-78.24065605902294,-77.14971648045955,0.6351210540446085,0.49264199475148907,-0.7124294119429564
3.8609999999999998,-80.32896529313125,-78.25372658485627,-77.16278700629289,0.6350812484761369,0.49249957718710724,-0.7125718295073382
3.862,-80.33563315868867,-78.26384104739456,-77.17290146883118,0.6343058306901684,0.49225857932542605,-0.7128128273690195
3.8630000000000004,-80.40106277766641,-78.2741195902189,-77.18318001165551,0.633718370435353,0.4926020451067004,-0.712469361587745
3.864,-80.29292978907834,-78.28444284709579,-77.19350326853241,0.6349467209765278,0.49356148842113373,-0.7115099182733118
3.865,-80.40575869972228,-78.29262557385879,-77.2016859952954,0.6341076609068337,0.49487465325707286,-0.7101967534373728
3.8659999999999997,-80.28382771299557,-78.29937475984298,-77.20843518127958,0.6344025563265341,0.49633804156016614,-0.7087333651342793
3.867,-80.34587251614269,-78.3038047143472,-77.2128651357838,0.6350932281792827,0.49771910815607195,-0.7073522985383736
3.8680000000000003,-80.25521776763483,-78.30405577275921,-77.21311619419583,0.6352302633462249,0.4985568080387445,-0.706514598655701
3.8689999999999998,-80.31319548183484,-78.29945270774822,-77.20851312918482,0.6346630741574703,0.4992207422116429,-0.7058506644828025
3.87,-80.34752729251531,-78.29414746685768,-77.2032078882943,0.6348561039201762,0.4997948225511785,-0.705276584143267
3.8710000000000004,-80.35904070081787,-78.29284156895118,-77.20190199038778,0.6348398900908894,0.5000208236795642,-0.7050505830148812
3.872,-80.35493531709598,-78.29536741799276,-77.20442783942939,0.6342896817567986,0.5000535751660262,-0.7050178315284192
3.873,-80.27672838298714,-78.2983318704003,-77.20739229183692,0.6348286363134958,0.5006703264300276,-0.704401080264418
3.8739999999999997,-80.27574077442522,-78.29714876949132,-77.20620919092794,0.6344927523514156,0.502470631294054,-0.7026007754003915
3.875,-80.30538146100805,-78.29235384843902,-77.20141426987564,0.6340437834101951,0.5050361796044401,-0.7000352270900053
3.8760000000000003,-80.29485369757515,-78.28709383339566,-77.19615425483228,0.6354463375071454,0.5075729338484446,-0.697498472846001
3.877,-80.3175131359109,-78.28272441840265,-77.19178483983929,0.6347235547016034,0.5090698428309478,-0.6960015638634975
3.878,-80.25750276982419,-78.27839682164259,-77.18745724307921,0.6343225221719473,0.5094979483807934,-0.6955734583136521
3.8790000000000004,-80.33603289752732,-78.27427128668901,-77.18333170812564,0.6341758335672077,0.5097363146599331,-0.6953350920345125
3.88,-80.3793785143882,-78.27484339576769,-77.18390381720432,0.634371594077666,0.5101574952393823,-0.6949139114550631
3.8810000000000002,-80.25342963869923,-78.27911685501682,-77.18817727645346,0.634337796441151,0.5102298573336008,-0.6948415493608446
3.8819999999999997,-80.34710928286876,-78.28163203256838,-77.19069245400499,0.6344303878894552,0.5096310249694824,-0.6954403817249631
3.883,-80.30600510178287,-78.28316367568198,-77.19222409711858,0.6345270930029406,0.5086134491988481,-0.6964579574955975
3.8840000000000003,-80.41042874029331,-78.28663880309661,-77.19569922453323,0.6346098334583415,0.5073362394502712,-0.6977351672441742
3.885,-80.26923153580881,-78.29193726104266,-77.20099768247928,0.6345493709674389,0.5059166878468256,-0.6991547188476199
3.886,-80.28593987972573,-78.29466506260164,-77.20372548403824,0.6355517169228877,0.5044116175200452,-0.7006597891744002
3.8870000000000005,-80.3346509460542,-78.29464429717761,-77.20370471861422,0.6340246937515162,0.5025277883341045,-0.7025436183603408
3.888,-80.34919165683831,-78.29508628635047,-77.20414670778709,0.6341870204289665,0.5009005865262851,-0.7041708201681603
3.8890000000000002,-80.33895916870812,-78.29753351444258,-77.20659393587918,0.635522012052751,0.4998278570738538,-0.7052435496205915
3.8899999999999997,-80.32956100628665,-78.30134608027798,-77.2104065017146,0.6355793680471041,0.4986719513160493,-0.7063994553783962
3.891,-80.34205628509503,-78.30553978062171,-77.21460020205835,0.6342228203350317,0.4975741629373873,-0.7074972437570581
3.8920000000000003,-80.28600791265804,-78.3083476600216,-77.21740808145822,0.6349891835736159,0.4967700134706661,-0.7083013932237794
3.893,-80.31661355287618,-78.30825731190113,-77.21731773333775,0.6343527269044401,0.49677885385138404,-0.7082925528430614
3.894,-80.36277151643192,-78.30820048249304,-77.21726090392964,0.6343340222047271,0.4978954855155419,-0.7071759211789035
3.8950000000000005,-80.26826663220767,-78.30920016454321,-77.21826058597985,0.6344929008003891,0.4995831251259569,-0.7054882815684885
3.896,-80.31868492596051,-78.30791358355094,-77.21697400498758,0.6342851978678851,0.5014662659313136,-0.7036051407631319
3.8970000000000002,-80.33588186848625,-78.30578072220486,-77.21484114364148,0.6345714963239836,0.5028658244441012,-0.7022055822503444
3.8979999999999997,-80.3161440159691,-78.3051433911543,-77.21420381259094,0.634245052907547,0.5035269860267048,-0.7015444206677408
3.899,-80.20835234469347,-78.30202214386544,-77.21108256530205,0.6341577808321116,0.5045243986900283,-0.7005470080044172
3.9000000000000004,-80.36815970205487,-78.29567579676612,-77.20473621820274,0.6346518966444693,0.5061727731523897,-0.6988986335420557
3.901,-80.24149537562488,-78.29054612095919,-77.1996065423958,0.6348674250905816,0.5074454857603434,-0.6976259209341021
3.902,-80.08642593825613,-78.2795574233968,-77.18861784483342,0.635599102464393,0.5078210576125036,-0.6972503490819418
3.9030000000000005,-80.28987872177919,-78.25879023274128,-77.16785065417788,0.634484309974503,0.507625220463909,-0.6974461862305364
3.904,-80.12104068072489,-78.23634518508175,-77.14540560651835,0.6338529411130318,0.5074314316428729,-0.6976399750515725
3.9050000000000002,-80.3186001173827,-78.21718958648644,-77.12625000792305,0.6352070542914245,0.5073544727631807,-0.6977169339312647
3.9059999999999997,-80.30477844860226,-78.2069080319287,-77.11596845336531,0.6345402536839886,0.5065750193256199,-0.6984963873688257
3.907,-80.17808517497703,-78.2030984204894,-77.11215884192602,0.6344077324087288,0.5052179690879116,-0.6998534376065337
3.9080000000000004,-80.25083080891946,-78.19843380774367,-77.10749422918029,0.6347042923968595,0.5039923009270351,-0.7010791057674105
3.909,-80.26554478104833,-78.19643747406093,-77.10549789549755,0.6342373175057722,0.5031527213027428,-0.7019186853917027
3.91,-80.36303625453202,-78.20187335959444,-77.11093378103106,0.6352825044697665,0.502401225912228,-0.7026701807822173
3.9109999999999996,-80.28186215469951,-78.2137532847536,-77.1228137061902,0.6348747928570582,0.5009289161513925,-0.704142490543053
3.912,-80.35396964406715,-78.2282765675939,-77.13733698903052,0.6345122536917781,0.4987480472319883,-0.7063233594624571
3.9130000000000003,-80.27109716277096,-78.24242572757763,-77.15148614901423,0.6340854871086625,0.4971372184074246,-0.707934188287021
3.9139999999999997,-80.63138763947484,-78.2630667049292,-77.17212712636582,0.6335618693073622,0.49650134988336414,-0.7085700568110813
3.915,-80.59384140700747,-78.30455246430873,-77.21361288574533,0.6345497205868178,0.49592021095147043,-0.709151195742975
3.9160000000000004,-80.52466951017165,-78.36075604290778,-77.2698164643444,0.63450573352503,0.4948027028801268,-0.7102687038143186
3.917,-80.43351238715724,-78.41317020732,-77.3222306287566,0.6342829851791904,0.4935714879549955,-0.7114999187394498
3.918,-80.49602712565893,-78.45371385305388,-77.3627742744905,0.6338902488189102,0.4930092984807126,-0.7120621082137328
3.9189999999999996,-80.49821834588612,-78.4847261658209,-77.39378658725752,0.6339122552886292,0.4930833006022994,-0.7119881060921461
3.92,-80.50078699861606,-78.50939951183102,-77.41845993326763,0.6331923307665174,0.4935335624680322,-0.7115378442264133
3.9210000000000003,-80.44503109208168,-78.52697273066975,-77.43603315210638,0.6347418996972884,0.49423559524139654,-0.710835811453049
3.9219999999999997,-80.38190149238326,-78.5345014032999,-77.44356182473653,0.6343767671000187,0.49492777132326754,-0.710143635371178
3.923,-80.38802725002944,-78.53122591320982,-77.44028633464644,0.6338557515676307,0.4958964774391458,-0.7091749292552997
3.9240000000000004,-80.45543523615854,-78.52253185484005,-77.43159227627667,0.6349398216703865,0.49702047446644804,-0.7080509322279974
3.925,-80.30641311894912,-78.51058549848783,-77.41964591992445,0.6356288198668648,0.49751896550398983,-0.7075524411904557
3.926,-80.3571493980676,-78.49377698797048,-77.40283740940708,0.6339209146570478,0.49701741359259605,-0.7080539931018495
3.9269999999999996,-80.29384233898162,-78.47280132307199,-77.38186174450863,0.6349882990395624,0.4963858953704226,-0.708685511324023
3.928,-80.32349381194274,-78.44924102949581,-77.35830145093243,0.6347697356351943,0.49585795906306573,-0.7092134476313798
3.9290000000000003,-80.37605324828712,-78.42643286199694,-77.33549328343356,0.6345364116244725,0.49586560936180846,-0.709205797332637
3.9299999999999997,-80.28724433853989,-78.407658678484,-77.3167190999206,0.6347126460892722,0.49621128170375234,-0.7088601249906932
3.931,-80.25337780059591,-78.38849821434161,-77.29755863577824,0.634425920723021,0.49648870168096315,-0.7085827050134823
3.9320000000000004,-80.33181578047714,-78.3689187301331,-77.27797915156972,0.6341525738805005,0.4962298643118865,-0.7088415423825589
3.933,-80.26886876673882,-78.35236954008879,-77.26142996152541,0.6348825167737063,0.49571590498548895,-0.7093555017089566
3.934,-80.25724920806059,-78.33697414266052,-77.24603456409714,0.6346375348008366,0.49498730759523474,-0.7100840990992108
3.9349999999999996,-80.27677417103743,-78.3209556652362,-77.23001608667282,0.6351519426479829,0.4944369771797517,-0.7106344295146937
3.936,-80.30496397131512,-78.30681511908328,-77.21587554051992,0.6349018219705913,0.49386166091381434,-0.7112097457806311
3.9370000000000003,-80.60516074594764,-78.30625322407887,-77.21531364551548,0.6331801218302295,0.4934357830221722,-0.7116356236722733
3.9379999999999997,-80.62216586735786,-78.33259920916927,-77.24165963060588,0.633456191986899,0.4931383447459339,-0.7119330619485116
3.939,-80.50575202386304,-78.37837866379606,-77.28743908523268,0.635104560163651,0.4929819422054022,-0.7120894644890433
3.9400000000000004,-80.43505222074312,-78.42395064309518,-77.3330110645318,0.6340674223770375,0.4926770577097436,-0.7123943489847019
3.941,-80.46798518193062,-78.45968670202764,-77.36874712346426,0.6344717615337863,0.4921584560896507,-0.7129129506047949
3.942,-80.44591826724655,-78.48555422841362,-77.39461464985024,0.6340582349050288,0.4920122033179694,-0.713059203376476
3.9429999999999996,-80.41153085569148,-78.5019696733273,-77.41103009476392,0.6341569065360061,0.4928107891522521,-0.7122606175421934
3.944,-80.53576805582165,-78.5122297316641,-77.42129015310073,0.63397134655228,0.4959784201422301,-0.7090929865522154
3.9450000000000003,-80.37744692349483,-78.51996366584262,-77.42902408727926,0.6353259201876483,0.5026811457410926,-0.7023902609533529
3.9459999999999997,-80.39634405589824,-78.52108442539816,-77.43014484683478,0.6335676863592449,0.5111069015706787,-0.6939645051237668
3.947,-80.39724110907628,-78.51523946896856,-77.42429989040517,0.6345234342264824,0.5187736593112726,-0.686297747383173
3.9480000000000004,-80.31828691162366,-78.50392803175626,-77.41298845319288,0.6350685455581374,0.5241933142806746,-0.680878092413771
3.949,-80.28098963141029,-78.4857995818548,-77.39486000329143,0.6339214494146588,0.5272564841328544,-0.6778149225615909
3.95,-80.27281272640406,-78.46197326704198,-77.37103368847862,0.6342523543731812,0.5285515276439665,-0.6765198790504791
3.9509999999999996,-80.30679422180265,-78.43582385896018,-77.3448842803968,0.6349336028042255,0.5288098915243303,-0.6762615151701152
3.952,-80.2784150397163,-78.41154804862713,-77.32060847006375,0.6345706944928874,0.5271386757672687,-0.6779327309271768
3.9530000000000003,-80.29178737786222,-78.39004158587785,-77.29910200731447,0.6342600806253973,0.5221941622272204,-0.6828772444672251
3.9539999999999997,-80.47633725387774,-78.37407366276864,-77.28313408420526,0.6344089244797279,0.5151928666669569,-0.6898785400274886
3.955,-80.4969546018034,-78.36861336453785,-77.27767378597446,0.6352234354088212,0.5079664326663351,-0.6971049740281104
3.9560000000000004,-80.40660318719158,-78.37037380617531,-77.27943422761193,0.6357653080582033,0.5015719858494854,-0.7034994208449601
3.957,-80.37091172240497,-78.37227836893119,-77.28133879036781,0.6346557950785061,0.49679587022517396,-0.7082755364692715
3.958,-80.5020651613024,-78.37549585146472,-77.28455627290134,0.6345151283223083,0.4941366432482992,-0.7109347634461463
3.9589999999999996,-80.39802528448574,-78.38360823567668,-77.2926686571133,0.6357553555994204,0.49241161298808694,-0.7126597937063585
3.96,-80.29563195442707,-78.39125159252727,-77.30031201396388,0.6344791030709727,0.4907193406367461,-0.7143520660576993
3.9610000000000003,-80.21081858561608,-78.39253788762429,-77.30159830906092,0.6343012571619149,0.4900578942472149,-0.7150135124472307
3.9619999999999997,-80.26270333036285,-78.3868973154717,-77.29595773690832,0.6344872544508586,0.4907530364043097,-0.7143183702901358
3.963,-80.34844944030978,-78.38045007791901,-77.28951049935563,0.6342051682097146,0.4918708287761872,-0.7132005779182582
3.9640000000000004,-80.29799427077626,-78.37838911068654,-77.28744953212316,0.6348196929158411,0.4931414920967352,-0.7119299145977102
3.965,-80.39553809286339,-78.37919585824072,-77.28825627967733,0.6345190152225907,0.4946544338836856,-0.7104169728107599
3.966,-80.37574810268025,-78.38147848066697,-77.29053890210358,0.6323067760248204,0.4975626835381367,-0.7075087231563087
3.9669999999999996,-80.46007132612377,-78.38814513184398,-77.2972055532806,0.6326211397955782,0.5016341769468277,-0.7034372297476179
3.968,-80.41592374690346,-78.40191338775628,-77.3109738091929,0.6332213857015022,0.506323278474656,-0.6987481282197896
3.9690000000000003,-80.41407384925552,-78.42020652504846,-77.32926694648509,0.6321882288303721,0.5116301698666152,-0.6934412368278302
3.9699999999999998,-80.32324008549226,-78.43636841741923,-77.34542883885585,0.632952217827068,0.5170872423750743,-0.6879841643193713
3.971,-80.36903674462758,-78.44619035306704,-77.35525077450366,0.633812470493243,0.5212982226925585,-0.6837731840018869
3.9720000000000004,-80.22901844053446,-78.44753228741273,-77.35659270884936,0.6349357411651574,0.5234780458483719,-0.6815933608460735
3.973,-80.27950885503148,-78.43819486031478,-77.34725528175142,0.6340773398743098,0.5241365721048711,-0.6809348345895744
3.974,-80.32924617855292,-78.42379979972901,-77.33286022116562,0.6349690243363859,0.5244955300078176,-0.6805758766866279
3.9749999999999996,-80.26181999091553,-78.4101725199884,-77.31923294142501,0.6344938297952287,0.5250919796705363,-0.6799794270239091
3.976,-80.3074615892363,-78.3977315825811,-77.30679200401771,0.6340061767288436,0.5258235662186055,-0.67924784047584
3.9770000000000003,-80.17150096311032,-78.38433711738776,-77.29339753882438,0.635514232374269,0.5259614498694714,-0.6791099568249741
3.9779999999999998,-80.19095090925661,-78.36657758287069,-77.27563800430732,0.6354058864478241,0.5252942121013311,-0.6797771945931145
3.979,-80.21817432545166,-78.34692564101864,-77.25598606245526,0.6342485546751118,0.5248059767820055,-0.6802654299124401
3.9800000000000004,-80.37465057822158,-78.33408103254898,-77.24314145398559,0.6346192148449008,0.524631331071041,-0.6804400756234045
3.981,-80.60762621227339,-78.3422061701925,-77.2512665916291,0.6336047396265442,0.5239112677110306,-0.6811601389834149
3.982,-80.57315462880089,-78.37941786534476,-77.28847828678138,0.6340745598515036,0.5226156082571445,-0.682455798437301
3.9829999999999997,-80.57938867861812,-78.43570834345097,-77.34476876488759,0.6344242098069603,0.5212188360262564,-0.683852570668189
3.984,-80.41663862024461,-78.49262255461022,-77.40168297604684,0.6335287440908943,0.5200040682941078,-0.6850673384003377
3.9850000000000003,-80.37831574849139,-78.53591397447752,-77.44497439591413,0.6342488610405194,0.519168506037465,-0.6859029006569805
3.9859999999999998,-80.44657257905101,-78.56374882224173,-77.47280924367836,0.6342171283785749,0.5186616165755685,-0.686409790118877
3.987,-79.8827324469175,-78.56784896871487,-77.47690939015148,0.6362592123480422,0.5185527933613324,-0.6865186133331129
3.9880000000000004,-79.97473566969711,-78.53297626490172,-77.44203668633834,0.6363607441246306,0.5190501484224668,-0.6860212582719787
3.989,-80.14506908470892,-78.47330787042375,-77.38236829186037,0.6353820992903176,0.520178082831994,-0.6848933238624515
3.99,-80.10526379246662,-78.41483007065645,-77.32389049209307,0.6343969796570396,0.5219804160389988,-0.6830909906554467
3.9909999999999997,-80.05254198073524,-78.36237795973392,-77.27143838117053,0.6356130886413387,0.5238215273980902,-0.6812498792963554
3.992,-80.35316397177047,-78.31986054154486,-77.22892096298148,0.6335072071006802,0.525604170263761,-0.6794672364306843
3.9930000000000003,-80.338807535346,-78.29857333595442,-77.20763375739105,0.6354639298485243,0.5270142632548982,-0.6780571434395473
3.9939999999999998,-80.54813037385478,-78.30525420737875,-77.21431462881539,0.6340957567494961,0.5282020165256832,-0.6768693901687621
3.995,-80.39089675063431,-78.33625263197641,-77.24531305341301,0.6344558553530988,0.5297678679083426,-0.6753035387861027
3.9960000000000004,-80.3730151940724,-78.37595762443932,-77.28501804587594,0.6340806113501322,0.5318507016713054,-0.67322070502314
3.997,-80.40524178025026,-78.41325890420794,-77.32231932564454,0.6338686400405104,0.534389630603185,-0.6706817760912605
3.998,-80.37406585056318,-78.44636755494308,-77.3554279763797,0.6344781940197759,0.5366976606051053,-0.6683737460893402
3.9989999999999997,-80.30710230382438,-78.47057951296634,-77.37963993440296,0.634552562401574,0.5384449908514323,-0.6666264158430132
4.0,-80.44530332317647,-78.48587969631286,-77.39494011774947,0.6348275239665858,0.5394823980700318,-0.6655890086244137
4.001,-80.19544898404152,-78.49344300607659,-77.40250342751321,0.6349072350902282,0.5403374994817899,-0.6647339072126555
4.002,-80.26786955175896,-78.48722564798882,-77.39628606942544,0.6343888565041397,0.5412276806372133,-0.6638437260572322
4.003,-80.2674418044339,-78.4715984367188,-77.38065885815543,0.6351349604569079,0.5423289751397475,-0.662742431554698
4.0040000000000004,-80.18681178866943,-78.45267519291956,-77.36173561435618,0.6351804408847453,0.5427553134008959,-0.6623160932935496
4.005,-80.25822398899716,-78.43185225587129,-77.34091267730791,0.6346914606334565,0.542606718693263,-0.6624646880011825
4.006,-80.25389002364302,-78.41374394371961,-77.32280436515622,0.634931064798964,0.5426553844177815,-0.6624160222766641
4.007,-80.25216540308466,-78.40044876199131,-77.30950918342793,0.6355545439058876,0.5430506773844451,-0.6620207293100004
4.008,-80.33691478759381,-78.39339711012066,-77.30245753155728,0.6336486309974343,0.5435944832480755,-0.66147692344637
4.009,-80.22786258342725,-78.39235884234603,-77.30141926378263,0.6356447821545504,0.5441867159500049,-0.6608846907444406
4.01,-80.3191547030222,-78.39393947557592,-77.30299989701255,0.6341458281170308,0.5449931291345976,-0.6600782775598477
4.011,-80.22829368206042,-78.39691057343765,-77.30597099487426,0.6345344591148279,0.5459059943010975,-0.6591654123933479
4.0120000000000005,-80.25683272364415,-78.39967414072561,-77.30873456216223,0.6354490340693323,0.5461887667147575,-0.658882639979688
4.013,-80.32889322115734,-78.40361583375885,-77.31267625519548,0.633605378676898,0.5464077293359062,-0.6586636773585393
4.014,-80.30955166022736,-78.41183290968122,-77.32089333111786,0.634512961671462,0.547600680424107,-0.6574707262703384
4.015,-80.25765241869819,-78.42168683635431,-77.33074725779092,0.6343641020061285,0.5491831059231844,-0.655888300771261
4.016,-80.31080911927306,-78.4290793413663,-77.33813976280292,0.6350288552110456,0.5502807489402615,-0.6547906577541841
4.017,-80.26993536054664,-78.43576848493377,-77.3448289063704,0.6348077562482947,0.5509410591818611,-0.6541303475125845
4.018,-80.31224362519717,-78.44216170958273,-77.35122213101936,0.6343552504591881,0.5514990522376467,-0.6535723544567987
4.019,-80.35939169342562,-78.44981179232697,-77.35887221376359,0.6347136428572108,0.5518697307633277,-0.6532016759311178
4.0200000000000005,-80.4446715615797,-78.46331549112323,-77.37237591255985,0.6338032964713675,0.5521331342003946,-0.652938272494051
4.021,-80.31847436933994,-78.48164887565345,-77.39070929709007,0.6341684406476281,0.5531791051764273,-0.6518923015180181
4.022,-80.32005365181745,-78.4973744774563,-77.40643489889291,0.634759946262766,0.5546470545955503,-0.6504243520988952
4.023,-80.26622035985508,-78.50633100131515,-77.41539142275175,0.6354214793623767,0.5550655770135408,-0.6500058296809048
4.024,-80.28350257304582,-78.50805332060885,-77.41711374204547,0.6345362801889904,0.5540390674249415,-0.651032339269504
4.025,-80.34405434377022,-78.50649490101085,-77.41555532244747,0.6352462436079862,0.552363040521006,-0.6527083661734395
4.026,-80.39391650860144,-78.50856673301737,-77.417627154454,0.634280594357834,0.5507255341003996,-0.6543458725940459
4.027,-80.31314374606323,-78.51485728089078,-77.42391770232739,0.6345631926033799,0.5497018628978154,-0.6553695437966301
4.0280000000000005,-80.26116868462671,-78.51830396669787,-77.4273643881345,0.6313926263382338,0.5503890435775383,-0.6546823631169073
4.029,-80.27513803517687,-78.51554075373294,-77.42460117516956,0.6336738323568244,0.5527872950177166,-0.6522841116767288
4.03,-80.34356877753015,-78.51106940195235,-77.42012982338896,0.6339981146962087,0.5553795110547273,-0.6496918956397182
4.031,-80.31103496378809,-78.50958478651873,-77.41864520795534,0.6332741354993406,0.5574841688301699,-0.6475872378642755
4.032,-80.30984098048782,-78.50982964697664,-77.41889006841326,0.6341917942496293,0.5589294958085561,-0.6461419108858893
4.033,-80.29749113055617,-78.5097322483796,-77.41879266981621,0.6340825815776024,0.5596150744828864,-0.6454563322115591
4.034,-80.31470056038692,-78.50803905001034,-77.41709947144696,0.633300949994578,0.559947257525141,-0.6451241491693045
4.035,-80.38290573434836,-78.50732362730686,-77.41638404874347,0.6343270139739627,0.560305840446149,-0.6447655662482965
4.036,-80.26538174806443,-78.50945271386216,-77.41851313529878,0.6342659701881778,0.5607056193849097,-0.6443657873095358
4.037,-80.25179025728323,-78.50858285576022,-77.41764327719683,0.6345674473148308,0.560584612372058,-0.6444867943223874
4.038,-80.35621516253504,-78.50453676856355,-77.41359719000019,0.6348954052576341,0.5597397639959951,-0.6453316426984504
4.039,-80.27644267754063,-78.50204033191412,-77.41110075335074,0.6338612163798628,0.5590032731834713,-0.6460681335109743
4.04,-80.32315268277365,-78.49978888629826,-77.4088493077349,0.634660545753008,0.5583848262131089,-0.6466865804813366
4.041,-80.29916516200235,-78.49783500741245,-77.40689542884907,0.634543428774652,0.557238309190597,-0.6478330975038485
4.042,-80.30454470402289,-78.49664887210703,-77.40570929354364,0.6343156026690487,0.5564139375734645,-0.648657469120981
4.043,-80.32921572722172,-78.49638903191183,-77.40544945334847,0.6350185778795243,0.5562274622250607,-0.6488439444693849
4.044,-80.29341965204169,-78.49641841422674,-77.40547883566335,0.6344420961549729,0.5560143543911257,-0.6490570523033199
4.045,-80.36226099156706,-78.49699590925283,-77.40605633068945,0.6346330427099415,0.5557676496718262,-0.6493037570226192
4.046,-80.33621576496628,-78.50011697657607,-77.40917739801267,0.635047032278578,0.555118825993012,-0.6499525807014336
4.047,-80.27548406947845,-78.50259624307175,-77.41165666450836,0.635131208214418,0.5537213069727466,-0.651350099721699
4.048,-80.29111294543361,-78.50131996373256,-77.41038038516916,0.634435868382284,0.5522481967763196,-0.6528232099181259
4.049,-80.29697426454263,-78.49747577098383,-77.40653619242043,0.6343663630301672,0.551313674194482,-0.6537577324999636
4.05,-80.355323303528,-78.49473263649202,-77.40379305792864,0.6346638081628725,0.5507719021900982,-0.6542995045043474
4.051,-80.3599327944901,-78.49552760608923,-77.40458802752585,0.6345192269767935,0.5503894026113018,-0.6546820040831437
4.052,-80.34257684893065,-78.49999212851547,-77.4090525499521,0.6347213987925044,0.5504240308177583,-0.6546473758766871
4.053,-80.35751686670139,-78.50588834385091,-77.41494876528755,0.6347111821249892,0.5510587363285119,-0.6540126703659336
4.054,-80.31986732192378,-78.51092492186375,-77.41998534330037,0.6352568264169645,0.5516993574289487,-0.6533720492654966
4.055,-80.33883420742787,-78.5147674673546,-77.42382788879121,0.6340377516274053,0.5522971673437556,-0.6527742393506899
4.056,-80.25963372604664,-78.51553660461867,-77.42459702605531,0.6334756967686171,0.5532288085881576,-0.6518425981062879
4.057,-80.30770856184847,-78.5121598530549,-77.42122027449152,0.6344668232883385,0.5542656375398697,-0.6508057691545758
4.058,-80.35123823573468,-78.50853088469972,-77.41759130613634,0.6346836726198245,0.5550058078853725,-0.650065598809073
4.059,-80.27241130985483,-78.50606030982694,-77.41512073126354,0.6345420317125869,0.5560341536844545,-0.6490372530099909
4.06,-80.35203608000832,-78.50320024503787,-77.41226066647448,0.633846617999823,0.5575245719847357,-0.6475468347097098
4.061,-80.30836822227424,-78.5021418027074,-77.41120222414402,0.635177367770131,0.5583852831282965,-0.646686123566149
4.062,-80.35842731385132,-78.50252972609886,-77.41159014753548,0.6349798596681141,0.5580821880786982,-0.6469892186157473
4.063,-80.31168948232263,-78.50453239378587,-77.41359281522247,0.6348186574703907,0.5570186065692955,-0.6480528001251499
4.064,-80.32974995681074,-78.50619571621237,-77.415256137649,0.6338994142903849,0.5565601232071389,-0.6485112834873066
4.065,-80.32069300223378,-78.50677545891202,-77.41583588034862,0.6349356937610215,0.5567873719479434,-0.6482840347465021
4.066,-80.34672883452872,-78.50721468088437,-77.416275102321,0.6347842848829708,0.5569719383968362,-0.6480994682976092
4.067,-80.29324995474614,-78.50727026850531,-77.41633068994193,0.6345987120081282,0.5568218543436684,-0.6482495523507772
4.068,-80.26009504039014,-78.50413482585122,-77.41319524728783,0.6356462540529484,0.5561581334577577,-0.6489132732366878
4.069,-80.25723728492697,-78.49625920117857,-77.4053196226152,0.6346700134977175,0.5554808893954442,-0.6495905172990014
4.07,-80.38484388289824,-78.48846048354264,-77.39752090497925,0.6341534433652131,0.5558843838877909,-0.6491870228066546
4.071,-80.32456152642938,-78.4864621061634,-77.39552252760002,0.6350585375908059,0.5572959475896712,-0.6477754591047743
4.072,-80.31514709352403,-78.48751942723216,-77.39657984866878,0.6343554375336298,0.5582237469351287,-0.6468476597593169
4.073,-80.26628055972172,-78.48757657323524,-77.39663699467188,0.6356182785580446,0.5582537872443596,-0.6468176194500859
4.074,-80.28424134141322,-78.48430983382511,-77.39337025526173,0.6342627957438043,0.558023321438067,-0.6470480852563786
4.075,-80.32816768639765,-78.47995217224451,-77.38901259368112,0.634660857502135,0.5581836626735351,-0.6468877440209104
4.076,-80.30728215562107,-78.47806588505497,-77.3871263064916,0.6346632405763522,0.558662673617843,-0.6464087330766024
4.077,-80.29198318193028,-78.47688847967923,-77.38594890111584,0.6346558469341493,0.5590829348755043,-0.6459884718189413
4.078,-80.31903963392989,-78.4752867595303,-77.38434718096694,0.634169176884169,0.5592911287702448,-0.6457802779242006
4.079,-80.31224546881299,-78.47429334324342,-77.38335376468002,0.6341889480520078,0.5600151528168112,-0.6450562538776342
4.08,-80.29680322655412,-78.47458104317253,-77.38364146460916,0.6341814314492367,0.5617987770384313,-0.6432726296560142
4.081,-80.2879969952209,-78.47451560246607,-77.38357602390269,0.6345232802857251,0.563734364475025,-0.6413370422194205
4.082,-80.33394492444702,-78.47346208381187,-77.38252250524847,0.6352713954630533,0.564674152840582,-0.6403972538538636
4.083,-80.3448234730099,-78.47370756384926,-77.38276798528588,0.6340397934899654,0.5647321979582209,-0.6403392087362245
4.084,-80.29764182045227,-78.47583419298591,-77.38489461442254,0.6344534530485955,0.5651036903120723,-0.6399677163823732
4.085,-80.36395179825077,-78.47914688789255,-77.38820730932916,0.6351586409591415,0.5656536753458279,-0.6394177313486175
4.086,-80.23795264663333,-78.48150098816964,-77.39056140960625,0.633939872785562,0.5659826064503373,-0.6390888002441082
4.087,-80.3470102927484,-78.4804109436705,-77.38947136510714,0.6341161072062368,0.5664376598566874,-0.638633746837758
4.088,-80.36951772366028,-78.48053148658317,-77.38959190801978,0.6344527342966056,0.5671732052065845,-0.637898201487861
4.089,-80.35148195049409,-78.4853420993821,-77.39440252081872,0.6353796573253572,0.567988487952755,-0.6370829187416904
4.09,-80.34006620749123,-78.49154626077905,-77.40060668221565,0.6347982651913583,0.5678530283726064,-0.6372183783218391
4.091,-80.26644114265396,-78.49469537289829,-77.4037557943349,0.6348476357902382,0.5669719571460444,-0.6380994495484011
4.092,-80.27712987864798,-78.49162491384737,-77.400685335284,0.6355126548601882,0.5658114071020781,-0.6392599995923675
4.093,-80.29297343901207,-78.4840113560001,-77.3930717774367,0.6337968552439524,0.5646058826708793,-0.6404655240235662
4.094,-80.28235939423601,-78.47652985826969,-77.38559027970632,0.6353190065422243,0.5636277931399482,-0.6414436135544974
4.095,-80.2437468423963,-78.46809291143514,-77.37715333287174,0.6350847926011076,0.5623275809644452,-0.6427438257300003
4.096,-80.3225564851554,-78.45859551853404,-77.36765593997066,0.6349471115793426,0.5610480834604923,-0.6440233232339532
4.097,-80.30092356853338,-78.45196853688634,-77.36102895832296,0.6339351555532905,0.5607142700622679,-0.6443571366321774
4.098,-80.35573974077313,-78.44996928137505,-77.35902970281165,0.6342125936080717,0.5612662130024364,-0.6438051936920091
4.099,-80.34004996339203,-78.45291844895438,-77.36197887039098,0.6352461693654132,0.5622777799494834,-0.6427936267449622
4.1,-80.28402461475699,-78.45776892887525,-77.36682935031187,0.6342017397944278,0.5636182876218372,-0.6414531190726083
4.101,-80.32529566883643,-78.4609320732882,-77.36999249472483,0.6350588545699613,0.5652500640861868,-0.6398213426082586
4.102,-80.27039228670218,-78.46227650059335,-77.37133692202998,0.6339466628686629,0.5667200090358043,-0.6383513976586411
4.103,-80.30711729958735,-78.4615598290914,-77.370620250528,0.6348666034839581,0.5678917307931148,-0.6371796759013306
4.104,-80.35926673055727,-78.46073850823133,-77.36979892966797,0.6342096645236308,0.5690494005078601,-0.6360220061865853
4.105,-80.34232208876615,-78.46317168098555,-77.37223210242217,0.6349661271676809,0.5698441470013965,-0.6352272596930489
4.106,-80.35037024206981,-78.46808218287993,-77.37714260431655,0.6340914134845994,0.5697528881838609,-0.6353185185105844
4.107,-80.31996458120946,-78.47346227239484,-77.38252269383146,0.6339334761831903,0.5693875622866339,-0.6356838444078116
4.108,-80.28677552627276,-78.47608876282224,-77.38514918425886,0.6349512716214497,0.5695217773102677,-0.6355496293841779
4.109,-80.30904049826523,-78.47500906397298,-77.3840694854096,0.6343452567957262,0.5696660359491662,-0.6354053707452793
4.11,-80.29984090597354,-78.4721088389294,-77.38116926036604,0.6348017973898108,0.5696183686787153,-0.6354530380157302
4.111,-80.35251152918757,-78.46959343081856,-77.37865385225518,0.6341322496535513,0.5697068659636243,-0.6353645407308213
4.112,-80.34321818322145,-78.46946268256748,-77.37852310400412,0.6343220109164379,0.5699786681443805,-0.635092738550065
4.113,-80.29929413445066,-78.47075986872291,-77.37982029015953,0.634729486674048,0.5704128591757712,-0.6346585475186742
4.114,-80.3205287315828,-78.47117348846983,-77.38023390990645,0.6346734679142476,0.5706108492957269,-0.6344605573987185
4.115,-80.26861482307802,-78.46967805903643,-77.37873848047303,0.6347279860329339,0.5705504287908907,-0.6345209779035547
4.116,-80.30273550253968,-78.46571940138163,-77.37477982281824,0.6352334701954416,0.570602690712814,-0.6344687159816316
4.117,-80.32715289431759,-78.46144198359262,-77.37050240502923,0.6343805550308718,0.5706546236728789,-0.6344167830215666
4.118,-80.33148258661217,-78.4591816949197,-77.36824211635633,0.6350277418424088,0.5703367474198218,-0.6347346592746238
4.119,-80.3146258183549,-78.45883966085532,-77.36790008229194,0.6337285207218878,0.5696160540616967,-0.6354553526327488
4.12,-80.32608086112828,-78.45945484789142,-77.36851526932804,0.6337983568384532,0.5696278732902519,-0.6354435334041935
4.121,-80.37811232319677,-78.4622013478254,-77.371261769262,0.6343426831394838,0.5703732017786102,-0.6346982049158353
4.122,-80.31727384746407,-78.4676909045237,-77.37675132596031,0.6352150632770159,0.5705462985528861,-0.6345251081415595
4.123,-80.32654753310611,-78.47263720974223,-77.38169763117885,0.6347611147349291,0.5699471433542489,-0.6351242633401966
4.124,-80.30380184232354,-78.47449133747278,-77.38355175890942,0.6340962809292371,0.5691240031010767,-0.6359474035933689
4.125,-80.27639146219428,-78.47156746020464,-77.38062788164127,0.6348365993955788,0.5683943359259059,-0.6366770707685395
4.126,-80.30496331903356,-78.46542826526233,-77.37448868669895,0.6345001882671836,0.5681172036894324,-0.636954203005013
4.127,-80.23308242757061,-78.45714757868572,-77.36620800012233,0.6350819996461454,0.5683376117513378,-0.6367337949431077
4.128,-80.27791802582115,-78.44695719323698,-77.3560176146736,0.6352931465297821,0.5682835826758748,-0.6367878240185707
4.1290000000000004,-80.35998237984232,-78.43985836812537,-77.34891878956198,0.6350111580204817,0.5678707107102018,-0.6372006959842437
4.13,-80.28142031090873,-78.4380404930045,-77.34710091444113,0.6346195537653404,0.5674128387438958,-0.6376585679505496
4.131,-80.32434475930445,-78.43771375482386,-77.34677417626047,0.6344232649300723,0.5670624496348146,-0.6380089570596309
4.132,-80.3584312538926,-78.4385770825693,-77.34763750400592,0.6351294137736105,0.5668432956836413,-0.6382281110108041
4.133,-80.32683630941155,-78.4421276056076,-77.35118802704423,0.6338054637761412,0.5665870606723032,-0.6384843460221423
4.134,-80.26970876906809,-78.44462815989401,-77.35368858133063,0.6351276787868174,0.5663912622052012,-0.6386801444892443
4.135,-80.31459356115116,-78.44418131947184,-77.35324174090846,0.6341666784115919,0.5661938212442227,-0.6388775854502228
4.136,-80.43868718017175,-78.44660094956477,-77.35566137100139,0.6342556954336145,0.5660185435294756,-0.6390528631649698
4.1370000000000005,-80.34308366467096,-78.45569501807523,-77.36475543951185,0.6350147428426113,0.5657348635068772,-0.6393365431875683
4.138,-80.28434760969026,-78.46370710453135,-77.37276752596797,0.6339110384534297,0.5656330165541634,-0.6394383901402821
4.139,-80.26121659860108,-78.46432874432739,-77.373389165764,0.6349321201196475,0.5663545797806334,-0.6387168269138122
4.14,-80.26312045579937,-78.45861655387888,-77.3676769753155,0.6346218476237041,0.5670825281057417,-0.6379888785887038
4.141,-80.29502661391412,-78.44996895955096,-77.35902938098758,0.6354147182464279,0.5664124643568595,-0.6386589423375858
4.142,-80.15419396141048,-78.43715864653123,-77.34621906796785,0.6351205765441297,0.5652373454103609,-0.6398340612840846
4.143,-80.21298965675294,-78.4166283957943,-77.32568881723094,0.634205956047193,0.5649585820455869,-0.6401128246488585
4.144,-80.16183897822002,-78.3908434092524,-77.29990383068902,0.6346594091160206,0.5657144331466932,-0.6393569735477523
4.1450000000000005,-80.200423474708,-78.36495398905782,-77.27401441049443,0.6344218842035455,0.5666695756140403,-0.6384018310804053
4.146,-80.3001056002267,-78.3450158407661,-77.2540762622027,0.6353671429985618,0.5667903481525266,-0.6382810585419189
4.147,-80.23339294685061,-78.33508729203679,-77.24414771347341,0.634966865336275,0.566013394908313,-0.6390580117861324
4.148,-80.2370551526274,-78.33054471159147,-77.23960513302808,0.6347009744036185,0.5652355384624117,-0.6398358682320339
4.149,-80.34761901877651,-78.33014370467319,-77.23920412610981,0.6345049779585843,0.5646926916678221,-0.6403787150266232
4.15,-80.35555295144566,-78.33857219543664,-77.24763261687325,0.6353154513123037,0.5643697873918567,-0.6407016193025888
4.152,-80.27474326085958,-78.36864481660484,-77.27770523804148,0.6345817226992914,0.5639570420895801,-0.6411143646048654
4.1530000000000005,-80.24900601446345,-78.37787094358079,-77.2869313650174,0.6350122846691544,0.5639667278035162,-0.6411046788909293
4.154,-80.29143282210158,-78.38220365961291,-77.29126408104952,0.6349930112477312,0.5637515325839566,-0.6413198741104889
4.155,-80.29212264956534,-78.38623840019427,-77.29529882163091,0.6343432892189798,0.5633620839147506,-0.641709322779695
4.156,-80.34062250603779,-78.39280749233623,-77.30186791377284,0.6348037059858604,0.563326344743939,-0.6417450619505066
4.157,-80.31528181280767,-78.40187458190694,-77.31093500334356,0.6340719801336687,0.5635986532993335,-0.641472753395112
4.158,-80.32739824626347,-78.41101547484213,-77.32007589627874,0.6351837232896069,0.5642108418398024,-0.640860564854643
4.159,-80.35654400398701,-78.42072528542718,-77.32978570686379,0.6352835945551516,0.5639030949537057,-0.6411683117407398
4.16,-80.30938569350512,-78.43140271891745,-77.34046314035407,0.6344833362736402,0.5633277259304114,-0.641743680764034
4.161,-80.30963053924705,-78.43971524346563,-77.34877566490226,0.6339026248625086,0.5631016844355932,-0.6419697222588523
4.162,-80.32928635535328,-78.44525172365549,-77.35431214509211,0.6344953085297035,0.5635413677368283,-0.6415300389576172
4.163,-80.32681855389853,-78.44956599914279,-77.35862642057941,0.6340801150129199,0.5644507378755954,-0.64062066881885
4.164,-80.32569787364022,-78.4534173213963,-77.36247774283291,0.6353032132926293,0.5653203183118084,-0.6397510883826371
4.165,-80.30483746031739,-78.45654038275501,-77.36560080419162,0.634655008417775,0.5664101181865704,-0.6386612885078751
4.166,-80.3057573503262,-78.45774118391027,-77.36680160534688,0.6340843419981872,0.5674429023275113,-0.6376285043669342
4.167,-80.38296590073384,-78.45874130097958,-77.3678017224162,0.63478489412347,0.5681419505477842,-0.6369294561466613
4.168,-80.35142329543582,-78.46289278784901,-77.37195320928562,0.6341132267026485,0.5682892833939385,-0.636782123300507
4.169,-80.30630493649136,-78.46829202826422,-77.37735244970084,0.6349017757150228,0.568299918319872,-0.6367714883745734
4.17,-80.1958612360236,-78.46738784618715,-77.37644826762379,0.6350272367436534,0.568104603313458,-0.6369668033809875
4.171,-80.37073090782745,-78.45965482772199,-77.3687152491586,0.634122342374414,0.5676089170875277,-0.6374624896069176
4.172,-80.24756664301808,-78.45195218324646,-77.36101260468308,0.6338479847181329,0.5679844757480889,-0.6370869309463566
4.173,-80.3550492140651,-78.4461630173211,-77.35522343875772,0.6350732853959015,0.5693211410289681,-0.6357502656654772
4.174,-80.27640068446793,-78.44263873182922,-77.35169915326584,0.6342219116336872,0.5705695748211317,-0.6345018318733138
4.175,-80.35257506893946,-78.44123743549598,-77.3502978569326,0.635235644663677,0.5711477358929827,-0.6339236708014628
4.176,-80.35327130239463,-78.44337731788978,-77.3524377393264,0.6339463417580917,0.5705624706153105,-0.6345089360791349
4.177,-80.31252769136427,-78.44822512343433,-77.35728554487093,0.6348881477395717,0.5695803783301833,-0.6354910283642622
4.178,-80.32899705175728,-78.45185796180449,-77.36091838324111,0.6347206173589344,0.568940905871952,-0.6361305008224934
4.179,-80.35205018984665,-78.45492694896006,-77.36398737039669,0.6346438193460182,0.5702576479179935,-0.634813758776452
4.18,-80.37425313561592,-78.46005102739028,-77.3691114488269,0.634679966494825,0.5758829303179983,-0.6291884763764471
4.181,-80.30460055125197,-78.46606348518074,-77.37512390661735,0.6352247802093748,0.5838926794086479,-0.6211787272857977
4.182,-80.29573625447387,-78.46858611104156,-77.37764653247818,0.6340831648711436,0.5911744107353939,-0.6138969959590516
4.183,-80.24773687736575,-78.46497529731872,-77.37403571875534,0.6344758080260968,0.5965055956218875,-0.6085658110725578
4.184,-80.35446504630526,-78.45815525778697,-77.36721567922358,0.6352170052377107,0.5988390894898769,-0.6062323172045685
4.185,-80.26730225158863,-78.45198252995465,-77.36104295139127,0.6347943740344195,0.5968950537257116,-0.6081763529687337
4.186,-80.31678247089367,-78.44567823716079,-77.35473865859741,0.6337818178149706,0.5905052314911373,-0.6145661752033081
4.187,-80.292895480511,-78.43967365630004,-77.34873407773665,0.6348464407457716,0.5821968135713784,-0.6228745931230671
4.188,-80.2835283664312,-78.43475602585274,-77.34381644728937,0.6351276205151251,0.5739180287214886,-0.6311533779729569
4.189,-80.24521158003883,-78.42899738014525,-77.33805780158185,0.6344948744330227,0.566820030704955,-0.6382513759894903
4.19,-80.2873439558706,-78.42179488502136,-77.33085530645799,0.6346550720988656,0.5617022285381567,-0.6433691781562888
4.191,-80.34227811048561,-78.41648670094993,-77.32554712238655,0.6340821577910257,0.5586011003200795,-0.646470306374366
4.192,-80.33148725335444,-78.41613856949294,-77.32519899092955,0.6348183283002664,0.5568165334465405,-0.648254873247905
4.193,-80.32828472368405,-78.41933740443696,-77.32839782587357,0.6344364361680228,0.5558200053770898,-0.6492514013173557
4.194,-80.29290104226014,-78.42274568114686,-77.33180610258347,0.6346052090655769,0.5558696707405693,-0.6492017359538761
4.195,-80.35117407663182,-78.42531383596835,-77.33437425740496,0.633944385630003,0.5571692462432922,-0.6479021604511532
4.196,-80.25122784335817,-78.42695142547143,-77.33601184690805,0.6362760492679124,0.5587274358079015,-0.646343970886544
4.197,-80.38777681770623,-78.42835777764698,-77.3374181990836,0.6338824684918396,0.5600999337848016,-0.644971472909644
4.198,-80.38514593686557,-78.43366783491149,-77.34272825634812,0.6339781397696179,0.5619502547552281,-0.6431211519392174
4.199,-80.31179614443602,-78.44183750735768,-77.3508979287943,0.6351771481014,0.5645393742099031,-0.6405320324845424
4.2,-80.32662556072908,-78.44779572043517,-77.35685614187177,0.6341453367991526,0.5675253960225659,-0.6375460106718797
4.201,-80.30184768703161,-78.45107400390323,-77.36013442533985,0.6342202157412888,0.5704301715139547,-0.6346412351804909
4.202,-80.27547581999983,-78.45131766657506,-77.36037808801167,0.6351976093270382,0.5727379060750694,-0.6323335006193761
4.203,-80.34057710557666,-78.44909746618642,-77.35815788762304,0.6349007768493946,0.573844702952313,-0.6312267037421323
4.204,-80.3149979425163,-78.44756887015454,-77.35662929159116,0.6337061476697882,0.5746362201307865,-0.630435186563659
4.205,-80.378661990385,-78.44863243513606,-77.35769285657268,0.6343444447048049,0.5761141139585578,-0.6289572927358877
4.206,-80.27467500187629,-78.45075495178699,-77.35981537322361,0.6347390912433424,0.5773310458108003,-0.6277403608836452
4.207,-80.25624271908362,-78.44873870860313,-77.35779913003975,0.6350445217359505,0.5781527068402462,-0.6269186998541993
4.208,-80.30411482168192,-78.44217641565942,-77.35123683709605,0.6343920941413422,0.5792704645215561,-0.6258009421728894
4.209,-80.33314709156812,-78.43644570775099,-77.34550612918761,0.6343473964193576,0.5806470391152952,-0.6244243675791503
4.21,-80.34627769846017,-78.43432452858201,-77.34338495001863,0.6352535927627146,0.5818814361368443,-0.6231899705576011
4.211,-80.28115712421656,-78.43371084265897,-77.34277126409559,0.6343429311427611,0.5826152109976758,-0.6224561956967697
4.212,-80.35771725605557,-78.43331438355108,-77.3423748049877,0.6343616110532646,0.5827517663453528,-0.6223196403490927
4.214,-80.34631017240027,-78.43352138212681,-77.34258180356343,0.635166834013479,0.5819838832450772,-0.6230875234493684
4.215,-80.30012431504338,-78.4337785728887,-77.3428389943253,0.6344660204057018,0.5825300627519052,-0.6225413439425402
4.216,-80.29538948762891,-78.43403889013199,-77.34309931156861,0.6337051408288186,0.5837617070378253,-0.6213096996566202
4.217,-80.33725632229066,-78.43486832413575,-77.34392874557238,0.635029243140096,0.584725148443882,-0.6203462582505634
4.218,-80.35284610287144,-78.43765440930892,-77.34671483074554,0.6350389392403801,0.5847393029835094,-0.6203321037109361
4.219,-80.35762981115435,-78.44223569197186,-77.35129611340848,0.6335912217287111,0.5838485995700053,-0.6212228071244401
4.22,-80.25451928364734,-78.44550552628036,-77.35456594771696,0.6345029217512527,0.5829641416910255,-0.6221072650034201
4.221,-80.30521534253428,-78.44475049885045,-77.35381092028709,0.6347001705955223,0.582815555917457,-0.6222558507769884
4.222,-80.37768363505974,-78.44397493428943,-77.35303535572604,0.6349620089583325,0.5828247960233393,-0.6222466106711063
4.223,-80.3169141027768,-78.44589349710864,-77.35495391854528,0.6346126843569468,0.5824093529495112,-0.6226620537449341
4.224,-80.38076920245122,-78.44871218875274,-77.35777261018936,0.6352665386594758,0.581797485986378,-0.6232739207080674
4.225,-80.33573365718452,-78.4530724665053,-77.36213288794193,0.6347736287547106,0.5814273728211304,-0.6236440338733151
4.226,-80.29473687449878,-78.45697145806022,-77.36603187949684,0.634602346636413,0.5813925246038716,-0.6236788820905739
4.227,-80.14838287077535,-78.45288108495377,-77.36194150639038,0.6343958377370927,0.5816930438053466,-0.6233783628890988
4.228,-80.3646285350581,-78.44113878986445,-77.35019921130106,0.6342600992582911,0.582838180175382,-0.6222332265190634
4.229,-80.32652273757289,-78.43298106935823,-77.34204149079486,0.6341748256307376,0.5847399243635751,-0.6203314823308702
4.23,-80.32457679941905,-78.43152162095919,-77.3405820423958,0.6352039924400874,0.5863744766918351,-0.6186969300026104
4.231,-80.30297810138956,-78.43200306552251,-77.34106348695913,0.6343075985500503,0.5873236526951764,-0.6177477539992691
4.232,-80.2921892684475,-78.43120029119646,-77.3402607126331,0.6345004799221909,0.587667787201955,-0.6174036194924906
4.233,-80.29798616749378,-78.42857366504731,-77.33763408648392,0.6350550685409413,0.5876109393448646,-0.6174604673495808
4.234,-80.45580630923868,-78.42810558243046,-77.33716600386708,0.6347018480969555,0.5870439607052945,-0.6180274459891509
4.235,-80.4627880263983,-78.4349368965059,-77.34399731794251,0.6347239938391358,0.5863252468808432,-0.6187461598136023
4.236,-80.43976216554051,-78.44785959104331,-77.35692001247995,0.6344236363701082,0.5851847716291112,-0.6198866350653343
4.237,-80.2734125711971,-78.4614252925224,-77.37048571395903,0.6340596645039279,0.5839933156972331,-0.6210780909972123
4.238,-80.2800500405378,-78.46932710085373,-77.37838752229035,0.6341647950919708,0.5835079797315996,-0.6215634269628459
4.239,-80.32554863609894,-78.47202081536403,-77.38108123680067,0.6350031022800753,0.5835867859754243,-0.621484620719021
4.24,-80.0644973208168,-78.46515957672874,-77.37421999816536,0.6346656258353914,0.5840652424418381,-0.6210061642526075
4.241,-80.16582426279325,-78.442029251205,-77.3510896726416,0.6342670145935994,0.5851209508709844,-0.6199504558234611
4.242,-80.1442541254626,-78.4088438021216,-77.3179042235582,0.6347920801588026,0.5867200480545782,-0.6183513586398672
4.243,-80.22027094800238,-78.37625448507916,-77.28531490651578,0.6355519471346411,0.5877145611263646,-0.617356845568081
4.244,-80.18436488875153,-78.34924787151978,-77.2583082929564,0.6355470346288161,0.5872977990822764,-0.6177736076121692
4.245,-80.23099719215543,-78.32929587340212,-77.23835629483874,0.6345216733507842,0.5866686418084153,-0.6184027648860302
4.246,-80.2401879266782,-78.31738886913999,-77.22644929057661,0.6340977743237809,0.586549664901252,-0.6185217417931935
4.247,-80.18803123906108,-78.3110282872407,-77.22008870867731,0.6347270843250635,0.5872023347457778,-0.6178690719486677
4.248,-80.22571359823644,-78.30643641235174,-77.21549683378836,0.6354819139610287,0.5876870644996007,-0.6173843421948447
4.249,-80.29210768533002,-78.30576087516589,-77.21482129660251,0.6345809710634366,0.5870571652932526,-0.6180142414011929
4.25,-80.31086450382085,-78.31276380590282,-77.22182422733943,0.6347425015333642,0.5861168631520144,-0.6189545435424312
4.251,-80.28411518154492,-78.3253995098663,-77.23445993130291,0.634623750610858,0.5857720916186105,-0.6192993150758349
4.252,-80.38495137973403,-78.34248254089817,-77.25154296233481,0.634363460954336,0.5858718576160844,-0.6191995490783612
4.253,-80.31723281954186,-78.36383937029977,-77.27289979173638,0.635443188152603,0.5859192906874595,-0.619152116006986
4.2540000000000004,-80.2837633127597,-78.38372799225348,-77.2927884136901,0.6349783640522422,0.5856327101658816,-0.6194386965285639
4.255,-80.30563846334465,-78.3982813968811,-77.30734181831772,0.6341674820584394,0.5853573621005042,-0.6197140445939412
4.256,-80.39542815862096,-78.41216897105764,-77.32122939249426,0.6349213093130104,0.5854898248076625,-0.619581581886783
4.257,-80.28199593471948,-78.42703206408211,-77.33609248551873,0.6336802340235145,0.5856477409966688,-0.6194236656977765
4.258,-80.38507052431294,-78.43969437005258,-77.34875479148918,0.6354295728806368,0.5861146721943195,-0.618956734500126
4.259,-80.2853933465492,-78.45028135510967,-77.35934177654629,0.6337125863492228,0.5870318982436444,-0.618039508450801
4.26,-80.40181023367076,-78.46006047572033,-77.36912089715695,0.634270224712283,0.588578626544833,-0.6164927801496125
4.261,-80.2868781159659,-78.46922376507578,-77.37828418651242,0.6351984550593383,0.5900687745604491,-0.6150026321339963
4.2620000000000005,-80.38392703453437,-78.47676139160035,-77.38582181303697,0.6344239338197821,0.5909978974209494,-0.6140735092734959
4.263,-80.3279938138242,-78.48356638462333,-77.39262680605994,0.6341861524445953,0.5920830197477192,-0.6129883869467263
4.264,-80.25271344771458,-78.48726964789489,-77.3963300693315,0.6345524260224753,0.5938468911301071,-0.6112245155643384
4.265,-80.2600443292923,-78.48385670540169,-77.39291712683831,0.6352593061998785,0.5953754473390276,-0.6096959593554179
4.266,-80.33007285405851,-78.47648540212674,-77.38554582356336,0.6345012953840845,0.5961500281857052,-0.6089213785087403
4.267,-80.32127416853156,-78.47079801158148,-77.3798584330181,0.6342600863307648,0.5965430668448874,-0.6085283398495581
4.268,-80.28317094365299,-78.46728304365276,-77.37634346508939,0.6347291247168771,0.5968131142966685,-0.6082582923977771
4.269,-80.3244735490083,-78.4644240686393,-77.37348449007592,0.6347173611502799,0.5971308248564606,-0.6079405818379849
4.2700000000000005,-80.30202535952958,-78.46292843931705,-77.37198886075367,0.6342348119092724,0.5975026663051048,-0.6075687403893406
4.271,-80.27856091947935,-78.46163200034927,-77.3706924217859,0.6343027031688295,0.5980292434228033,-0.6070421632716422
4.272,-80.3415221757127,-78.4595381048582,-77.3685985262948,0.6354748451645336,0.5983221066644946,-0.6067493000299509
4.273,-80.31344928264802,-78.45863257230427,-77.36769299374089,0.6353095936518276,0.5982751658681643,-0.6067962408262811
4.274,-80.3141787442491,-78.45909352523493,-77.36815394667157,0.6338273167749626,0.5983664085336413,-0.6067049981608043
4.275,-80.29676294930056,-78.45937881856462,-77.36843924000122,0.6340477523173201,0.5987598249978368,-0.6063115816966087
4.276,-80.2902765452699,-78.4583492271124,-77.36740964854901,0.6352872316712059,0.5997474746263157,-0.6053239320681297
4.277,-80.36526022334499,-78.45754965888065,-77.36661008031726,0.6343900794122913,0.6008483811623125,-0.6042230255321329
4.2780000000000005,-80.30556452483255,-78.45955717194732,-77.36861759338393,0.6349178251065721,0.601579881633002,-0.6034915250614435
4.279,-80.3776573169342,-78.46431115988635,-77.37337158132296,0.6340816666495097,0.6019214526717704,-0.603149954022675
4.28,-80.32482035842538,-78.47070608913495,-77.37976651057156,0.6346654001468081,0.6024295462667126,-0.6026418604277327
4.281,-80.30723595876063,-78.47541730202481,-77.38447772346142,0.6338275465432225,0.6027318307593474,-0.602339575935098
4.282,-80.27291436568176,-78.47529188173249,-77.38435230316911,0.6350666008219717,0.6028242813816146,-0.602247125312831
4.283,-80.23602547433069,-78.4694051740462,-77.37846559548282,0.6353291318560368,0.602654180988345,-0.6024172257061005
4.284,-80.35159291336309,-78.46056839486049,-77.3696288162971,0.6344153047067707,0.6023717306582734,-0.602699676036172
4.285,-80.32344450813184,-78.45506160458204,-77.36412202601866,0.6349532701747572,0.6021376501394293,-0.6029337565550161
4.286,-80.36689350482543,-78.45502097536146,-77.36408139679808,0.6342912548347613,0.6019805843066279,-0.6030908223878174
4.287,-80.28554551859027,-78.45688544962286,-77.3659458710595,0.6350549749782546,0.6016021793460661,-0.6034692273483793
4.288,-80.3007366559335,-78.45772408127164,-77.36678450270826,0.6339169641175079,0.6014358642013277,-0.6036355424931177
4.289,-80.3441532977334,-78.45716584824966,-77.36622626968628,0.6354365213712281,0.6011442985199188,-0.6039271081745267
4.29,-80.33633209917984,-78.45785886632385,-77.36691928776048,0.6341201824758281,0.6009626903976466,-0.6041087162967989
4.291,-80.29510373563951,-78.45923949319689,-77.3682999146335,0.6339724089287684,0.6015878487548324,-0.6034835579396131
4.292,-80.31011916419448,-78.4589421352946,-77.36800255673123,0.6347246045950844,0.6024256266487665,-0.6026457800456788
4.293,-80.2706904448042,-78.45561380041178,-77.3646742218484,0.6351874192824188,0.6028453075547787,-0.6022260991396666
4.294,-80.32946580383584,-78.45144832170071,-77.36050874313733,0.6343567833361303,0.6027854192788865,-0.602285987415559
4.295,-80.39806779716778,-78.45163254277608,-77.36069296421269,0.6351389816566781,0.6022242582104527,-0.6028471484839927
4.296,-80.21032365143994,-78.4537939484703,-77.36285436990693,0.6342773906644168,0.6010932772824213,-0.6039781294120242
4.297,-80.35190057391593,-78.45194464279795,-77.36100506423458,0.6350662658290457,0.5999313767419711,-0.6051400299524744
4.298,-80.28989129198321,-78.44937377296603,-77.35843419440265,0.6345273233330279,0.5989319117244993,-0.6061394949699461
4.299,-80.3765309189383,-78.44966520106637,-77.35872562250299,0.6340302895339792,0.5982220610984441,-0.6068493455960013
4.3,-80.26467807339445,-78.45113688339202,-77.36019730482865,0.6350308398533255,0.5976208411050838,-0.6074505655893617
4.301,-80.29533435522406,-78.44985771243526,-77.35891813387188,0.6340750520297523,0.5970107857500709,-0.6080606209443745
4.302,-80.3157401834551,-78.44639228913731,-77.35545271057391,0.6352073184207315,0.5965969479992334,-0.6084744586952121
4.303,-80.26000307723045,-78.44206754168451,-77.35112796312113,0.6347186803617452,0.5955438644225717,-0.6095275422718739
4.304,-80.34914743822503,-78.4373300558515,-77.34639047728811,0.6341237970164195,0.5942195172290404,-0.6108518894654051
4.305,-80.26801472021141,-78.43418634565495,-77.34324676709156,0.6340324466128631,0.594115619021727,-0.6109557876727185
4.306,-80.3570942401856,-78.43204955109518,-77.34110997253181,0.6348488038583304,0.5945791923555257,-0.6104922143389198
4.307,-80.34010324837533,-78.43249396418227,-77.34155438561888,0.634712984234846,0.5943038211797147,-0.6107675855147308
4.308,-80.24427815635876,-78.43393516052802,-77.34299558196466,0.6355370557627071,0.5934326403435253,-0.6116387663509202
4.309,-80.287568854017,-78.43205863398174,-77.34111905541836,0.63408084536856,0.5930317161486431,-0.6120396905458024
4.31,-80.33289046138496,-78.4288330911574,-77.33789351259404,0.6347140882266896,0.5929934967905682,-0.6120779099038772
4.311,-80.3281769870646,-78.4273589616598,-77.33641938309643,0.6358029437669441,0.5921348457933298,-0.6129365609011157
4.312,-80.41954852022174,-78.43043462259772,-77.33949504403432,0.6342007099876411,0.5904067190215372,-0.6146646876729082
4.313,-80.28685936144706,-78.4374578980693,-77.34651831950592,0.6346708195710187,0.5890376909983779,-0.6160337156960677
4.314,-80.34892596940367,-78.44287738246058,-77.3519378038972,0.6340787864730146,0.5886506740604104,-0.6164207326340351
4.315,-80.26167076802288,-78.4444419093741,-77.35350233081071,0.6333659553357278,0.5893594088692696,-0.6157119978251759
4.316,-80.35594544153415,-78.44337236123707,-77.35243278267369,0.6350038820067705,0.5901381364383705,-0.614933270256075
4.317,-80.30539909817857,-78.44221493719355,-77.35127535863018,0.6356452882790726,0.5900494820336557,-0.6150219246607898
4.318,-80.32193640353812,-78.44168748528631,-77.35074790672293,0.6338565515650155,0.5896665888648804,-0.6154048178295651
4.319,-80.28338831601847,-78.44006530772297,-77.3491257291596,0.6340492119530867,0.5902220172991121,-0.6148493893953335
4.32,-80.32859132452514,-78.43784175340721,-77.34690217484383,0.6341316359359436,0.5912633274333318,-0.6138080792611137
4.321,-80.293923674753,-78.43517950837942,-77.34423992981606,0.63449108861027,0.5921206951608466,-0.6129507115335989
4.322,-80.34534612757561,-78.43288044623982,-77.34194086767644,0.6353203407536455,0.5925403992912579,-0.6125310074031874
4.323,-80.25573174259999,-78.4309934235215,-77.3400538449581,0.6346358677313167,0.5925062060078694,-0.612565200686576
4.324,-80.2698809988815,-78.4265514431491,-77.33561186458573,0.6346447824810553,0.592240696430157,-0.6128307102642885
4.325,-80.35246357528953,-78.42155869898501,-77.33061912042163,0.634849007690028,0.591846886678084,-0.6132245200163615
4.326,-80.30250454282483,-78.42023872516086,-77.32929914659746,0.6342060529178659,0.5911273576747453,-0.6139440490197002
4.327,-80.33911816142525,-78.42071903774442,-77.32977945918104,0.6348004715008035,0.5909091208647914,-0.614162285829654
4.328,-80.38628203299918,-78.42334416218273,-77.33240458361936,0.6349513013183256,0.5910098189851655,-0.61406158770928
4.329,-80.26155698181631,-78.42773053852642,-77.33679095996305,0.6337687812917016,0.5909712033078633,-0.6141002033865822
4.33,-80.28116670858682,-78.42809270179106,-77.33715312322767,0.6346695433269824,0.5911718070448377,-0.6138995996496077
4.331,-80.30796906489326,-78.42471291125037,-77.33377333268699,0.6346739931598088,0.5921869173193816,-0.6128844893750639
4.332,-80.32895923735272,-78.42235729900278,-77.33141772043939,0.6358369403793735,0.5932336736557966,-0.6118377330386489
4.333,-80.30015576893209,-78.42143500427629,-77.3304954257129,0.6341259501189966,0.5932187102565943,-0.6118526964378512
4.334,-80.34685571948589,-78.42168666004548,-77.3307470814821,0.6355067664650218,0.5928126643000268,-0.6122587423944187
4.335,-80.28020160331567,-78.42203447770417,-77.33109489914081,0.634482570417419,0.5920574345164378,-0.6130139721780078
4.336,-80.28496982590138,-78.42065420111066,-77.32971462254727,0.633666956088518,0.5914718493517879,-0.6135995573426576
4.337,-80.28074189885103,-78.41760099864455,-77.32666142008115,0.6345983868642615,0.5921430829065927,-0.6129283237878528
4.338,-80.33341780701585,-78.41445274259124,-77.32351316402786,0.6341726681477462,0.5932736817342543,-0.6117977249601911
4.339,-80.3584235267412,-78.41372948333473,-77.32278990477135,0.6355351479104933,0.5942476002536489,-0.6108238064407966
4.34,-80.253964832235,-78.41451362094294,-77.32357404237956,0.6349965163719863,0.5950474676894801,-0.6100239390049653
4.341,-80.36116179891575,-78.4142235466494,-77.32328396808602,0.6346311299120918,0.5956749552993701,-0.6093964513950755
4.342,-80.29426529525787,-78.4147359557039,-77.32379637714051,0.6347907660536232,0.5957858054179136,-0.6092856012765319
4.343,-80.3663536310871,-78.41723078576116,-77.32629120719778,0.6342142647416684,0.5958149092717347,-0.6092564974227107
4.344,-80.337663390185,-78.4220554767872,-77.3311158982238,0.6343819519615244,0.5966232513343955,-0.60844815536005
4.345,-80.37614423515026,-78.4291185783317,-77.33817899976832,0.6346046703314526,0.5979561752087509,-0.6071152314856946
4.346,-80.28658548379926,-78.43607000288242,-77.34513042431904,0.6335928066973142,0.599012187342538,-0.6060592193519074
4.347,-80.29936411302344,-78.4388651997952,-77.34792562123184,0.6352831822028465,0.5995994827144691,-0.6054719239799764
4.348,-80.30419628601605,-78.43737973014711,-77.34644015158374,0.6348860097338239,0.6000249924510732,-0.6050464142433722
4.349,-80.3040867337252,-78.43422454708136,-77.34328496851798,0.6342576407762585,0.6001109120467234,-0.6049604946477221
4.35,-80.25706070096994,-78.42940880843905,-77.33846922987567,0.634485291015864,0.6002196808011149,-0.6048517258933307
4.351,-80.31442657774302,-78.42315202576728,-77.33221244720391,0.6353454630715022,0.6005177734949441,-0.6045536331995014
4.352,-80.29602251447773,-78.41768791071874,-77.32674833215538,0.6345515123511618,0.6008746179370406,-0.6041967887574049
4.353,-80.32261844469868,-78.41364533518517,-77.32270575662179,0.6340111914420987,0.6012368782020674,-0.6038345284923782
4.354,-80.23986989995926,-78.40913722354723,-77.31819764498384,0.6344301550473966,0.6014014596537384,-0.6036699470407071
4.355,-80.32226039461793,-78.40374081518463,-77.31280123662125,0.6345456888714581,0.6013218758096531,-0.6037495308847923
4.356,-80.35724323720268,-78.40108711314504,-77.31014753458166,0.6343859482424752,0.6012512294679963,-0.6038201772264493
4.357,-80.30597098828463,-78.4030094780616,-77.31206989949821,0.6346966774865884,0.6009822317237626,-0.6040891749706828
4.358,-80.3572885429525,-78.40657560815309,-77.31563602958971,0.6342439227756166,0.600476871041438,-0.6045945356530075
4.359,-80.3293953137231,-78.41141780269027,-77.32047822412687,0.6343409616154179,0.6001330586332443,-0.6049383480612013
4.36,-80.29181648334739,-78.41508725973314,-77.32414768116975,0.6347048592153561,0.5999831391722423,-0.6050882675222032
4.361,-80.31073276495093,-78.41540480750398,-77.3244652289406,0.6353099169408292,0.5993766631173992,-0.6056947435770461
4.362,-80.40383750725964,-78.41680704917896,-77.32586747061558,0.6340613363607499,0.5978425013829007,-0.6072289053115447
4.363,-80.37319814830101,-78.42312444034442,-77.33218486178103,0.6340290881390712,0.5961177009913838,-0.6089537057030617
4.364,-80.29834230724892,-78.43031870835199,-77.33937912978861,0.6353914240907689,0.5949922952268539,-0.6100791114675915
4.365,-80.31811164841535,-78.43378209837213,-77.34284251980876,0.6354029899113413,0.5940207359354261,-0.6110506707590194
4.366,-80.24825664828077,-78.43256800975333,-77.34162843118995,0.6338545637684226,0.5931468199832327,-0.6119245867112127
4.367,-80.23490181507033,-78.42491550157538,-77.333975923012,0.6345000964481124,0.5928795180411164,-0.6121918886533291
4.368,-80.31418062479135,-78.41358447106036,-77.32264489249698,0.6341772534584676,0.5929761036228056,-0.61209530307164
4.369,-80.33008477984468,-78.40557029756218,-77.3146307189988,0.634634446751461,0.5929417721325648,-0.6121296345618806
4.37,-80.39553579730459,-78.40440418362073,-77.31346460505736,0.6341882395431923,0.5925192272615765,-0.612552179432869
4.371,-80.32243853514996,-78.40846766302296,-77.3175280844596,0.6344235554166247,0.5924180108470629,-0.6126533958473827
4.372,-80.27900205955835,-78.41209378676801,-77.32115420820462,0.6349981677046672,0.5927750803285323,-0.6122963263659132
4.373,-80.2716541364702,-78.41133848743863,-77.32039890887523,0.6348086123839004,0.5924587072682532,-0.6126126994261923
4.374,-80.37220020327864,-78.40908916835156,-77.31814958978818,0.6347861739735285,0.5912199812226135,-0.613851425471832
4.375,-80.30224085842853,-78.40934908370008,-77.3184095051367,0.6342953890447683,0.5901386577272746,-0.614932748967171
4.376,-80.379436754076,-78.41187908440608,-77.32093950584269,0.6344380048000267,0.5894598430728263,-0.6156115636216192
4.377,-80.25326384743694,-78.41416097245057,-77.32322139388718,0.6349435088111236,0.5889104545225741,-0.6161609521718714
4.378,-80.35432516034676,-78.41437824429524,-77.32343866573186,0.6348626097429292,0.5885580536431965,-0.6165133530512489
4.3790000000000004,-80.23915645679773,-78.41289285187288,-77.3219532733095,0.6345513576576391,0.5881288617547333,-0.6169425449397122
4.38,-80.27560637428307,-78.4086115499154,-77.31767197135204,0.6346335682838742,0.5875733722085761,-0.6174980344858694
4.381,-80.34765927970284,-78.40384350595562,-77.31290392739223,0.6345105373174891,0.5868462797294941,-0.6182251269649512
4.382,-80.34842969889951,-78.40332283958121,-77.31238326101783,0.6349102335341297,0.5862257290437697,-0.6188456776506759
4.383,-80.30451591463982,-78.40603060549967,-77.31509102693627,0.6347506865401505,0.5861214643199933,-0.618949942374452
4.384,-80.27586218533708,-78.40730947527692,-77.31636989671354,0.634860033887712,0.586233520679505,-0.6188378860149406
4.385,-80.26740055589548,-78.40428941827281,-77.31334983970943,0.6351282367504196,0.5864436369283103,-0.6186277697661352
4.386,-80.36863321536276,-78.40063270688982,-77.30969312832644,0.6342641484652881,0.5868219511778311,-0.6182494555166144
4.3870000000000005,-80.29852704029967,-78.4010730894359,-77.31013351087252,0.6358402456874747,0.5869559490885747,-0.6181154576058708
4.388,-80.34153525301055,-78.40401690644586,-77.31307732788248,0.6341235177749474,0.5868151075397915,-0.6182562991546541
4.389,-80.28151804520323,-78.40639475259572,-77.31545517403234,0.6335003640048008,0.5874202164414548,-0.6176511902529906
4.39,-80.31144329664595,-78.40674108091895,-77.31580150235555,0.635252871723486,0.5890430723713829,-0.6160283343230625
4.391,-80.32077545794063,-78.406801569199,-77.31586199063563,0.6350422816563424,0.5907482108296485,-0.6143231958647971
4.392,-80.36874709205009,-78.40963031588666,-77.31869073732328,0.6342834283263109,0.592151356272463,-0.6129200504219826
4.393,-80.27177948051676,-78.41318964181993,-77.32225006325653,0.6343772371865313,0.5934881787923052,-0.6115832279021404
4.394,-80.3165415130987,-78.41421251478423,-77.32327293622085,0.6347895733370736,0.5945618882188631,-0.6105095184755824
4.3950000000000005,-80.26441026513115,-78.41240899633195,-77.32146941776858,0.6353994062635671,0.5949398857294973,-0.6101315209649482
4.396,-80.33170509809172,-78.40911416524462,-77.31817458668124,0.6340780662365075,0.5948965742149914,-0.6101748324794541
4.397,-80.295801973011,-78.4068348085497,-77.31589522998631,0.6344461253649806,0.5953046342423026,-0.6097667724521427
4.398,-80.35395791018468,-78.40673239712046,-77.31579281855709,0.6352295360601601,0.5963093162537432,-0.6087620904407024
4.399,-80.28909743993908,-78.4079756017579,-77.3170360231945,0.634290553283991,0.5973052955829099,-0.6077661111115356
4.4,-80.34725350413235,-78.40956003159552,-77.31862045303214,0.6340915807037322,0.5984033453283067,-0.6066680613661387
4.401,-80.26355784153021,-78.4101009315481,-77.31916135298471,0.6358351059924826,0.5994248970901501,-0.6056465096042953
4.402,-80.43725070277746,-78.41209913844993,-77.32115955988654,0.633106654221452,0.6003997068787108,-0.6046716998157347
4.4030000000000005,-80.29461473280901,-78.41875920372664,-77.32781962516326,0.6341924571122174,0.6019703081664213,-0.6031010985280242
4.404,-80.3720084761251,-78.42610378259863,-77.33516420403525,0.6355663023829607,0.6034490236350064,-0.601622383059439
4.405,-80.26652714337224,-78.43001370931195,-77.33907413074857,0.6353782822969931,0.6042504454645132,-0.6008209612299322
4.406,-80.3426803145665,-78.43045140191212,-77.33951182334873,0.6340582763868864,0.604871880518564,-0.6001995261758816
4.407,-80.26292069815932,-78.4289410531324,-77.33800147456903,0.6339716859201097,0.6056256186672913,-0.5994457880271543
4.408,-80.33035857662681,-78.42659496464388,-77.33565538608052,0.634780017016038,0.6064914661571248,-0.5985799405373206
4.409,-80.31671100611293,-78.42465417449158,-77.33371459592819,0.6349881414604059,0.607268352453028,-0.5978030542414173
4.41,-80.3099416091774,-78.42324672771092,-77.33230714914754,0.6338690615193626,0.6079722593599368,-0.5970991473345088
4.411,-80.30993710039364,-78.4218342835322,-77.33089470496884,0.6346115261130875,0.608839814205704,-0.5962315924887415
4.412,-80.28323969044585,-78.420054549714,-77.32911497115062,0.6344752501599182,0.6098589014744534,-0.5952125052199921
4.413,-80.22322869719586,-78.41422563773322,-77.32328605916983,0.6357141732775226,0.6106436822325497,-0.5944277244618957
4.414,-80.32416955132696,-78.40475026215974,-77.31381068359637,0.634521774468014,0.6109449004112057,-0.5941265062832397
4.415,-80.35193903226748,-78.39898001230834,-77.30804043374496,0.6346729920098653,0.6109167160036274,-0.594154690690818
4.416,-80.34167757681693,-78.40002651128209,-77.30908693271871,0.6350261236348752,0.6105675629860072,-0.5945038437084381
4.417,-80.41763374221055,-78.40700074472801,-77.31606116616463,0.6345001652209524,0.6098812107024828,-0.5951901959919628
4.418,-80.30971209596171,-78.4179419342241,-77.32700235566072,0.6350483051773418,0.6092198055105844,-0.595851601183861
4.419,-80.29439624679983,-78.42654232500124,-77.33560274643786,0.633789629880169,0.6092016590156226,-0.595869747678823
4.42,-80.28374638064717,-78.42911603722482,-77.33817645866144,0.6340229937294782,0.6099395974661284,-0.5951318092283171
4.421,-80.32730972777127,-78.42842371110542,-77.33748413254203,0.6345101795178555,0.6111067450576106,-0.5939646616368347
4.422,-80.3037303345317,-78.4275941916645,-77.33665461310112,0.6346559355498671,0.6122938599518571,-0.5927775467425884
4.423,-80.34850941542439,-78.42669938747531,-77.33575980891194,0.6337636356950817,0.6130960117760224,-0.5919753949184232
4.424,-80.28348895258982,-78.42582838640723,-77.33488880784387,0.6350240874767364,0.61391389455859,-0.5911575121358555
4.425,-80.34720737720856,-78.42508217654608,-77.33414259798272,0.6345266899486258,0.6149229808076001,-0.5901484258868455
4.426,-80.24835344250758,-78.42356693643512,-77.33262735787176,0.6346129594463473,0.6154188405364818,-0.5896525661579638
4.427,-80.27197146810728,-78.41891165072764,-77.32797207216426,0.6348065309442615,0.614940710877488,-0.5901306958169573
4.428,-80.31545150697465,-78.41235037749394,-77.32141079893057,0.6351555257935573,0.6137143688360025,-0.5913570378584431
4.429,-80.3165411017279,-78.4084546838117,-77.3175151052483,0.6344704351894362,0.6123903117282837,-0.5926810949661617
4.43,-80.28032785603125,-78.4064649968823,-77.31552541831891,0.6349341088332321,0.6111198089664719,-0.5939515977279737
4.431,-80.10171493000226,-78.40058924911722,-77.30964967055384,0.6346434641720679,0.6097561920711428,-0.5953152146233027
4.432,-80.13588570167093,-78.38611921546223,-77.29517963689885,0.6352312530058253,0.6085613565670064,-0.5965100501274392
4.433,-80.26721664783322,-78.36968808820787,-77.27874850964447,0.6352656030957071,0.6074727595802413,-0.5975986471142042
4.434,-80.40012404085913,-78.36147311963661,-77.27053354107323,0.6344257611641854,0.6062089304921886,-0.5988624762022569
4.436,-80.33824182587178,-78.3794873180519,-77.28854773948851,0.6347924969798128,0.6053842614061749,-0.5996871452882706
4.437,-80.25781990019252,-78.39097055299813,-77.30003097443473,0.634864124323308,0.6050887266345523,-0.5999826800598932
4.438,-80.26130597101145,-78.39451571475904,-77.30357613619564,0.6353053595064224,0.604354750189531,-0.6007166565049145
4.439,-80.22981923398821,-78.39169439128594,-77.30075481272256,0.6348308508084598,0.6035534128119707,-0.6015179938824747
4.44,-80.29697784633103,-78.38582112381151,-77.29488154524812,0.6340441184659024,0.6029431580905262,-0.6021282486039193
4.441,-80.30201393962629,-78.38186633836737,-77.29092675980398,0.6338503857599794,0.6031037514897886,-0.6019676552046569
4.442,-80.34822243148464,-78.38261806479403,-77.29167848623065,0.6344299849942101,0.6036850454478837,-0.6013863612465616
4.443,-80.37908646977851,-78.38875772129214,-77.29781814272874,0.6355144502683374,0.603990201226254,-0.6010812054681914
4.444,-80.33026304236819,-78.3987401064874,-77.30780052792402,0.6340286087750575,0.6037717881709979,-0.6012996185234477
4.445,-80.40064424553974,-78.41010793355025,-77.31916835498686,0.6346018817797894,0.602754611421663,-0.6023167952727826
4.446,-80.29756596865049,-78.42084150354853,-77.32990192498514,0.6345061375964247,0.6012017218578236,-0.6038696848366218
4.447,-80.32675536938814,-78.42749771145668,-77.33655813289329,0.6344900910770906,0.5999361870841932,-0.6051352196102523
4.448,-80.34082130436008,-78.43104372339405,-77.34010414483068,0.6346197100450569,0.5994408629097585,-0.605630543784687
4.449,-80.37910322052751,-78.43556748141391,-77.34462790285053,0.6349615284685388,0.5996210919152779,-0.6054503147791676
4.45,-80.34675709407875,-78.44213394131978,-77.3511943627564,0.6342726127433211,0.6000487918717888,-0.6050226148226567
4.451,-80.35326848942151,-78.44841019737407,-77.35747061881071,0.6352647266438128,0.5999686947757381,-0.6051027119187073
4.452,-80.28655744912854,-78.4511585462165,-77.36021896765313,0.6340027372825952,0.5991480708960417,-0.6059233357984039
4.453,-80.32956297246898,-78.44988555257808,-77.35894597401469,0.6343452931852246,0.5982779532991321,-0.6067934533953133
4.454,-80.27504459997462,-78.44583270442295,-77.35489312585959,0.6344050165446864,0.5976763585753944,-0.6073950481190511
4.455,-80.38836006693116,-78.44195195854302,-77.35101237997962,0.634343376659472,0.5971594667760478,-0.6079119399183978
4.456,-80.2810754818133,-78.43991019631407,-77.34897061775071,0.6348877753152552,0.5962996867272751,-0.6087717199671704
4.457,-80.3565193458351,-78.43814677625483,-77.34720719769143,0.6344081157911249,0.595153840251658,-0.6099175664427875
4.458,-80.26587455617823,-78.43613404138505,-77.34519446282168,0.6348275752785226,0.5943999297885786,-0.6106714769058669
4.459,-80.27413078556874,-78.43178267482007,-77.34084309625669,0.6347901957289581,0.5942858087904977,-0.6107855979039476
4.46,-80.32499013553625,-78.42426357071801,-77.33332399215463,0.6354547415520304,0.5943801716224275,-0.6106912350720178
4.461,-80.41594061331966,-78.420899682002,-77.32996010343861,0.6342005660775598,0.5939032890875557,-0.6111681176068896
4.462,-80.25763118236814,-78.42323656279486,-77.33229698423148,0.6343982393035752,0.5929144894512693,-0.6121569172431761
4.463,-80.24232576852665,-78.42288023308525,-77.33194065452186,0.6343054099264459,0.5923154632252212,-0.6127559434692242
4.464,-80.31302266046893,-78.41665240935096,-77.3257128307876,0.6393036165112111,0.5907757035021135,-0.6142957031923321
4.465,-80.38173943149262,-78.41230160917443,-77.32136203061107,0.6378180738317085,0.5864547884791652,-0.6186166182152804
4.466,-80.25608096221814,-78.41179830787353,-77.32085872931015,0.6369409976380767,0.5805992292107414,-0.6244721774837041
4.467,-80.32711682897362,-78.41015157826531,-77.31921199970192,0.6358033697630275,0.575185048923217,-0.6298863577712286
4.468,-80.3555085011109,-78.40898722225117,-77.31804764368779,0.636058289738043,0.5712947187522462,-0.6337766879421993
4.469,-80.29218807021003,-78.41029873699344,-77.31935915843006,0.6366059392048639,0.5692123184106775,-0.6358590882837678
4.47,-80.30398426265138,-78.41092309676598,-77.31998351820259,0.6360875800023583,0.5680342495661876,-0.6370371571282578
4.471,-80.40403968140383,-78.41244330413416,-77.32150372557076,0.6353363571556628,0.5673822639991473,-0.6376891426952983
4.472,-80.30689945744616,-78.417453385842,-77.32651380727862,0.6353189510080468,0.5672767098069073,-0.6377946968875382
4.473,-80.27384563773123,-78.42117943792333,-77.33023985935995,0.6349556603212756,0.5681599209904046,-0.6369114857040409
4.474,-80.34106387487212,-78.42118435101214,-77.33024477244876,0.6350019723071507,0.5704062518002118,-0.6346651548942337
4.475,-80.30130050199206,-78.42030235887809,-77.32936278031471,0.6350251747491854,0.5734254718292895,-0.6316459348651561
4.476,-80.34467828547389,-78.42032989346993,-77.32939031490655,0.6337735431331042,0.5765809707257699,-0.6284904359686757
4.477,-80.28590008451901,-78.42113476613515,-77.33019518757176,0.6352748263708605,0.5797016919580189,-0.6253697147364267
4.478,-80.29303174748527,-78.42102960131288,-77.33009002274949,0.6340175537408027,0.5825445719198284,-0.6225268347746171
4.479,-80.28823419713464,-78.41849370209572,-77.32755412353234,0.6344296507612911,0.5852115057709745,-0.619859900923471
4.48,-80.32250482132216,-78.41579890122846,-77.32485932266506,0.6352438563427367,0.5880949991282106,-0.6169764075662348
4.481,-80.37622447124318,-78.41656819157602,-77.32562861301264,0.6337325997313414,0.5908534583591194,-0.6142179483353262
4.482,-80.30851888690346,-78.42018076476604,-77.32924118620267,0.6351929653061157,0.592927039597454,-0.6121443670969915
4.483,-80.30670413985887,-78.42232922299014,-77.33138964442676,0.6352945866704052,0.594438166456867,-0.6106332402375785
4.484,-80.25585779009756,-78.42130037527902,-77.33036079671564,0.6343320897901836,0.5959223032792952,-0.6091491034151504
4.485,-80.32967393204757,-78.41834580632589,-77.32740622776251,0.6344390550616752,0.5973113075566897,-0.6077600991377557
4.486,-80.3219859982449,-78.41670363613194,-77.32576405756855,0.6372164237603807,0.598438742743281,-0.6066326639511644
4.487,-80.4029960986087,-78.41962243088528,-77.32868285232192,0.6369753505383349,0.5994302457135087,-0.6056411609809367
4.491,-80.30776414822363,-78.41342863149552,-77.32248905293214,0.6352331132951121,0.6035371057005727,-0.6015343009938728
4.492,-80.36326979823497,-78.40838416931824,-77.31744459075485,0.6346205311093313,0.6044380212648341,-0.6006333854296114
4.493,-80.3121890988629,-78.40921616462789,-77.31827658606451,0.634941649235595,0.6053860970155721,-0.5996853096788733
4.494,-80.29475823198523,-78.41114248533549,-77.32020290677211,0.6358928711729739,0.6060723782316136,-0.5989990284628319
4.495,-80.30267203295851,-78.41205415248147,-77.3211145739181,0.6342650962793377,0.6066219062948998,-0.5984495003995457
4.496,-80.3078953647211,-78.41244064203947,-77.32150106347608,0.6341161332669717,0.6079095548948537,-0.5971618517995918
4.497,-80.34237893844515,-78.41397512357904,-77.32303554501564,0.6344191090451625,0.6094995253584707,-0.5955718813359747
4.498,-80.35146044746948,-78.41790403250995,-77.32696445394656,0.6354109894267317,0.610376236495406,-0.5946951701990396
4.499,-80.33816926382815,-78.42366873692771,-77.33272915836433,0.6348954359310877,0.6108188960079054,-0.59425251068654
4.5,-80.25790397957473,-78.42786121450541,-77.33692163594203,0.6345895225701694,0.6112954210906806,-0.5937759856037647
4.501,-80.27651974472217,-78.42719052041544,-77.33625094185206,0.63416740929258,0.6118877988334905,-0.593183607860955
4.502,-80.32318550960271,-78.42388316809885,-77.33294358953549,0.6339976529699467,0.6126561529073024,-0.5924152537871431
4.503,-80.37318138122185,-78.42242917801842,-77.33148959945505,0.6356429600177177,0.6130137676471636,-0.5920576390472818
4.5040000000000004,-80.26374600936403,-78.42301014415351,-77.33207056559013,0.6347180152263846,0.6126801138648895,-0.592391292829556
4.505,-80.33222031178984,-78.42227177270244,-77.33133219413905,0.6346435489535023,0.6122877763422898,-0.5927836303521558
4.506,-80.27190325172747,-78.4206272671674,-77.32968768860401,0.635361372962528,0.6120234526859907,-0.5930479540084548
4.507,-80.37648236524566,-78.41961080183923,-77.32867122327583,0.6350290505492796,0.6117559223053534,-0.5933154843890921
4.508,-80.24337872987185,-78.4205584111997,-77.32961883263633,0.6347791085311467,0.611924186802395,-0.5931472198920504
4.509,-80.30786053596337,-78.42001962640819,-77.3290800478448,0.6338859279847565,0.6129750414948265,-0.5920963651996188
4.51,-80.3466593840592,-78.41850094840788,-77.3275613698445,0.6345654344850168,0.6150120175182249,-0.5900593891762206
4.511,-80.35047916175652,-78.41991251758571,-77.32897293902234,0.6344522223337958,0.6175099569051516,-0.5875614497892938
4.5120000000000005,-80.3566969403515,-78.42446796025804,-77.33352838169466,0.6340766590340737,0.6194240681029012,-0.5856473385915443
4.513,-80.25551511680557,-78.42780921087606,-77.3368696323127,0.6347025162362058,0.6207213219958259,-0.5843500846986197
4.514,-80.34436615097219,-78.4276931632598,-77.33675358469641,0.634953088067615,0.6215973263795409,-0.5834740803149047
4.515,-80.30069117925099,-78.42696417026207,-77.33602459169867,0.6344497898941621,0.6220305634938794,-0.5830408432005662
4.516,-80.35409871204085,-78.42704320489744,-77.33610362633407,0.6341310300045372,0.6224441999195844,-0.582627206774861
4.517,-80.35803187500053,-78.42961879364667,-77.33867921508327,0.6345949336721862,0.6230330658962177,-0.5820383407982277
4.518,-80.25751765543345,-78.43281976226196,-77.34188018369856,0.6350671029315992,0.6234250731048548,-0.5816463335895906
4.519,-80.25732364043488,-78.43028435529637,-77.33934477673297,0.6349526289175175,0.6234492722925005,-0.5816221344019451
4.5200000000000005,-80.37478579973205,-78.42516529704895,-77.33422571848556,0.6338659651846876,0.6236007698734805,-0.581470636820965
4.521,-80.35701022295743,-78.42531125246934,-77.33437167390596,0.6342624300109314,0.6243916088335433,-0.5806797978609022
4.522,-80.24387000797248,-78.42702737088132,-77.33608779231795,0.6355157329395572,0.6256783878697152,-0.5793930188247303
4.523,-80.3459671824261,-78.4258774855883,-77.33493790702491,0.6342051042354775,0.6269608748868365,-0.578110531807609
4.524,-80.33892364461728,-78.42570122271584,-77.33476164415247,0.6341074713495262,0.6282148510347054,-0.5768565556597401
4.525,-80.26323104385517,-78.42689685485199,-77.33595727628861,0.6353977206524829,0.6294810860720133,-0.5755903206224323
4.526,-80.29933150677245,-78.4247042780758,-77.33376469951241,0.6341665168541886,0.6303884814184655,-0.57468292527598
4.527,-80.28448913037882,-78.41994985543569,-77.32901027687231,0.6344659312199161,0.6310250069543605,-0.574046399740085
4.5280000000000005,-80.3127685878332,-78.41515947962645,-77.32421990106307,0.6348892071016009,0.6316190199163441,-0.5734523867781014
4.529,-80.32892400376595,-78.41242968059947,-77.32149010203611,0.6347866885238476,0.6323410811365624,-0.5727303255578831
4.53,-80.24767944423495,-78.41069652329783,-77.31975694473445,0.6344878008756555,0.6332251503077795,-0.571846256386666
4.531,-80.34387936623375,-78.408314495629,-77.31737491706562,0.6344457837401762,0.6340663160127057,-0.5710050906817399
4.532,-80.34873197005285,-78.40881250805243,-77.31787292948906,0.6349927935150406,0.6346307934837324,-0.5704406132107132
4.533,-80.26684081181656,-78.41131722812028,-77.32037764955689,0.6356139231135229,0.6345884304052621,-0.5704829762891833
4.534,-80.37308082509259,-78.41249798452536,-77.321558405962,0.6338466484873325,0.6340933189273847,-0.5709780877670607
4.535,-80.33326059114114,-78.41576217408996,-77.3248225955266,0.6344976368058209,0.6336985607300604,-0.5713728459643851
4.536,-80.23574661151997,-78.41894912661682,-77.32800954805344,0.6343210092087498,0.6337759078133729,-0.5712954988810726
4.537,-80.3376278135604,-78.41901936588432,-77.32807978732093,0.6347818447781421,0.6343124903434905,-0.570758916350955
4.538,-80.34477724304598,-78.41944249892899,-77.32850292036561,0.6346699041333352,0.6348717239798382,-0.5701996827146074
4.539,-80.29943813113805,-78.42200711059135,-77.33106753202797,0.6350803415778387,0.6353690104889818,-0.5697023962054638
4.54,-80.37155997824115,-78.42527994205466,-77.33434036349128,0.6346535457003919,0.6358316336452843,-0.5692397730491612
4.541,-80.31642173311909,-78.42967302788556,-77.33873344932216,0.6346114556483493,0.6361811624116624,-0.5688902442827831
4.542,-80.3344821217244,-78.43350522382656,-77.34256564526318,0.6350730903205111,0.6361171465353243,-0.5689542601591213
4.543,-80.25920033672243,-78.43420214361024,-77.34326256504686,0.634264647859215,0.6356508197633388,-0.5694205869311066
4.544,-80.33384733343317,-78.43186144215957,-77.34092186359618,0.6339157113370326,0.6358231874951218,-0.5692482191993236
4.545,-80.37275896855029,-78.43123527111125,-77.34029569254787,0.6349927310704576,0.636712730398796,-0.5683586762956494
4.546,-80.26917457968443,-78.43259754122981,-77.34165796266642,0.6349424037461197,0.6374497120345423,-0.5676216946599032
4.547,-80.33020981371656,-78.43246491050553,-77.34152533194215,0.6344032204461394,0.6380185632742463,-0.5670528434201992
4.548,-80.25811007693918,-78.43101918327527,-77.34007960471189,0.6346128586307561,0.6389530173529787,-0.5661183893414667
4.549,-80.25773023256149,-78.4260194167578,-77.33507983819442,0.634415085468079,0.6402461976083583,-0.5648252090860871
4.55,-80.36488707375963,-78.42000911204246,-77.3290695334791,0.6339210084976334,0.6417593952752031,-0.5633120114192425
4.551,-80.32957495622175,-78.4188830705256,-77.32794349196222,0.6348048515992037,0.6432904367595013,-0.5617809699349442
4.552,-80.2756804253447,-78.419808437742,-77.32886885917863,0.6350548945267972,0.6444456628926213,-0.5606257438018243
4.553,-80.34883553324615,-78.41959280643542,-77.32865322787202,0.6344981071130981,0.6451497568725649,-0.5599216498218805
4.556,-80.38136097978212,-78.4139831538234,-77.32304357526002,0.6338796724909657,0.6442497300739045,-0.560821676620541
4.557,-80.32152561620408,-78.4190134254082,-77.32807384684482,0.6332833996442806,0.6436621376063814,-0.5614092690880642
4.558,-80.3426291648011,-78.4258998039993,-77.3349602254359,0.634280471133272,0.6439874185693308,-0.5610839881251146
4.559,-80.31873763008625,-78.43181081900711,-77.34087124044375,0.6352583360400703,0.6447942901454351,-0.5602771165490104
4.56,-80.31580977727398,-78.43522420677402,-77.34428462821064,0.6355509483100111,0.6447536018299501,-0.5603178048644955
4.561,-80.27550870877198,-78.43609727312933,-77.34515769456597,0.6348478603686373,0.6438006195189464,-0.5612707871754992
4.562,-80.25252393171706,-78.43290123466224,-77.34196165609885,0.633929726258644,0.6432560048671018,-0.5618154018273436
4.563,-80.27707440381282,-78.42568955564039,-77.33474997707701,0.6338115483332409,0.6437291021237936,-0.5613423045706518
4.564,-80.34079419108363,-78.419433740857,-77.32849416229364,0.635010873289401,0.6445122516478674,-0.5605591550465782
4.565,-80.34893164803671,-78.41824295596588,-77.32730337740249,0.6352017293706556,0.6448064740682958,-0.5602649326261495
4.566,-80.33728844853624,-78.4212900229663,-77.33035044440292,0.6348940415822377,0.6446359150607741,-0.5604354916336713
4.567,-80.41377475750339,-78.4282526887821,-77.33731311021872,0.6343568798373028,0.6443154805551224,-0.560755926139323
4.568,-80.29240850471423,-78.43753459135259,-77.3465950127892,0.6340922074502914,0.6440310204855242,-0.5610403862089212
4.569,-80.26196098379867,-78.44266395056498,-77.3517243720016,0.6343607310882828,0.643735099624744,-0.5613363070697014
4.57,-80.27086519370658,-78.44087514066729,-77.3499355621039,0.6355005810825274,0.6432148075169508,-0.5618565991774948
4.571,-80.36542211630842,-78.43717709213657,-77.3462375135732,0.6342221886567981,0.6427315687611235,-0.5623398379333221
4.572,-80.31620714833683,-78.43649447673718,-77.34555489817379,0.6345838505484588,0.6425460869098975,-0.562525319784548
4.573,-80.31482226852661,-78.43701418309936,-77.34607460453597,0.6349102901255844,0.6424334255093596,-0.5626379811850859
4.574,-80.26080064825973,-78.43572890930727,-77.34478933074388,0.6346405445046961,0.6421112838892672,-0.5629601228051784
4.575,-80.33075916283303,-78.43255906589572,-77.34161948733235,0.6340380797048666,0.6418234445613746,-0.5632479621330708
4.576,-80.29149675750502,-78.42972155381786,-77.33878197525448,0.6337341371089062,0.6419321423817286,-0.5631392643127168
4.577,-80.26075206272546,-78.42579292200348,-77.3348533434401,0.6354715399752046,0.641842541113907,-0.5632288655805384
4.578,-80.29718625012225,-78.41999968275026,-77.32906010418687,0.6352634378259374,0.6406446516061075,-0.564426755088338
4.579,-80.3393445546912,-78.41610807753072,-77.32516849896734,0.6343694625150373,0.6388670290672246,-0.566204377627221
4.58,-80.27753621050479,-78.41549413635255,-77.32455455778917,0.6351128827660693,0.6374674237298354,-0.56760398296461
4.581,-80.30652954213322,-78.4153985988725,-77.32445902030913,0.6342374539789944,0.6366743717682152,-0.5683970349262304
4.582,-80.34139871964075,-78.4160874064141,-77.32514782785073,0.6345023247308134,0.6365892206716155,-0.5684821860228301
4.583,-80.34677907571782,-78.41974763140466,-77.32880805284128,0.6340290121899118,0.6367242842135352,-0.5683471224809102
4.584,-80.287005346799,-78.42376663679254,-77.33282705822916,0.6349349040427269,0.6365111193709637,-0.5685602873234817
4.585,-80.29510051736466,-78.42396875308812,-77.33302917452473,0.6349467011464659,0.6357316112514134,-0.5693397954430319
4.586,-80.33349026836908,-78.42236966254599,-77.3314300839826,0.6348122183213616,0.6346237599280805,-0.570447646766365
4.587,-80.27461182369719,-78.4214066611562,-77.33046708259283,0.6345700390881978,0.6331864216130917,-0.5718849850813538
4.588,-80.32590643944731,-78.41991213660918,-77.3289725580458,0.6342678718346784,0.6321246985010187,-0.5729467081934267
4.589,-80.35856413112889,-78.42005373962023,-77.32911416105686,0.6345670969311784,0.6318904223241902,-0.5731809843702552
4.59,-80.26939229167624,-78.42176590485924,-77.33082632629585,0.6348734456194454,0.6317151840013133,-0.5733562226931322
4.591,-80.30360242532046,-78.4210512972432,-77.3301117186798,0.634963263596521,0.6309509002054744,-0.5741205064889711
4.592,-80.28347985713566,-78.4181523133806,-77.32721273481722,0.6344723378932093,0.6295545863409502,-0.5755168203534954
4.593,-80.33096351259047,-78.41480858488302,-77.32386900631963,0.634655006133361,0.6281124132061064,-0.576958993488339
4.594,-80.24027230738852,-78.41116976873568,-77.3202301901723,0.6355962825124347,0.6271956611851267,-0.5778757455093188
4.595,-80.33064708359021,-78.40647006176012,-77.31553048319672,0.6345251170840246,0.6263340817793905,-0.5787373249150549
4.596,-80.36112813110358,-78.40459295725957,-77.31365337869619,0.6340725139976155,0.6251478248267981,-0.5799235818676473
4.597,-80.33848522196455,-78.40776191810548,-77.31682233954211,0.6350978635410658,0.6239825681771283,-0.5810888385173172
4.598,-80.2816421719274,-78.41186782789502,-77.32092824933166,0.6337997945891016,0.6234949516333043,-0.5815764550611412
4.599,-80.29355382336146,-78.41245661843712,-77.32151703987375,0.6354334265530054,0.6239092798528485,-0.5811621268415971
4.6,-80.33131483535432,-78.41150278050922,-77.32056320194584,0.6342322241280102,0.6242018030618038,-0.5808696036326415
4.601,-80.39216115572059,-78.41354714905711,-77.32260757049372,0.6340337036267085,0.6238388793831602,-0.5812325273112853
4.602,-80.3587617516097,-78.42002948468853,-77.32908990612515,0.6343853886165947,0.6234530156372808,-0.5816183910571646
4.603,-80.28750111481914,-78.42614046438919,-77.33520088582583,0.6342041547201738,0.6234564327899443,-0.581614973904501
4.604,-80.32665794675334,-78.42810510140727,-77.33716552284388,0.6342304084807554,0.6239161128167888,-0.5811552938776566
4.605,-80.29934271741637,-78.42767165103439,-77.33673207247101,0.6350390049783757,0.6237395851692986,-0.5813318215251468
4.606,-80.257250344743,-78.42446888743544,-77.33352930887207,0.6353195195869963,0.6224144680151799,-0.5826569386792656
4.607,-80.3275598633167,-78.4177782365063,-77.32683865794291,0.6339769080617167,0.6208677502666567,-0.5842036564277888
4.608,-80.3570045998216,-78.41296479274274,-77.32202521417935,0.6348889242886298,0.619434987590769,-0.5856364191036765
4.609,-80.3062988438884,-78.41224628408781,-77.32130670552444,0.6341363002548661,0.6181099591999225,-0.5869614474945231
4.61,-80.34588573357166,-78.41324617896844,-77.32230660040506,0.6347191915563604,0.6171550428485664,-0.5879163638458792
4.611,-80.28439021047764,-78.41424565889629,-77.3233060803329,0.634848326113201,0.6164487617861969,-0.5886226449082487
4.612,-80.3578562469228,-78.41517576832976,-77.32423618976638,0.6340556532587099,0.6159164590584181,-0.5891549476360274
4.613,-80.27476884599868,-78.41619120327915,-77.32525162471576,0.6348560779423147,0.6151618922599155,-0.5899095144345301
4.614,-80.30720465394893,-78.41505817868841,-77.32411860012505,0.634695524565575,0.6138101252484063,-0.5912612814460391
4.615,-80.33080825813859,-78.41245618008854,-77.32151660152515,0.6347299726273199,0.612530699277375,-0.5925407074170704
4.616,-80.33833292886523,-78.41110201873991,-77.32016244017653,0.6342858522807856,0.611829377668015,-0.5932420290264304
4.617,-80.24076546024337,-78.40930199535569,-77.31836241679231,0.6349775423133523,0.6109795684487407,-0.5940918382457049
4.618,-80.265831162817,-78.40334027017265,-77.31240069160928,0.6343897789457306,0.6098982378715639,-0.5951731688228815
4.619,-80.35959391141986,-78.3975119597821,-77.30657238121871,0.6345273337823691,0.6110249252188886,-0.5940464814755569
4.62,-80.34476549873136,-78.39743327547895,-77.30649369691555,0.6353545624925222,0.6156947373039355,-0.5893766693905099
4.621,-80.30396264448433,-78.4007036608442,-77.30976408228082,0.6343340123083103,0.6218043995795494,-0.5832670071148961
4.622,-80.32097313594116,-78.4030669270982,-77.3121273485348,0.634319355215439,0.6273012203881145,-0.5777701863063308
4.623,-80.3078782235464,-78.40402626358218,-77.31308668501879,0.6344599885891866,0.6313938086257089,-0.5736775980687365
4.624,-80.27386756106559,-78.40292233704126,-77.31198275847788,0.6391582218700221,0.6327272158068064,-0.5723441908876391
4.625,-80.30202816986373,-78.39944387180329,-77.3085042932399,0.6369264267772695,0.6302635788559949,-0.5748078278384506
4.626,-80.37810573050984,-78.39782424649823,-77.30688466793484,0.6369115759539264,0.625341500794409,-0.5797299059000366
4.627,-80.37201347015439,-78.40177750003028,-77.3108379214669,0.6371616731668258,0.6195567685583436,-0.5855146381361019
4.628,-80.32260033594363,-78.4090041022739,-77.3180645237105,0.6363343842381317,0.6133463777315686,-0.5917250289628766
4.6290000000000004,-80.30213081557581,-78.41407993241816,-77.32314035385478,0.6359632894087112,0.6072064467267764,-0.5978649599676692
4.63,-80.3486489421817,-78.41644147761379,-77.32550189905041,0.6307633460330517,0.6027803640016057,-0.6022910426928396
4.631,-80.23371590860611,-78.41602688231809,-77.3250873037547,0.6329840708224608,0.601239924762312,-0.6038314819321335
4.632,-80.39527926045214,-78.41435649003476,-77.32341691147138,0.6328566878103169,0.6020163133409564,-0.6030550933534891
4.633,-80.32261997444236,-78.41571143353889,-77.3247718549755,0.6330181356094783,0.6023847600945386,-0.6026866465999069
4.634,-80.30588379847552,-78.41797955794375,-77.32703997938037,0.6326210952351085,0.5999700364977013,-0.6051013701967441
4.635,-80.29024272017405,-78.41689479270255,-77.32595521413917,0.632794798570625,0.5956579687383461,-0.6094134379560994
4.636,-80.20611190678112,-78.41068260547068,-77.3197430269073,0.6347561487065717,0.5916385026786378,-0.6134329040158075
4.6370000000000005,-80.29430048384278,-78.3999303817133,-77.30899080314992,0.6336373563513884,0.5882474287715537,-0.6168239779228917
4.638,-80.31699596542174,-78.39058055692828,-77.29964097836492,0.6349825025218332,0.5853176589351426,-0.6197537477593028
4.639,-80.3355388818984,-78.38716848304543,-77.29622890448205,0.63393482092246,0.5833975065855467,-0.6216739001088989
4.64,-80.29195287767851,-78.38712520784574,-77.29618562928235,0.6346690574590474,0.5828099191534665,-0.6222614875409791
4.641,-80.34688703778735,-78.38892015799945,-77.29798057943607,0.6340421497404181,0.5830453641225487,-0.6220260425718968
4.642,-80.28421521362301,-78.39234746016936,-77.30140788160598,0.6353660054843185,0.5838166490057047,-0.6212547576887408
4.643,-80.36600210277777,-78.39694236408947,-77.3060027855261,0.6339303382232873,0.5857169838032315,-0.619354422891214
4.644,-80.31246550395058,-78.40256948759873,-77.31162990903535,0.6347054825852018,0.5886424807331934,-0.6164289259612522
4.6450000000000005,-80.28620161292937,-78.40733022982641,-77.31639065126303,0.6347039051617285,0.5915206332169455,-0.6135507734775001
4.646,-80.35488819673475,-78.41099366974616,-77.32005409118277,0.6341454180257222,0.5944514932419566,-0.6106199134524889
4.647,-80.37266297348428,-78.41686670476602,-77.32592712620264,0.6342823568301794,0.5980886008636519,-0.6069828058307936
4.648,-80.2879053909332,-78.42376022392313,-77.33282064535975,0.6353831468791141,0.6015937451363168,-0.6034776615581288
4.649,-80.25824030725025,-78.42548816759151,-77.33454858902813,0.6348816892349007,0.6041351650191713,-0.6009362416752742
4.65,-80.36235175249618,-78.42344225683891,-77.33250267827553,0.6346013995292421,0.6059209322628689,-0.5991504744315765
4.651,-80.32851507383269,-78.42363113075514,-77.33269155219176,0.6345302114292553,0.6072320968941671,-0.5978393098002783
4.652,-80.29899278623947,-78.42553497522367,-77.3345953966603,0.6342520054918842,0.608719584735408,-0.5963518219590376
4.6530000000000005,-80.31477834319752,-78.42608403630034,-77.33514445773694,0.6344865443522842,0.6112231663897904,-0.5938482403046552
4.654,-80.27838876395562,-78.4250631409087,-77.33412356234531,0.6347627265605356,0.6137853168508198,-0.5912860898436255
4.655,-80.32222003169578,-78.42320838810595,-77.33226880954257,0.635066462661847,0.6152626325481221,-0.5898087741463235
4.656,-80.25202418312286,-78.42050053827805,-77.32956095971468,0.6346824786893495,0.6157064523841562,-0.5893649543102891
4.657,-80.34027252484822,-78.4172812570618,-77.32634167849842,0.6341323312555892,0.6164143772168995,-0.5886570294775461
4.658,-80.34528989546394,-78.41713151300675,-77.32619193444336,0.634077226057481,0.6180471804395673,-0.5870242262548783
4.659,-80.28726640992495,-78.4201041377266,-77.3291645591632,0.6343104617789426,0.6200993484746561,-0.5849720582197893
4.66,-80.31186070178117,-78.42243945114869,-77.3314998725853,0.6338278822061374,0.6220803367397608,-0.5829910699546847
4.661,-80.31070848860969,-78.42359138956299,-77.33265181099961,0.6351034145352968,0.6236414511019946,-0.5814299555924509
4.662,-80.2964933948341,-78.42398427690487,-77.3330446983415,0.6345385191449797,0.6244741261232591,-0.5805972805711864
4.663,-80.32880304233919,-78.4242433663102,-77.33330378774681,0.6345186246916099,0.624720313912137,-0.5803510927823085
4.664,-80.31242549158125,-78.42557270961605,-77.33463313105267,0.634643068021117,0.624586698655762,-0.5804847080386835
4.665,-80.27761207864988,-78.42650754578479,-77.33556796722141,0.6350751226694309,0.6241388044688972,-0.5809326022255483
4.666,-80.25685199915189,-78.4235453992623,-77.33260582069893,0.6353619902284925,0.6232197460731361,-0.5818516606213094
4.667,-80.40637639557904,-78.42069963976006,-77.3297600611967,0.6343771704230299,0.6218185367483133,-0.5832528699461321
4.668,-80.2940666566372,-78.42294508049056,-77.3320055019272,0.6341721303104354,0.620378124990573,-0.5846932817038726
4.669,-80.33195734380946,-78.42699681942722,-77.33605724086385,0.6343466669527247,0.6198340385723017,-0.5852373681221438
4.67,-80.3125742912394,-78.4306962813336,-77.33975670277022,0.6352241256578867,0.6202834462089712,-0.5847879604854742
4.671,-80.34167650589345,-78.43435804077693,-77.34341846221355,0.6340971542640563,0.6210452027498267,-0.5840262039446188
4.672,-80.28078539484078,-78.43741652178566,-77.34647694322229,0.6354697754153479,0.6214540616493909,-0.5836173450450547
4.673,-80.32769784144367,-78.43855460658146,-77.34761502801808,0.6341490545829095,0.6214796536806306,-0.5835917530138148
4.674,-80.32200159256894,-78.43864464932226,-77.34770507075886,0.6350951132623971,0.6210869891919599,-0.5839844175024855
4.675,-80.27188586405752,-78.43761337738579,-77.34667379882241,0.635058131994271,0.6201694977004384,-0.5849019089940072
4.676,-80.30261671820345,-78.43413531731495,-77.34319573875158,0.6343226415628215,0.6192848498059915,-0.5857865568884539
4.677,-80.22817955198092,-78.42804239686545,-77.33710281830207,0.6344392267661229,0.6194740468427982,-0.5855973598516474
4.678,-80.31623644099567,-78.42034675868071,-77.32940718011731,0.6346149036868729,0.6198751334401501,-0.5851962732542954
4.679,-80.28980966430458,-78.41407984915395,-77.32314027059057,0.6335685231064881,0.6198053973009573,-0.5852660093934883
4.68,-80.33878774092878,-78.41067019563357,-77.31973061707019,0.6345175403053105,0.619637515555949,-0.5854338911384963
4.681,-80.34331642242995,-78.41138700423441,-77.32044742567103,0.6344863741918417,0.6190402015922691,-0.5860312051021763
4.682,-80.29866358365467,-78.41515006381259,-77.32421048524921,0.6348130313243614,0.6181430561469392,-0.5869283505475064
4.683,-80.30522444826936,-78.41815673803673,-77.32721715947335,0.6346336454315289,0.6173248318906651,-0.5877465748037805
4.684,-80.27247687431111,-78.41886306729069,-77.3279234887273,0.6352125477004092,0.616782654941643,-0.5882887517528023
4.685,-80.33254396450027,-78.41866701944929,-77.32772744088592,0.6342871816517037,0.616245422056938,-0.5888259846375075
4.686,-80.34642757436161,-78.42037266925787,-77.3294330906945,0.6350701421156066,0.6151161936369403,-0.5899552130575052
4.687,-80.24482306356512,-78.42270548733315,-77.33176590876977,0.6342511877548005,0.6142913285431434,-0.5907800781513021
4.688,-80.323393073799,-78.42197319154886,-77.33103361298548,0.6341947333988831,0.6141029630219693,-0.590968443672476
4.689,-80.36548272652244,-78.42204380009491,-77.33110422153152,0.6348789506164327,0.6139259782417136,-0.591145428452732
4.69,-80.25027246661193,-78.42359624818123,-77.33265666961785,0.6349004728963324,0.6138392782515322,-0.5912321284429133
4.691,-80.28855140613453,-78.42138480826635,-77.33044522970297,0.6351612632677548,0.6142870775107088,-0.5907843291837367
4.692,-80.29474656591513,-78.41630996806076,-77.32537038949738,0.6346332382701162,0.6147717132278907,-0.5902996934665549
4.693,-80.33925350217284,-78.41301883957445,-77.32207926101107,0.6349474852086437,0.6149164528111793,-0.5901549538832659
4.694,-80.32121154535064,-78.41319619693893,-77.32225661837556,0.6344291911566678,0.6146487076171453,-0.5904226990773002
4.695,-80.34042889725411,-78.41629390080466,-77.32535432224127,0.63429408558863,0.6143279533049135,-0.590743453389532
4.696,-80.32115907196543,-78.42044068271782,-77.32950110415445,0.6346953992278691,0.6146205697785566,-0.5904508369158888
4.697,-80.29811478352832,-78.4230977888257,-77.3321582102623,0.6354204221307227,0.6153601096212274,-0.5897112970732179
4.698,-80.27841646127106,-78.42290816917703,-77.33196859061366,0.635022981553195,0.615935974767644,-0.5891354319268015
4.699,-80.34296599140427,-78.42173711861632,-77.33079754005294,0.6346075810726263,0.6159480872288015,-0.589123319465644
4.7,-80.3491925641916,-78.42299079974279,-77.3320512211794,0.634596524808296,0.6161689044339548,-0.5889025022604907
4.701,-80.37140468219816,-78.4278710239026,-77.33693144533922,0.6335908767718277,0.6173389649789837,-0.5877324417154619
4.702,-80.31951405215285,-78.43436813898616,-77.34342856042278,0.6347654304964008,0.6190546410575392,-0.5860167656369064
4.703,-80.32065495928074,-78.43869275711656,-77.34775317855316,0.6350273496347476,0.6204930709395068,-0.5845783357549387
4.704,-80.2918140727129,-78.43931670737122,-77.34837712880785,0.6346519591749071,0.6209870452163838,-0.5840843614780618
4.705,-80.25145662098406,-78.43587628254673,-77.34493670398335,0.6345017349614543,0.6212417780847456,-0.5838296286096999
4.706,-80.34115549196224,-78.42992691449703,-77.33898733593365,0.6349717334675961,0.6220186593469941,-0.5830527473474515
4.707,-80.34867537336791,-78.42684463807178,-77.33590505950842,0.6336323581112253,0.6233305161699952,-0.5817408905244502
4.708,-80.35020439973744,-78.42853182065642,-77.33759224209304,0.6353999881912898,0.6245811880210012,-0.5804902186734444
4.709,-80.301287743998,-78.43204074689646,-77.3411011683331,0.634599517729684,0.6251638000464103,-0.5799076066480352
4.71,-80.32755567123714,-78.43432542386986,-77.34338584530647,0.6347075958990205,0.6253060502693469,-0.5797653564250985
4.711,-80.29071861422923,-78.43435500588714,-77.34341542732378,0.6346429586117928,0.6260014869973339,-0.5790699196971115
4.712,-80.28032747661132,-78.43145932878927,-77.34051975022591,0.6349479992041295,0.6271097496209005,-0.5779616570735451
4.713,-80.35419447489289,-78.42812995053043,-77.33719037196704,0.6344056325960469,0.6282112313018051,-0.5768601753926403
4.714,-80.37526330915604,-78.42966749959172,-77.33872792102834,0.633957384023736,0.6293636543853889,-0.5757077523090565
4.715,-80.32641576825476,-78.43527945465927,-77.34433987609589,0.6343867897313749,0.6308299696871378,-0.5742414370073077
4.716,-80.28587775473787,-78.43895873933562,-77.34801916077225,0.6347934168621866,0.6324040338278188,-0.5726673728666267
4.717,-80.29372393806764,-78.43835591705137,-77.34741633848797,0.6349721567153906,0.6338854655076408,-0.5711859411868045
4.718,-80.31361024010425,-78.43557716082634,-77.34463758226295,0.6347206803213711,0.6348983905731246,-0.5701730161213209
4.719,-80.29611878267326,-78.43250467440431,-77.34156509584093,0.6340661266534715,0.6353177014295611,-0.5697537052648843
4.72,-80.35241600299662,-78.43085201017497,-77.33991243161158,0.6341423243662379,0.6355819335132172,-0.5694894731812283
4.721,-80.25284763766443,-78.42983384261952,-77.33889426405612,0.6353418446612752,0.6357891392550544,-0.569282267439391
4.722,-80.29238210577475,-78.4265998147695,-77.33566023620611,0.6347659192433224,0.6359432130706556,-0.5691281936237899
4.723,-80.30063971824408,-78.42212538900094,-77.33118581043756,0.6350062317966885,0.635921127113571,-0.5691502795808745
4.724,-80.12519412036417,-78.41273838885641,-77.32179881029303,0.6354952386984061,0.6352730516123104,-0.5697983550821352
4.725,-80.16633279628648,-78.39253082883923,-77.30159125027585,0.6351647377269768,0.6345768660264998,-0.5704945406679457
4.726,-80.20330391111808,-78.36726266630392,-77.27632308774054,0.6344677504319198,0.6345533632427067,-0.5705180434517386
4.727,-80.27048851295461,-78.34631215095142,-77.25537257238805,0.6354964815022867,0.634995341531258,-0.5700760651631874
4.728,-80.2440537389058,-78.3326977438068,-77.24175816524343,0.634510599632032,0.6357974905637308,-0.5692739161307148
4.729,-80.2793096316771,-78.32569657426716,-77.23475699570376,0.6346178469713194,0.6372819733676651,-0.5677894333267804
4.73,-80.39466081152165,-78.32603893535672,-77.23509935679333,0.6350428383669579,0.6388757137341711,-0.5661956929602744
4.731,-80.5012738679085,-78.33818043513378,-77.24724085657041,0.6342120231275928,0.6396299841426633,-0.5654414225517822
4.732,-80.38948558122107,-78.36097782286446,-77.27003824430108,0.6342415436337143,0.6398367274967496,-0.5652346791976959
4.733,-80.30871117850883,-78.38404361368742,-77.29310403512403,0.6348308329510338,0.6398345358702823,-0.5652368708241633
4.734,-80.37580000096065,-78.40120072462136,-77.31026114605798,0.6341276184543975,0.6403736504397948,-0.5646977562546508
4.735,-80.22719091933229,-78.41423981544808,-77.32330023688469,0.6341432208073988,0.6414665816797779,-0.5636048250146677
4.736,-80.29581698214396,-78.42334004270955,-77.33240046414616,0.6341991914130785,0.6428575134079445,-0.5622138932865008
4.737,-80.28187152786228,-78.42962066642207,-77.33868108785867,0.6354101046780135,0.6435554859649062,-0.5615159207295393
4.738,-80.27506378560447,-78.4334338153869,-77.34249423682353,0.6336305192126813,0.6437164528002257,-0.5613549538942199
4.739,-80.24999132537381,-78.43360278072457,-77.34266320216119,0.6350377252019812,0.6439701546001291,-0.5611012520943164
4.74,-80.21846802560228,-78.42974343646922,-77.33880385790584,0.6341405391761036,0.6439853444414767,-0.5610860622529688
4.741,-80.28647749106771,-78.42427827278738,-77.33333869422398,0.6342081207114815,0.6437493746161874,-0.561322032078258
4.742,-80.1937169754056,-78.41800198428989,-77.3270624057265,0.6347410630195033,0.6435548170451089,-0.5615165896493366
4.743,-80.26666078309701,-78.40972347197089,-77.31878389340751,0.6350251517039414,0.6435718340549249,-0.5614995726395205
4.744,-80.24428105681947,-78.4012125680171,-77.31027298945374,0.6354493030330359,0.6428458485789843,-0.5622255581154613
4.745,-80.28251510888337,-78.39499300877212,-77.30405343020874,0.6344751402223394,0.6418961937833876,-0.5631752129110579
4.746,-80.32848073605192,-78.39339428495404,-77.30245470639066,0.6341819799250785,0.6413555100671476,-0.5637158966272978
4.747,-80.32318975659761,-78.39722275899813,-77.30628318043476,0.6352873150480703,0.6415894124837541,-0.5634819942106912
4.748,-80.39875055989073,-78.40710242280844,-77.31616284424506,0.6345344292031957,0.6414122320183064,-0.563659174676139
4.749,-80.2654571705364,-78.42011641828611,-77.32917683972272,0.6340822703652393,0.6403548920033973,-0.5647165146910481
4.75,-80.25041533444303,-78.42864326272691,-77.33770368416353,0.6350957477799504,0.6388895726150369,-0.5661818340794086
4.751,-80.34056058728099,-78.43175319862613,-77.34081362006275,0.6344992677804375,0.6375544537060592,-0.5675169529883862
4.752,-80.31245092921186,-78.43483567308583,-77.34389609452245,0.6344516715141123,0.6361824080609424,-0.568888998633503
4.753,-80.36180275204651,-78.44021263507878,-77.34927305651539,0.6342132441298045,0.6347336639521092,-0.5703377427423362
4.7540000000000004,-80.29669333697086,-78.4466751932605,-77.35573561469714,0.6349249035380116,0.6338193925759766,-0.5712520141184689
4.755,-80.26397943820125,-78.44991728390862,-77.35897770534524,0.6349743955329898,0.6330281337029251,-0.5720432729915204
4.756,-80.38667091237582,-78.45032616857189,-77.35938659000851,0.634376535061346,0.6318783914571086,-0.573193015237337
4.757,-80.31291237100041,-78.45320758847285,-77.36226800990949,0.6351866878389519,0.6309488661249741,-0.5741225405694713
4.758,-80.25890510291755,-78.45578158435958,-77.36484200579622,0.6348138957174322,0.6303348598192511,-0.5747365468751945
4.759,-80.32109934671577,-78.45498287902973,-77.36404330046635,0.6340712269565798,0.6297977385881007,-0.5752736681063447
4.76,-80.30396739402882,-78.45385444460472,-77.36291486604134,0.6340081746436789,0.629506478240076,-0.5755649284543696
4.761,-80.3039879802122,-78.4534865550939,-77.36254697653052,0.6345643795354972,0.6290775615978459,-0.5759938450965997
4.7620000000000005,-80.3773929974995,-78.45512210752898,-77.36418252896559,0.6343124664003176,0.6287287975809936,-0.5763426091134517
4.763,-80.32512396682303,-78.45992533577697,-77.3689857572136,0.6341147841219268,0.6282457404278603,-0.5768256662665852
4.764,-80.33067138785161,-78.46467455447132,-77.37373497590794,0.6342000875900063,0.6277382983124056,-0.57733310838204
4.765,-80.26488497402278,-78.46643548668762,-77.37549590812425,0.6349604949575897,0.6273407227383005,-0.577730683956145
4.766,-80.28382660468287,-78.46347440213154,-77.37253482356817,0.6352706074198363,0.6266772490117816,-0.578394157682664
4.767,-80.31860141483749,-78.45792338741182,-77.36698380884845,0.6347281871386319,0.6253432142723462,-0.5797281924220993
4.768,-80.33559557858992,-78.45449756782497,-77.3635579892616,0.6350625111210443,0.6236780015824783,-0.5813934051119671
4.769,-80.2590343483763,-78.45237759388831,-77.36143801532494,0.6348158714522565,0.6219565725146581,-0.5831148341797875
4.7700000000000005,-80.36055214259534,-78.45041503142119,-77.35947545285781,0.634411617343688,0.6206294037098083,-0.5844420029846372
4.771,-80.38595729424414,-78.45260889577082,-77.36166931720744,0.6339207299117637,0.6203298478372775,-0.584741558857168
4.772,-80.3040849631917,-78.45861951787965,-77.36767993931626,0.6344961030645632,0.6211678850577083,-0.5839035216367372
4.773,-80.32034610935487,-78.46362035362169,-77.3726807750583,0.6346791646999176,0.6218781689085637,-0.5831932377858818
4.774,-80.25089293185064,-78.46474024847315,-77.37380066990976,0.6349757511151602,0.6218640404018797,-0.5832073662925659
4.775,-80.30561963051657,-78.46195751634158,-77.37101793777822,0.6349932280961054,0.6213690826690113,-0.5837023240254342
4.776,-80.32909288284793,-78.45826672269567,-77.3673271441323,0.6352209648315092,0.6202966007842192,-0.5847748059102263
4.777,-80.31556385438947,-78.45690148570537,-77.365961907142,0.6340528149684972,0.6187275553031197,-0.5863438513913257
4.7780000000000005,-80.29102212633777,-78.45577847654569,-77.36483889798231,0.635937784937792,0.6168250888193093,-0.5882463178751361
4.779,-80.35862132795393,-78.4542154426988,-77.36327586413542,0.6345451564669483,0.615079084016571,-0.5899923226778745
4.78,-80.33537837731221,-78.4551271184444,-77.36418753988102,0.6339374687823213,0.6143967515200691,-0.5906746551743763
4.781,-80.25660954549326,-78.4555869260969,-77.36464734753352,0.6346969957003715,0.6143428149169331,-0.5907285917775124
4.782,-80.25252738989492,-78.45147275743415,-77.36053317887075,0.634501055386153,0.6146068323707693,-0.5904645743236763
4.783,-80.33498971479266,-78.44590492473822,-77.35496534617482,0.6344861863268128,0.6150446479836177,-0.5900267587108278
4.784,-80.30322754108948,-78.44322198883171,-77.35228241026833,0.6343090207508438,0.6156402387270206,-0.5894311679674249
4.785,-80.35079200823284,-78.44339708594961,-77.35245750738623,0.6344577571969797,0.6168877508080188,-0.5881836558864266
4.786,-80.26619459502716,-78.4450068467572,-77.35406726819383,0.6344874128655994,0.6180757937779845,-0.586995612916461
4.787,-80.33853520233343,-78.44623215131374,-77.35529257275034,0.6350973983549972,0.6186072002872398,-0.5864642064072058
4.788,-80.27512915954993,-78.44612648228895,-77.35518690372557,0.6347934848333231,0.6185707631003703,-0.5865006435940752
4.789,-80.29337917402812,-78.44426454685632,-77.35332496829294,0.6342442587906337,0.6185899706061188,-0.5864814360883267
4.79,-80.31227177277837,-78.44170596293284,-77.35076638436945,0.6358318048806272,0.6188333075218488,-0.5862380991725965
4.791,-80.23665996182783,-78.43857583606182,-77.34763625749842,0.6344648411399734,0.6185856686113699,-0.5864857380830756
4.792,-80.32228104331648,-78.43392655265663,-77.34298697409324,0.6346752167625371,0.6183092044779197,-0.5867622022165256
4.793,-80.34991309876709,-78.43177775229701,-77.34083817373363,0.6341372640171357,0.6186798729737873,-0.5863915337206581
4.794,-80.30498216263996,-78.43375007681138,-77.342810498248,0.6349088796235313,0.6192917179557947,-0.5857796887386507
4.795,-80.28283284237044,-78.43557634924056,-77.34463677067718,0.6337362538431999,0.6198919067112783,-0.5851794999831671
4.796,-80.32679697554599,-78.43657613093588,-77.3456365523725,0.6351438392209566,0.6202715574990024,-0.584799849195443
4.797,-80.32107769209816,-78.43891296955367,-77.34797339099028,0.63522212031405,0.6204258041353969,-0.5846456025590485
4.798,-80.34249340057937,-78.44256029763476,-77.35162071907138,0.6349832675534675,0.6200481110912109,-0.5850232956032344
4.799,-80.47184327984986,-78.45104426803388,-77.36010468947049,0.6344823656806549,0.6198793612474292,-0.5851920454470163
4.8,-80.24461929295369,-78.46254100055704,-77.37160142199367,0.6343220683081581,0.6201547018899073,-0.5849167048045382
4.801,-80.33062919825117,-78.46888066163773,-77.37794108307435,0.6347322170281535,0.6210610072722857,-0.5840103994221597
4.802,-80.33872559761656,-78.4713047088525,-77.38036513028912,0.6343868178107909,0.6224036134475426,-0.5826677932469029
4.803,-80.32184267171803,-78.47395899861716,-77.3830194200538,0.6342009346267308,0.6234191526580606,-0.581652254036385
4.804,-80.33028883652486,-78.47479173693665,-77.38385215837326,0.6341373662000628,0.6240977314507414,-0.580973675243704
4.805,-80.32764120217838,-78.47470951821578,-77.38376993965241,0.6351716682607125,0.6248391473817286,-0.5802322593127168
4.806,-80.25018919773639,-78.47280201258322,-77.38186243401985,0.6354376852488037,0.625645856906433,-0.5794255497880124
4.807,-80.35357500130593,-78.4691974246934,-77.37825784613001,0.6345217575690969,0.6263934199315035,-0.5786779867629419
4.808,-80.26039323347257,-78.46604989772312,-77.37511031915973,0.6352403069611525,0.6274154112983904,-0.577655995396055
4.809,-80.3449293910748,-78.4629476240606,-77.37200804549722,0.6342007007160783,0.6281019061186109,-0.5769695005758346
4.81,-80.29158266983639,-78.45970029734562,-77.36876071878226,0.6350461596564756,0.6284341623159191,-0.5766372443785264
4.811,-80.33724991033392,-78.45699434253328,-77.3660547639699,0.6344565052283915,0.6288185639190691,-0.5762528427753763
4.812,-80.30354368392537,-78.45498173543804,-77.36404215687466,0.6350116614471852,0.6291821934008037,-0.5758892132936417
4.813,-80.3137869358664,-78.45389468242008,-77.3629551038567,0.6347588783049503,0.6296429459239329,-0.5754284607705127
4.814,-80.28200595293605,-78.45284420522529,-77.3619046266619,0.6335018605633211,0.6306260532346091,-0.5744453534598364
4.815,-80.34391537509443,-78.4524504948097,-77.36151091624632,0.6346149344227692,0.6328373118017511,-0.5722340948926943
4.816,-80.40456926847924,-78.45631873934495,-77.36537916078157,0.6339471384195619,0.6352147683739087,-0.5698566383205368
4.817,-80.34465516969097,-78.46507191138856,-77.37413233282518,0.6341626408171577,0.6367396744949623,-0.5683317321994832
4.818,-80.22792175732259,-78.47049407127574,-77.37955449271236,0.6354299323915596,0.6375692112788532,-0.5675021954155922
4.819,-80.25229929600867,-78.46687939756285,-77.37593981899947,0.6349772652839902,0.6383773278097972,-0.5666940788846482
4.82,-80.21493317418653,-78.45689312381799,-77.36595354525461,0.6345489229426061,0.6393947798827784,-0.5656766268116672
4.821,-80.37181025615467,-78.44636535559422,-77.35542577703085,0.6346100992303264,0.6406193721370532,-0.5644520345573922
4.822,-80.26754884862673,-78.44070795123802,-77.34976837267465,0.6342251936041395,0.6415390203560352,-0.5635323863384102
4.823,-80.30882395825772,-78.43795983122162,-77.34702025265824,0.6344746386319448,0.6420312660117663,-0.5630401406826793
4.824,-80.33179628137437,-78.43743613207954,-77.34649655351616,0.6343943588672996,0.6422137719568266,-0.5628576347376187
4.825,-80.28855255961132,-78.43947088416793,-77.34853130560457,0.6351320410638791,0.6421514851423809,-0.5629199215520647
4.826,-80.35713938361484,-78.44239171426113,-77.35145213569774,0.6341284331101672,0.6418019252457559,-0.5632694814486896
4.827,-80.2320089224117,-78.444125885861,-77.35318630729762,0.6349564643001872,0.641696100186731,-0.5633753065077146
4.828,-80.31199099601749,-78.44267810308372,-77.35173852452034,0.6351430068142686,0.6415966790375178,-0.5634747276569275
4.829,-80.29279716461531,-78.4399825593344,-77.349042980771,0.6344153741510375,0.6412767916889822,-0.5637946150054631
4.83,-80.38901396031876,-78.4397144918087,-77.34877491324534,0.6343799127405801,0.6407381069229489,-0.5643332997714966
4.831,-80.30684153785964,-78.44329076367481,-77.35235118511143,0.6348411734203201,0.6397794235411817,-0.5652919831532638
4.832,-80.34027523539098,-78.4484900806843,-77.35755050212092,0.6343546156623011,0.638967527417734,-0.5661038792767116
4.833,-80.24300674596628,-78.4516204084846,-77.36068082992122,0.6346365230866196,0.6384262152488026,-0.5666451914456427
4.834,-80.2394259274989,-78.44801170798775,-77.35707212942438,0.6345787715399748,0.6381706255395404,-0.5669007811549052
4.835,-80.3319905400045,-78.43980762992214,-77.34886805135876,0.6350943650152133,0.638121815760442,-0.5669495909340033
4.836,-80.33884648663516,-78.43547075907195,-77.34453118050855,0.6339624304774392,0.6379785432880756,-0.56709286340637
4.837,-80.34642865550737,-78.43713801071641,-77.34619843215303,0.6343897288152031,0.6379238189733916,-0.5671475877210539
4.838,-80.40666800436256,-78.44318746172775,-77.35224788316438,0.6360799672706318,0.6381491387655959,-0.5669222679288495
4.839,-80.31598282760335,-78.45003303448951,-77.35909345592611,0.6350723327510334,0.6379053788075345,-0.5671660278869111
4.84,-80.40741359116701,-78.45471933027423,-77.36377975171084,0.6344882326704983,0.6376347922946208,-0.5674366143998246
4.841,-80.27505707644237,-78.4577932801164,-77.36685370155303,0.635957968735227,0.6370717160276582,-0.5679996906667871
4.842,-80.3906908366986,-78.4590443966462,-77.36810481808283,0.6347504085815188,0.636169211211658,-0.5689021954827875
4.843,-80.38404962696751,-78.46206730944135,-77.37112773087797,0.634228511041485,0.6354096393964007,-0.5696617672980449
4.844,-80.31206367071957,-78.46709117767666,-77.37615159911329,0.6341814226636793,0.6348758871012895,-0.570195519593156
4.845,-80.38579723993094,-78.47069654190258,-77.37975696333919,0.6342136033218686,0.6346528587096464,-0.5704185479847989
4.846,-80.30579159997997,-78.47275334616047,-77.38181376759708,0.6354765237873022,0.63455646775727,-0.5705149389371755
4.847,-80.27482293603511,-78.47051592553893,-77.37957634697554,0.6345296473792597,0.6343190018271821,-0.5707524048672633
4.848,-80.21775172590735,-78.4598955598908,-77.3689559813274,0.6353268798448272,0.6338152477894388,-0.5712561589050067
4.849,-80.13080522531892,-78.43949865317633,-77.34855907461295,0.6352223181903228,0.6332849927603573,-0.5717864139340882
4.85,-80.20130546275209,-78.41187399474605,-77.32093441618267,0.6348442538136426,0.6328091100202166,-0.572262296674229
4.851,-80.29842045268539,-78.3865694652935,-77.29562988673014,0.6348775089798124,0.6318603142926985,-0.5732110924017468
4.852,-80.28502597240568,-78.37127846451462,-77.28033888595124,0.6350268868628167,0.6300584155508127,-0.5750129911436328
4.853,-80.2861008451518,-78.36458819641855,-77.27364861785519,0.6341949889716506,0.6283144810529433,-0.5767569256415022
4.854,-80.41876829226544,-78.36502349242869,-77.27408391386531,0.6336705123486358,0.627158087786506,-0.5779133189079395
4.855,-80.40149198471457,-78.37392290770565,-77.28298332914227,0.6350443151671014,0.6265058971884165,-0.5785655095060288
4.856,-80.35019179025707,-78.38743768656491,-77.29649810800153,0.6355398870080147,0.6253805449513493,-0.5796908617430963
4.857,-80.7696488526702,-78.41321783510944,-77.32227825654607,0.6337006463167931,0.6235341525256562,-0.5815372541687893
4.858,-80.60001188433763,-78.46367961506348,-77.37274003650012,0.6330268052998871,0.6221984292954715,-0.582872977398974
4.859,-80.58764167759269,-78.52732102694016,-77.43638144837678,0.6341933637542497,0.6217805349700372,-0.5832908717244084
4.86,-80.55786490931727,-78.5865271599706,-77.49558758140722,0.6341948425632628,0.6218148094501705,-0.5832565972442748
4.861,-80.50786607564285,-78.63406323070927,-77.54312365214591,0.6339445096966845,0.6213210878720549,-0.5837503188223905
4.862,-80.54203815763968,-78.66866358083102,-77.57772400226764,0.6345290405799813,0.6202304274569734,-0.584840979237472
4.863,-80.27699032007138,-78.6863893905902,-77.5954498120268,0.635060775033126,0.6191281583527564,-0.5859432483416892
4.864,-80.39111930956524,-78.68287693157603,-77.59193735301265,0.6343906360954146,0.617914123002765,-0.5871572836916805
4.865,-80.31823292499008,-78.66473955821785,-77.57379997965445,0.6347289826736308,0.6167741182104334,-0.588297288484012
4.866,-80.35879467091736,-78.64017986663235,-77.54924028806897,0.6341767210016162,0.6166890109910242,-0.5883823957034212
4.867,-80.2537338795462,-78.61182550142782,-77.52088592286444,0.6346724831820347,0.6175179234567977,-0.5875534832376479
4.868,-80.33854925480458,-78.58167747163662,-77.49073789307324,0.6348580155902156,0.618393570485607,-0.5866778362088386
4.869,-80.2426184257486,-78.55165744072852,-77.46071786216514,0.6343949329369477,0.6196225557187076,-0.585448850975738
4.87,-80.24660582443288,-78.52133552770685,-77.43039594914347,0.6341111732768957,0.6211915829210236,-0.5838798237734218
4.871,-80.46070235950262,-78.49494336632658,-77.40400378776319,0.6351991696158685,0.6218801626680152,-0.5831912440264304
4.872,-80.35248686092434,-78.47901297637344,-77.38807339781005,0.6353760136182347,0.6215547951386899,-0.5835166115557556
4.873,-80.47169584760577,-78.47305108133229,-77.38211150276891,0.6341743264739889,0.6207915653567412,-0.5842798413377043
4.874,-80.37372972724779,-78.47565736725556,-77.38471778869219,0.634630260083256,0.6198911176543963,-0.5851802890400492
4.875,-80.35769760743034,-78.48156511657302,-77.39062553800963,0.634819136936538,0.61884689503062,-0.5862245116638254
4.876,-80.35131359590692,-78.4860260749399,-77.39508649637652,0.6340061800060547,0.6178843116151014,-0.5871870950793441
4.877,-80.39669194602867,-78.49032835310211,-77.39938877453875,0.634013453484697,0.6173648448916346,-0.5877065618028109
4.878,-80.36974710057726,-78.49603162044491,-77.40509204188152,0.6346927340207468,0.6180185108097207,-0.5870528958847249
4.8790000000000004,-80.35050199496916,-78.50212080347042,-77.41118122490703,0.6351495582455079,0.619058013006521,-0.5860133936879245
4.88,-80.34030970960637,-78.50572638155738,-77.41478680299399,0.6348854069905411,0.6191193184314355,-0.58595208826301
4.881,-80.3479877781976,-78.50718927679166,-77.41624969822828,0.6344966004937874,0.6184189542870245,-0.5866524524074209
4.882,-80.51749465424223,-78.51094936148192,-77.42000978291854,0.63415249910405,0.6178794668322782,-0.5871919398621673
4.883,-80.36058943285114,-78.51864728858999,-77.42770771002661,0.6349301556672103,0.6180443031335379,-0.5870271035609076
4.884,-80.42270280877614,-78.52526671606817,-77.43432713750478,0.6344824422861649,0.6184731105423339,-0.5865982961521117
4.885,-80.3860763370125,-78.530635753214,-77.43969617465062,0.6342073577997376,0.6185652507890749,-0.5865061559053707
4.886,-80.33032566774965,-78.53363023693869,-77.44269065837533,0.6350155497378123,0.6191156005771353,-0.5859558061173101
4.8870000000000005,-80.4862411009194,-78.53615765916652,-77.44521808060314,0.6347428158967876,0.6198925491667359,-0.5851788575277096
4.888,-80.37822936333754,-78.54352008195914,-77.45258050339577,0.6337291483397952,0.6208314969761749,-0.5842399097182707
4.889,-80.27809924131746,-78.55184925171041,-77.46090967314701,0.6344766880912375,0.62180318057971,-0.5832682261147355
4.89,-80.17266600999359,-78.55249789752759,-77.4615583189642,0.6345698871689739,0.6229454546342614,-0.5821259520601841
4.891,-80.16209869629105,-78.54109078905041,-77.45015121048702,0.6353595935073537,0.6239906711735673,-0.5810807355208782
4.892,-80.20364156051052,-78.52037845035305,-77.42943887178967,0.634963499514657,0.6250531696118398,-0.5800182370826058
4.893,-80.39151133657094,-78.5009840031922,-77.41004442462881,0.6352050067855277,0.6255241053005298,-0.5795473013939156
4.894,-80.35880857735644,-78.49075545751931,-77.39981587895592,0.6335836601786146,0.6253607844298676,-0.5797106222645777
4.8950000000000005,-80.3895986669029,-78.48916901770698,-77.3982294391436,0.6347441051220244,0.6255652559969315,-0.5795061506975139
4.896,-80.29194619411066,-78.49147200378164,-77.40053242521827,0.6342075499870228,0.6261337450309052,-0.5789376616635401
4.897,-80.28684315144002,-78.49294851608576,-77.4020089375224,0.6356752987344303,0.6269905110938313,-0.5780808956006143
4.898,-80.33615034080823,-78.49332845425111,-77.40238887568773,0.6346504009589425,0.6278244577650859,-0.5772469489293596
4.899,-80.33235801834941,-78.49547847312076,-77.40453889455736,0.6340222894311139,0.6291577305275856,-0.57591367616686
4.9,-80.34859991389368,-78.5004271562374,-77.40948757767401,0.6348816170232696,0.630651468308162,-0.5744199383862836
4.901,-80.07311201383258,-78.4984476201371,-77.40750804157372,0.6347710674168839,0.6315607988098665,-0.5735106078845791
4.902,-80.10838658416725,-78.4778659402219,-77.38692636165851,0.635385274779124,0.6325021247491681,-0.5725692819452772
4.9030000000000005,-80.04640946201188,-78.44217746352535,-77.35123788496198,0.6347472266863972,0.6340476800611112,-0.5710237266333342
4.904,-80.11688936745661,-78.40194760401468,-77.31100802545132,0.6353636021021093,0.635479215460002,-0.5695921912344435
4.905,-80.1845759872043,-78.36768335273287,-77.27674377416949,0.6345085592391219,0.6363672626180557,-0.5687041440763898
4.906,-80.16877507106128,-78.34502038138302,-77.25408080281966,0.6347295758783326,0.6371543810868385,-0.567917025607607
4.907,-80.22090967441198,-78.33313091124312,-77.24219133267974,0.6351887043532393,0.6377239692102465,-0.5673474374841989
4.908,-80.1914367116658,-78.33060240881615,-77.23966283025275,0.6349318496742968,0.6373487207747625,-0.567722685919683
4.909,-80.25546236736876,-78.33500863409728,-77.24406905553388,0.6351199153321194,0.6362289935595199,-0.5688424131349256
4.91,-80.30251023207886,-78.34688113996056,-77.2559415613972,0.6347930852328392,0.6351497218197599,-0.5699216848746856
4.911,-80.28053167777774,-78.36651105790651,-77.27557147934313,0.6338952593030593,0.6347604273629932,-0.5703109793314523
4.912,-80.32391569873408,-78.39098152189918,-77.30004194333578,0.6347916620440985,0.6350092775111178,-0.5700621291833278
4.913,-80.21478899594659,-78.4157045312742,-77.32476495271082,0.6340350288269596,0.6352305050451562,-0.5698409016492891
4.914,-80.35141822686333,-78.43818708685042,-77.34724750828704,0.6340765683817398,0.635449333501758,-0.5696220731926875
4.915,-80.2884419360886,-78.46068586917757,-77.36974629061417,0.635878560590667,0.6357843703935551,-0.5692870363008904
4.916,-80.28847562567535,-78.48171897815728,-77.39077939959391,0.6352944950908386,0.6352852960390561,-0.5697861106553894
4.917,-80.28139351939679,-78.49866530164073,-77.40772572307733,0.6350480341000505,0.6338535649341265,-0.5712178417603189
4.918,-80.3585145083315,-78.51366272547016,-77.42272314690676,0.6334762842324073,0.6322054413000989,-0.5728659653943463
4.919,-80.27516365710392,-78.52860274956458,-77.43766317100119,0.6353085587837699,0.6311610728538092,-0.5739103338406363
4.92,-80.27011985890914,-78.54005103828463,-77.44911145972125,0.634684637189262,0.6306448504040497,-0.5744265562903957
4.921,-80.38399443806493,-78.54935281512647,-77.45841323656309,0.633703706539871,0.630493384421775,-0.5745780222726704
4.922,-80.36101370067735,-78.56331968472233,-77.47238010615894,0.6348934341038992,0.6304832985311706,-0.5745881081632749
4.923,-80.31217828747138,-78.57858655328116,-77.48764697471778,0.6342825212501566,0.6301270694596514,-0.5749443372347941
4.924,-80.3298678882241,-78.58994870381385,-77.49900912525045,0.6355351752120622,0.6296991921816942,-0.5753722145127512
4.925,-80.28373603946177,-78.59740707640798,-77.50646749784461,0.634404140357322,0.629327776012427,-0.5757436306820185
4.926,-80.32394849189184,-78.60231866050422,-77.51137908194085,0.6343476375461431,0.6286467300864482,-0.5764246766079972
4.927,-80.32927703514628,-78.60639775139795,-77.51545817283457,0.6343130473802099,0.6281429347838533,-0.5769284719105923
4.928,-80.31986977145239,-78.60993063486237,-77.51899105629897,0.6344830660172122,0.6286066547711815,-0.5764647519232641
4.929,-80.26684196063329,-78.6102848264305,-77.51934524786712,0.635398195862467,0.628991660264752,-0.5760797464296935
4.93,-80.29027750632714,-78.60698057977376,-77.51604100121038,0.6341524155088355,0.6281462631617195,-0.576925143532726
4.931,-80.23876079261444,-78.60057712002978,-77.50963754146642,0.6352728083979744,0.6271783895329939,-0.5778930171614516
4.932,-80.39181663214028,-78.59476807383088,-77.5038284952675,0.6340089281603212,0.6265243275242314,-0.5785470791702142
4.933,-80.29332201816021,-78.59380406254184,-77.50286448397847,0.6356628174129775,0.6254261364544214,-0.5796452702400241
4.934,-80.34877766061511,-78.59637596812031,-77.50543638955693,0.6340270343481065,0.6238020243399529,-0.5812693823544925
4.935,-80.23390849138339,-78.59820316451463,-77.50726358595124,0.6342816509126389,0.6225846990926236,-0.5824867076018218
4.936,-80.31807818539689,-78.59658268939135,-77.50564311082798,0.6350256423752634,0.622657173762122,-0.5824142329323235
4.937,-80.41851640054011,-78.59639014147609,-77.5054505629127,0.634457206044364,0.6230281316630162,-0.5820432750314292
4.938,-80.29796074977692,-78.60150412077509,-77.51056454221171,0.6343265639657546,0.6229376120038261,-0.5821337946906194
4.939,-80.20880629966305,-78.6030131265628,-77.51207354799942,0.634198167144419,0.6229050064110722,-0.5821664002833733
4.94,-80.34752666744377,-78.59920522855572,-77.50826564999234,0.6345588063090758,0.6232432822691475,-0.581828124425298
4.941,-80.25047277247617,-78.59504371727333,-77.50410413870996,0.6353340707758047,0.6231590333085218,-0.5819123733859236
4.942,-80.35963521449209,-78.59213835946461,-77.50119878090122,0.6341789552325243,0.6228835506529253,-0.58218785604152
4.943,-80.26426194051395,-78.59060768062851,-77.49966810206513,0.6346844228068835,0.622581089732351,-0.5824903169620945
4.944,-80.33652870161573,-78.59038486412285,-77.49944528555949,0.6347721508124449,0.6219968742966459,-0.5830745323977997
4.945,-80.29247709704485,-78.59087527161887,-77.49993569305549,0.6347925801620017,0.6210721649996821,-0.5839992416947635
4.946,-80.26431152466644,-78.58952353713205,-77.49858395856867,0.634044022001685,0.619647614746825,-0.5854237919476205
4.947,-80.35155661705319,-78.58703651711396,-77.49609693855056,0.635536577789274,0.6182491971495536,-0.586822209544892
4.948,-80.35669561216862,-78.5882693216121,-77.49732974304874,0.6342874792988227,0.6170075042233405,-0.588063902471105
4.949,-80.35946572874964,-78.59398651903273,-77.50304694046933,0.6345032454318783,0.6164186426863233,-0.5886527640081223
4.95,-80.34383133122262,-78.60107122285821,-77.51013164429483,0.6351617111369857,0.6162857500520558,-0.5887856566423897
4.951,-80.27427727228249,-78.60604137243298,-77.5151017938696,0.6344737354737892,0.6164410667630372,-0.5886303399314082
4.952,-80.32430469189532,-78.60702673936083,-77.51608716079745,0.634356942106585,0.6165677626540569,-0.5885036440403886
4.953,-80.2643366257752,-78.6052892252133,-77.51434964664992,0.6340229757341826,0.6165748915825843,-0.5884965151118613
4.954,-80.3321342599401,-78.60218222787208,-77.5112426493087,0.6350305466272878,0.6165791651557635,-0.5884922415386821
4.955,-80.31101678515422,-78.60009178951802,-77.50915221095465,0.6350328559801005,0.6165650345821502,-0.5885063721122953
4.956,-80.28918173498894,-78.59869995839236,-77.50776037982898,0.6348577343754634,0.616983655641585,-0.5880877510528606
4.957,-80.2943047394896,-78.59557325279255,-77.50463367422915,0.6352228310932434,0.6172573982157736,-0.5878140084786718
4.958,-80.30046277355915,-78.59179305579022,-77.50085347722683,0.6335634738145518,0.6174388257541564,-0.587632580940289
4.959,-80.36269226611154,-78.58967943053287,-77.4987398519695,0.6347402160831755,0.6177092440329299,-0.5873621626615155
4.96,-80.34935642599243,-78.59168090490958,-77.5007413263462,0.6352819078774146,0.6177852254162307,-0.5872861812782147
4.961,-80.27692852254788,-78.59518620209772,-77.50424662353434,0.6342978807965096,0.6175069147066365,-0.587564491987809
4.962,-80.2648057755927,-78.59591858634741,-77.50497900778404,0.6348727337204545,0.6175815370028296,-0.587489869691616
4.963,-80.2456303529258,-78.5918172500658,-77.50087767150242,0.6349891520990496,0.6177713109439357,-0.5873000957505097
4.964,-80.41452125947676,-78.58818050866749,-77.4972409301041,0.6346479575040104,0.6180046958140168,-0.5870667108804287
4.965,-80.32084782416055,-78.5903703643135,-77.49943078575012,0.6332214801660769,0.6188054970674814,-0.5862659096269639
4.966,-80.26405099077944,-78.59375424295213,-77.50281466438875,0.6342851517737833,0.6202360987175897,-0.5848353079768558
4.967,-80.33402474848928,-78.5940418434719,-77.5031022649085,0.6350693655548131,0.621479789382252,-0.5835916173121936
4.968,-80.20606260076282,-78.59123747786947,-77.50029789930609,0.6353713080903909,0.6220558718468707,-0.5830155348475748
4.969,-80.36312678902713,-78.58612251074992,-77.49518293218652,0.6355008892181405,0.6220789088049749,-0.5829924978894707
4.97,-80.30602169472712,-78.58341294139997,-77.49247336283659,0.6340553984873092,0.6215570622702575,-0.5835143444241879
4.971,-80.29619648877672,-78.58285143353086,-77.4919118549675,0.6343612966209797,0.621453950234948,-0.5836174564594976
4.972,-80.36675146772441,-78.58354641770171,-77.49260683913832,0.6341455486859644,0.6223806081693607,-0.5826907985250848
4.973,-80.27640464441434,-78.58671284904747,-77.4957732704841,0.6353873956470616,0.6240527349579912,-0.5810186717364544
4.974,-80.33054078753682,-78.58938937812961,-77.49844979956623,0.635417201223756,0.6253868676669408,-0.5796845390275045
4.975,-80.29807582744279,-78.59029277047753,-77.49935319191415,0.6347065402244115,0.6261291218066135,-0.578942284887832
4.976,-80.30554159263534,-78.59038123002539,-77.499441651462,0.6352590446914426,0.62641636595185,-0.5786550407425954
4.977,-80.31906269189263,-78.5903729533124,-77.49943337474903,0.6336305693688975,0.6269383243973196,-0.578133082297126
4.978,-80.35923051241843,-78.59265790504965,-77.50171832648626,0.6340301110158649,0.6282705359602522,-0.5768008707341933
4.979,-80.2346587730546,-78.59464836304858,-77.5037087844852,0.635978742336786,0.6301810007650718,-0.5748904059293738
4.98,-80.39747585961565,-78.59529261182972,-77.50435303326634,0.6335890721548989,0.6316385802897978,-0.5734328264046477
4.981,-80.24351762463279,-78.59634293123032,-77.50540335266693,0.634378867952769,0.6327375349043163,-0.5723338717901292
4.982,-80.26583494452633,-78.59474021297842,-77.50380063441504,0.6346367190380455,0.6344697698028505,-0.5706016368915949
4.983,-80.31722952848017,-78.59024908065375,-77.49930950209036,0.6343213864455707,0.6362356254212262,-0.5688357812732191
4.984,-80.33321429243371,-78.58831661818805,-77.49737703962465,0.6343977185318721,0.6375415419407393,-0.5675298647537063
4.985,-80.30782296249492,-78.58924136265838,-77.498301784095,0.6345112051786809,0.6383784547258387,-0.5666929519686068
4.986,-80.30258545736946,-78.58970073623026,-77.49876115766688,0.6345398696976203,0.6389372419451188,-0.5661341647493268
4.987,-80.273619522173,-78.58863593168749,-77.4976963531241,0.6352877961756753,0.6393707324711358,-0.5657006742233096
4.988,-80.39297465453838,-78.58874616664431,-77.49780658808095,0.6349809867135565,0.6395060463573866,-0.5655653603370588
4.989,-80.33419347662775,-78.59353893480944,-77.50259935624607,0.6338931673066407,0.6395628291646905,-0.565508577529755
4.99,-80.26645715286243,-78.59836155160582,-77.50742197304245,0.6345176087580595,0.6402701871521965,-0.564801219542249
4.991,-80.26957800963686,-78.59770943117354,-77.50676985261016,0.6343596531786494,0.6412758620468224,-0.5637955446476229
4.992,-80.33758643281045,-78.59351145257297,-77.5025718740096,0.6352022604508253,0.6419581622097964,-0.5631132444846492
4.993,-80.29427749825201,-78.59025624967077,-77.4993166711074,0.6344730744968301,0.642552689483851,-0.5625187172105944
4.994,-80.25803959901657,-78.58614110829858,-77.4952015297352,0.6351143001817533,0.6429975452509261,-0.5620738614435192
4.995,-80.30735281591355,-78.58137350634111,-77.49043392777773,0.6342281090610532,0.6428232215426776,-0.5622481851517679
4.996,-80.3657628697582,-78.57956614855226,-77.48862656998888,0.6342316239504654,0.6422623292051441,-0.5628090774893013
4.997,-80.40599648995497,-78.5850821475938,-77.49414256903042,0.6339029266525941,0.6418457629707478,-0.5632256437236977
4.998,-80.2983891735817,-78.59444810872651,-77.50350853016315,0.6355527076315638,0.6418724185529973,-0.5631989881414482
4.999,-80.31916303841587,-78.6019358519528,-77.51099627338942,0.6352763569885725,0.6416934513660226,-0.5633779553284228
5.0,-80.31698784741043,-78.60547246749137,-77.51453288892797,0.6343613054053219,0.6409541373726372,-0.5641172693218083
