t_contact_s,theta_err_t1_deg,theta_err_t2_deg,total_error_deg,fn_est_N,moment_t1_est_Nm,old_gamma_t1_deg,tool_normal_x,tool_normal_y,tool_normal_z
0,9.343439299,0.508605036,9.357271879,-0.701741964382,1.00449774251,0,-0.0258513033279,0.134996716032,-0.990508756537
0.001,9.343111807,0.508343505,9.356930659,-0.625404986013,1.0028531705,0.000318069795539,-0.0258467789967,0.134991051096,-0.990509646666
0.002,9.342656334,0.507590748,9.356434991,-0.542566334546,1.00201012487,0.000767587952746,-0.0258337303387,0.134983171938,-0.990511060852
0.003,9.342418388,0.507030291,9.356167006,-0.462829407205,1.00195551119,0.000999757040159,-0.025824009025,0.134979054323,-0.990511875473
0.004,9.342135067,0.506920014,9.355878126,-0.400750400415,1.00332938929,0.00127520900204,-0.0258221091187,0.134974154582,-0.990512592689
0.005,9.341881649,0.506687043,9.35561246,-0.36010588703,1.00623144291,0.00153109643488,-0.0258180766305,0.134969771714,-0.990513295036
0.006,9.341366491,0.506366995,9.35508073,-0.33431405452,1.00999541159,0.00204459552338,-0.0258125475286,0.134960861273,-0.990514653256
0.007,9.340447471,0.505542218,9.354118446,-0.312630306679,1.01405761671,0.00296442992267,-0.0257982738607,0.134944965285,-0.990517190871
0.008,9.339778098,0.504528897,9.353395337,-0.279214552902,1.01749526167,0.00363478273677,-0.0257807105401,0.134933384624,-0.990519225799
0.009,9.338609757,0.504103776,9.352205773,-0.224724880776,1.01852856666,0.00480240148851,-0.0257733929725,0.134913179219,-0.990522168499
0.01,9.337343392,0.503725001,9.350920837,-0.170597592692,1.01581759033,0.00605727879595,-0.0257668858536,0.134891277541,-0.990525320644
0.011,9.336316367,0.50462533,9.349943851,-0.14596643226,1.00955479661,0.00707178218903,-0.0257825830421,0.134873520983,-0.990527330138
0.012,9.334910993,0.50593357,9.348611235,-0.155523646172,1.00135050892,0.00845993110009,-0.0258053880872,0.134849222291,-0.990530044569
0.013,9.333467407,0.50799278,9.34728145,-0.189328148152,0.994199831498,0.00988080785977,-0.0258412393879,0.13482426582,-0.990532507136
0.014,9.332057875,0.509919437,9.345978922,-0.234924823121,0.99049129685,0.011270682948,-0.0258747859678,0.134799898526,-0.990534947798
0.015,9.330558541,0.511896427,9.344589913,-0.295032352943,0.990621769107,0.0127440618526,-0.0259092125824,0.134773977277,-0.990537575134
0.016,9.328852201,0.513814878,9.342991444,-0.384528597851,0.994575654986,0.0144231886725,-0.0259426332586,0.134744477188,-0.990540713776
0.017,9.327112941,0.516818017,9.341420484,-0.501869094611,1.00119647995,0.0161388320976,-0.0259948985596,0.134714410839,-0.990543433051
0.018,9.325294217,0.51960681,9.339759283,-0.635694927223,1.00886367741,0.0179264300777,-0.0260434442506,0.134682969439,-0.990546433417
0.019,9.32361431,0.523204498,9.338282859,-0.780158985606,1.01745151484,0.0195801596191,-0.0261060326671,0.134653931487,-0.990548733679
0.02,9.3220377,0.527201093,9.336933537,-0.928185879519,1.02729733552,0.0211243914243,-0.0261755452994,0.134626682204,-0.990550603082
0.021,9.320391162,0.530998127,9.33550483,-1.07339062718,1.03793907795,0.0227433145161,-0.0262415944246,0.13459822242,-0.990552723101
0.022,9.318788879,0.535023771,9.334135022,-1.21182359462,1.04789449576,0.0243255364098,-0.0263116125922,0.134570528165,-0.990554628474
0.023,9.317425177,0.539309167,9.333020214,-1.33794828782,1.05521940025,0.0256656773169,-0.0263861295163,0.134546961423,-0.990555847664
0.024,9.315995199,0.543404521,9.331830208,-1.44984364607,1.05815555491,0.0270824311466,-0.0264573489075,0.134522246674,-0.990557304672
0.025,9.31485686,0.547795512,9.330950555,-1.55012310022,1.05559943244,0.0282046640605,-0.026533685903,0.134502577153,-0.990557933819
0.026,9.31362188,0.552030747,9.329967335,-1.64361752486,1.04799474745,0.0294275387086,-0.0266073239097,0.134481235633,-0.99055885619
0.027,9.312477539,0.55658826,9.329095798,-1.72423089525,1.03636267777,0.0305598078418,-0.0266865545423,0.134461461971,-0.990559409148
0.028,9.311135667,0.561012616,9.328021364,-1.77839225724,1.02116497454,0.0318955249587,-0.0267634830138,0.134438272135,-0.990560481224
0.029,9.309994193,0.565151675,9.327131836,-1.8102875212,1.00322071608,0.0330276686928,-0.0268354454492,0.134418546308,-0.990561211272
0.03,9.308664987,0.569551505,9.326072741,-1.83334623302,0.984366380183,0.0343543024847,-0.0269119474059,0.134395574517,-0.990562252782
0.031,9.307474956,0.573582665,9.325132017,-1.85390394045,0.968442094588,0.0355399686829,-0.0269820378957,0.134375009111,-0.990563136078
0.032,9.306495215,0.578457916,9.324455306,-1.86768811782,0.959379808887,0.0365185766646,-0.0270667776784,0.134358082529,-0.990563120253
0.033,9.305384623,0.583227326,9.323643982,-1.85701444766,0.956568861707,0.0376273939066,-0.0271496868438,0.134338892718,-0.990563454004
0.034,9.304448992,0.588004141,9.323010239,-1.81750094272,0.954915956798,0.0385661095341,-0.0272327151409,0.134322728531,-0.990563366891
0.035,9.303705657,0.593097709,9.322591048,-1.76715642455,0.950869113459,0.0393102923725,-0.0273212330019,0.134309890276,-0.990562670204
0.036,9.30273818,0.598282334,9.321956843,-1.7169809826,0.944139750748,0.0402807381923,-0.0274113457659,0.134293176431,-0.990562446738
0.037,9.301878323,0.603302244,9.321422312,-1.66743838997,0.935168364415,0.0411371761597,-0.0274985916167,0.134278322174,-0.990562042304
0.038,9.301083905,0.608292611,9.320953905,-1.61703151534,0.924765558344,0.0419358469229,-0.0275853201741,0.134264600292,-0.990561490883
0.039,9.30010821,0.613326165,9.320310172,-1.56441960157,0.913948605973,0.0429126111792,-0.0276728092593,0.134247743275,-0.990561335331
0.04,9.299179681,0.618239495,9.319708301,-1.50718504348,0.902488136439,0.0438481055327,-0.0277582069396,0.134231700496,-0.990561120037
0.041,9.2983139,0.623191927,9.319174296,-1.44609694158,0.88914860795,0.0447161491968,-0.0278442801076,0.13421674318,-0.990560731059
0.042,9.297622193,0.628579064,9.318845963,-1.39402916875,0.874048301197,0.0454064500685,-0.0279378939729,0.134204798471,-0.99055971357
0.043,9.296842952,0.63413929,9.31844523,-1.35172133495,0.859041581081,0.0461895706734,-0.0280345196472,0.134191338622,-0.990558807112
0.044,9.296188609,0.639955094,9.318190016,-1.29208698582,0.844584635125,0.0468456410252,-0.0281355765545,0.134180040759,-0.990557472333
0.045,9.295599804,0.645535899,9.317987568,-1.19953245777,0.830547210806,0.0474334161177,-0.0282325477359,0.134169874283,-0.990556090327
0.046,9.294966544,0.651174862,9.317748212,-1.08451216443,0.817603059731,0.0480685097661,-0.0283305325359,0.134158939758,-0.990554773755
0.047,9.294392861,0.65713492,9.317594376,-0.962169434459,0.805279504037,0.0486485563392,-0.0284340893133,0.134149036232,-0.990553147813
0.048,9.293951899,0.662777247,9.317554163,-0.848454659467,0.792520313344,0.0490878084726,-0.0285321198087,0.134141426816,-0.990551359472
0.049,9.293477152,0.668497319,9.317489267,-0.753301473688,0.779808977468,0.0495584215536,-0.0286315028508,0.134133232888,-0.990549601423
0.05,9.293078866,0.67441706,9.317518618,-0.673662014358,0.768407829773,0.0499546017513,-0.0287343494281,0.134126361621,-0.990547553771
0.051,9.292692968,0.679960609,9.31753664,-0.60768805279,0.758376414225,0.0503423114494,-0.0288306600447,0.134119703053,-0.990545656845
0.052,9.292142342,0.685197192,9.317371115,-0.562005927316,0.749300278334,0.050896636035,-0.028921648637,0.134110194671,-0.990544291753
0.053,9.291801319,0.690815288,9.317445869,-0.541537209555,0.742322082172,0.0512362465014,-0.0290192512303,0.134104311891,-0.990542233623
0.054,9.291531787,0.696300041,9.317585347,-0.547846176128,0.738179234764,0.0515045726301,-0.0291145340623,0.134099665702,-0.990540066613
0.055,9.291153407,0.701464445,9.317595398,-0.581182142972,0.735527123523,0.0518837711963,-0.0292042582746,0.134093135284,-0.99053830939
0.056,9.290839884,0.70673915,9.317681363,-0.642395345399,0.732540694345,0.0522005280849,-0.0292958941953,0.134087726689,-0.990536335595
0.057,9.290645808,0.712429961,9.317921226,-0.722086116913,0.728269128169,0.052391836571,-0.0293947501654,0.134084385625,-0.990533859186
0.058,9.290202556,0.717477414,9.317866568,-0.808842471618,0.721974220692,0.0528409103158,-0.0294824464456,0.134076731694,-0.990532288908
0.059,9.289930042,0.72248858,9.317982075,-0.9102051909,0.714094598113,0.0531121352636,-0.0295695014553,0.134072031234,-0.990530330189
0.06,9.289583464,0.727476373,9.31802462,-1.02954502112,0.706984703375,0.0534552422118,-0.0296561559952,0.134066049508,-0.9905285492
0.061,9.289321462,0.732572825,9.318162703,-1.14984208301,0.701746143706,0.0537198675589,-0.0297446920641,0.134061530628,-0.990526506107
0.062,9.289063206,0.737747691,9.318313522,-1.24738735071,0.696747571932,0.0539802178733,-0.0298345892609,0.134057076941,-0.990524405255
0.063,9.288780042,0.743136741,9.318459469,-1.30250567616,0.69069370329,0.0542611900007,-0.0299282076721,0.134052191315,-0.990522242249
0.064,9.288515968,0.74870763,9.318642176,-1.30737162984,0.684125054633,0.0545294255507,-0.0300249839186,0.13404763718,-0.990519929788
0.065,9.288408303,0.754207256,9.318978344,-1.26965286752,0.677983487913,0.0546338824436,-0.0301205121716,0.134045787299,-0.990517279836
0.066,9.288218689,0.759166029,9.319191997,-1.20654044717,0.672673322057,0.0548248034895,-0.0302066506689,0.134042519844,-0.99051509889
0.067,9.287962999,0.764704556,9.319389987,-1.13641201028,0.668330151888,0.055081139553,-0.0303028639668,0.134038109074,-0.990512756986
0.068,9.287737661,0.770208303,9.319618645,-1.07376777789,0.664776200134,0.0553067578106,-0.0303984697777,0.134034223615,-0.99051035327
0.069,9.287361151,0.774911433,9.319633302,-1.03275749003,0.661735936229,0.0556804340756,-0.0304801798076,0.134027721843,-0.99050872203
0.07,9.287103424,0.779781919,9.319782715,-1.02345091521,0.6588128761,0.0559427546632,-0.0305647887155,0.134023274727,-0.990506716546
0.071,9.286767392,0.785249531,9.319906942,-1.03796726819,0.655475272793,0.0562776929477,-0.0306597738044,0.134017473897,-0.990504565845
0.072,9.286537006,0.790133239,9.320090134,-1.0646717971,0.651191008411,0.0565084049023,-0.0307446105709,0.134013499252,-0.990502473969
0.073,9.286435811,0.795331564,9.320431447,-1.10353383782,0.645387469671,0.0566097207283,-0.0308349031166,0.134011758326,-0.990499902766
0.074,9.286184321,0.800250017,9.320601877,-1.14625010964,0.637684608806,0.0568631462431,-0.0309203441285,0.134007418767,-0.990497826365
0.075,9.285869504,0.805274708,9.320720992,-1.17328176729,0.62868036143,0.0571774067103,-0.0310076340595,0.134001983205,-0.990495832968
0.076,9.285924247,0.810182686,9.32120084,-1.180790625,0.620410822467,0.0571180204605,-0.0310928741457,0.13400293833,-0.990493031624
0.077,9.285647552,0.815154232,9.321358639,-1.18121779787,0.613942134167,0.0573995305683,-0.0311792379284,0.133998162462,-0.990490962896
0.078,9.285495062,0.820038224,9.321635116,-1.1857052385,0.609322710378,0.0575507190032,-0.0312640741157,0.133995533006,-0.99048864446
0.079,9.285349553,0.824398008,9.321874725,-1.2006082035,0.606857953955,0.0576975680872,-0.0313398037594,0.133993023474,-0.990486590702
0.08,9.285175699,0.829216836,9.322128958,-1.22327247074,0.606165135636,0.0578738542233,-0.0314235088818,0.133990025639,-0.990484344207
0.081,9.285118753,0.834114607,9.322509182,-1.25128835275,0.60802069067,0.0579250093305,-0.0315085771325,0.133989047866,-0.990481773996
0.082,9.284991264,0.83903234,9.322823502,-1.28687483187,0.613038347503,0.0580524844609,-0.0315939962664,0.133986850586,-0.990479350249
0.083,9.284788785,0.843904083,9.323061562,-1.32609035717,0.618406842609,0.0582555045805,-0.0316786209159,0.133983356464,-0.990477119962
0.084,9.284485739,0.84868197,9.323193472,-1.36638417286,0.621641093209,0.0585588645579,-0.0317616219643,0.133978122896,-0.990475169782
0.085,9.284275429,0.853484783,9.323422468,-1.40898252025,0.622925363557,0.0587677411515,-0.0318450504649,0.133974492461,-0.99047298203
0.086,9.284132249,0.858153525,9.323708441,-1.45555826865,0.622723519189,0.0589084947714,-0.031926144899,0.13397202292,-0.990470705446
0.087,9.28389846,0.863219364,9.32394328,-1.50753555533,0.621390724815,0.0591440696244,-0.0320141420826,0.133967986545,-0.99046841105
0.088,9.28379881,0.867936687,9.32428198,-1.55348763239,0.619166699841,0.0592427680646,-0.0320960772845,0.133966269345,-0.990465991592
0.089,9.283588581,0.872674993,9.324514925,-1.5824150466,0.615868383132,0.0594521126969,-0.0321783849058,0.133962640089,-0.990463811861
0.09,9.283314009,0.877186939,9.324664922,-1.59930720629,0.611179110648,0.0597289953415,-0.0322567634964,0.133957896586,-0.990461903937
0.091,9.283161722,0.881927833,9.324960496,-1.6105173991,0.605711479691,0.0598798477601,-0.0323391115583,0.133955268866,-0.99045957404
0.092,9.283009265,0.886641551,9.325255721,-1.61933340693,0.600632953718,0.0600357643767,-0.0324209864338,0.13395263761,-0.99045725325
0.093,9.282853487,0.891619008,9.325575227,-1.62179884275,0.595711015459,0.0601942588097,-0.0325074431772,0.133949949382,-0.990454783016
0.094,9.282671493,0.896678525,9.325879177,-1.61643955699,0.590652121366,0.0603748446766,-0.0325953256612,0.133946807172,-0.990452319697
0.095,9.282374793,0.901256479,9.326025147,-1.61697958518,0.585551257727,0.0606797768384,-0.0326748515108,0.133941680942,-0.990450392592
0.096,9.28222145,0.905881512,9.326320623,-1.62551771201,0.580098567832,0.0608288794153,-0.0327551858979,0.133939033703,-0.990448097099
0.097,9.281987569,0.911206423,9.326606585,-1.62235533615,0.574442386458,0.0610674112987,-0.0328476811173,0.133934993874,-0.990445580161
0.098,9.282062949,0.91566932,9.327118681,-1.60238702667,0.568972986526,0.0609862577542,-0.0329251841561,0.133936301849,-0.990442829897
0.099,9.281807489,0.920929704,9.327382365,-1.5766091772,0.563590462036,0.0612452309655,-0.0330165591055,0.133931889063,-0.990440384837
0.1,9.28160458,0.925685785,9.327651245,-1.54425384121,0.557674861793,0.0614515237094,-0.0330991716223,0.133928383168,-0.990438101559
0.101,9.281540524,0.930332995,9.328049849,-1.50187997646,0.55123014869,0.0615124045468,-0.0331798853289,0.133927279855,-0.990435550109
0.102,9.281326618,0.934768796,9.328280468,-1.45402298658,0.545407203268,0.0617283449382,-0.0332569353291,0.133923584101,-0.990433465647
0.103,9.281274576,0.939757649,9.328729935,-1.40523903453,0.540773485848,0.0617780299131,-0.0333435812775,0.133922687999,-0.99043067361
0.104,9.281112651,0.944364794,9.329034082,-1.35698186507,0.537387999268,0.06193714205,-0.0334236034514,0.133919891125,-0.990428354548
0.105,9.280850573,0.949235523,9.32926768,-1.31372555102,0.535240288491,0.0621977559905,-0.0335082106031,0.133915361066,-0.990426108245
0.106,9.280636139,0.95389666,9.329529784,-1.2858028424,0.533293765701,0.0624164647426,-0.0335891742385,0.133911656137,-0.990423866698
0.107,9.280487795,0.958293381,9.329832792,-1.28733980745,0.531515866158,0.0625663221845,-0.0336655408439,0.133909093092,-0.990421620396
0.108,9.280463289,0.963185994,9.33031222,-1.32518312315,0.531864765507,0.0625858332696,-0.0337505117624,0.13390867213,-0.990418785405
0.109,9.280230441,0.967398423,9.330516425,-1.38753273107,0.534449873147,0.062826325076,-0.0338236831871,0.133904647057,-0.990416833435
0.11,9.280120427,0.971989052,9.330884087,-1.45654216574,0.536702339855,0.0629377509268,-0.0339034141623,0.133902746636,-0.99041436427
0.111,9.279960388,0.976531176,9.331199169,-1.5212386245,0.5362540518,0.0631020321277,-0.0339823068897,0.133899981127,-0.990412034394
0.112,9.279876502,0.981071973,9.331592046,-1.57997936727,0.533168331232,0.0631822374029,-0.034061170058,0.133898533043,-0.990409521129
0.113,9.279514913,0.985505064,9.331699591,-1.63800427278,0.529144143005,0.0635451442998,-0.0341381813862,0.133892280341,-0.990407714952
0.114,9.279357337,0.98928105,9.331942433,-1.69786543904,0.525169184328,0.0637005756782,-0.0342037678401,0.133889557037,-0.990405820248
0.115,9.279180393,0.993775333,9.332244005,-1.7521188312,0.521623595237,0.0638761505019,-0.0342818297881,0.133886498377,-0.990403534777
0.116,9.278954898,0.998348414,9.332507892,-1.78863281766,0.517773407782,0.0641083605217,-0.0343612627984,0.13388259999,-0.990401309086
0.117,9.27876532,1.002667812,9.332782469,-1.80453884734,0.513167870302,0.0642959459226,-0.0344362876723,0.133879322548,-0.990399146347
0.118,9.278646746,1.007545252,9.333189855,-1.80186569837,0.509354987269,0.0644130084017,-0.034520999631,0.13387727208,-0.990396474451
0.119,9.278427528,1.01248526,9.333506511,-1.78047711153,0.507905028601,0.0646280363801,-0.0346068036325,0.1338734818,-0.990393992315
0.12,9.278321819,1.016533562,9.333841452,-1.74624129449,0.5089867107,0.0647392092777,-0.0346771146379,0.133871655054,-0.9903917799
0.121,9.278191452,1.02163977,9.334269357,-1.70056212087,0.512103462283,0.0648708005886,-0.0347657987185,0.133869400887,-0.990388975477
0.122,9.277964099,1.026062426,9.334528479,-1.64073596832,0.517680420197,0.0650956726052,-0.0348426181143,0.133865468822,-0.990386807374
0.123,9.2778673,1.030987488,9.334974924,-1.57528199935,0.525370762792,0.0651970853122,-0.0349281546358,0.133863795449,-0.990384020611
0.124,9.27754412,1.035549743,9.335158711,-1.50976294377,0.532983316576,0.065518316632,-0.0350074041906,0.133858205227,-0.9903819781
0.125,9.27738435,1.040737951,9.335576889,-1.44892297535,0.538776017902,0.0656823348901,-0.0350975137966,0.13385544212,-0.990379162311
0.126,9.277362086,1.04531983,9.336066668,-1.3984364753,0.542918349662,0.0656972098404,-0.0351770839793,0.133855056702,-0.990376391357
0.127,9.277190559,1.050122686,9.336435204,-1.34919096779,0.544806621075,0.0658764517348,-0.0352605019887,0.133852090488,-0.990373825821
0.128,9.276928909,1.055268744,9.336755438,-1.28876296414,0.542619218049,0.0661383677164,-0.0353498845439,0.133847563961,-0.990371251241
0.129,9.276931133,1.06016372,9.337312159,-1.21553958009,0.53762961344,0.0661334536119,-0.0354348902984,0.133847601786,-0.990368208317
0.13,9.276629768,1.065438426,9.337613126,-1.13199635161,0.532958658733,0.0664293548173,-0.0355265097074,0.133842388774,-0.9903656305
0.131,9.276486539,1.070341098,9.338031515,-1.04405833232,0.529949781008,0.0665740857685,-0.035611658043,0.133839910118,-0.990362907358
0.132,9.276302583,1.074848534,9.338366505,-0.963282829696,0.528172186579,0.0667618359792,-0.0356899456306,0.133836727608,-0.990360519268
0.133,9.276175293,1.07988667,9.338821301,-0.895807702743,0.526743983475,0.0668860498331,-0.0357774443243,0.133834524147,-0.990357659951
0.134,9.276072138,1.084478194,9.339250894,-0.840767588732,0.52527953394,0.0669919766122,-0.0358571855358,0.133832738345,-0.990355017351
0.135,9.275911505,1.089318317,9.339654632,-0.797071199221,0.523485649032,0.0671486743859,-0.035941248429,0.133829958056,-0.990352345879
0.136,9.27589587,1.094446977,9.340238668,-0.769339235721,0.522060202384,0.0671592756334,-0.0360303107582,0.133829685771,-0.99034914647
0.137,9.275727368,1.098883411,9.340592216,-0.757058164594,0.521877828833,0.0673355990631,-0.0361073626734,0.13382676935,-0.990346734314
0.138,9.275531244,1.104087763,9.341011169,-0.747766534902,0.521976575536,0.0675306376391,-0.0361977514714,0.133823373925,-0.990343893493
0.139,9.275363498,1.10919897,9.341450122,-0.732329448463,0.521745461357,0.0676970651999,-0.0362865212228,0.133820470066,-0.990341037304
0.14,9.275359011,1.114084512,9.342027033,-0.707494549158,0.52181626004,0.0677037827751,-0.0363713600741,0.133820389362,-0.990337936039
0.141,9.275204696,1.118877041,9.342446574,-0.672947998242,0.522180069667,0.067862225587,-0.0364545944332,0.133817717983,-0.990335236624
0.142,9.275083203,1.123814788,9.342918607,-0.634563329586,0.522732278635,0.0679781048321,-0.0365403476016,0.133815613215,-0.990332360704
0.143,9.274849843,1.12868333,9.34327382,-0.599926785655,0.524569520782,0.0682113232758,-0.0366249060426,0.133811574237,-0.990329782879
0.144,9.274722509,1.133697634,9.343754489,-0.573879307295,0.528534703576,0.068341769803,-0.0367119888846,0.133809368228,-0.990326856571
0.145,9.274542254,1.138564347,9.344167314,-0.563320542453,0.533142672578,0.0685212188349,-0.036796511742,0.13380624607,-0.990324141499
0.146,9.274423679,1.143224264,9.344618574,-0.576985746855,0.536713902519,0.0686410908495,-0.0368774390971,0.133804192092,-0.990321408768
0.147,9.274347409,1.147538608,9.345071681,-0.613912070221,0.539680628493,0.0687087086772,-0.0369523626755,0.133802868587,-0.990318794758
0.148,9.274130246,1.153106399,9.345541514,-0.65244803606,0.542518279164,0.06893060097,-0.0370490613933,0.133799108095,-0.990315689931
0.149,9.273889541,1.158121612,9.345922795,-0.668131670437,0.544486082703,0.0691738594184,-0.0371361658732,0.133794939975,-0.990312990534
0.15,9.273768398,1.163271729,9.346442179,-0.651079633325,0.544226909729,0.0693039718745,-0.0372256048507,0.133792839567,-0.990309916352
0.151,9.273630996,1.168518311,9.346960302,-0.594999187268,0.541282227189,0.0694376703077,-0.0373167196335,0.133790458637,-0.990306808829
0.152,9.273646492,1.173351444,9.347581124,-0.515423955789,0.53697506033,0.0694308855523,-0.0374006439123,0.133790720512,-0.990303607456
0.153,9.273424476,1.178169952,9.347966942,-0.451536487081,0.532462322847,0.0696537088079,-0.0374843308918,0.133786875709,-0.990300962751
0.154,9.27327185,1.183289867,9.348462211,-0.419963155684,0.528190851252,0.0698088446671,-0.0375732462876,0.133784230132,-0.990297950584
0.155,9.273143199,1.187836879,9.348911233,-0.418278938705,0.524208514994,0.0699424328843,-0.0376522119863,0.13378200017,-0.990295252621
0.156,9.272862606,1.193031364,9.349294345,-0.44615562163,0.519945367182,0.0702205752925,-0.0377424302774,0.133777141,-0.990292474728
0.157,9.272673661,1.197409735,9.349666673,-0.487475899394,0.516029140466,0.0704066855201,-0.0378184709899,0.133773867325,-0.990290015941
0.158,9.272653012,1.20185839,9.350216974,-0.516512190544,0.513109809959,0.0704336452735,-0.0378957201125,0.133773504131,-0.990287111897
0.159,9.272407972,1.206464152,9.350567114,-0.518737725707,0.510357795841,0.0706823984559,-0.0379757134959,0.133769260748,-0.990284620735
0.16,9.272314498,1.21126908,9.351095601,-0.492753717775,0.506742675003,0.0707705570062,-0.0380591533518,0.133767637207,-0.990281636749
0.161,9.272162031,1.215789024,9.35153098,-0.447994380426,0.501736731499,0.0709348902719,-0.0381376493234,0.133764993755,-0.990278973901
0.162,9.2720149,1.22073405,9.352029295,-0.386813560041,0.495532386846,0.0710828743293,-0.0382235252016,0.133762441525,-0.990276007666
0.163,9.271947785,1.225390617,9.352571726,-0.306483105171,0.489342156176,0.0711488504138,-0.0383043872725,0.1337612742,-0.990273040853
0.164,9.271599939,1.229744084,9.352798294,-0.226170906017,0.4844388551,0.0714954566742,-0.0383800044864,0.133755251215,-0.990270926579
0.165,9.271488801,1.234578469,9.353325002,-0.168728288379,0.480343455641,0.0716178091309,-0.0384639570303,0.133753322039,-0.990267929832
0.166,9.271322603,1.239202352,9.353771715,-0.13767690401,0.475931290606,0.0717781298982,-0.0385442574486,0.133750440197,-0.990265196786
0.167,9.271162572,1.243680527,9.354207433,-0.129134152959,0.471866079578,0.0719458120026,-0.0386220261872,0.133747665336,-0.990262541506
0.168,9.270971788,1.247966635,9.354589174,-0.132726537686,0.468658665348,0.07213544685,-0.0386964631938,0.133744358387,-0.990260082168
0.169,9.27079044,1.252794687,9.355054779,-0.133628151321,0.465371594175,0.0723326381387,-0.0387803086262,0.133741213758,-0.990257226889
0.17,9.270641011,1.257369052,9.355520386,-0.122278950359,0.46234035399,0.0724699823123,-0.0388597471796,0.133738621777,-0.9902544628
0.171,9.270359,1.261705729,9.355824782,-0.0943000067518,0.460792236799,0.0727584316206,-0.0389350671077,0.133733736524,-0.990252163979
0.172,9.27041548,1.266455623,9.356522485,-0.0491953300185,0.460524891925,0.0727071653179,-0.0390175394599,0.133734705142,-0.990248787051
0.173,9.270120417,1.270188625,9.356736166,0.00164934026715,0.460882545026,0.0730055193883,-0.039082377884,0.133729595067,-0.990246920289
0.174,9.27002608,1.274546832,9.357235337,0.0370463294444,0.461709888293,0.0731036849317,-0.0391580587833,0.133727954763,-0.990244151988
0.175,9.269914845,1.278922907,9.357722214,0.0437165658396,0.463186599761,0.0732092748636,-0.0392340498425,0.133726023178,-0.99024140494
0.176,9.269621837,1.283438018,9.358050125,0.0264001865173,0.465503779361,0.0735052438151,-0.0393124682379,0.133720946582,-0.990238980391
0.177,9.269477717,1.287739333,9.358498263,0.000291598768228,0.468239723002,0.073654365718,-0.0393871637446,0.133718445436,-0.99023634991
0.178,9.269237686,1.291604886,9.358793216,-0.0347719010274,0.470308601261,0.0738988171095,-0.0394542998578,0.133714286538,-0.990234238854
0.179,9.26917406,1.296220526,9.359368324,-0.0850547559038,0.470754641952,0.0739678680329,-0.0395344469051,0.133713176953,-0.990231192105
0.18,9.269090916,1.300244102,9.359844076,-0.145218623934,0.46821939883,0.0740508532344,-0.039604315133,0.133711730026,-0.990228595566
0.181,9.268787656,1.304197569,9.360093798,-0.215427109048,0.461136150454,0.0743592493651,-0.0396729811525,0.133706477008,-0.990226556184
0.182,9.268681719,1.308464444,9.360584384,-0.298931838048,0.451653461177,0.0744699878677,-0.039747074994,0.133704635965,-0.990223833459
0.183,9.268321535,1.312521313,9.360795707,-0.386249535985,0.443090553645,0.0748370946703,-0.039817539421,0.133698397337,-0.990221844893
0.184,9.268187191,1.317045937,9.361298191,-0.457003524066,0.43609076425,0.0749703352216,-0.0398961100558,0.133696063635,-0.99021899748
0.185,9.268037873,1.320991372,9.361706266,-0.501461112866,0.432618593783,0.0751200634998,-0.0399646252931,0.133693472241,-0.990216584493
0.186,9.267903509,1.324775795,9.362108009,-0.526612902442,0.434978424765,0.0752566012338,-0.0400303443124,0.133691139904,-0.99021424482
0.187,9.267736138,1.329235855,9.36257449,-0.541072826265,0.44136033915,0.0754208387407,-0.0401077950442,0.133688235729,-0.990211502864
0.188,9.267768176,1.333300684,9.363184163,-0.549516158202,0.449327447204,0.0753886169955,-0.0401783703852,0.133688780065,-0.990208568251
0.189,9.267503268,1.337530999,9.363525297,-0.559442375189,0.457790743904,0.0756586953056,-0.0402518389338,0.133684188238,-0.990206204423
0.19,9.267321654,1.341638441,9.363933166,-0.577146099414,0.463663740786,0.0758427125863,-0.0403231687183,0.133681037779,-0.990203727625
0.191,9.267103466,1.345592454,9.36428458,-0.594482560291,0.463730109694,0.0760582604344,-0.0403918361075,0.133677254011,-0.990201439777
0.192,9.266904889,1.350239173,9.364756913,-0.606446342554,0.458906464979,0.0762542444836,-0.0404725294198,0.133673808312,-0.990198610044
0.193,9.266776058,1.354239245,9.365207016,-0.622532283412,0.452600355699,0.0763863846915,-0.040541991149,0.133671570128,-0.990196070631
0.194,9.266532702,1.358419801,9.365571668,-0.649360338676,0.446667611347,0.076632641748,-0.0406145926239,0.133667350584,-0.990193665024
0.195,9.266371241,1.362355442,9.365983575,-0.682061050496,0.440697273307,0.0768006999951,-0.0406829368386,0.133664547858,-0.990191237739
0.196,9.266332872,1.36641197,9.36653653,-0.713094156132,0.43440751735,0.0768411363318,-0.0407533710062,0.133663874323,-0.990188432296
0.197,9.266123707,1.370608657,9.366942759,-0.740068265081,0.429016652803,0.0770519252342,-0.0408262512233,0.133660245985,-0.990185919842
0.198,9.265948563,1.374673533,9.367365163,-0.76282011372,0.425365954663,0.0772312924983,-0.0408968395765,0.133657205752,-0.990183417283
0.199,9.265883244,1.378786997,9.367905096,-0.781941263437,0.42324870558,0.0772970534349,-0.0409682630066,0.133656064632,-0.990180618783
0.2,9.265824244,1.382792743,9.368437153,-0.805247387305,0.422603899085,0.0773608768926,-0.0410378167775,0.13365503315,-0.990177877812
0.201,9.265693207,1.387190318,9.368957657,-0.846967593859,0.422737652075,0.077490916003,-0.0411141775172,0.133652754976,-0.990175017608
0.202,9.265546492,1.391107897,9.369393415,-0.912631475629,0.422652911314,0.0776383302375,-0.0411822055783,0.133650206399,-0.990172534599
0.203,9.265385448,1.395449417,9.369879753,-0.992945900248,0.42266658299,0.0777974279674,-0.0412575949527,0.133647409298,-0.990169773749
0.204,9.265132668,1.399534851,9.37023912,-1.07061503302,0.423496960697,0.0780483198446,-0.0413285447794,0.133643025713,-0.990167406586
0.205,9.264990304,1.403052953,9.370624468,-1.13593128409,0.424801414652,0.0781982278437,-0.0413896367399,0.133640553736,-0.990165188425
0.206,9.264805633,1.407269852,9.37107421,-1.19570186457,0.426336692029,0.0783787261077,-0.0414628632518,0.133637347585,-0.990162557513
0.207,9.264746593,1.411932782,9.371717218,-1.25629872958,0.428569085545,0.0784374265488,-0.0415438247039,0.133636311859,-0.990159303739
0.208,9.264618683,1.415814399,9.372176362,-1.30704339338,0.430836189974,0.0785718210703,-0.0416112266487,0.13363408817,-0.990156773595
0.209,9.264476161,1.419746255,9.372630259,-1.33172219957,0.43205533145,0.0787125198892,-0.0416795005305,0.13363161196,-0.990154236228
0.21,9.264301178,1.423889613,9.373085828,-1.33109886536,0.432231505491,0.0788940010845,-0.0417514497864,0.133628572633,-0.990151615167
0.211,9.264160094,1.427724313,9.373529696,-1.32573530125,0.431877725759,0.0790393792976,-0.0418180363877,0.133626120447,-0.990149136124
0.212,9.263983324,1.431905227,9.373992725,-1.32956804885,0.431003135605,0.0792198583078,-0.0418906371824,0.13362305093,-0.990146481475
0.213,9.263895858,1.436354957,9.374587032,-1.33428558441,0.42875524888,0.0793133801794,-0.0419678985887,0.133621524247,-0.990143415746
0.214,9.263700148,1.440365916,9.375009035,-1.32785856803,0.425104949787,0.0795112332248,-0.0420375494955,0.133618126039,-0.990140919681
0.215,9.263395767,1.445259082,9.375461319,-1.31107933026,0.42120905904,0.079821540081,-0.0421225237912,0.13361284676,-0.990138020768
0.216,9.263264805,1.449494238,9.37598573,-1.29813091231,0.418023473941,0.0799536695654,-0.0421960614016,0.133610568009,-0.990135197091
0.217,9.2632161,1.453941626,9.376626193,-1.29229267851,0.416414308292,0.0799993550096,-0.0422732780652,0.133609710602,-0.990132019073
0.218,9.262831028,1.45870652,9.376985836,-1.27337860594,0.416699159898,0.0803860752867,-0.0423560316076,0.1336030348,-0.990129383302
0.219,9.262842888,1.462915459,9.377653225,-1.23356350747,0.418145310183,0.0803775671325,-0.0424291034991,0.133603225878,-0.990126228928
0.22,9.262779122,1.467421521,9.378294247,-1.18723867455,0.420197658402,0.0804390473732,-0.0425073384738,0.133602107692,-0.990123024172
0.221,9.262624871,1.472091625,9.378873773,-1.14587320438,0.423128375062,0.0805899485613,-0.0425884289882,0.133599424067,-0.990119901631
0.222,9.262377841,1.476356883,9.379300236,-1.11298260195,0.426666522024,0.0808371491061,-0.0426624958688,0.133595136978,-0.990117291447
0.223,9.262130268,1.480394622,9.379692177,-1.09156259129,0.429448207365,0.0810854499669,-0.0427326133883,0.133590841136,-0.990114847337
0.224,9.261905175,1.484448915,9.380110663,-1.08078773207,0.430509046751,0.0813123472908,-0.0428030174505,0.133586934249,-0.990112333372
0.225,9.261950285,1.488882542,9.380857867,-1.07352203284,0.430570647918,0.0812671292732,-0.042879985338,0.133587698755,-0.990108899869
0.226,9.261724323,1.493619328,9.38138775,-1.06375010534,0.431191985939,0.0814960557511,-0.0429622376581,0.133583773037,-0.990105863894
0.227,9.26148374,1.497415382,9.381755373,-1.0497069899,0.432808665434,0.0817439028856,-0.0430281573662,0.133579598878,-0.990103564501
0.228,9.2613678,1.502282573,9.382419009,-1.03670185613,0.434909847502,0.0818582746197,-0.0431126648157,0.133577575811,-0.990100161283
0.229,9.261216503,1.50614491,9.382888874,-1.03265462197,0.437487935906,0.0820110546845,-0.0431797286337,0.133574945074,-0.990097593717
0.23,9.261081918,1.509971903,9.383371113,-1.04406265228,0.440734111972,0.0821483270377,-0.0432461781521,0.1335726032,-0.990095009456
0.231,9.260967655,1.514228375,9.383944239,-1.07845408964,0.444224776632,0.0822704658153,-0.0433200817325,0.133570610948,-0.990092047443
0.232,9.260884111,1.518729312,9.384589135,-1.1340947205,0.447933257434,0.0823494284324,-0.0433982265759,0.133569148561,-0.990088822522
0.233,9.26065322,1.522609055,9.384989952,-1.19338315968,0.452109818184,0.0825857272028,-0.0434655984481,0.133565140052,-0.990086407903
0.234,9.260580959,1.526861241,9.38560946,-1.23724211092,0.456294600579,0.0826544033577,-0.0435394235682,0.133563874373,-0.990083334906
0.235,9.260401064,1.531016181,9.3861088,-1.25049945499,0.460425944112,0.0828372165342,-0.043611568954,0.133560747101,-0.990080581512
0.236,9.260156699,1.535201268,9.386551285,-1.22877742431,0.464666332742,0.0830731006716,-0.0436842415933,0.133556503804,-0.990077950127
0.237,9.260087506,1.539177494,9.387134173,-1.18169343687,0.468872249553,0.0831487307924,-0.0437532750012,0.133555291565,-0.990075065347
0.238,9.259989941,1.54410904,9.387847807,-1.11673374031,0.472637783943,0.083250399596,-0.0438388951322,0.133553584748,-0.990071508162
0.239,9.259741339,1.548327039,9.388297305,-1.04249425116,0.475401656716,0.0835014107948,-0.0439121389571,0.133549268432,-0.990068844552
0.24,9.259534343,1.552572939,9.38879433,-0.97700679311,0.477109398453,0.0837114554542,-0.0439858644448,0.133545671286,-0.990066057094
0.241,9.259363191,1.557184492,9.389389237,-0.934283450451,0.477438456348,0.0838821812943,-0.0440659342024,0.133542691654,-0.990062898481
0.242,9.259266967,1.561984097,9.390091537,-0.90763778005,0.477362763386,0.0839820883486,-0.0441492624917,0.133541007696,-0.990059413311
0.243,9.25909828,1.566198694,9.390627206,-0.882726883719,0.47961863364,0.0841508663412,-0.0442224403757,0.133538072766,-0.990056543279
0.244,9.25902423,1.570398091,9.391255499,-0.854960921222,0.484316020321,0.0842250420812,-0.0442953475376,0.133536774516,-0.990053459182
0.245,9.258819558,1.574463723,9.391734431,-0.819560621563,0.488952388482,0.0844388049763,-0.0443659415699,0.133533217774,-0.99005077798
0.246,9.258777701,1.578509923,9.392372336,-0.767498885334,0.491938537339,0.0844793923392,-0.0444361862092,0.133532476716,-0.990047727646
0.247,9.258548148,1.582846679,9.392875886,-0.694529710808,0.493319295402,0.0847062942714,-0.0445114883149,0.133528487811,-0.990044882998
0.248,9.258226809,1.586953212,9.393252054,-0.606360281904,0.492824291028,0.0850372019499,-0.0445828001131,0.133522912545,-0.990042426242
0.249,9.258195534,1.591715401,9.394026957,-0.521083978063,0.490548660662,0.0850663171573,-0.0446654725592,0.133522350489,-0.990038775746
0.25,9.257929667,1.59586555,9.394469041,-0.458878202347,0.485691898641,0.085338729744,-0.0447375375286,0.133517734586,-0.990036144435
0.251,9.257725705,1.599481129,9.394882922,-0.432061065479,0.475107997727,0.0855480749871,-0.0448003176678,0.133514191259,-0.990033783398
0.252,9.25762837,1.604129094,9.395579449,-0.440675646941,0.459798080332,0.0856373909341,-0.0448810118715,0.133512486554,-0.990030358478
0.253,9.257415516,1.608587563,9.396131969,-0.468602764135,0.444065188115,0.085851395884,-0.044958424258,0.13350878547,-0.990027345224
0.254,9.257283215,1.612747362,9.396714669,-0.491037795638,0.431014542138,0.0859923003122,-0.0450306457745,0.133506478837,-0.990024373968
0.255,9.257100599,1.616468472,9.39717414,-0.494229869342,0.423219134137,0.0861769110039,-0.0450952550066,0.133503303392,-0.990021861354
0.256,9.25692343,1.620479524,9.397690423,-0.485995054914,0.419985839329,0.0863612922916,-0.0451648980254,0.13350022045,-0.990019102405
0.257,9.256853781,1.62458655,9.398330883,-0.485477385549,0.418256272135,0.0864344168668,-0.0452361976244,0.13349899669,-0.990016012147
0.258,9.256761721,1.628431483,9.398905609,-0.506805245227,0.416754866873,0.0865346192356,-0.0453029497773,0.133497386511,-0.990013176951
0.259,9.256527682,1.63271743,9.399418649,-0.548875679979,0.416880670995,0.0867630601396,-0.0453773676668,0.133493319609,-0.99001031718
0.26,9.256362658,1.637028058,9.400005879,-0.608822704981,0.420283534326,0.0869255194137,-0.0454522082074,0.133490445043,-0.990007271615
0.261,9.256072439,1.640914125,9.40039766,-0.687113435402,0.425920330148,0.0872204972502,-0.0455196887006,0.133485406592,-0.990004850578
0.262,9.25598762,1.64543132,9.401103714,-0.773599754644,0.432172437505,0.0873169090384,-0.0455981089634,0.133483918911,-0.990001442348
0.263,9.2557972,1.648783687,9.401503574,-0.85779966531,0.439160067532,0.087504344324,-0.0456563168565,0.133480608619,-0.989999205986
0.264,9.255536717,1.652654032,9.401926678,-0.936381776065,0.4462088257,0.0877705895835,-0.0457235215539,0.133476085367,-0.989996714243
0.265,9.255411218,1.657299824,9.402620885,-1.00577264031,0.45154616453,0.0878910747471,-0.0458041765675,0.133473892599,-0.989993281494
0.266,9.255253214,1.661354391,9.40318087,-1.06508604459,0.454691357907,0.088052452131,-0.0458745703653,0.133471139223,-0.989990393281
0.267,9.255039133,1.665353786,9.403677609,-1.11784243413,0.455575597344,0.088276594355,-0.0459440107821,0.133467417216,-0.98998767488
0.268,9.254843913,1.669534283,9.40422674,-1.16730255805,0.45320051851,0.0884741064415,-0.0460165932342,0.133464020417,-0.989984761702
0.269,9.254623249,1.673560976,9.404725292,-1.2122904439,0.447827959286,0.0886969533989,-0.0460865082661,0.13346018353,-0.989982026689
0.27,9.254453484,1.67738474,9.405239436,-1.25542148109,0.441680646033,0.0888740146451,-0.0461528959712,0.133457228902,-0.989979332232
0.271,9.254225562,1.681483313,9.405747013,-1.30277500923,0.4357406587,0.0891104747531,-0.046224057886,0.133453265657,-0.989976546368
0.272,9.254112347,1.685766044,9.406402207,-1.34975530027,0.429582194231,0.0892326115664,-0.0462984082135,0.13345128554,-0.989973338926
0.273,9.253834484,1.689347573,9.406771385,-1.389809287,0.423622166525,0.0895114562533,-0.0463605985528,0.133446461866,-0.989971078728
0.274,9.253771277,1.693704681,9.407492674,-1.41836699101,0.418284557904,0.0895830884953,-0.0464362356235,0.133445345967,-0.98996768415
0.275,9.253677277,1.697859515,9.408149131,-1.4286553838,0.414067204221,0.0896637470036,-0.0465083633476,0.133443698464,-0.989964520313
0.276,9.253496363,1.701635253,9.40865333,-1.4285871276,0.411745400454,0.0898547862512,-0.0465739174131,0.13344054995,-0.989961862824
0.277,9.25341269,1.706068352,9.409373817,-1.42759918891,0.411442892676,0.0899293320154,-0.0466508747051,0.133439079506,-0.989958437486
0.278,9.253177728,1.710360904,9.409922024,-1.41781313785,0.412800549152,0.0901695913624,-0.0467254026345,0.133434993574,-0.989955473362
0.279,9.253109332,1.714225947,9.410558055,-1.39519809691,0.41508109208,0.0902353021812,-0.0467924977939,0.133433789556,-0.989952466513
0.28,9.252999316,1.718489019,9.411227383,-1.37151884804,0.41775988521,0.0903547661288,-0.0468665045532,0.133431864496,-0.989949225106
0.281,9.25272752,1.723044032,9.411792991,-1.36225184229,0.420851071182,0.0906217782191,-0.046945590854,0.133427139243,-0.989946114702
0.282,9.252646345,1.727286394,9.41249078,-1.37766978651,0.424423509382,0.090707796415,-0.0470192352876,0.133425712149,-0.989942811909
0.283,9.252367176,1.731444936,9.412980396,-1.42046392998,0.428391982708,0.0909906047185,-0.0470914397654,0.133420861583,-0.989940033535
0.284,9.252289864,1.735687845,9.413685783,-1.48047103022,0.432310166492,0.0910723944278,-0.0471650933538,0.133419500907,-0.989936710475
0.285,9.252244651,1.74025752,9.414484974,-1.53923176325,0.435598817147,0.0911164704513,-0.0472444157013,0.133418693304,-0.989933036858
0.286,9.252124556,1.744300277,9.415115095,-1.5786239456,0.438718795907,0.0912385031815,-0.0473145974347,0.133416594113,-0.989929967869
0.287,9.251928882,1.748735064,9.415745449,-1.59136437118,0.441933648406,0.0914406946214,-0.0473915903137,0.133413185758,-0.989926744276
0.288,9.251928986,1.752676565,9.416478381,-1.59235454379,0.444095802974,0.0914449109395,-0.0474600045135,0.133413165202,-0.989923469427
0.289,9.251680767,1.757491584,9.417131924,-1.5946495314,0.444574590999,0.0916980636751,-0.0475436000351,0.13340884498,-0.989920040295
0.29,9.251626186,1.761911324,9.417904151,-1.58642054851,0.444523872929,0.0917467865804,-0.0476203191941,0.133407875411,-0.989916483335
0.291,9.25139671,1.766287019,9.418498337,-1.55053105001,0.444558013997,0.091973082934,-0.047696287222,0.13340388132,-0.989913364206
0.292,9.251160439,1.770301451,9.419019944,-1.49342502429,0.443758935782,0.0922145775406,-0.0477659855587,0.1333997726,-0.989910557219
0.293,9.25102705,1.775265844,9.419823262,-1.43970673971,0.442480631248,0.0923449030658,-0.0478521633249,0.133397436827,-0.989906709904
0.294,9.25095619,1.779429377,9.420539227,-1.40315467435,0.441473149131,0.0924199984723,-0.0479244364229,0.133396186688,-0.989903382038
0.295,9.250721661,1.784125075,9.421197033,-1.38186885084,0.440574101877,0.0926543841099,-0.0480059582727,0.13339210323,-0.989899982203
0.296,9.25064971,1.788826341,9.422017816,-1.36083673497,0.440124571568,0.0927298891361,-0.0480875632174,0.133390830704,-0.989896192814
0.297,9.250395161,1.792861444,9.422534839,-1.329646411,0.439587974359,0.092989536134,-0.0481576202043,0.133386404475,-0.98989338351
0.298,9.250242528,1.797496821,9.423268098,-1.29722207106,0.438129058662,0.0931402685514,-0.0482380877515,0.133383737334,-0.989889824933
0.299,9.250133061,1.801797943,9.423982039,-1.2758294233,0.436295430919,0.0932597777326,-0.0483127500217,0.133381818202,-0.989886442355
0.3,9.250023679,1.806096743,9.424697528,-1.27096030898,0.434608077196,0.0933637178526,-0.0483873720792,0.133379900256,-0.989883055937
0.301,9.249676559,1.810875174,9.425273754,-1.27322008232,0.432756228742,0.0937248604946,-0.0484703363287,0.133373868151,-0.98987980977
0.302,9.249654928,1.815824456,9.426204684,-1.26865400103,0.430677309473,0.0937435192987,-0.0485562410995,0.133373463787,-0.989875654114
0.303,9.249394542,1.820618686,9.426873914,-1.26334684465,0.428812767224,0.0940079886912,-0.0486394726693,0.133368930377,-0.989872178672
0.304,9.249458936,1.825221186,9.427827056,-1.27162687264,0.427104976352,0.0939518320044,-0.0487193513547,0.133370016244,-0.989868104128
0.305,9.249154368,1.829715867,9.428399476,-1.2921554281,0.426023874547,0.0942433120155,-0.0487973864112,0.133364720793,-0.989864973785
0.306,9.248991775,1.83488727,9.429244941,-1.30636750755,0.425927006356,0.0944196752176,-0.0488871557607,0.133361876448,-0.989860927561
0.307,9.248953175,1.839337914,9.430074167,-1.2979171692,0.425462882373,0.094455233406,-0.0489644054471,0.133361180758,-0.989857203068
0.308,9.24881309,1.844288644,9.430903677,-1.27714533053,0.423650695068,0.0945988511391,-0.0490503428185,0.133358726358,-0.989853279013
0.309,9.248581175,1.84846109,9.431493103,-1.27100820527,0.420780665537,0.0948372616928,-0.0491227788439,0.133354689195,-0.989850230827
0.31,9.248495587,1.853965436,9.432489516,-1.28374316333,0.417807771298,0.0949270894622,-0.0492183187973,0.13335317327,-0.989845689122
0.311,9.24824007,1.858538373,9.433138887,-1.29370853699,0.4159827291,0.0951851107644,-0.049297707556,0.133348724586,-0.98984233779
0.312,9.248174753,1.863326258,9.434019345,-1.28751679385,0.41554937862,0.095258626582,-0.0493808103882,0.133347563923,-0.989838351834
0.313,9.247985909,1.868073442,9.43477301,-1.26158516295,0.415810518607,0.0954438492256,-0.0494632169876,0.133344266498,-0.989834681529
0.314,9.24781717,1.872968322,9.435578029,-1.20989630445,0.416384903831,0.0956147282113,-0.0495481845083,0.133341316589,-0.989830829335
0.315,9.247699236,1.877618767,9.436386671,-1.13578198117,0.417325123644,0.0957286757627,-0.0496289061031,0.133339245953,-0.989827064273
0.316,9.247457586,1.882450529,9.437112471,-1.04917253655,0.418043517599,0.0959834263146,-0.0497127840296,0.133335034916,-0.989823422418
0.317,9.247414594,1.887030059,9.437984908,-0.951222580255,0.418048253229,0.0960302125842,-0.0497922675579,0.133334260231,-0.989819531602
0.318,9.247084259,1.891718778,9.438599855,-0.84648916936,0.418022127137,0.0963645390297,-0.0498736691877,0.133328516067,-0.989816207144
0.319,9.246946167,1.89684016,9.439492359,-0.744413472325,0.418549886511,0.0965050639349,-0.0499625637187,0.133326093866,-0.989812050301
0.32,9.246818938,1.901805363,9.440366736,-0.646323450171,0.419877041745,0.096629510799,-0.0500487468017,0.133323859286,-0.989807997285
0.321,9.246628121,1.90666457,9.44115996,-0.550382041464,0.421848196483,0.0968302956625,-0.0501330949124,0.133320526214,-0.989804177645
0.322,9.246507375,1.911582661,9.442036163,-0.457608012579,0.423052545204,0.0969614326784,-0.0502184590474,0.133318404264,-0.989800136116
0.323,9.246206948,1.916782335,9.442796061,-0.376050433584,0.421978854674,0.0972624357167,-0.0503087243109,0.133313172084,-0.989796257018
0.324,9.246164126,1.922091495,9.443833266,-0.309051431652,0.418722040878,0.0973133059766,-0.0504008689389,0.133312394663,-0.989791673959
0.325,9.246089263,1.926577854,9.444674101,-0.253126250707,0.415070659659,0.0973930729404,-0.0504787349604,0.133311068276,-0.989787884545
0.326,9.245763617,1.931354551,9.445330871,-0.213228283277,0.412822472035,0.0977147562997,-0.0505616608847,0.133305403718,-0.989784414804
0.327,9.245504366,1.936184867,9.446065997,-0.188968469965,0.412290874484,0.0979839265556,-0.0506455111541,0.13330088551,-0.989780736387
0.328,9.245397292,1.940944689,9.446937989,-0.169327926127,0.413002088508,0.0980865801373,-0.0507281251763,0.1332989996,-0.98977675969
0.329,9.245185428,1.946351102,9.447842939,-0.139853357029,0.414435127297,0.0983037367673,-0.0508219693498,0.133295296863,-0.989772444184
0.33,9.244959543,1.950811675,9.448541853,-0.0862942459037,0.415554171616,0.0985363709469,-0.0508993988918,0.133291358479,-0.98976899575
0.331,9.244941141,1.955221552,9.449435328,-0.0161396958303,0.415784800731,0.0985596940997,-0.0509759316291,0.133291008914,-0.989765104122
0.332,9.244676062,1.96029639,9.450227374,0.0497741162883,0.415604269793,0.0988311440219,-0.0510640241226,0.133286387721,-0.989761185483
0.333,9.244582811,1.965073861,9.451128325,0.105070288853,0.415644950809,0.0989273321381,-0.0511469423842,0.133284740245,-0.989757125917
0.334,9.244361581,1.969981059,9.451933475,0.154821853152,0.416211497724,0.0991569148001,-0.0512321214264,0.133280878262,-0.989753240573
0.335,9.244108665,1.974284559,9.452584013,0.203894706625,0.41672369445,0.0994151190902,-0.0513068256938,0.133276472581,-0.989749964129
0.336,9.243975546,1.979380705,9.45351955,0.259183716351,0.416062594474,0.0995500358201,-0.0513952767963,0.133274132575,-0.989745690119
0.337,9.243794039,1.983770884,9.454262274,0.311892368219,0.413574395505,0.0997388186294,-0.0514714787607,0.133270960924,-0.989742157255
0.338,9.243545129,1.988145216,9.454937755,0.333327751167,0.409127258545,0.0999976442017,-0.0515474112786,0.13326662319,-0.989738789547
0.339,9.243333433,1.992803882,9.455711516,0.317940985051,0.403217305066,0.100217234311,-0.0516282753721,0.133262927483,-0.9897350723
0.34,9.243179958,1.997630452,9.456579887,0.296129926315,0.396819248996,0.10037458751,-0.0517120482477,0.133260236014,-0.98973106123
0.341,9.242983402,2.002093796,9.45733164,0.291300707614,0.390943296239,0.100574387271,-0.05178952029,0.133256803293,-0.989727472572
0.342,9.242718951,2.006856209,9.458082547,0.294035100848,0.385820711318,0.100848588348,-0.0518721877677,0.133252193368,-0.989723764037
0.343,9.242615479,2.011689393,9.459008146,0.293671698815,0.381569086699,0.100948789451,-0.0519560697121,0.133250367441,-0.989719609989
0.344,9.2422988,2.015959405,9.459607784,0.286806358473,0.37875845142,0.101269628443,-0.0520301962082,0.133244857843,-0.989716457649
0.345,9.24222656,2.020511969,9.460508464,0.270030427172,0.377775743866,0.10134715239,-0.0521092053268,0.133243572775,-0.989712473921
0.346,9.242047387,2.024706611,9.461230193,0.245451170363,0.379021549108,0.101531694179,-0.0521820112383,0.1332404417,-0.989709059471
0.347,9.241859708,2.029353001,9.462042299,0.209611341278,0.38203374916,0.101714645046,-0.0522626581511,0.13323715952,-0.989705245963
0.348,9.241613742,2.03361129,9.462716282,0.154955528515,0.385335137356,0.101967979632,-0.0523365739555,0.133232872572,-0.989701917091
0.349,9.241539458,2.038324047,9.463657669,0.0890874252624,0.388058714104,0.102047358351,-0.0524183615007,0.133231551159,-0.98969776657
0.35,9.24150351,2.042955759,9.464621248,0.0281803242972,0.39037494653,0.102089823289,-0.0524987393322,0.133230893109,-0.98969359475
0.351,9.241236068,2.047225974,9.465282788,-0.0292804673531,0.392222092505,0.102368596477,-0.0525728631708,0.133226233216,-0.989690287333
0.352,9.241147516,2.05176227,9.466178522,-0.0854459513081,0.392884115344,0.102459887662,-0.0526515892473,0.133224666509,-0.989686313123
0.353,9.24080452,2.05598766,9.466760451,-0.128794050925,0.391665326083,0.102818050705,-0.0527249411121,0.133218700791,-0.989683211106
0.354,9.240471291,2.060294112,9.467371415,-0.157230675601,0.388826436664,0.103152393794,-0.0527996982206,0.133212902826,-0.989680006057
0.355,9.240050498,2.064067641,9.467782657,-0.187058495381,0.385905925115,0.103577098443,-0.052865214175,0.133205595774,-0.989677492108
0.356,9.239529115,2.066656769,9.467838638,-0.239588890242,0.384456659305,0.104093663069,-0.0529101864332,0.133196557965,-0.989676305222
0.357,9.239244776,2.069760138,9.468239069,-0.32441591519,0.38544899111,0.104389356383,-0.0529640612486,0.133191614728,-0.98967408877
0.358,9.238594145,2.071399271,9.467962649,-0.442317351841,0.389461131246,0.105026224103,-0.0529925585357,0.133180350217,-0.989674079208
0.359,9.23790127,2.073388074,9.4677219,-0.597069412423,0.397098485777,0.105701988051,-0.0530271264698,0.133168351457,-0.989673842247
0.36,9.237661541,2.075253828,9.467896767,-0.799315212985,0.409321608294,0.105935940439,-0.0530595226709,0.133164190542,-0.98967266579
0.361,9.237401512,2.077084072,9.468044409,-1.06990620645,0.426842189575,0.106183273856,-0.0530913041315,0.133159677844,-0.989671568563
0.362,9.237051737,2.077467844,9.467787356,-1.42851495149,0.448385446741,0.10652393072,-0.0530979921725,0.1331536266,-0.98967202393
0.363,9.236894901,2.077904759,9.467730224,-1.88686066992,0.470478722567,0.106677251066,-0.053105586563,0.133150910063,-0.989671981934
0.364,9.236592031,2.077259893,9.467293225,-2.4460716049,0.490864851525,0.106975048652,-0.0530944208536,0.133145678186,-0.989673284905
0.365,9.23640476,2.076556567,9.466956219,-3.08664335599,0.510389327688,0.107158814086,-0.0530822319945,0.133142444858,-0.989674373733
0.366,9.236392752,2.075483137,9.466709107,-3.79078513414,0.530486341097,0.107186822469,-0.0530636060061,0.133142246378,-0.989675399284
0.367,9.236596722,2.07441655,9.466674338,-4.55329927731,0.551835132365,0.106996361786,-0.0530450814042,0.133145781868,-0.989675916707
0.368,9.236828942,2.073798116,9.46676542,-5.34663707784,0.575465829108,0.106770238001,-0.0530343299288,0.13314980359,-0.989675951841
0.369,9.237053989,2.072418183,9.466682815,-6.13832736491,0.60085057709,0.106557719511,-0.0530103656551,0.133153706457,-0.989676710643
0.37,9.237246203,2.071880919,9.466752767,-6.91892647885,0.625987540038,0.106377306776,-0.0530010268588,0.133157034413,-0.989676763059
0.371,9.237558905,2.071279151,9.466926209,-7.67942163947,0.651526503258,0.10607322738,-0.0529905597086,0.133162447779,-0.989676595198
0.372,9.23768505,2.070398893,9.466856747,-8.41554780596,0.678957598702,0.105967639611,-0.0529752742819,0.133164636116,-0.989677119066
0.373,9.23782557,2.069499964,9.466797313,-9.13528123304,0.708143159122,0.105853676633,-0.0529596638472,0.133167073303,-0.9896776266
0.374,9.237939583,2.069212998,9.466845841,-9.84370388065,0.739441336038,0.105749218491,-0.052954674491,0.133169047397,-0.98967762795
0.375,9.238056179,2.068903575,9.466891991,-10.5379169891,0.773339419729,0.105650778906,-0.0529492954805,0.133171066963,-0.989677643999
0.376,9.238116358,2.068707913,9.466907957,-11.2180047504,0.809922958187,0.105607290243,-0.0529458947529,0.13317210932,-0.989677685678
0.377,9.238200695,2.069111338,9.46707842,-11.8817743321,0.84947775159,0.105540630262,-0.0529528886033,0.133173564558,-0.989677115675
0.378,9.238239126,2.070009508,9.467312265,-12.5163969687,0.890709472667,0.105522069245,-0.0529684715309,0.133174221361,-0.989676193403
0.379,9.238412733,2.071039052,9.467706828,-13.1117900731,0.930703425348,0.105359199506,-0.0529863226278,0.133177215799,-0.989674834886
0.38,9.238751972,2.072866462,9.468437747,-13.6602674519,0.967804004682,0.105039843702,-0.053018005938,0.133183067043,-0.989672350679
0.381,9.239090921,2.074595093,9.469147049,-14.1561875569,1.0020489936,0.104734013523,-0.0530479740112,0.133188914555,-0.989669957861
0.382,9.239383618,2.076175352,9.46977897,-14.6069179152,1.03384617299,0.104474325198,-0.0530753717457,0.133193963528,-0.989667809416
0.383,9.239664483,2.077394948,9.470320455,-15.0281799355,1.06457045502,0.10422067059,-0.053096512001,0.133198810997,-0.989666023041
0.384,9.239753586,2.078428088,9.470634068,-15.4380445901,1.09590301117,0.104165980422,-0.053114432925,0.133200343354,-0.989664855163
0.385,9.239853716,2.079016988,9.470861013,-15.8497775444,1.12734425182,0.104086170141,-0.053124643814,0.133202070611,-0.989664074626
0.386,9.23982216,2.079439238,9.470922927,-16.2712478382,1.15826372881,0.104138173556,-0.053131972702,0.13320152073,-0.989663755198
0.387,9.23968118,2.079414307,9.470779913,-16.7043777154,1.18974509913,0.104295925815,-0.0531315520805,0.133199083154,-0.989664105856
0.388,9.239266729,2.079075327,9.470301152,-17.1388910234,1.22168027143,0.104722549851,-0.0531257042003,0.133191918696,-0.98966538403
0.389,9.239009611,2.078860696,9.470003188,-17.568020245,1.2530978908,0.104997635202,-0.0531220006895,0.133187474285,-0.98966618096
0.391,9.237971775,2.077174581,9.468620637,-18.3617630234,1.31811425074,0.106063857422,-0.053092827066,0.13316953954,-0.989670159928
0.392,9.237591878,2.076089863,9.468012084,-18.696543144,1.35297273621,0.106456588984,-0.0530740360876,0.133162978561,-0.989672050648
0.393,9.237080287,2.074822173,9.467235039,-18.9830330388,1.39034023561,0.106961733305,-0.053052080183,0.133154141296,-0.989674416889
0.394,9.236423013,2.073989301,9.466411237,-19.2179545604,1.42968129139,0.107624378711,-0.0530376808948,0.133142781975,-0.98967671692
0.395,9.235885611,2.073035499,9.465677958,-19.4020682299,1.46828603426,0.10816283596,-0.0530211743013,0.133133495127,-0.989678850714
0.396,9.235248497,2.071937116,9.464815804,-19.5465752051,1.50463689222,0.108795249814,-0.0530021667141,0.133122486148,-0.989681349731
0.397,9.234645834,2.071148117,9.464055061,-19.6674458744,1.53716700941,0.10938485911,-0.0529885246764,0.13311207003,-0.989683481253
0.398,9.234046052,2.070399996,9.463306116,-19.7633030675,1.56367199476,0.109974159542,-0.0529755920579,0.133101703635,-0.989685567812
0.399,9.233500667,2.070135869,9.462716158,-19.8160291862,1.58333899353,0.110520618421,-0.0529710526519,0.133092273824,-0.989687078944
0.4,9.23287889,2.069266192,9.461919212,-19.8237339717,1.5959052215,0.111143919308,-0.0529560130401,0.133081528299,-0.989689328784
0.401,9.232491916,2.068952412,9.461472986,-19.797744044,1.60145976089,0.111521817661,-0.0529505996772,0.133074838438,-0.989690517975
0.402,9.231928309,2.06886655,9.460904244,-19.7367385817,1.60062524925,0.112084353206,-0.0529491555181,0.133065091181,-0.989691905817
0.403,9.231476173,2.068368994,9.460354255,-19.6415145517,1.59441218682,0.112532485002,-0.0529405590399,0.133057276711,-0.989693416328
0.404,9.230990647,2.068152198,9.459833077,-19.5237184627,1.58417867024,0.113022089913,-0.0529368363222,0.133048881859,-0.989694744048
0.405,9.230583302,2.067936357,9.459388398,-19.3933900851,1.56936365705,0.113439603858,-0.0529331245362,0.133041838016,-0.989695889485
0.406,9.230198375,2.068234544,9.459077976,-19.2545053549,1.54857479739,0.113822799328,-0.0529383306411,0.133035178623,-0.989696506207
0.407,9.229671995,2.068268804,9.458571826,-19.1000732381,1.5218893197,0.114354285524,-0.052938968333,0.133026075702,-0.98969769567
0.408,9.229361629,2.06856491,9.458333726,-18.9166513554,1.49002976345,0.114670145892,-0.0529441323342,0.133020705932,-0.989698141175
0.409,9.22910313,2.069294608,9.458241103,-18.6927805074,1.45244830332,0.114952531806,-0.0529568158311,0.133016229253,-0.989698064266
0.41,9.228827465,2.070044403,9.458136191,-18.4219670092,1.40846737628,0.115235797851,-0.0529698495963,0.133011455674,-0.98969800833
0.411,9.228470476,2.070347118,9.457854118,-18.111425245,1.35947215655,0.115607655046,-0.0529751311992,0.133005279324,-0.989698555696
0.412,9.228273642,2.071289031,9.457868294,-17.7779459503,1.30730613438,0.11581926929,-0.0529914931048,0.133001867645,-0.989698138253
0.413,9.227978937,2.072203898,9.457781149,-17.4334216012,1.25449558947,0.116127980034,-0.0530073925497,0.13299676296,-0.989697972806
0.414,9.227812146,2.072739573,9.457735794,-17.0765621087,1.20362584406,0.116306243337,-0.0530167020618,0.132993874097,-0.989697862358
0.415,9.227559731,2.073149374,9.457579337,-16.7082044799,1.15534790528,0.116562716145,-0.0530238334538,0.13298950541,-0.98969806736
0.416,9.227228784,2.073432259,9.457318455,-16.3450168447,1.11039264045,0.116899336395,-0.0530287700057,0.132983780293,-0.989698572158
0.417,9.227198038,2.073855715,9.457381306,-16.0027777504,1.07170885481,0.116932117804,-0.0530361204944,0.13298324442,-0.98969825029
0.418,9.227032597,2.074038981,9.457260081,-15.6915906675,1.041234026,0.117095196527,-0.0530393148103,0.132980382014,-0.989698463717
0.419,9.226938723,2.07381174,9.457118659,-15.4235162959,1.01650552334,0.117187875285,-0.0530353789984,0.132978760445,-0.989698892515
0.42,9.226957154,2.074084389,9.457196433,-15.2053713826,0.994439395049,0.117160189367,-0.0530401087367,0.13297907704,-0.989698596511
0.421,9.226736842,2.073753384,9.456908896,-15.0345124829,0.97404006582,0.117381053337,-0.0530343830961,0.132975269651,-0.989699414909
0.422,9.226797913,2.07316419,9.456839296,-14.9106573291,0.955014689482,0.117314767331,-0.0530241533795,0.132976330648,-0.989699820474
0.423,9.22664426,2.072807805,9.456611259,-14.8328353744,0.937929707932,0.117460625805,-0.0530179813946,0.132973676112,-0.989700507785
0.424,9.226607231,2.072084192,9.456416546,-14.7895242606,0.92322816108,0.117493800407,-0.0530054277687,0.13297304136,-0.989701265483
0.425,9.226543882,2.071640771,9.456257584,-14.7705264469,0.91044910185,0.117545042525,-0.0529977382451,0.132971949958,-0.989701823917
0.426,9.226515959,2.070752241,9.456035723,-14.7705083012,0.899715500313,0.117568640284,-0.052982321657,0.132971474256,-0.989702713256
0.427,9.226457975,2.070657844,9.455958474,-14.7803938962,0.890935985641,0.117619271325,-0.05298068857,0.132970472332,-0.989702935292
0.428,9.226513411,2.070176994,9.455907282,-14.7837193685,0.883588626592,0.117551410985,-0.0529723401175,0.132971434161,-0.98970325294
0.429,9.226470237,2.069707997,9.455762488,-14.7706777615,0.877952849835,0.117576476847,-0.052964205226,0.132970691922,-0.989703788037
0.43,9.226435778,2.069116592,9.455599433,-14.7435019593,0.874067432422,0.11760775872,-0.0529539450022,0.132970100394,-0.989704416536
0.431,9.226377809,2.068953488,9.455507179,-14.7014921404,0.87064733102,0.117645698457,-0.0529511193102,0.132969099701,-0.989704702166
0.432,9.22642564,2.068943235,9.455551607,-14.6406863677,0.866947810667,0.117588813662,-0.0529509380112,0.132969926351,-0.989704600803
0.433,9.226355712,2.068874342,9.4554683,-14.5667691664,0.862727349855,0.117645326173,-0.052949748336,0.132968718135,-0.989704826779
0.434,9.226219399,2.068473768,9.45524765,-14.4907951896,0.858224189989,0.117769907437,-0.0529428080593,0.132966363865,-0.98970551436
0.435,9.226017928,2.068301532,9.455013381,-14.4158280974,0.854565854132,0.117960423837,-0.0529398360342,0.132962880299,-0.989706141349
0.436,9.225930513,2.068707782,9.45501696,-14.3395446975,0.852374949153,0.118049818754,-0.0529468924274,0.132961366002,-0.989705967312
0.437,9.22581213,2.068882099,9.454939587,-14.2588473833,0.850617329569,0.118156562884,-0.0529499274582,0.132959317266,-0.989706080174
0.438,9.225604904,2.068943565,9.454750833,-14.1740235274,0.84834843891,0.118353928237,-0.0529510111109,0.132955732839,-0.989706503731
0.439,9.225584103,2.069132236,9.454771825,-14.0929186697,0.846689747636,0.118365576593,-0.0529542860287,0.132955371194,-0.989706377095
0.44,9.225409253,2.069646791,9.454713837,-14.0189588145,0.846111832332,0.118536995433,-0.0529632300961,0.132952343153,-0.989706305278
0.441,9.225233801,2.070290109,9.454683486,-13.9464982533,0.846058235518,0.11870608682,-0.0529744080304,0.132949303487,-0.989706115368
0.442,9.224976783,2.070752085,9.454533878,-13.8728785067,0.847394209212,0.118959732479,-0.0529824453958,0.13294485524,-0.989706282664
0.443,9.224736431,2.071247948,9.454407982,-13.8018470817,0.850814932958,0.11920259976,-0.0529910701822,0.132940694546,-0.989706379799
0.444,9.224484516,2.07159773,9.454238824,-13.7375379838,0.855263167609,0.119448918721,-0.0529971606839,0.132936334366,-0.989706639346
0.445,9.224394155,2.072762925,9.454406046,-13.6799874146,0.860842478826,0.119524337541,-0.0530173870782,0.132934762027,-0.989705767242
0.446,9.224107808,2.072962247,9.454170367,-13.6258430606,0.87052629623,0.119801554275,-0.0530208693508,0.13292980852,-0.989706246025
0.447,9.223803071,2.073122774,9.453908246,-13.578796264,0.885371971182,0.120101784336,-0.0530236800737,0.132924536569,-0.989706803518
0.448,9.223505943,2.073805897,9.453768179,-13.5416423691,0.902863110376,0.120391430052,-0.0530355594713,0.132919393118,-0.989706857794
0.449,9.223324168,2.074081208,9.453651229,-13.5077612069,0.921893024692,0.120558820406,-0.053040351153,0.132916246663,-0.989707023579
0.45,9.223088364,2.07410066,9.453425438,-13.4789412049,0.943163731161,0.12078018061,-0.0530407081495,0.132912168159,-0.989707552176
0.451,9.22279589,2.074351264,9.453195079,-13.4627980856,0.964146244346,0.121061719189,-0.053045081145,0.132907108665,-0.989707997256
0.452,9.222490215,2.074416451,9.452911159,-13.4579403021,0.981232338036,0.121358975741,-0.0530462370047,0.132901821004,-0.989708645367
0.453,9.222226915,2.074379951,9.452646267,-13.4602088927,0.994990568592,0.121608928503,-0.053045625377,0.132897268058,-0.989709289524
0.454,9.221843675,2.074513618,9.452301705,-13.467138109,1.00712667466,0.121988034397,-0.0530479761308,0.132890638761,-0.989710053681
0.455,9.22138542,2.074164297,9.451777959,-13.4791916734,1.0176748616,0.122445346339,-0.0530419526436,0.132882716272,-0.989711440257
0.456,9.221028254,2.073756048,9.451339916,-13.5010911288,1.02683650733,0.12278999866,-0.0530348975349,0.132876542523,-0.989712647232
0.457,9.220480445,2.073453883,9.450739158,-13.5346834217,1.03497757024,0.123339698252,-0.0530296989001,0.132867071119,-0.989714197355
0.458,9.220175189,2.073486171,9.450448424,-13.5724067732,1.04213488429,0.123647196717,-0.053030283824,0.132861791681,-0.989714874754
0.459,9.219998024,2.072838511,9.450133494,-13.5988724654,1.04833600152,0.12382585241,-0.0530190592805,0.132858732712,-0.989715886755
0.46,9.219620463,2.072830749,9.449763425,-13.6048837191,1.05178793483,0.124211960954,-0.0530189563321,0.132852203136,-0.989716768774
0.461,9.219221686,2.07227767,9.449253052,-13.6005927407,1.04993719788,0.124614498569,-0.0530093911319,0.132845310582,-0.989718206313
0.462,9.218919923,2.07254546,9.449017369,-13.5957968636,1.04340656963,0.124918615191,-0.053014062795,0.132840089469,-0.98971865688
0.463,9.21873291,2.071801397,9.448671732,-13.5902209409,1.03365731926,0.12510870975,-0.0530011658524,0.132836861566,-0.989719780861
0.464,9.218331365,2.071568753,9.448228948,-13.5910155568,1.02115200082,0.125520206912,-0.0529971619296,0.132829919187,-0.989720927027
0.465,9.218034273,2.071534046,9.447931475,-13.5957615566,1.00664380293,0.125828555658,-0.0529965843317,0.132824780771,-0.989721647567
0.466,9.217771239,2.071210965,9.447604007,-13.5930888557,0.991270736135,0.126103530493,-0.0529909989662,0.132820234917,-0.989722556692
0.467,9.21760525,2.071047277,9.447406171,-13.5863072165,0.97711740942,0.126277001988,-0.0529881718078,0.132817365154,-0.989723093174
0.468,9.217229275,2.070908405,9.447008899,-13.5828292693,0.965801098948,0.126667165204,-0.0529857927415,0.132810863971,-0.989724092957
0.469,9.217015363,2.070633004,9.446739821,-13.5854684032,0.957109058323,0.126894175126,-0.0529810319243,0.132807166557,-0.989724843968
0.47,9.216844826,2.07080809,9.446611811,-13.5933417613,0.950598462708,0.127071927279,-0.0529840842788,0.132804215636,-0.989725076535
0.471,9.216720148,2.071157718,9.446566815,-13.5946829999,0.94637309945,0.127200338526,-0.0529901614692,0.132802057005,-0.989725040828
0.472,9.216716253,2.071248098,9.44658283,-13.5793144427,0.944305700293,0.12721117062,-0.0529917302323,0.132801988608,-0.989724966013
0.473,9.216683192,2.071396788,9.446583177,-13.5560297219,0.944284443763,0.127240802798,-0.0529943130804,0.132801415839,-0.989724904573
0.474,9.216426672,2.071070361,9.446261326,-13.5331756592,0.945801566478,0.127496651111,-0.0529886692958,0.132796982281,-0.989725801636
0.475,9.216236614,2.071356473,9.446138627,-13.5076601658,0.94696113127,0.127688745228,-0.0529936503355,0.132793692177,-0.98972597639
0.476,9.216095484,2.071527642,9.446038468,-13.4743313143,0.946109013201,0.12783010791,-0.0529966315082,0.132791250484,-0.989726144367
0.477,9.216036007,2.071892133,9.44606038,-13.4305712857,0.942939777261,0.12788037662,-0.0530029618698,0.132790218491,-0.989725943838
0.478,9.215795012,2.072100251,9.445870905,-13.3826048271,0.936637597261,0.128108026976,-0.0530065932446,0.132786049122,-0.98972630875
0.479,9.215874002,2.072155695,9.445960134,-13.3372772106,0.927606059703,0.128021791441,-0.0530075483909,0.132787414552,-0.989726074402
0.48,9.215711593,2.07244666,9.445865515,-13.2941379279,0.918813849854,0.128173720252,-0.0530126113736,0.132784603517,-0.989726180367
0.481,9.215543631,2.072391308,9.445689501,-13.2562657124,0.911919169115,0.128333139261,-0.0530116647026,0.13278169944,-0.989726620688
0.482,9.215422725,2.072575691,9.445611997,-13.2312144528,0.905860054211,0.12845496226,-0.0530148743563,0.132779606242,-0.989726729589
0.483,9.215370094,2.072829458,9.445616334,-13.2210467673,0.900017326929,0.128490847582,-0.0530192819924,0.132778694325,-0.989726615824
0.484,9.215176047,2.072698971,9.445398382,-13.2265994699,0.893827430151,0.128685986926,-0.0530170333765,0.132775339301,-0.989727186373
0.485,9.215092591,2.072247766,9.445217957,-13.2518943714,0.885946360879,0.12876615502,-0.0530092105208,0.132773899906,-0.98972779849
0.486,9.214911721,2.072156241,9.445021414,-13.2980631213,0.876154352504,0.12895275701,-0.0530076374623,0.132770772774,-0.989728302246
0.487,9.214786182,2.072401944,9.444952843,-13.3556243664,0.865069440286,0.129071295439,-0.053011910758,0.132768599352,-0.989728364928
0.488,9.214747039,2.072385221,9.444910984,-13.4140720409,0.852839615877,0.129115926157,-0.0530116238943,0.132767922782,-0.989728471053
0.489,9.214672417,2.072194541,9.444796343,-13.4734359203,0.83990035749,0.129187468935,-0.0530083212087,0.132766633522,-0.989728820893
0.49,9.214579637,2.07205693,9.444675633,-13.5352218357,0.827617199443,0.129285426724,-0.0530059404735,0.132765029368,-0.989729163585
0.491,9.214403023,2.072038744,9.444499332,-13.5910084101,0.816606222531,0.129467396703,-0.0530056394609,0.132761975464,-0.989729589361
0.492,9.214263012,2.072049752,9.444365147,-13.6306186332,0.805598005949,0.129609211855,-0.0530058425093,0.13275955344,-0.989729903373
0.493,9.214168678,2.071996331,9.444261391,-13.6530141572,0.793788929722,0.129714029577,-0.0530049227941,0.132757922469,-0.989730171401
0.494,9.21423816,2.072433112,9.444425016,-13.6569710889,0.782534858284,0.129641209817,-0.0530124965763,0.132759120708,-0.989729605031
0.495,9.214057463,2.072642284,9.444294626,-13.6391234742,0.773096446597,0.129822812136,-0.0530161416556,0.132755993849,-0.989729829207
0.496,9.214041837,2.072902343,9.444336456,-13.6060325065,0.764415462459,0.129840032215,-0.0530206552917,0.132755721834,-0.989729623904
0.497,9.213878787,2.073363127,9.44427853,-13.5678859304,0.755250186977,0.129998669237,-0.0530286646361,0.132752897957,-0.989729573576
0.498,9.213741248,2.073665621,9.44421076,-13.5238806837,0.746665068586,0.13013083451,-0.0530339257568,0.132750517455,-0.989729610972
0.499,9.21372414,2.074209937,9.444313601,-13.4680220741,0.740626558637,0.130152993407,-0.0530433725881,0.132750216671,-0.989729145069
0.5,9.21345276,2.074347369,9.444079033,-13.4062672256,0.738415370777,0.130415544554,-0.053045779734,0.132745521962,-0.989729645737
0.501,9.213398534,2.075373597,9.444251591,-13.3533497091,0.740305692382,0.130456847843,-0.053063592454,0.13274457623,-0.989728817726
0.502,9.213285693,2.075895352,9.444256179,-13.309348552,0.745021316033,0.130568277438,-0.0530726558769,0.132742620305,-0.989728594087
0.503,9.21322858,2.076241021,9.444276449,-13.2682025321,0.752037535392,0.130608032301,-0.0530786586682,0.132741630061,-0.989728404989
0.504,9.213049719,2.077081244,9.444286719,-13.2361177454,0.761865866797,0.130775472702,-0.053093253504,0.132738529421,-0.989728038018
0.505,9.212920573,2.07758102,9.444270664,-13.2192262778,0.772707957104,0.130895267629,-0.0531019375267,0.132736292294,-0.989727872164
0.506,9.212739172,2.077759374,9.444132944,-13.2179509126,0.781836171609,0.13105977686,-0.0531050468623,0.132733153348,-0.989728126305
0.507,9.212591234,2.078051701,9.444052949,-13.2310224011,0.788739133273,0.131186985018,-0.0531101320786,0.132730591773,-0.98972819697
0.508,9.212357271,2.078574353,9.443939741,-13.2535923121,0.794239834035,0.131410520246,-0.0531192202637,0.132726541933,-0.989728252353
0.509,9.212228997,2.078151458,9.443721543,-13.2851394535,0.798505261861,0.131530160266,-0.0531118932651,0.132724326542,-0.989728942659
0.51,9.211923576,2.078297454,9.443455738,-13.3311855666,0.801331900185,0.131809138962,-0.0531144517268,0.132719042989,-0.98972951388
0.511,9.211599117,2.078419988,9.443166203,-13.3884002189,0.804314425537,0.13211822101,-0.0531166043108,0.132713430397,-0.98973015097
0.512,9.211432478,2.078263471,9.442969202,-13.4510467864,0.809660045102,0.13227579366,-0.0531139018787,0.132710550162,-0.989730682207
0.513,9.211025974,2.07828676,9.442577791,-13.5210650944,0.817530973138,0.13267597274,-0.0531143393487,0.132703519376,-0.989731601446
0.514,9.210871278,2.078198661,9.442407499,-13.5972328013,0.827738497264,0.132836288895,-0.0531128227186,0.132700844186,-0.989732041522
0.515,9.210771382,2.078192355,9.442308665,-13.6761995779,0.840681278335,0.132930327918,-0.0531127220647,0.13269911695,-0.989732278505
0.516,9.210464525,2.077708865,9.441902928,-13.7560351978,0.854728750506,0.133240572253,-0.0531043567337,0.132693813664,-0.989733438412
0.517,9.210329672,2.077650961,9.441758638,-13.8359831118,0.86602937115,0.133377136303,-0.0531033634557,0.132691482276,-0.989733804273
0.518,9.209988947,2.077567085,9.441407808,-13.9162121945,0.872150016142,0.133719719981,-0.0531019361857,0.132685589964,-0.989734670803
0.519,9.209733794,2.07730715,9.441101713,-13.9927846763,0.873065960999,0.133972388635,-0.0530974460685,0.132681179419,-0.989735502975
0.52,9.20952752,2.076726512,9.440772752,-14.0651125473,0.870202894146,0.134182126709,-0.0530873872853,0.132677616561,-0.989736520178
0.521,9.209244035,2.076057327,9.440349026,-14.1419280584,0.866009639061,0.134469177389,-0.0530757973492,0.132672718993,-0.989737798293
0.522,9.208956056,2.076033572,9.440062872,-14.2273383137,0.862283952744,0.134749033374,-0.0530754085565,0.132667737982,-0.989738486826
0.523,9.20874478,2.075489597,9.439737152,-14.3164760206,0.859787412788,0.134964874587,-0.0530659869647,0.132664089043,-0.989739481129
0.524,9.208526449,2.075055919,9.439428819,-14.4046114861,0.857796521746,0.135184564669,-0.0530584787128,0.132660316141,-0.989740389374
0.525,9.20834782,2.074632409,9.439161467,-14.4848271617,0.856171454843,0.135360148599,-0.0530511439403,0.132657229939,-0.989741196208
0.526,9.208253434,2.074206464,9.438975779,-14.5530464385,0.855829937663,0.13546727619,-0.0530437604813,0.13265560151,-0.989741810202
0.527,9.207979465,2.073832184,9.438626264,-14.6101939839,0.856407861682,0.135742921834,-0.0530372873993,0.13265086638,-0.989742791736
0.528,9.207853166,2.07406246,9.438553651,-14.6549604771,0.85693835954,0.135869624912,-0.0530412942573,0.132648679913,-0.989742870053
0.529,9.207731279,2.073871122,9.438392698,-14.6893925182,0.856837852571,0.135993260359,-0.0530379837415,0.13264657342,-0.989743329778
0.53,9.207447414,2.074076693,9.438160944,-14.718028938,0.856408479688,0.13628260487,-0.0530415741461,0.132641662424,-0.989743795536
0.531,9.207375697,2.073910068,9.438054365,-14.7469865204,0.857341978133,0.136347102905,-0.053038689106,0.13264042353,-0.989744116175
0.532,9.20721385,2.07405689,9.437928738,-14.7809006181,0.861298486718,0.136500923659,-0.0530412499494,0.132637622787,-0.989744354278
0.533,9.207035682,2.074477408,9.437847348,-14.8142372532,0.868427623347,0.136668218854,-0.0530485622782,0.132634538081,-0.98974437576
0.534,9.20692912,2.074617292,9.43777414,-14.8381565948,0.877492655074,0.13676884524,-0.0530509977115,0.13263269409,-0.989744492331
0.535,9.206707367,2.074986865,9.437639061,-14.844410394,0.887301905042,0.136984370304,-0.0530574291886,0.132628855939,-0.98974466191
0.536,9.206583717,2.075483885,9.437627726,-14.8274233878,0.896805834524,0.13710544865,-0.0530660644039,0.132626713394,-0.989744486068
0.537,9.206434966,2.075906715,9.437575614,-14.7938602208,0.905560133653,0.137238139252,-0.0530734137462,0.132624136606,-0.989744437288
0.538,9.206292656,2.076429792,9.437551862,-14.7565671416,0.914833528713,0.137377706681,-0.0530825025328,0.132621671152,-0.989744280239
0.539,9.206164063,2.077111793,9.437576498,-14.7188418571,0.925109318705,0.137498767244,-0.0530943482791,0.132619441708,-0.989743943584
0.54,9.205939667,2.077448673,9.437431756,-14.6807085299,0.934255644524,0.137721816235,-0.0531002122864,0.132615558712,-0.989744149284
0.541,9.205760651,2.077983913,9.437374969,-14.6457179089,0.939296874018,0.137898635682,-0.0531095159951,0.132612458184,-0.989744065527
0.542,9.205313571,2.078451745,9.437041888,-14.6103795992,0.938795834116,0.138352992071,-0.0531176702091,0.132604721506,-0.98974466452
0.543,9.205142365,2.078235473,9.436827255,-14.5750765611,0.933659877336,0.138518189781,-0.0531139315368,0.132601762099,-0.989745261653
0.544,9.20489294,2.07868422,9.436682793,-14.5417078118,0.925800497478,0.138773611451,-0.0531217388075,0.132597445333,-0.989745420983
0.545,9.204666299,2.0789993,9.43653113,-14.4999917175,0.916039804751,0.139006263589,-0.0531272252059,0.132593522143,-0.989745652088
0.546,9.204348124,2.078985013,9.436217625,-14.450600871,0.904404973137,0.139321063388,-0.0531270037335,0.132588019491,-0.989746401136
0.547,9.204159277,2.079290388,9.436100705,-14.4069752507,0.891008551049,0.139512570212,-0.0531323180437,0.132584751462,-0.989746553648
0.548,9.203920518,2.079524915,9.435919497,-14.3750200017,0.876500408134,0.139745645292,-0.0531364074557,0.132580620247,-0.989746887511
0.549,9.203681172,2.079651479,9.435713931,-14.359322306,0.862140299457,0.140010799524,-0.0531386233743,0.132576478939,-0.989747323279
0.55,9.203632747,2.079705536,9.435678612,-14.3664274414,0.850205729191,0.140049523745,-0.0531395656333,0.132575641428,-0.989747384874
0.551,9.203497983,2.079556732,9.435514365,-14.3974118549,0.842412813006,0.140193419085,-0.0531369940829,0.132573311598,-0.989747835012
0.552,9.203203536,2.079679776,9.435254278,-14.4450170791,0.838153268703,0.140493450013,-0.0531391540156,0.132568217948,-0.989748401312
0.553,9.203051182,2.079330757,9.435028747,-14.5009992601,0.836225327677,0.140646844011,-0.0531331093415,0.132565586244,-0.98974907832
0.554,9.202982773,2.079383937,9.43497374,-14.5656499343,0.835457519259,0.140722250847,-0.0531340384565,0.132564402223,-0.989749187027
0.555,9.202724154,2.079225717,9.434686611,-14.6382385998,0.83455391404,0.140982474559,-0.0531313140624,0.132559930755,-0.989749932167
0.556,9.202720204,2.079473519,9.434737372,-14.714219727,0.833613577783,0.14097600843,-0.0531356145048,0.132559860196,-0.989749710753
0.557,9.202585441,2.079277869,9.434562801,-14.7937687764,0.832728246528,0.141101342132,-0.0531322297211,0.132557531047,-0.989750204409
0.558,9.202416672,2.078993349,9.43433548,-14.8768626647,0.830698650992,0.141269902021,-0.0531273069055,0.132554614933,-0.989750859217
0.559,9.202370215,2.079152012,9.434325131,-14.9583976378,0.828115049324,0.14130631645,-0.0531300635993,0.132553810211,-0.989750819015
0.56,9.202332159,2.079040601,9.434263458,-15.0352331535,0.827873650408,0.141329247277,-0.0531281337518,0.132553152543,-0.989751010687
0.561,9.202027761,2.079009756,9.433959745,-15.1068784593,0.83185346458,0.141624896656,-0.0531276231166,0.132547888102,-0.989751743126
0.562,9.201958557,2.079248534,9.433944866,-15.1725134761,0.840117629046,0.141677357668,-0.0531317721543,0.132546689143,-0.989751680971
0.563,9.201824709,2.079258878,9.43381659,-15.2315600436,0.852199709707,0.141790986295,-0.0531319628074,0.132544374715,-0.98975198068
0.564,9.201761183,2.079425045,9.433791252,-15.282123184,0.867344008948,0.141841847931,-0.0531348517615,0.132543274177,-0.98975197297
0.565,9.201675216,2.079982879,9.433830376,-15.3210587974,0.883412909286,0.141916008678,-0.0531445383736,0.1325417834,-0.989751652534
0.566,9.20145396,2.079612444,9.433532896,-15.3495056636,0.897311218872,0.142128758895,-0.0531381283869,0.132537959049,-0.989752508824
0.567,9.201269902,2.080175244,9.433477453,-15.3717282182,0.908140988258,0.142300284553,-0.0531479104894,0.132534771183,-0.989752410474
0.568,9.201102337,2.080591386,9.433405787,-15.3867526891,0.91850442666,0.142449890369,-0.0531551452814,0.132531870514,-0.989752410367
0.569,9.200931186,2.08055681,9.433231224,-15.3974830371,0.929789722926,0.142614031104,-0.0531545593243,0.132528910318,-0.989752838214
0.57,9.200600298,2.080706634,9.432941531,-15.4118029404,0.939986925964,0.1429399195,-0.0531571862124,0.132523186038,-0.989753463604
0.571,9.200182963,2.080852467,9.432566647,-15.4309781796,0.948041632217,0.143351615561,-0.0531597508262,0.132515966689,-0.989754292471
0.572,9.199903239,2.080846855,9.432292576,-15.4510826971,0.954752161746,0.143631221948,-0.0531596770616,0.132511129255,-0.989754944094
0.573,9.199688178,2.080960741,9.432107939,-15.4688986413,0.960278695875,0.143852777462,-0.053161670991,0.132507408851,-0.989755335089
0.574,9.199261214,2.081375474,9.43178301,-15.482691603,0.964055838751,0.144273060763,-0.0531689027744,0.13250002135,-0.989755935633
0.575,9.199029486,2.081304317,9.431541292,-15.4939140443,0.966387616501,0.144507328,-0.0531676864582,0.132496013223,-0.989756537537
0.576,9.198632552,2.081352027,9.431164673,-15.5095644159,0.968147191493,0.144909152193,-0.053168547584,0.132489148293,-0.989757410244
0.577,9.198301997,2.081031237,9.430771477,-15.5318722856,0.968930926026,0.145253326695,-0.053163007581,0.132483433745,-0.989758472764
0.578,9.197977811,2.081067055,9.430463186,-15.5557537571,0.967118852044,0.145583772963,-0.05316365565,0.132477826125,-0.989759188542
0.579,9.197651938,2.080958431,9.430121376,-15.5797778864,0.960989801809,0.145917685573,-0.0531617973514,0.132472191228,-0.989760042563
0.58,9.197339482,2.081148681,9.429858608,-15.6064615397,0.949296278627,0.146243713761,-0.0531651247886,0.132466785516,-0.989760587335
0.581,9.197028401,2.080785244,9.429474993,-15.6374926479,0.933630473165,0.146557255364,-0.0531588431671,0.132461408162,-0.989761644408
0.582,9.196693303,2.080912991,9.429176347,-15.6720391699,0.919122060938,0.146907088576,-0.0531610873678,0.132455611575,-0.989762299622
0.583,9.196470839,2.080535149,9.428875988,-15.7088044708,0.907980617743,0.147140340301,-0.0531545490813,0.132451766777,-0.989763165303
0.584,9.196306309,2.080325068,9.428669159,-15.7499893854,0.89946508321,0.147300014142,-0.0531509169808,0.132448923093,-0.989763740898
0.585,9.196033547,2.080307508,9.428399245,-15.795590052,0.893833144611,0.147580730348,-0.053150634839,0.132444205916,-0.989764387284
0.586,9.1958604,2.080306842,9.428230218,-15.8412952298,0.891862839647,0.14774512134,-0.0531506370558,0.132441211241,-0.989764787889
0.587,9.195872779,2.079854342,9.428142461,-15.8867139589,0.893732658827,0.14772235559,-0.0531427839892,0.132441428505,-0.989765180498
0.588,9.19566106,2.079654752,9.427891929,-15.9335018857,0.896680518069,0.147933515421,-0.0531393370963,0.132437768615,-0.98976585529
0.589,9.195587781,2.079361456,9.427755762,-15.9804501943,0.897733817347,0.148006781019,-0.0531342536529,0.132436503124,-0.989766297531
0.59,9.195443654,2.0794076,9.427625362,-16.0268857163,0.898968275322,0.148126489122,-0.0531350659775,0.132434010572,-0.989766587437
0.591,9.19537901,2.079505102,9.427583816,-16.0654687966,0.904328565667,0.148179616743,-0.0531367631615,0.132432891343,-0.989766646079
0.592,9.195210988,2.080029006,9.427535509,-16.0783641202,0.912147534352,0.148344710469,-0.0531458684436,0.132429980701,-0.989766546656
0.593,9.195192955,2.079631471,9.427430219,-16.0587315253,0.918726602507,0.148348521679,-0.0531389717883,0.132429672768,-0.989766958151
0.594,9.194964639,2.079909061,9.427268768,-16.0191833805,0.923168628777,0.148573836873,-0.053143807833,0.132425721139,-0.989767227215
0.595,9.194912733,2.080127712,9.427266383,-15.9734752729,0.924635088065,0.148612073138,-0.0531476058816,0.132424821617,-0.98976714363
0.596,9.19487297,2.08067952,9.427349373,-15.9285818371,0.923634837506,0.148635251335,-0.0531571849774,0.132424129171,-0.989766721859
0.597,9.194594272,2.080997483,9.427147732,-15.8857364278,0.921758250503,0.148902906167,-0.0531627260724,0.132419307076,-0.989767069401
0.598,9.194365207,2.081077163,9.426941907,-15.8455851174,0.917842858342,0.149130813782,-0.0531641270681,0.132415344139,-0.989767524336
0.599,9.194227809,2.081579785,9.426918872,-15.8119717944,0.910575318055,0.1492571995,-0.0531728606809,0.132412964102,-0.989767373591
0.6,9.193953601,2.081680401,9.42667365,-15.7794238129,0.901304050891,0.149528081307,-0.0531746287383,0.132408220302,-0.989767913228
0.601,9.193925333,2.082429006,9.426811423,-15.7441290485,0.891802033869,0.149560883385,-0.0531876219264,0.132407725643,-0.989767281266
0.602,9.193603174,2.082746944,9.426567464,-15.710703483,0.882469147196,0.149872160877,-0.0531931659822,0.132402151222,-0.989767729038
0.603,9.193250934,2.082990528,9.426277753,-15.6757308736,0.872725580776,0.150233519385,-0.0531974217932,0.132396057145,-0.9897683155
0.604,9.193107741,2.082996362,9.426139389,-15.6364037701,0.862976518102,0.150375355627,-0.0531975342758,0.13239358043,-0.989768640748
0.605,9.193045398,2.083413587,9.426170796,-15.6019028721,0.854882027095,0.150436890415,-0.053204779872,0.132392498558,-0.989768396002
0.606,9.192823455,2.083614866,9.425998832,-15.5790291156,0.849341086721,0.15066040753,-0.0532082911844,0.132388658582,-0.989768720878
0.607,9.192659975,2.08366403,9.425850265,-15.5696122761,0.844978373601,0.150827333431,-0.0532091577727,0.132385830074,-0.98976905262
0.608,9.192344266,2.083806396,9.425573839,-15.5780313022,0.840082203855,0.151160536612,-0.0532116538263,0.132380368931,-0.989769648867
0.609,9.192209222,2.083946122,9.425473029,-15.6060833546,0.834733804235,0.151296611271,-0.053214089433,0.132378032458,-0.989769830419
0.61,9.191935766,2.083537937,9.425116098,-15.6530281475,0.829178943997,0.151573549517,-0.0532070292757,0.13237330574,-0.989770842146
0.611,9.191847646,2.083634064,9.425051409,-15.7083736053,0.824364532974,0.151660956408,-0.0532087040874,0.132371780565,-0.98977095609
0.612,9.191640368,2.083317466,9.424779272,-15.7586340823,0.822699938165,0.151863820623,-0.0532032266232,0.132368198027,-0.989771729657
0.613,9.191566662,2.083578012,9.424764985,-15.8079537345,0.825056651876,0.151927740967,-0.0532077542993,0.132366921131,-0.989771657037
0.614,9.191318908,2.083212412,9.424442542,-15.8658702865,0.830095126714,0.152173909014,-0.0532014305612,0.132362639267,-0.98977256959
0.615,9.191246885,2.083431288,9.424420685,-15.9366866777,0.83724417498,0.152232660493,-0.0532052344109,0.132361392427,-0.989772531861
0.616,9.191167828,2.083051939,9.424259728,-16.022426566,0.847335247104,0.152296270731,-0.0531986576129,0.132360027424,-0.989773067914
0.617,9.190935045,2.082975415,9.424015789,-16.120471673,0.860021207335,0.152525177713,-0.0531973493636,0.132356002482,-0.989773676467
0.618,9.190671181,2.083317401,9.423834047,-16.2225771877,0.87362681933,0.152781705279,-0.0532033056668,0.132351436021,-0.989773966949
0.619,9.190673718,2.083230243,9.423817254,-16.3209189389,0.887971505275,0.152769518633,-0.0532017926299,0.13235147994,-0.989774042405
0.62,9.190474508,2.083088843,9.423591714,-16.414756896,0.901814714613,0.152965807708,-0.0531993555078,0.132348035561,-0.989774633973
0.621,9.190202133,2.083111496,9.423331086,-16.5001783505,0.912854209248,0.153227407903,-0.0531997710012,0.132343325215,-0.989775241475
0.622,9.190056215,2.083013984,9.423167222,-16.5704130637,0.921192990259,0.153363051335,-0.0531980899499,0.132340802189,-0.98977566918
0.623,9.189870554,2.083394154,9.423070201,-16.62667225,0.926780256495,0.153545123453,-0.0532047031512,0.132337587163,-0.989775743584
0.624,9.189616604,2.082887599,9.422710548,-16.676858145,0.92944151439,0.153793068402,-0.0531959335944,0.132333199435,-0.989776801595
0.625,9.189423687,2.083230001,9.422598099,-16.7274735945,0.931264198039,0.153981643334,-0.0532018912258,0.132329860303,-0.989776927819
0.626,9.189056899,2.083360954,9.422269342,-16.7759119219,0.933516143009,0.154354997598,-0.0532041930252,0.132323514721,-0.989777652454
0.627,9.188789492,2.083755205,9.422095738,-16.8196602758,0.93674091624,0.154607717549,-0.053211056719,0.132318886704,-0.98977790219
0.628,9.188490561,2.083450631,9.421736853,-16.8557505553,0.940809808182,0.154908665936,-0.0532057962657,0.132313718816,-0.989778875839
0.629,9.18826909,2.083550445,9.421542937,-16.8794173106,0.942915928883,0.155134395301,-0.0532075459261,0.132309888135,-0.989779293862
0.63,9.18804591,2.08403725,9.421432954,-16.887396824,0.940953124454,0.155360932951,-0.0532160117814,0.132306023543,-0.989779355323
0.631,9.187686641,2.083994389,9.421073104,-16.8731690797,0.934937937758,0.155727775236,-0.0532152975691,0.13229981012,-0.989780224265
0.632,9.187585856,2.084377155,9.421059494,-16.8401495565,0.926905725352,0.155828344534,-0.0532219479037,0.13229806406,-0.989780100076
0.633,9.187269262,2.084494839,9.420776784,-16.8052672046,0.920201340752,0.15614280002,-0.0532240165877,0.132292587185,-0.989780720884
0.634,9.186979942,2.084498656,9.42049548,-16.7832975561,0.916407070191,0.156440052782,-0.0532241068509,0.132287583692,-0.989781384777
0.635,9.186598599,2.084724729,9.420173619,-16.7778298279,0.914342737557,0.156831505152,-0.053228060348,0.132280985684,-0.989782053999
0.636,9.1864089,2.085133147,9.420079018,-16.7849625672,0.912186201657,0.157020769672,-0.0532351639055,0.13227770105,-0.989782110936
0.637,9.186170337,2.085107285,9.419840649,-16.803197503,0.909737573175,0.157261004288,-0.0532347342737,0.132273575706,-0.989782685359
0.638,9.185999004,2.084925141,9.419633249,-16.8351606183,0.908269067534,0.157428866649,-0.0532315877883,0.132270613261,-0.989783250479
0.639,9.185873314,2.085319626,9.419598,-16.8788526777,0.909237765795,0.157556967728,-0.0532384434969,0.132268436569,-0.98978317263
0.64,9.18557925,2.085140802,9.419271645,-16.9288694748,0.912685967388,0.157851470602,-0.053235364514,0.132263352209,-0.989784017666
0.641,9.185543325,2.084996403,9.419204647,-16.9863373105,0.917894368672,0.157884236845,-0.0532328611925,0.132262731364,-0.989784235266
0.642,9.185392239,2.084944409,9.4190458,-17.0510987813,0.925223610693,0.158017657565,-0.0532319721256,0.132260118359,-0.989784632248
0.643,9.185236996,2.085170369,9.418944428,-17.1174770518,0.932360319599,0.158168968968,-0.0532359059477,0.132257431613,-0.989784779688
0.644,9.185012068,2.085034854,9.418695081,-17.1836045437,0.936474524776,0.158385626987,-0.0532335721508,0.132253542534,-0.989785424869
0.645,9.184916021,2.085007588,9.418595381,-17.2445720018,0.939130962701,0.158468632321,-0.0532331069607,0.13225188155,-0.989785671825
0.646,9.184687198,2.085008067,9.418372341,-17.2923479164,0.94164634857,0.158689198501,-0.0532331339104,0.132247923792,-0.98978619919
0.647,9.184548032,2.084937797,9.418221073,-17.3303370495,0.941964894595,0.158822018658,-0.0532319265924,0.132245517097,-0.989786585683
0.648,9.184259109,2.085320775,9.418024109,-17.3598202754,0.938638252908,0.159108442174,-0.0532385958528,0.132240516822,-0.989786895055
0.649,9.184023649,2.085381696,9.417807983,-17.376821991,0.93208749695,0.159334038432,-0.0532396721965,0.132236444245,-0.989787381268
0.65,9.183713939,2.085685839,9.417573315,-17.383587693,0.923496464381,0.159643568084,-0.053244975741,0.132231085003,-0.989787811966
0.651,9.183444017,2.085770235,9.417328788,-17.3779819154,0.913947495587,0.159909947487,-0.0532464621461,0.132226415386,-0.989788355833
0.652,9.183416687,2.085877707,9.41732594,-17.3572422677,0.903438204199,0.159940614744,-0.0532483298957,0.132225942611,-0.989788318513
0.653,9.183076673,2.086331419,9.41709488,-17.3241464874,0.892484468819,0.160273059193,-0.0532562305919,0.132220057847,-0.989788679571
0.654,9.182887282,2.08662214,9.416974609,-17.2814732875,0.88209770526,0.160464076031,-0.0532612912032,0.132216779774,-0.989788845161
0.655,9.182651248,2.086646071,9.416749745,-17.2360794262,0.872592356474,0.160700140705,-0.0532617263759,0.132212696686,-0.989789367158
0.656,9.182463588,2.086920858,9.416627645,-17.2001321807,0.863767201746,0.16090149425,-0.0532665095512,0.132209449247,-0.989789543534
0.657,9.182408551,2.087509182,9.416704381,-17.1819058344,0.854864751568,0.160957876198,-0.0532767236581,0.132208492389,-0.98978912161
0.658,9.182055029,2.087689411,9.416399611,-17.1863354063,0.846020820144,0.161310590769,-0.0532798806577,0.132202375967,-0.989789768641
0.659,9.181788664,2.087663097,9.416134041,-17.2102355269,0.838458604386,0.161568498957,-0.0532794454014,0.132197769699,-0.989790407301
0.66,9.181605334,2.088326795,9.416102448,-17.2401639835,0.832603527354,0.161757556464,-0.0532909777912,0.132194593677,-0.989790210645
0.661,9.181606854,2.088618322,9.41616859,-17.2668181314,0.828011708247,0.161757561718,-0.0532960373452,0.132194616958,-0.989789935113
0.662,9.181460791,2.089017176,9.416114646,-17.2848938661,0.824663677109,0.161897346308,-0.0533029703245,0.132192087132,-0.989789899653
0.663,9.181206419,2.088664058,9.415788276,-17.2909800476,0.821198937547,0.162151323728,-0.0532968631294,0.132187691206,-0.989790815614
0.664,9.181166101,2.088869487,9.415794534,-17.2937245878,0.815517986537,0.162183806212,-0.0533004316312,0.132186991664,-0.98979071688
0.665,9.18093522,2.088962327,9.415590004,-17.3091379404,0.809232194069,0.162404360219,-0.0533020615681,0.132182997224,-0.989791162558
0.666,9.180924796,2.089247692,9.415643155,-17.3400606672,0.805939267232,0.162411566313,-0.0533070145281,0.132182814801,-0.989790920181
0.667,9.180784331,2.089200972,9.415495825,-17.3801663382,0.806438522371,0.162550009459,-0.0533062147513,0.132180385732,-0.989791287644
0.668,9.180568235,2.089066429,9.415255262,-17.4311973114,0.809825231379,0.162743826601,-0.0533038975717,0.132176649138,-0.989791911427
0.669,9.180431308,2.089411683,9.415198361,-17.4932343209,0.816353563948,0.162876302648,-0.0533099006421,0.132174278448,-0.9897919047
0.67,9.180324177,2.089205804,9.415048215,-17.5611666711,0.825330735753,0.162976844138,-0.0533063362723,0.132172427199,-0.989792343879
0.671,9.180120387,2.089024961,9.414809377,-17.6352811112,0.834164334571,0.163174029381,-0.0533032148131,0.132168904156,-0.989792982429
0.672,9.180016676,2.089369497,9.414784706,-17.7156264588,0.842205030928,0.163253828987,-0.0533092026242,0.132167106962,-0.98979289993
0.673,9.179864997,2.089130101,9.414583683,-17.7985335328,0.851551116775,0.163398310782,-0.0533050605128,0.13216448516,-0.989793473097
0.674,9.179640923,2.089160556,9.414371955,-17.882738105,0.863424479004,0.163608293475,-0.0533056073273,0.132160610244,-0.989793961048
0.675,9.179548556,2.089290813,9.414310797,-17.9673597045,0.877327956623,0.163694597184,-0.053307875138,0.132159011337,-0.989794052402
0.676,9.179346724,2.089410498,9.414140562,-18.0506993744,0.892927667588,0.16388667113,-0.0533099683632,0.132155518878,-0.989794405977
0.677,9.179070617,2.089326749,9.413852753,-18.1312539845,0.908513039536,0.164157730764,-0.053308538393,0.132150744165,-0.989795120493
0.678,9.178917633,2.089190974,9.413673451,-18.2082910094,0.920415833258,0.164306143474,-0.0533061943681,0.13214809959,-0.989795599817
0.679,9.178566163,2.088978487,9.413283589,-18.2811284892,0.926697709079,0.164651556795,-0.0533025355486,0.132142022231,-0.989796608231
0.68,9.178168328,2.088901144,9.41287851,-18.3468804741,0.927905722183,0.16506389035,-0.0533012259023,0.13213514157,-0.98979759733
0.681,9.177874045,2.088870211,9.412584701,-18.4032495133,0.924118156182,0.165354908396,-0.0533007136752,0.132130052161,-0.989798304321
0.682,9.177472161,2.088868819,9.41219253,-18.4498616207,0.915577113655,0.165769945096,-0.0533007220478,0.13212310045,-0.989799231843
0.683,9.177182148,2.088982867,9.411935061,-18.4903091759,0.90351853381,0.166054765749,-0.0533027252263,0.132118083376,-0.98979979366
0.684,9.176825076,2.088945743,9.411578656,-18.5295287632,0.88983166071,0.166420571036,-0.0533021100977,0.132111907947,-0.98980065106
0.685,9.176453261,2.088907269,9.411207576,-18.5673538167,0.876602910742,0.166808856349,-0.0533014730033,0.13210547736,-0.989801543658
0.686,9.17613604,2.089010159,9.410921106,-18.6049349482,0.864283697374,0.167134450526,-0.053303284921,0.132099989526,-0.98980217851
0.687,9.175905525,2.088709608,9.41062963,-18.646981536,0.852783728736,0.167375217349,-0.0532980876893,0.132096004929,-0.98980299016
0.688,9.175731377,2.089317155,9.410594693,-18.6894679874,0.842829270473,0.167542738996,-0.0533086446264,0.132092988478,-0.989802824204
0.689,9.175518216,2.089417527,9.410409137,-18.7230336814,0.835840688098,0.167755221004,-0.0533104044043,0.132089300373,-0.98980322161
0.69,9.175266111,2.089731991,9.410233154,-18.7414132828,0.833076646027,0.168008579719,-0.0533158816852,0.132084937748,-0.989803508773
0.691,9.174913582,2.089493017,9.409836359,-18.7421023614,0.834165279173,0.168360296891,-0.0533117639839,0.132078841581,-0.989804544053
0.692,9.174843549,2.089467504,9.409762409,-18.7328065865,0.839350513179,0.168417140271,-0.0533113271367,0.132077630784,-0.989804729149
0.693,9.174524196,2.089888433,9.40954451,-18.7169239009,0.849644643346,0.168730117647,-0.0533186578269,0.132072103701,-0.989805071795
0.694,9.174519566,2.090267541,9.409624204,-18.6915474543,0.864633482569,0.168715220852,-0.0533252364628,0.13207202012,-0.989804728549
0.695,9.174278009,2.090615241,9.409465929,-18.6591180804,0.882692994014,0.168952220487,-0.0533312902899,0.132067840118,-0.989804960122
0.696,9.174182445,2.090701061,9.409391822,-18.6241683706,0.901292064366,0.169033016073,-0.053332787761,0.13206618608,-0.98980510013
0.697,9.174003664,2.090823633,9.409244746,-18.5919098578,0.919177198683,0.169196288191,-0.0533349290216,0.132063092488,-0.989805397514
0.698,9.173669795,2.090951937,9.408947737,-18.5650199551,0.936299860614,0.169515409454,-0.0533371826425,0.132057317044,-0.989806046639
0.699,9.173595497,2.091276599,9.408947452,-18.5477211423,0.951989488045,0.169567569626,-0.0533428235064,0.132056029077,-0.989805914493
0.7,9.173403866,2.091299118,9.40876562,-18.5432405506,0.966078814477,0.169742742614,-0.0533432300379,0.132052714345,-0.989806334817
0.701,9.173095756,2.091322536,9.408470423,-18.5484863582,0.978866664958,0.170035408307,-0.0533436613796,0.132047385515,-0.989807022489
0.702,9.172629477,2.091284989,9.408007463,-18.5567148758,0.989971871188,0.170498552987,-0.053343048353,0.13203932061,-0.98980813141
0.703,9.172218826,2.09153694,9.407663098,-18.5602899671,0.999103378443,0.170893646521,-0.0533474540647,0.132032215672,-0.989808841731
0.704,9.17180616,2.09116409,9.40717787,-18.5638721479,1.00633713042,0.171297039668,-0.0533410174533,0.132025081346,-0.989810140255
0.705,9.171310059,2.091229834,9.406708799,-18.5816523652,1.01055291353,0.171784901142,-0.053342198682,0.132016500224,-0.989811221147
0.706,9.170949991,2.09137496,9.406390007,-18.618606639,1.01059148083,0.172135238587,-0.0533447462818,0.132010270749,-0.989811914689
0.707,9.170562096,2.091237045,9.405981157,-18.672212679,1.00704293631,0.172522719906,-0.0533423847461,0.132003562501,-0.989812936608
0.708,9.170278533,2.091622776,9.405790461,-18.7368612025,1.00165326744,0.172810574769,-0.0533491019491,0.131998654952,-0.989813229055
0.709,9.169803399,2.091561972,9.405313703,-18.8050449246,0.995468082312,0.173298043227,-0.053348086245,0.131990436812,-0.989814379712
0.71,9.169299754,2.091109666,9.404722091,-18.8754335381,0.988437276592,0.173807844661,-0.0533402776352,0.131981729654,-0.989815961591
0.711,9.16880765,2.091049851,9.404229006,-18.9432948628,0.980232296845,0.174310503529,-0.0533392799771,0.131973218366,-0.989817150208
0.712,9.168621845,2.091115728,9.404062501,-18.9937367491,0.969797652626,0.174513502445,-0.0533404389924,0.131970003467,-0.98981751639
0.713,9.168118768,2.091162445,9.403582408,-19.0224619938,0.955849206742,0.175024186569,-0.0533412909215,0.131961301909,-0.989818630599
0.714,9.167760987,2.091203166,9.403242643,-19.0374638273,0.939369410225,0.175392172565,-0.0533420260922,0.131955113294,-0.989819416019
0.715,9.167502163,2.091014247,9.402948287,-19.0462930529,0.923476888322,0.175666075099,-0.0533387689096,0.131950638434,-0.989820188089
0.716,9.167096908,2.091143771,9.402581985,-19.0572628888,0.909240976524,0.176080183212,-0.0533410499925,0.131943627015,-0.989820999816
0.717,9.16675492,2.091368578,9.402298564,-19.073116765,0.895496107288,0.176424744665,-0.0533449793877,0.131937709926,-0.989821576787
0.718,9.166638057,2.091255547,9.402159488,-19.0959900365,0.882453409055,0.176543165265,-0.053343027469,0.131935689996,-0.989821951224
0.719,9.166427495,2.091302379,9.401964617,-19.1294832691,0.871695513924,0.176752398002,-0.0533438574116,0.131932047711,-0.989822391979
0.72,9.166104033,2.091473114,9.401687238,-19.1691841557,0.864549047852,0.177073449381,-0.0533468467703,0.131926451445,-0.989822976774
0.721,9.16594464,2.091466142,9.401530289,-19.2130329685,0.862666134732,0.177221287375,-0.0533467388033,0.131923694601,-0.989823350029
0.722,9.165874535,2.09138104,9.401443009,-19.2646098634,0.867381240494,0.177280240465,-0.053345267649,0.131922482205,-0.989823590903
0.723,9.165677691,2.092000376,9.401388892,-19.3187296012,0.878418935488,0.177453202363,-0.0533560314695,0.131919072509,-0.989823465177
0.724,9.165594687,2.092073658,9.401324276,-19.3675486116,0.895226117351,0.177518444878,-0.0533573099865,0.131917636331,-0.989823587664
0.725,9.165293371,2.092116944,9.401040149,-19.4072850318,0.916084219165,0.177801147967,-0.0533580856253,0.131912424399,-0.989824240453
0.726,9.165180763,2.09207951,9.400922034,-19.4350145852,0.937433950701,0.177893474651,-0.0533574454765,0.131910476885,-0.989824534501
0.727,9.165092105,2.092338623,9.400893266,-19.4521286817,0.956790975472,0.177954921093,-0.0533619493758,0.131908941558,-0.98982449631
0.728,9.164814343,2.092544386,9.400668271,-19.4595291769,0.974267147805,0.178217816007,-0.0533655421343,0.131904135339,-0.989824943105
0.729,9.164471367,2.092960633,9.400426567,-19.4606608181,0.989333904896,0.178540387504,-0.0533727940755,0.131898199939,-0.98982534303
0.73,9.164199081,2.093144805,9.400202124,-19.4606129987,1.00015275101,0.178800229991,-0.0533760126473,0.131893488646,-0.989825797263
0.731,9.163810054,2.093244465,9.399845057,-19.4634419223,1.00570246677,0.179171838663,-0.0533777733783,0.13188675857,-0.989826599068
0.732,9.163368709,2.093565419,9.399486277,-19.4718962569,1.00678580063,0.179605262971,-0.0533833795711,0.131879122602,-0.989827314135
0.733,9.162878419,2.093367195,9.398964152,-19.4866358146,1.00574779101,0.180088420383,-0.0533799800192,0.131870643562,-0.989828627137
0.734,9.162327051,2.093591613,9.398476623,-19.5096691099,1.0046625864,0.180632697069,-0.0533839192759,0.131861104463,-0.989829685498
0.735,9.161832814,2.093642099,9.398006052,-19.5405225595,1.00417819766,0.181123690746,-0.0533848359382,0.131852555981,-0.989830774816
0.736,9.161418425,2.093566659,9.397585271,-19.5780791592,1.00320630432,0.18153798067,-0.0533835603161,0.131845388847,-0.989831798301
0.737,9.161011813,2.093367114,9.397144424,-19.6181796246,0.999489044834,0.181954009323,-0.0533801308232,0.131838357098,-0.989832919856
0.738,9.160653889,2.093570089,9.396840713,-19.6481802845,0.992156039118,0.18231972313,-0.0533836831888,0.131832164262,-0.989833553096
0.739,9.160083414,2.093197162,9.396201494,-19.664359569,0.981718384419,0.182897678788,-0.05337725814,0.13182230004,-0.989835213319
0.74,9.159732617,2.093586877,9.395946341,-19.6745312924,0.968933817726,0.183265736188,-0.0533840496413,0.131816229406,-0.989835655505
0.741,9.159295895,2.093666413,9.395538321,-19.6825683473,0.954339498726,0.183719813369,-0.0533854649751,0.131808674173,-0.989836585272
0.742,9.158752571,2.093778654,9.395033672,-19.6910581763,0.938468769563,0.184269994565,-0.0533874574582,0.131799275278,-0.989837729339
0.743,9.158415179,2.093621128,9.39466966,-19.703844353,0.923270587555,0.184611343013,-0.0533847512969,0.131793441025,-0.989838652121
0.744,9.157973165,2.093320729,9.394171819,-19.7248542731,0.910640794049,0.185063248905,-0.0533795742742,0.131785797926,-0.989839948939
0.745,9.157739661,2.093630504,9.394013221,-19.7459017385,0.899859193764,0.185308507513,-0.053384969778,0.13178175689,-0.989840195967
0.746,9.1573957,2.093260286,9.393595404,-19.7589015167,0.888915959897,0.185660337799,-0.0533785727788,0.131775810159,-0.989841332651
0.747,9.157162824,2.093384217,9.393396003,-19.7742755429,0.877108782303,0.185896072137,-0.0533807421779,0.131771780691,-0.989841752089
0.748,9.157126826,2.093546415,9.393397058,-19.8033369903,0.866688578421,0.185922528988,-0.053383560224,0.131771156764,-0.989841683171
0.749,9.156714612,2.093768322,9.393044675,-19.8497072075,0.861003886694,0.186318329867,-0.0533874446992,0.131764025043,-0.989842423042
0.75,9.156520306,2.093732063,9.392847176,-19.9096192179,0.859630459558,0.186506719438,-0.0533868314856,0.131760664167,-0.989842903496
0.751,9.156330859,2.093853539,9.392689575,-19.9767406769,0.861207016262,0.186678311958,-0.0533889552811,0.13175738631,-0.989843225267
0.752,9.156143798,2.093946045,9.392527843,-20.0477294772,0.867070116406,0.186847196217,-0.0533905753693,0.131754150034,-0.989843568656
0.753,9.155903759,2.094280493,9.392368414,-20.1127845947,0.877169510693,0.187062481398,-0.0533963991244,0.131749995543,-0.989843807494
0.754,9.155796216,2.094209163,9.392247674,-20.1646668564,0.890833030514,0.187142629826,-0.0533951705199,0.131748136224,-0.989844121247
0.755,9.155597417,2.094407288,9.392098059,-20.2131993283,0.90919970021,0.187319182122,-0.0533986246654,0.131744696109,-0.989844392787
0.756,9.155427746,2.09467101,9.391991474,-20.2651370197,0.931040924534,0.187472581333,-0.0534032149226,0.131741758519,-0.989844536126
0.757,9.15520041,2.094955433,9.391833305,-20.3189742549,0.951668356258,0.187678096367,-0.0534081694556,0.131737824223,-0.989844792432
0.758,9.154875009,2.095246479,9.39158103,-20.3696951416,0.96836340241,0.18797705185,-0.0534132472407,0.13173219391,-0.98984526776
0.759,9.154517265,2.095121629,9.391204449,-20.4041491833,0.981938243484,0.188320047584,-0.0534111098068,0.13172600658,-0.989846206509
0.76,9.154064511,2.095431947,9.390832344,-20.4187644672,0.992791539846,0.18875437526,-0.0534165321117,0.131718172812,-0.989846956377
0.761,9.153603453,2.095517826,9.390402075,-20.4201341259,1.00055705221,0.189215885418,-0.0534180600193,0.13171019697,-0.989847935229
0.762,9.153117755,2.095760269,9.389982734,-20.4122401644,1.00657068002,0.18969398488,-0.0534223071046,0.13170179402,-0.989848824092
0.763,9.152599324,2.096158176,9.389566203,-20.398507344,1.01211365687,0.190209393627,-0.0534292547302,0.13169282353,-0.989849642607
0.764,9.152177133,2.09637806,9.38920376,-20.3795389936,1.01611313681,0.190635188994,-0.053433104552,0.131685518381,-0.989850406671
0.765,9.151936169,2.096892661,9.389083793,-20.354208614,1.0170309587,0.190882004424,-0.0534420551669,0.131681346407,-0.98985047848
0.766,9.15134898,2.097199764,9.388580032,-20.3191557588,1.01361520919,0.191489518557,-0.0534474323852,0.131671187644,-0.989851539533
0.767,9.150932181,2.097036386,9.38813727,-20.2764215927,1.005319507,0.191913609208,-0.0534446306444,0.1316639792,-0.989852649659
0.768,9.150375081,2.09707797,9.387603535,-20.2381435898,0.993979945176,0.192484248984,-0.053445397991,0.131654342933,-0.989853889935
0.769,9.149980489,2.097403466,9.387291635,-20.2070811308,0.982472372718,0.192887570915,-0.053451078697,0.131647514845,-0.989854491338
0.77,9.149541753,2.097565513,9.3869002,-20.1826555494,0.971426677537,0.193352628215,-0.0534539266022,0.131639924201,-0.989855347052
0.771,9.148994217,2.097107703,9.386264214,-20.1750247721,0.960609072446,0.193911725029,-0.0534460274683,0.131630456786,-0.989857032603
0.772,9.148722088,2.09695065,9.385963876,-20.1946948318,0.950700735915,0.194189224059,-0.0534433244256,0.131625750996,-0.989857804308
0.773,9.148427594,2.097023054,9.385693002,-20.251877059,0.941265054404,0.194494730059,-0.0534446047771,0.131620657046,-0.989858412531
0.774,9.148070583,2.096878901,9.385312809,-20.3524713176,0.930854258194,0.194858851612,-0.0534421325192,0.131614482604,-0.989859367002
0.775,9.148003295,2.096929659,9.385258562,-20.4817398982,0.92034951191,0.19492756145,-0.0534430183759,0.131613318375,-0.989859473973
0.776,9.147695237,2.096620799,9.384889287,-20.6202096313,0.911701815361,0.195242272637,-0.0534376832861,0.131607991893,-0.989860470205
0.777,9.147443089,2.096615976,9.384642434,-20.758812119,0.904274831659,0.195502336597,-0.0534376206284,0.13160363037,-0.989861053469
0.778,9.147229003,2.096484213,9.384404322,-20.89186368,0.897747827003,0.195704678723,-0.0534353512155,0.131599928845,-0.989861668097
0.779,9.147033164,2.096649944,9.384250459,-21.011935619,0.894603677843,0.195887768353,-0.0534382433345,0.131596539598,-0.989861962556
0.78,9.146854921,2.096986019,9.384151816,-21.1080614315,0.897272304408,0.196047299533,-0.0534440900277,0.131593454192,-0.989862057084
0.781,9.146642695,2.096682891,9.383877223,-21.1830665351,0.906390405087,0.196232633549,-0.0534388474638,0.131589785194,-0.989862827878
0.782,9.146413492,2.096886326,9.383699273,-21.2507603214,0.920776167658,0.196446391269,-0.0534423957538,0.131585819402,-0.989863163507
0.783,9.146318347,2.096920034,9.383614066,-21.3165132144,0.939605207669,0.196517190593,-0.0534429887545,0.131584172627,-0.989863350401
0.784,9.146170107,2.097319472,9.383558844,-21.3797507569,0.962484352345,0.196645314247,-0.053449932943,0.131581605891,-0.989863316655
0.785,9.145994424,2.097996498,9.383538954,-21.4335351845,0.987828790475,0.196789348051,-0.0534616962966,0.131578561173,-0.989863086123
0.786,9.145704806,2.097469162,9.383138775,-21.4757373888,1.01268311773,0.197063595516,-0.053452568143,0.131573555893,-0.989864244403
0.787,9.145411097,2.097680412,9.382899725,-21.5136525455,1.03420225623,0.197332754565,-0.053456258423,0.131568473718,-0.989864720636
0.788,9.145081418,2.09789491,9.382626348,-21.5471331364,1.05184181997,0.197649320258,-0.0534600082618,0.131562768989,-0.989865276355
0.789,9.144531091,2.098003503,9.382114238,-21.5750163206,1.06615420745,0.198183677991,-0.053461937507,0.131553249256,-0.989866437378
0.79,9.144160217,2.098019416,9.381756314,-21.5955293003,1.0763227094,0.198552337829,-0.0534622439026,0.131546834122,-0.98986727338
0.791,9.143551025,2.098200351,9.381203018,-21.6034586558,1.08100448399,0.199154144025,-0.0534654334777,0.131536294726,-0.989868501667
0.792,9.143136926,2.098378065,9.38083916,-21.6040499612,1.07944654097,0.199564770555,-0.0534685511302,0.131529130905,-0.98986928519
0.793,9.142598728,2.098987258,9.380450896,-21.599440958,1.0718767951,0.200109861833,-0.0534791674312,0.131519815906,-0.989869949375
0.794,9.142055573,2.098891711,9.379900133,-21.5860315696,1.05969410768,0.200656535488,-0.0534775533334,0.131510421692,-0.989871284701
0.795,9.141670516,2.099024294,9.37955451,-21.5736840041,1.04586827684,0.201056949321,-0.0534798864437,0.131503760276,-0.98987204364
0.796,9.141224078,2.099442443,9.379212985,-21.5724565739,1.03253559089,0.201517511418,-0.0534871793169,0.131496033869,-0.989872676017
0.797,9.140784501,2.099604905,9.378820931,-21.5777933241,1.01992600822,0.201971135924,-0.0534900340485,0.131488429248,-0.989873531938
0.798,9.140448178,2.099693739,9.378513032,-21.5802804022,1.00712613874,0.202333752128,-0.0534916029159,0.131482610805,-0.989874220027
0.799,9.139976094,2.099692482,9.378052651,-21.5779558185,0.992204082868,0.202818684462,-0.0534916197419,0.131474445571,-0.989875303651
0.8,9.139601309,2.099322252,9.377604491,-21.5787412871,0.974357395539,0.203197665283,-0.0534852259174,0.131467965526,-0.989876509798
0.801,9.13923038,2.099577655,9.377300159,-21.5920578929,0.954340360218,0.203577897073,-0.0534896888472,0.131461546478,-0.989877121154
0.802,9.13906748,2.099489694,9.3771217,-21.619981928,0.933169718542,0.20375279515,-0.0534881753242,0.131458730183,-0.989877576955
0.803,9.138838719,2.099319041,9.376860539,-21.6609654452,0.912987936778,0.203992219453,-0.0534852325804,0.131454774515,-0.989878261279
0.804,9.138705873,2.099114086,9.376685181,-21.714900329,0.896232290374,0.204122910053,-0.0534816860732,0.131452478189,-0.989878757845
0.805,9.138671634,2.099229903,9.376677739,-21.7779521608,0.884382358281,0.204161003139,-0.0534836987902,0.13145188408,-0.989878727994
0.806,9.138470611,2.098744224,9.376373095,-21.845964546,0.877826827363,0.204351820785,-0.0534752875342,0.131448411464,-0.989879643566
0.807,9.138365532,2.09846386,9.376207931,-21.9188977344,0.877841990453,0.204450016556,-0.053470430076,0.131446596099,-0.989880147029
0.808,9.138260988,2.098767865,9.376174083,-21.9942101906,0.887021552992,0.204535935313,-0.053475714596,0.131444785235,-0.989880102024
0.809,9.138170674,2.098728457,9.376077239,-22.0671568681,0.904342503271,0.204610697365,-0.0534750381797,0.131443223053,-0.989880346004
0.81,9.138125604,2.099019469,9.376098458,-22.133421708,0.926368625931,0.204638882208,-0.0534800923118,0.13144244158,-0.989880176727
0.811,9.137898622,2.098660142,9.3757968,-22.1935582399,0.951335579681,0.204843584296,-0.053473875028,0.1314385174,-0.989881033677
0.812,9.13773981,2.098940949,9.375704877,-22.2493205591,0.977444023564,0.204985342762,-0.0534787606699,0.131435768751,-0.989881134708
0.813,9.13758647,2.09893754,9.375554666,-22.2995525743,1.00188949139,0.205115261472,-0.0534787144852,0.131433116265,-0.989881489394
0.814,9.137294238,2.099361474,9.375364771,-22.3425919872,1.02240619363,0.205386388022,-0.0534860946644,0.131428057769,-0.989881762287
0.815,9.137187805,2.099702015,9.375337303,-22.3694944992,1.03792179171,0.205474493214,-0.0534920129528,0.131426214084,-0.989881687275
0.816,9.136786564,2.099684956,9.374942434,-22.3764293977,1.04826723877,0.205858499931,-0.0534917497701,0.131419273334,-0.989882622993
0.817,9.136343907,2.099641023,9.374501182,-22.3768986041,1.05407054207,0.206273540759,-0.0534910238176,0.131411616653,-0.989883678712
0.818,9.135972051,2.100179197,9.37425933,-22.3819173675,1.05631983034,0.206639205423,-0.0535003936318,0.131405179924,-0.989884026829
0.819,9.135534276,2.100317323,9.373863631,-22.3840696654,1.05653369324,0.207071518304,-0.0535028261841,0.131397606815,-0.989884900639
0.82,9.135051915,2.100739067,9.373488045,-22.3699647966,1.0555885157,0.207560630873,-0.0535101847336,0.131389259239,-0.98988561091
0.821,9.134677225,2.100980657,9.373177035,-22.3355505704,1.0519781258,0.207939994603,-0.0535144075999,0.131382775771,-0.989886243166
0.822,9.134186269,2.101405297,9.372793768,-22.2869382255,1.04358944667,0.208446340021,-0.053521817424,0.131374279786,-0.989886970149
0.823,9.133875693,2.10184627,9.372589979,-22.2321952228,1.02916340653,0.208769947973,-0.0535294950205,0.13136890373,-0.989887268478
0.824,9.133567269,2.101826299,9.372284932,-22.1805159459,1.00975607697,0.209092486218,-0.0535291736314,0.131363569634,-0.989887993736
0.825,9.13314335,2.102044592,9.37192077,-22.1445770728,0.98857505435,0.209536457997,-0.0535329969853,0.131356234766,-0.989888760327
0.826,9.132851275,2.102250956,9.371682426,-22.1287227017,0.968383230141,0.209835838245,-0.0535366017451,0.131351180517,-0.989889236051
0.827,9.132609744,2.102051423,9.371402292,-22.1333795162,0.950786286633,0.210095200047,-0.0535331588694,0.1313470043,-0.989889976393
0.828,9.132317102,2.102301284,9.371173157,-22.1604412897,0.936629020402,0.210400609005,-0.0535375189549,0.131341939712,-0.98989041259
0.829,9.132003771,2.102151352,9.370834177,-22.2051598789,0.92537144556,0.210722223011,-0.0535349421935,0.131336521542,-0.989891270834
0.83,9.131784777,2.102194532,9.370630452,-22.2639755104,0.916802450322,0.210947444781,-0.0535357099813,0.131332732903,-0.989891731971
0.831,9.131670781,2.102204401,9.370521575,-22.3346674423,0.912208846643,0.211060652846,-0.0535358900491,0.13133076088,-0.989891983867
0.832,9.131415528,2.102082821,9.370245553,-22.4113556965,0.912018662058,0.211325684666,-0.0535338018573,0.131326345947,-0.989892682526
0.833,9.131413308,2.102121805,9.370252135,-22.4902611487,0.916685311478,0.211310506502,-0.0535344785969,0.131326307475,-0.989892651032
0.834,9.131244341,2.102021279,9.370064924,-22.5716846235,0.926925541225,0.211469201971,-0.0535327470832,0.13132338547,-0.989893132322
0.835,9.131157067,2.101904345,9.369953642,-22.6558939069,0.941339761511,0.211541466251,-0.0535307256216,0.131321876819,-0.989893441782
0.836,9.131051615,2.10193758,9.369858334,-22.7416311463,0.95737089181,0.211629747712,-0.0535313109194,0.131320052139,-0.989893652196
0.837,9.130908871,2.10203418,9.369740899,-22.8257021518,0.973446701238,0.211762412145,-0.0535329990426,0.131317582468,-0.98989388853
0.838,9.130901917,2.102048728,9.369737385,-22.9028674941,0.989391692129,0.211744170925,-0.0535332516807,0.131317462616,-0.989893890766
0.839,9.13072933,2.102286942,9.369622644,-22.9637588304,1.00494071937,0.211892706376,-0.0535373999135,0.131314475226,-0.989894062719
0.84,9.130553238,2.102186339,9.369428469,-23.0012949926,1.0186133305,0.212050381048,-0.0535356684112,0.131311429332,-0.989894560413
0.841,9.13029091,2.102346341,9.369208731,-23.0237826693,1.0300349489,0.212292937227,-0.0535384660126,0.131306890608,-0.989895011168
0.842,9.129973816,2.102316699,9.368893071,-23.0444461813,1.04017969349,0.212589216158,-0.0535379775766,0.131301405906,-0.989895765101
0.843,9.129682239,2.103136023,9.368792821,-23.0606688859,1.04987548859,0.212860355282,-0.0535522203444,0.131296355629,-0.98989566455
0.844,9.129236036,2.102981884,9.368323404,-23.0637655866,1.05830776051,0.2132941452,-0.0535495819145,0.131288638458,-0.989896830831
0.845,9.128885884,2.103232184,9.368038381,-23.061616479,1.06341340845,0.213621702496,-0.0535539539659,0.131282579289,-0.98989739791
0.846,9.128336436,2.103116362,9.367476956,-23.0644792648,1.06448599135,0.214167898801,-0.0535519885364,0.131273075936,-0.98989876455
0.847,9.127956201,2.103314479,9.367150912,-23.0682749452,1.06183158734,0.214544677332,-0.0535554578351,0.131266496724,-0.989899449325
0.848,9.12748711,2.10342911,9.366719542,-23.0592860689,1.05554305492,0.215015261623,-0.053557485393,0.131258381562,-0.989900415713
0.849,9.127167952,2.103616053,9.366450519,-23.0290451488,1.04694642613,0.215332577244,-0.0535607563129,0.131252859428,-0.989900970944
0.85,9.126753863,2.103517524,9.36602488,-22.9862574204,1.03732660726,0.215757651516,-0.0535590801418,0.131245696634,-0.989902011337
0.851,9.126422136,2.103825373,9.365770775,-22.9487295389,1.0277575413,0.216100776511,-0.0535644494936,0.131239955828,-0.989902481937
0.852,9.12619906,2.104198843,9.365637301,-22.9271821482,1.01927535912,0.216334211111,-0.0535709494551,0.13123609463,-0.989902642102
0.853,9.125829521,2.104480323,9.365340457,-22.9253033382,1.01234429195,0.216718372889,-0.0535758640358,0.131229699259,-0.98990322397
0.854,9.125435335,2.104516802,9.36496455,-22.9431626515,1.00695802105,0.217128540417,-0.0535765289266,0.131222880182,-0.989904091953
0.855,9.125386041,2.104511083,9.364915231,-22.978679234,1.00212434214,0.217194792983,-0.0535764338734,0.131222027481,-0.989904210132
0.856,9.124971207,2.10440112,9.364486297,-23.0301098638,0.996935891055,0.217606950469,-0.0535745590924,0.131214853194,-0.989905262598
0.857,9.124849848,2.104300234,9.364345371,-23.0952542851,0.992353306201,0.217741694454,-0.0535728184198,0.131212753879,-0.989905635071
0.858,9.12448563,2.10415901,9.363958733,-23.1695185181,0.989594750325,0.218120658681,-0.0535703980393,0.131206455233,-0.989906600927
0.859,9.124286015,2.104162569,9.363765022,-23.2462837605,0.989813735794,0.218310639218,-0.0535704758441,0.131203002145,-0.989907054398
0.86,9.124224348,2.104312599,9.363738648,-23.3169735862,0.994055347364,0.218373290221,-0.0535730848034,0.131201933812,-0.989907054803
0.861,9.123946988,2.104184146,9.363439515,-23.3716718583,1.00131543623,0.218643605895,-0.0535708774363,0.131197137786,-0.989907809913
0.862,9.123834118,2.104141131,9.363319866,-23.4115836777,1.01022504338,0.218748467396,-0.0535701402691,0.131195184924,-0.989908108626
0.863,9.123636554,2.103902903,9.363073822,-23.4507000957,1.01956193327,0.218934790687,-0.0535660227173,0.131191769137,-0.989908784142
0.864,9.123740238,2.10414674,9.363229648,-23.4994097177,1.02739872607,0.218823494797,-0.0535702457225,0.131193561601,-0.989908318062
0.865,9.123438856,2.103988715,9.362900463,-23.5569760327,1.03218323887,0.219109888166,-0.0535675278334,0.131188349038,-0.989909155952
0.866,9.123287288,2.103928344,9.362739205,-23.6183449543,1.0340767618,0.219250432814,-0.0535664928128,0.131185727685,-0.989909559354
0.867,9.123105848,2.104063788,9.362592842,-23.6825883565,1.03525636602,0.219414626297,-0.0535688577612,0.13118258814,-0.989909847434
0.868,9.122951528,2.10396436,9.362420125,-23.7482265952,1.03781036719,0.219560471296,-0.0535671444484,0.131179919106,-0.989910293844
0.869,9.122813847,2.103738837,9.362235288,-23.811343501,1.04352841464,0.219685165563,-0.0535632423006,0.131177539767,-0.989910820294
0.87,9.1225231,2.103967544,9.362003372,-23.8634678464,1.05249479355,0.219972871334,-0.053567235576,0.131172508522,-0.989911270913
0.871,9.122349295,2.1040262,9.361847195,-23.8943348659,1.0607148225,0.220126141035,-0.053568267277,0.131169501302,-0.989911613564
0.872,9.122118037,2.104461579,9.361719715,-23.9116642568,1.06528560507,0.220352274034,-0.0535758418423,0.131165497548,-0.989911734158
0.873,9.121774245,2.10456648,9.361408305,-23.9261436017,1.06774895937,0.220692464248,-0.0535776907587,0.131159549704,-0.989912422174
0.874,9.121512431,2.10498987,9.361248388,-23.9297185796,1.07005673555,0.220953844239,-0.0535850596531,0.131155016693,-0.989912623911
0.875,9.121300259,2.104951721,9.361033071,-23.91861485,1.07142764307,0.221183941408,-0.0535844144661,0.131151346637,-0.98991314508
0.876,9.120999789,2.105078231,9.360768745,-23.9013173814,1.06911504985,0.221490659837,-0.0535866349025,0.131146148662,-0.989913713538
0.877,9.120771697,2.105336751,9.360604638,-23.8780010495,1.06154543607,0.221731864697,-0.0535911392217,0.13114220031,-0.989913992777
0.878,9.120624815,2.105622293,9.360525747,-23.8498303573,1.04985189613,0.221883190294,-0.0535961072136,0.131139658014,-0.989914060607
0.879,9.12018233,2.10582513,9.360140234,-23.8321043048,1.03746834265,0.222342514325,-0.0535996635178,0.131132002111,-0.989914882247
0.88,9.119994487,2.106225177,9.360047219,-23.8297592425,1.02597417807,0.222537213445,-0.0536066211592,0.131128749001,-0.989914936423
0.881,9.119907239,2.10646558,9.360016308,-23.8336364723,1.01501502027,0.222634437879,-0.0536108000345,0.131127237653,-0.989914910316
0.882,9.119607464,2.106489503,9.359729608,-23.8452704941,1.00578993384,0.222942516366,-0.0536112397272,0.131122051525,-0.98991557346
0.883,9.119548216,2.106750096,9.359730532,-23.8628480001,0.998565729398,0.223015292028,-0.0536157672382,0.131121025018,-0.98991546422
0.884,9.119293905,2.107019068,9.359543294,-23.8692768483,0.99207785733,0.223265481985,-0.0536204555034,0.131116624067,-0.989915793209
0.885,9.119102054,2.106830222,9.359313856,-23.857825838,0.985705612178,0.223465474546,-0.0536171940223,0.13111330612,-0.989916409331
0.886,9.119046893,2.107294415,9.359364615,-23.8385911529,0.979609086345,0.22352297985,-0.0536252544227,0.131112348859,-0.989916099508
0.887,9.118974919,2.107219502,9.359277622,-23.8285051263,0.97500814103,0.223592473841,-0.0536239601689,0.131111104206,-0.98991633447
0.888,9.119002291,2.107114149,9.359280572,-23.8438763238,0.973754450088,0.223563666129,-0.0536221296985,0.131111578791,-0.989916370767
0.889,9.118858028,2.106732267,9.359054043,-23.8895017904,0.976688197042,0.223707681584,-0.0536155139472,0.131109085747,-0.989917059303
0.89,9.118752862,2.106978312,9.359006965,-23.9611839604,0.983011473874,0.223802587686,-0.0536197920476,0.131107264509,-0.989917068796
0.891,9.118860211,2.107041449,9.359125772,-24.0513753661,0.992055768877,0.223685705133,-0.0536208790043,0.131109120922,-0.989916764049
0.892,9.118693607,2.107141857,9.358986051,-24.1493711624,1.00376416065,0.223848936362,-0.0536226357893,0.131106237992,-0.989917050712
0.893,9.118657074,2.106961795,9.358909918,-24.2464073358,1.01771161368,0.223868226889,-0.0536195131223,0.131105608259,-0.989917303261
0.894,9.118425792,2.106998417,9.358692817,-24.3354421635,1.03210060074,0.224093737464,-0.0536201673875,0.131101606761,-0.989917797776
0.895,9.11841962,2.106874563,9.35865892,-24.4117887633,1.0446793328,0.224090228477,-0.053618018817,0.131101501391,-0.989917928109
0.896,9.118305664,2.106936922,9.358561929,-24.4801723716,1.05470799609,0.224190707961,-0.0536191104521,0.131099528984,-0.989918130198
0.897,9.118052521,2.107283716,9.358393368,-24.5393343291,1.06161065478,0.224446726098,-0.0536251493283,0.131095147183,-0.989918383375
0.898,9.118002431,2.107227433,9.358331891,-24.5750720283,1.06506126189,0.224488897503,-0.0536241768378,0.131094281071,-0.989918550755
0.899,9.117818073,2.106341711,9.357952865,-24.5859322273,1.06635230023,0.224671425304,-0.0536088206168,0.131091099671,-0.989919803792
0.9,9.117541738,2.107082879,9.357850479,-24.5834891413,1.0662112555,0.224951840509,-0.0536217055771,0.131086313668,-0.989919739706
0.901,9.117270068,2.10685161,9.357533714,-24.5762192394,1.0637424702,0.225235481738,-0.0536177142007,0.131081615087,-0.989920578082
0.902,9.117103281,2.107351505,9.357483776,-24.5690826197,1.05850125524,0.225408276436,-0.0536264029804,0.13107872605,-0.989920489979
0.903,9.116891873,2.107517791,9.357315249,-24.564633288,1.05259980206,0.225631267011,-0.0536293063231,0.131075068229,-0.989920817031
0.904,9.116632082,2.107568346,9.35707352,-24.567149605,1.04761020642,0.225903469427,-0.0536302053854,0.131070573141,-0.989921363507
0.905,9.116487011,2.107618619,9.3569435,-24.5792903231,1.04218502018,0.226058900665,-0.0536310891231,0.131068063151,-0.989921647961
0.906,9.116149751,2.107533152,9.356595656,-24.6020931058,1.0350735995,0.226419855511,-0.0536296331162,0.131062230635,-0.989922499064
0.907,9.116042773,2.107505592,9.356485219,-24.6386962027,1.02585752133,0.226538282468,-0.0536291645351,0.131060379638,-0.989922769513
0.908,9.115940595,2.10761078,9.356409361,-24.686988482,1.01453549439,0.226655871568,-0.0536309982266,0.131058611221,-0.989922904298
0.909,9.115770952,2.107729888,9.35627091,-24.7402298351,1.00158075698,0.226854682276,-0.0536330783082,0.131055675801,-0.989923180227
0.91,9.11558923,2.107756811,9.356099924,-24.7930611863,0.988068388891,0.227043489646,-0.0536335608633,0.131052532141,-0.989923570266
0.911,9.115471014,2.107630911,9.355956384,-24.8444033959,0.97677422935,0.22718164294,-0.0536313858197,0.13105048837,-0.989923958672
0.912,9.115195807,2.107523566,9.35566407,-24.8925861897,0.969622769939,0.227462393954,-0.053629544598,0.131045728681,-0.98992468852
0.913,9.115157343,2.10745898,9.355612045,-24.9342882407,0.966824348252,0.227514084296,-0.0536284277128,0.13104506297,-0.989924837153
0.914,9.114998731,2.107422197,9.355449224,-24.9735293563,0.967971549472,0.227683253139,-0.0536278015979,0.131042320271,-0.989925234143
0.915,9.114960162,2.107911943,9.35552198,-25.0151634929,0.972222763974,0.227722682284,-0.0536363045429,0.131041649048,-0.989924862325
0.916,9.114950373,2.108119789,9.355559275,-25.0574713453,0.97935485221,0.227722780905,-0.0536399119001,0.131041477398,-0.989924689586
0.917,9.114758092,2.10798092,9.355340648,-25.0955846994,0.989736064742,0.227919082015,-0.0536375183218,0.13103815268,-0.989925259386
0.919,9.114550271,2.107967983,9.355135256,-25.130899322,1.0156210009,0.228117342842,-0.0536373103911,0.131034557895,-0.989925746494
0.92,9.114482233,2.108121473,9.355103555,-25.1328577394,1.02834765622,0.22818226452,-0.0536399791685,0.131033379386,-0.989925757884
0.921,9.114398087,2.10815033,9.355028076,-25.1301565736,1.03994394121,0.228252451384,-0.0536404870373,0.131031923508,-0.989925923073
0.922,9.114253384,2.108240694,9.354907459,-25.1263340426,1.05113931017,0.228388360243,-0.0536420667935,0.131029420161,-0.989926168824
0.923,9.114131572,2.108278035,9.354797197,-25.1243313655,1.06206557302,0.228509021879,-0.053642725004,0.131027312614,-0.989926412115
0.924,9.113958314,2.108766348,9.35473846,-25.122316375,1.07124690136,0.228654902286,-0.0536512138492,0.131024311647,-0.989926349286
0.925,9.113750632,2.108758654,9.354534389,-25.1127392929,1.07816951817,0.228861758697,-0.0536510973987,0.131020719155,-0.989926831084
0.926,9.113439797,2.108687988,9.354215625,-25.0983685333,1.08349515304,0.229166746256,-0.053649896227,0.131015342005,-0.989927607855
0.927,9.113202308,2.108987928,9.35405187,-25.0910545087,1.08843254296,0.229397055874,-0.0536551209946,0.131011232083,-0.989927868614
0.928,9.11284804,2.10915498,9.353744391,-25.0934255131,1.09155319678,0.229762148544,-0.0536580483443,0.131005102134,-0.989928521189
0.929,9.112598604,2.109216181,9.35351518,-25.1090176756,1.08963937041,0.230001304397,-0.0536591305939,0.131000786379,-0.989929033654
0.93,9.11221338,2.109204837,9.35313732,-25.143380014,1.083108103,0.230393593652,-0.0536589659944,0.130994122797,-0.989929924369
0.931,9.111907151,2.109328607,9.352866892,-25.1922309363,1.07283750545,0.230717622157,-0.0536611383774,0.130988824157,-0.98993050775
0.932,9.111662774,2.109594438,9.352688768,-25.2472908562,1.05854149257,0.230969488945,-0.0536657718581,0.130984595171,-0.989930816148
0.933,9.111439161,2.109144495,9.352369437,-25.3062093691,1.04149360658,0.231199913622,-0.0536579820294,0.130980729963,-0.989931749841
0.934,9.111085283,2.10951358,9.352107922,-25.3622912616,1.02309558298,0.231571360507,-0.0536644157796,0.130974605939,-0.989932211355
0.935,9.110869063,2.109772411,9.351955662,-25.3994621336,1.00361501879,0.231796193204,-0.0536689248551,0.130970862816,-0.98993246214
0.936,9.110584816,2.109988138,9.351727415,-25.4141686735,0.984103149031,0.23209546642,-0.0536726926827,0.130965944263,-0.989932908587
0.937,9.110590216,2.10982264,9.351695336,-25.4179719851,0.966945135372,0.232103842353,-0.053669819199,0.13096603885,-0.989933051865
0.938,9.110214161,2.109934515,9.351354219,-25.4162183721,0.954903545139,0.232479872265,-0.0536717916403,0.130959532705,-0.989933805654
0.939,9.110076992,2.109940664,9.351221974,-25.4074839436,0.950261238846,0.232626487248,-0.0536719095192,0.130957160228,-0.989934113117
0.94,9.109807701,2.110186409,9.35101508,-25.3970379295,0.952108678235,0.2329014268,-0.0536761961955,0.130952499459,-0.989934497251
0.941,9.109824329,2.110124056,9.351017208,-25.3938881054,0.957586349483,0.232877639061,-0.0536751134119,0.130952787295,-0.989934517885
0.942,9.109569105,2.110025151,9.350746249,-25.3979521786,0.96491098684,0.23313365036,-0.0536734178225,0.130948373105,-0.989935193738
0.943,9.109495143,2.10991065,9.350648357,-25.4061234567,0.972757400284,0.233198022728,-0.0536714363048,0.130947095154,-0.989935470218
0.944,9.109411355,2.110071725,9.350603078,-25.4190692705,0.980581967195,0.233278844629,-0.0536742381118,0.130945643673,-0.989935510307
0.945,9.109351286,2.110069178,9.350543983,-25.4411979524,0.990205604619,0.233326988512,-0.0536741996282,0.130944605287,-0.989935649747
0.946,9.109220845,2.110542417,9.350523713,-25.4747805484,1.00369770037,0.233447722906,-0.0536824222448,0.130942344839,-0.989935502884
0.947,9.109186627,2.110219584,9.350417514,-25.5196762549,1.02045888138,0.233474593251,-0.0536768230223,0.130941755452,-0.989935884464
0.948,9.109020202,2.11057296,9.350335141,-25.5759698511,1.03808257673,0.233625352115,-0.0536829687516,0.130938873899,-0.989935932355
0.949,9.108961831,2.110413349,9.35024225,-25.6398056722,1.05413598896,0.233667952654,-0.0536802038013,0.130937864748,-0.989936215771
0.95,9.10864829,2.110352858,9.349923147,-25.7082698605,1.06685236454,0.233974840314,-0.0536791794889,0.130932441224,-0.989936988664
0.951,9.108406097,2.110468137,9.349713225,-25.7783156421,1.07575955743,0.234203513748,-0.0536812004432,0.130928251367,-0.989937433231
0.952,9.108160523,2.110381664,9.34945447,-25.8468406016,1.08071811841,0.234445883239,-0.0536797197169,0.130924003144,-0.989938075382
0.953,9.107805302,2.110571836,9.349151347,-25.9066072495,1.08293908507,0.234784228887,-0.0536830483255,0.130917857326,-0.989938707676
0.954,9.107462243,2.110004754,9.348689136,-25.9519518883,1.08316490941,0.235123812375,-0.0536732348709,0.130911926972,-0.98994002406
0.955,9.107063921,2.110461785,9.34840426,-25.9903935738,1.08028454306,0.235511945849,-0.0536811993272,0.130905032295,-0.989940503949
0.956,9.106744782,2.110391046,9.34807739,-26.022930072,1.07405438545,0.235841445869,-0.0536799981173,0.130899512268,-0.989941299012
0.957,9.106409234,2.110229181,9.347713963,-26.0415566149,1.06517059803,0.236187145554,-0.0536772156436,0.13089370901,-0.989942217234
0.958,9.105947891,2.110317194,9.3472844,-26.0420713635,1.05299534152,0.236658974065,-0.0536787815335,0.130885727293,-0.989943187665
0.959,9.105746998,2.110536253,9.347138154,-26.0240774095,1.03767734927,0.236875728867,-0.0536825990403,0.130882250674,-0.989943440313
0.96,9.105450595,2.110428447,9.346825063,-25.9905358841,1.02103115297,0.237181456692,-0.0536807526016,0.130877124073,-0.989944218224
0.961,9.105156124,2.110363388,9.346523507,-25.9505300999,1.00377800421,0.237487915711,-0.0536796470801,0.130872030545,-0.989944951556
0.962,9.104853799,2.110442058,9.346246754,-25.914588722,0.986426189935,0.237798165549,-0.0536810374791,0.130866799575,-0.989945567687
0.963,9.104571795,2.110636202,9.346015876,-25.8842256416,0.970515160681,0.238097782366,-0.0536844294794,0.130861919941,-0.989946028802
0.964,9.104336526,2.110326747,9.345716803,-25.8642097113,0.956539546132,0.238337399782,-0.0536790781144,0.130857852518,-0.989946856658
0.965,9.104246055,2.11075029,9.345724317,-25.8598373703,0.945163331155,0.238436437355,-0.0536864364654,0.130856284511,-0.989946664898
0.966,9.104146642,2.110772335,9.345632453,-25.8669793034,0.937772964151,0.238535088454,-0.0536868262471,0.130854564272,-0.989946871148
0.967,9.103910706,2.110605506,9.345364934,-25.889029405,0.933782195008,0.238776628612,-0.0536839509503,0.130850483968,-0.989947566417
0.968,9.103781398,2.11039003,9.345190304,-25.9318941998,0.931545621222,0.238899077276,-0.0536802219012,0.13084824889,-0.989948064062
0.969,9.1037175,2.110661991,9.345189477,-25.9930890412,0.931888684632,0.238957475792,-0.0536849462914,0.130847141562,-0.989947954231
0.97,9.103518369,2.110319801,9.344918211,-26.0681936584,0.935669042157,0.239153558839,-0.0536790250081,0.130843699286,-0.989948730304
0.971,9.103448354,2.110648843,9.344924316,-26.1527041464,0.942744986434,0.239205616328,-0.0536847405711,0.130842485636,-0.989948580777
0.972,9.103435332,2.110446974,9.344866038,-26.2419548093,0.952893783071,0.239199416705,-0.0536812385556,0.130842261399,-0.989948800322
0.973,9.103274641,2.11042082,9.344703592,-26.3363083495,0.965248514653,0.23935480969,-0.0536807972913,0.130839482105,-0.989949191587
0.974,9.10315865,2.11058907,9.344628597,-26.4351669381,0.979180494378,0.239450146167,-0.0536837268405,0.130837474303,-0.989949298091
0.975,9.102977462,2.110564359,9.34444651,-26.5314676495,0.994632743729,0.239613304847,-0.0536833130121,0.130834339997,-0.989949734775
0.976,9.102897543,2.110873448,9.344438474,-26.614947323,1.01162737655,0.23967907491,-0.0536886837304,0.130832954663,-0.989949626604
0.977,9.102527369,2.111039959,9.344115486,-26.6727011754,1.02836892771,0.240042639602,-0.0536916034667,0.130826549761,-0.98995031471
0.978,9.1023701,2.111196686,9.343997693,-26.6990675326,1.04316861621,0.240177624634,-0.0536943363379,0.130823828168,-0.989950526152
0.979,9.101991554,2.111365722,9.343667131,-26.7033371615,1.05665406742,0.240549300868,-0.0536973005932,0.130817278209,-0.989951230936
0.98,9.101569621,2.111550005,9.343297757,-26.7019721223,1.06846050318,0.240970418754,-0.0537005329816,0.130809978116,-0.989952020243
0.981,9.101088805,2.111589926,9.342838404,-26.7036073462,1.07618468881,0.241444052945,-0.0537012652791,0.130801659132,-0.989953079734
0.982,9.100760663,2.111689562,9.342541274,-26.7054350073,1.07802105987,0.241771363861,-0.0537030211933,0.130795982368,-0.989953734531
0.983,9.100251215,2.111898863,9.342092324,-26.7024256947,1.07323072522,0.242284473098,-0.0537066950314,0.130787167644,-0.989954699816
0.984,9.099897023,2.112230365,9.34182225,-26.6911393896,1.06239479003,0.242644200987,-0.0537124761029,0.130781037096,-0.989955196081
0.985,9.099481714,2.112246244,9.341421287,-26.6745724027,1.04771507838,0.243074920067,-0.05371278573,0.130773852636,-0.989956128379
0.986,9.099080719,2.112601943,9.341111117,-26.6597150968,1.03173729686,0.243497116409,-0.0537189917878,0.130766913484,-0.989956708275
0.987,9.09873856,2.113047577,9.340878623,-26.6486239799,1.01672836936,0.243854498423,-0.0537267535897,0.13076099029,-0.989957069457
0.988,9.098349877,2.113114835,9.340515232,-26.648443984,1.00387568897,0.244255551762,-0.0537279520359,0.130754266015,-0.989957892584
0.989,9.098152923,2.113255017,9.340355099,-26.6658539109,0.992997780385,0.244472734398,-0.0537304013161,0.130750857899,-0.989958209791
0.99,9.097815553,2.113462249,9.340073367,-26.6963522536,0.983056809407,0.244827402648,-0.0537340247403,0.130745020085,-0.989958784146
0.991,9.09754737,2.113725686,9.339871756,-26.737703802,0.973520181566,0.245109988518,-0.0537386186553,0.130740377807,-0.989959147882
0.992,9.097316,2.113719235,9.339644929,-26.7912421188,0.964583749276,0.245348997761,-0.0537385253008,0.130736376144,-0.989959681427
0.993,9.096973698,2.113880285,9.33934796,-26.8506298959,0.956834708625,0.245697441196,-0.0537413485911,0.130730452786,-0.989960310399
0.994,9.09680472,2.114072623,9.339226905,-26.9019926597,0.951764595069,0.245873528885,-0.0537446994922,0.130727528075,-0.989960514707
0.995,9.096545589,2.114173648,9.338997369,-26.9398216398,0.950768204779,0.246142788741,-0.053746474346,0.130723044042,-0.989961010471
0.996,9.096290539,2.11376579,9.338656616,-26.9700743548,0.954398700473,0.246394904388,-0.0537394175042,0.130718635987,-0.989961975639
0.997,9.096174046,2.11466889,9.338747603,-26.996680628,0.963297137772,0.246501984708,-0.0537550991283,0.130716612952,-0.989961391377
0.999,9.095731987,2.11459653,9.338300641,-27.0567551615,0.996777011476,0.246913496072,-0.053753879974,0.130708966648,-0.98996246718
1,9.095646248,2.114685827,9.33823735,-27.1011382119,1.01608550128,0.246991927656,-0.0537554359208,0.130707482329,-0.989962578673
1.001,9.095453926,2.114860494,9.338089581,-27.1519002635,1.03364745296,0.247171336398,-0.0537584828178,0.130704153584,-0.989962852718
1.002,9.095230663,2.114646487,9.337823653,-27.2070813108,1.04991797749,0.247379787181,-0.0537547878232,0.130700292889,-0.989963563079
1.003,9.095044207,2.114831221,9.337683879,-27.2664427109,1.06509304266,0.247548215894,-0.0537580081237,0.130697065998,-0.989963814239
1.004,9.094597128,2.114799363,9.337241202,-27.3274466612,1.07937394549,0.247987058386,-0.0537574925327,0.130689332263,-0.98996486323
1.005,9.09432567,2.114700392,9.336954382,-27.3882310682,1.0935933125,0.248234424363,-0.0537557970404,0.130684637303,-0.989965575087
1.006,9.093861776,2.114610546,9.336482194,-27.4497744312,1.10911952161,0.248686030261,-0.0537542752121,0.130676612325,-0.989966717061
1.007,9.093278951,2.114640709,9.335921347,-27.5120918596,1.12634776791,0.249256085494,-0.0537548465536,0.130666529979,-0.989968016865
1.008,9.092819406,2.114962668,9.335546681,-27.5664357592,1.14348497059,0.249715432135,-0.0537604712998,0.130658577315,-0.989968761073
1.009,9.092343048,2.114883443,9.33506476,-27.5973815828,1.15676413732,0.250192131113,-0.053759134663,0.130650337499,-0.989969921135
1.01,9.091758642,2.114517595,9.334412668,-27.6056423081,1.16240069832,0.250781557017,-0.0537528336769,0.13064023014,-0.989971597138
1.011,9.091285386,2.11459312,9.333968825,-27.6055960402,1.15871486894,0.25126051112,-0.0537541828087,0.130632042306,-0.989972604345
1.012,9.090647014,2.114786067,9.333390768,-27.6024636952,1.14605352097,0.251913661868,-0.0537575835244,0.130620997561,-0.989973877034
1.013,9.090149571,2.114795825,9.332908475,-27.5944784149,1.12615257396,0.252425903814,-0.0537577928827,0.130612391471,-0.989975001148
1.014,9.089422322,2.114525324,9.332138849,-27.5790709381,1.10237191014,0.253165924489,-0.0537531585634,0.130599812408,-0.989976912328
1.015,9.088875261,2.114299831,9.331554923,-27.5602939878,1.07821712135,0.253730555754,-0.053749289611,0.13059035083,-0.98997837054
1.016,9.088288353,2.114451054,9.331017546,-27.5521156241,1.05512636396,0.254337626753,-0.0537519618576,0.130580195915,-0.989979564956
1.017,9.087793744,2.114579184,9.330564841,-27.5567350539,1.03277675031,0.254863599376,-0.0537542255022,0.130571637819,-0.989980570839
1.018,9.087333357,2.114385998,9.330072652,-27.5671902141,1.01210415811,0.255330357104,-0.0537509103513,0.130563675644,-0.989981800963
1.019,9.086834823,2.11433157,9.329574754,-27.5900029232,0.994708835256,0.25584235909,-0.0537500064038,0.130555050724,-0.989982987501
1.02,9.086477136,2.114739306,9.329318789,-27.6303741922,0.980224203202,0.256204753427,-0.0537571117637,0.130548859642,-0.989983418134
1.021,9.086214111,2.114511065,9.329010875,-27.685045266,0.967533802378,0.256485981022,-0.0537531721435,0.1305443118,-0.989984231764
1.022,9.085954067,2.114586623,9.328774727,-27.7557092079,0.956161118736,0.256741679998,-0.0537545045994,0.130539812041,-0.989984752765
1.023,9.085662673,2.114624682,9.328499545,-27.8414976051,0.948293092521,0.257034581653,-0.0537551890588,0.130534770308,-0.989985380392
1.024,9.085436836,2.114684469,9.328293139,-27.9358712373,0.94680469194,0.257244920718,-0.053756245177,0.130530863337,-0.989985838192
1.025,9.085043753,2.114647455,9.3279019,-28.0333538085,0.952171087285,0.257622358543,-0.0537556347532,0.130524063578,-0.989986767871
1.026,9.085011265,2.115075715,9.327967355,-28.1225829014,0.964331460551,0.257632168316,-0.0537630690363,0.130523497762,-0.989986438766
1.027,9.084652951,2.115017118,9.327605086,-28.1902940099,0.983347059359,0.257963242495,-0.0537620820849,0.130517299454,-0.989987309552
1.028,9.084450015,2.114917764,9.327384908,-28.2420891966,1.00821637876,0.258145655557,-0.0537603744858,0.130513789637,-0.989987865001
1.029,9.084228128,2.11529887,9.327255223,-28.2856268967,1.03544665285,0.258353590525,-0.0537670056159,0.130509947989,-0.989988011333
1.03,9.083975295,2.115604737,9.327078351,-28.3116788547,1.06038122729,0.258587884079,-0.0537723350799,0.130505571371,-0.98998829883
1.031,9.083593295,2.115740038,9.326736999,-28.3158007829,1.08116630041,0.258938994574,-0.053774713749,0.13049896198,-0.989989040891
1.032,9.083159802,2.115947934,9.326361973,-28.3082532831,1.09850982175,0.259352796198,-0.0537783573608,0.130491461168,-0.989989831686
1.033,9.082669376,2.115964066,9.325887997,-28.3008951409,1.11374854471,0.259821571384,-0.0537786773138,0.130482976869,-0.989990932592
1.034,9.081895454,2.115978152,9.325137456,-28.3021206241,1.12627497459,0.260591876388,-0.0537789842472,0.130469587298,-0.989992680601
1.035,9.081282163,2.116220238,9.324595102,-28.3125738891,1.13418633846,0.261194429798,-0.0537832356553,0.130458975686,-0.989993848075
1.036,9.080724172,2.116694147,9.324159244,-28.3252443311,1.13898159198,0.261746724184,-0.0537915059601,0.130449318952,-0.989994671234
1.037,9.079983255,2.116561973,9.323407665,-28.3300789308,1.14128044559,0.262482403623,-0.053789272083,0.13043650228,-0.989996481348
1.038,9.079422451,2.117345465,9.323039411,-28.3240189255,1.13950381655,0.263049087863,-0.0538029148372,0.130426794026,-0.989997019064
1.039,9.078682628,2.117075555,9.322257622,-28.3121515696,1.13479610472,0.263802955127,-0.0537982918038,0.130413997269,-0.989998956118
1.04,9.077782828,2.117276274,9.321426923,-28.2982360451,1.1272575064,0.264728326437,-0.0538018486254,0.130398428717,-0.990000813572
1.041,9.076859962,2.116896848,9.320441998,-28.2875423072,1.11437960802,0.265684434982,-0.0537953384551,0.13038246551,-0.990003269817
1.042,9.076074366,2.116935265,9.319685661,-28.28592619,1.09575724922,0.266491050289,-0.0537960696008,0.130368874763,-0.990005019881
1.043,9.075469268,2.117172023,9.319150166,-28.2953667646,1.07361432539,0.267124427536,-0.0538002273252,0.13035840493,-0.990006172609
1.044,9.074812969,2.117300546,9.31854023,-28.3147689748,1.04968415462,0.267808761627,-0.0538025113205,0.13034704977,-0.990007543604
1.045,9.074232149,2.117210206,9.317954075,-28.3360049674,1.02492879507,0.268424797699,-0.0538009906621,0.130337001598,-0.990008949161
1.046,9.073550526,2.116998141,9.317242096,-28.3506831812,1.00022329352,0.2691441171,-0.0537973662133,0.130325211566,-0.990010698235
1.047,9.072993605,2.117029624,9.316706896,-28.3619785201,0.976386580618,0.269718607933,-0.0537979575075,0.130315576148,-0.990011934464
1.048,9.07262376,2.117315783,9.316411756,-28.3833567877,0.955937037147,0.270107970939,-0.0538029538827,0.130309175704,-0.990012505416
1.049,9.072203332,2.117133336,9.315960867,-28.4257358279,0.941169442789,0.270544892588,-0.0537998220387,0.130301903119,-0.990013632832
1.05,9.07181307,2.11741823,9.315645568,-28.4895710824,0.932024995258,0.270936004073,-0.0538047982226,0.130295148894,-0.990014251343
1.051,9.071376478,2.117146562,9.315158655,-28.5669097959,0.928184123319,0.271378958753,-0.0538001188637,0.130287597967,-0.990015499387
1.052,9.070965136,2.117576931,9.314855907,-28.6488814086,0.930477871762,0.271792483709,-0.0538076209138,0.130280478463,-0.990016028589
1.053,9.070845959,2.117457846,9.314712778,-28.7299919756,0.938743439,0.271895611371,-0.0538055637758,0.130278417357,-0.99001641162
1.054,9.070397675,2.117651001,9.314320144,-28.8039770442,0.950491371243,0.272331906924,-0.0538089527983,0.130270660654,-0.990017248118
1.055,9.07006519,2.117813022,9.314033205,-28.8638250572,0.9632948018,0.272642966607,-0.0538117915635,0.130264907264,-0.990017850861
1.056,9.069777882,2.118067536,9.3138113,-28.913330304,0.976328439609,0.272904068098,-0.0538162323173,0.130259934903,-0.99001826372
1.057,9.069335984,2.117922304,9.313347952,-28.9609923912,0.988896453225,0.273333706653,-0.0538137475244,0.130252290451,-0.990019404562
1.058,9.069007714,2.118596425,9.313181611,-29.0092675347,1.00177252546,0.273624840825,-0.0538254737248,0.130246606542,-0.99001951489
1.059,9.068530957,2.118795897,9.312762735,-29.0562841032,1.01790454169,0.274081627682,-0.053828973471,0.13023835609,-0.990020410001
1.06,9.068017678,2.118827242,9.312270051,-29.0992634824,1.03773383855,0.274561841594,-0.0538295592788,0.130229475772,-0.990021546325
1.061,9.067306741,2.118705185,9.311549989,-29.1325138047,1.05863364861,0.275260048996,-0.0538274996718,0.130217177812,-0.990023275929
1.062,9.066622602,2.118787771,9.310902589,-29.1449501237,1.07827347174,0.27591152712,-0.0538289878238,0.130205340839,-0.990024751856
1.063,9.065845503,2.119066053,9.310209215,-29.1358296877,1.09492604924,0.276673645935,-0.0538338806659,0.130191894791,-0.990026254108
1.064,9.065088404,2.118947615,9.30944503,-29.1204391159,1.10748238867,0.277418818857,-0.0538318870065,0.130178796866,-0.990028084848
1.065,9.064411763,2.119251063,9.308855229,-29.1113104407,1.11586450526,0.278086068025,-0.0538372083611,0.130167088576,-0.990029334943
1.066,9.063609583,2.119625336,9.308159336,-29.1054888195,1.12005346321,0.278881046524,-0.0538437689569,0.130153207059,-0.990030803176
1.067,9.062688026,2.119663777,9.307270748,-29.0906804012,1.11865321154,0.279820068379,-0.0538445114981,0.130137263717,-0.990032858633
1.068,9.061800255,2.119508895,9.306371034,-29.0672829286,1.10927523366,0.28072616046,-0.0538418952384,0.130121905312,-0.990035019621
1.069,9.06087741,2.119306692,9.30542639,-29.0528190312,1.09249849607,0.281677559153,-0.0538384612641,0.130105941349,-0.990037304405
1.07,9.059916527,2.119568253,9.304550341,-29.056185505,1.07211870766,0.282658998965,-0.0538430786273,0.130089314814,-0.990039238139
1.071,9.058951683,2.119085699,9.303500943,-29.0707221334,1.05065903359,0.283655539128,-0.0538347829743,0.130072626253,-0.990041881963
1.072,9.058092368,2.119233781,9.302697951,-29.0885131247,1.02819014309,0.284555231253,-0.0538374225085,0.130057758105,-0.99004369171
1.073,9.057419896,2.118913534,9.301970207,-29.1119204532,1.00538412655,0.285257334218,-0.0538319192457,0.130046125978,-0.990045518948
1.074,9.056589315,2.119183228,9.301222907,-29.1482892296,0.983451320029,0.286128141276,-0.0538366668995,0.130031754725,-0.990047148403
1.075,9.055943036,2.119268735,9.300613111,-29.189572158,0.962708178159,0.28679194787,-0.053838203954,0.130020572379,-0.990048533433
1.076,9.055429969,2.119125913,9.300080997,-29.2261640526,0.944409641262,0.287340289702,-0.053835766727,0.130011696497,-0.990049831572
1.077,9.054853339,2.119020311,9.299495474,-29.2616967351,0.930343967607,0.287933182468,-0.0538339809828,0.130001721146,-0.990051238568
1.078,9.054367879,2.11916413,9.29905556,-29.293963626,0.921278520354,0.288425823447,-0.0538365159029,0.129993320943,-0.990052203707
1.079,9.053977215,2.119157963,9.29867377,-29.3152827614,0.917241120116,0.288825100567,-0.0538364413772,0.129986562754,-0.990053095083
1.08,9.053514488,2.119231862,9.298240063,-29.3272556558,0.917661240499,0.289288253309,-0.0538377616526,0.129978555781,-0.990054074512
1.081,9.053146392,2.119286301,9.297894064,-29.3407515535,0.921587041768,0.289647035638,-0.0538387362684,0.129972187114,-0.990054857598
1.082,9.052773202,2.119496955,9.297578716,-29.3615229178,0.929005724209,0.290001266866,-0.0538424220011,0.129965729007,-0.990055504947
1.083,9.052414661,2.119657452,9.297266207,-29.3871126546,0.940602151972,0.290336385919,-0.0538452365052,0.129959524562,-0.990056166327
1.084,9.051937618,2.119525321,9.296771602,-29.4183825602,0.954908157272,0.290795590393,-0.0538429823041,0.129951272553,-0.990057372084
1.085,9.051576664,2.120126118,9.296557151,-29.4561611636,0.970087533964,0.291129899581,-0.0538534383348,0.129945022429,-0.99005762374
1.086,9.051187617,2.120332425,9.29622541,-29.4912366397,0.98587735248,0.291478090843,-0.0538570509295,0.12993828991,-0.990058310849
1.087,9.050581396,2.120507283,9.295675056,-29.5169015012,1.00242312158,0.292050348755,-0.0538601342899,0.129927800195,-0.990059519762
1.088,9.049928186,2.121044342,9.295161606,-29.5325500752,1.01969614902,0.292680007637,-0.0538695082639,0.129916495146,-0.990060493287
1.089,9.049274383,2.121059613,9.294528538,-29.5400618282,1.0368265669,0.293297877169,-0.053869826471,0.129905182885,-0.990061960311
1.09,9.048592814,2.121224613,9.293902613,-29.5475441204,1.05195725204,0.293949221069,-0.0538727453189,0.12989338964,-0.990063348801
1.091,9.047648776,2.121180614,9.292973451,-29.558137351,1.0633955263,0.294875516451,-0.0538720581493,0.129877057381,-0.990065528799
1.092,9.046914728,2.121765371,9.292392285,-29.5606972481,1.0701900893,0.295596100785,-0.0538822663691,0.129864352541,-0.990066639833
1.093,9.046022129,2.121555274,9.291475294,-29.5517710564,1.07152488125,0.296479363823,-0.0538786932284,0.129848911016,-0.990068859587
1.094,9.045079406,2.122245344,9.290715084,-29.5398658483,1.0682045209,0.297419851162,-0.0538907459003,0.129832594858,-0.990070343369
1.095,9.044183798,2.122101579,9.289810315,-29.5296019021,1.06320801491,0.298313751581,-0.0538883231449,0.129817100697,-0.990072506938
1.096,9.043209212,2.122459076,9.288943179,-29.5253307911,1.05750155417,0.299309813544,-0.0538946074144,0.129800236046,-0.990074376001
1.097,9.042199447,2.12237241,9.287940325,-29.5269914265,1.04948654541,0.300337631486,-0.0538931845711,0.129782766317,-0.990076743603
1.098,9.041287508,2.122585181,9.287101144,-29.5368967367,1.0387961504,0.301277095623,-0.0538969516619,0.129766987117,-0.990078606807
1.099,9.040190287,2.122425678,9.28599651,-29.5636688449,1.02579237814,0.30239308245,-0.0538942724981,0.129748005151,-0.990081240379
1.1,9.039334894,2.122147169,9.285100103,-29.6112504708,1.00868907868,0.303290300454,-0.0538895079985,0.129733207196,-0.990083438847
1.101,9.038506689,2.122189694,9.284303543,-29.6768120328,0.986606177492,0.304143026588,-0.0538903134787,0.129718877347,-0.990085272577
1.102,9.037836426,2.122072984,9.283624347,-29.7521221472,0.964066166662,0.304833827895,-0.0538883422579,0.129707281827,-0.990086899019
1.103,9.037107633,2.122252446,9.282955877,-29.8289596019,0.945877765401,0.305593241462,-0.0538915161068,0.129694670559,-0.990088378338
1.104,9.036444611,2.121874319,9.28222397,-29.9070532467,0.932683299292,0.306269171633,-0.0538850074364,0.129683202703,-0.990090234731
1.105,9.035896652,2.121815142,9.281676993,-29.9887284651,0.923708070699,0.306825927106,-0.0538840243732,0.129673721929,-0.99009152999
1.106,9.035358766,2.121837008,9.28115835,-30.0712332058,0.91903455493,0.307384598132,-0.0538844482266,0.129664415848,-0.990092725709
1.107,9.034768063,2.121404548,9.280484428,-30.1557724593,0.918990564963,0.307983508753,-0.0538769907944,0.129654198651,-0.990094469551
1.108,9.034369286,2.121648543,9.280151989,-30.2440834579,0.923103811518,0.30836583392,-0.0538812578736,0.129647297819,-0.990095140993
1.109,9.033882244,2.121791068,9.279710433,-30.3300058609,0.930367492367,0.308843687856,-0.053883770711,0.129638869656,-0.990096107824
1.11,9.033519378,2.121575362,9.27930786,-30.4115251255,0.941562379301,0.309182231643,-0.0538800560843,0.129632592839,-0.990097131816
1.111,9.033011311,2.121597837,9.278818391,-30.4877086365,0.958101700686,0.309670005753,-0.0538804872514,0.129623802749,-0.990098259192
1.112,9.032488052,2.122133396,9.278431471,-30.5478682042,0.979829044836,0.310173423001,-0.0538898251953,0.129614745283,-0.990098936746
1.113,9.032007446,2.121898862,9.277909963,-30.5880169114,1.00546410426,0.310631716554,-0.0538857934198,0.129606431527,-0.990100244508
1.114,9.031406369,2.122105428,9.277372066,-30.6203215534,1.03274833159,0.311199156883,-0.0538894275302,0.129596030037,-0.99010140824
1.115,9.030800057,2.122648993,9.276906188,-30.6465746493,1.05944188279,0.311764072922,-0.0538989099962,0.129585535187,-0.990102265714
1.116,9.030087957,2.122831245,9.276254687,-30.6561473795,1.08288378522,0.312449375511,-0.0539021304658,0.129573212888,-0.99010370307
1.117,9.02914629,2.122826329,9.275336886,-30.6472998386,1.10031301459,0.313366238265,-0.0539021223266,0.129556920231,-0.99010583557
1.118,9.028217733,2.123109977,9.274497906,-30.6196677083,1.11118925911,0.31428000767,-0.0539071196066,0.129540852432,-0.990107665866
1.119,9.027314412,2.123509254,9.273709994,-30.5754396833,1.11668031879,0.315168379598,-0.0539141234207,0.129525219795,-0.990109329687
1.12,9.026211935,2.123108709,9.272545093,-30.53256787,1.11672908378,0.316255295081,-0.0539072604166,0.129506147567,-0.990112198196
1.121,9.025233375,2.123688464,9.271725307,-30.5076562048,1.11010051855,0.317232655358,-0.0539174019589,0.129489212458,-0.990113860939
1.122,9.024130239,2.123980742,9.27071846,-30.4950365496,1.09686810746,0.318342794391,-0.053922563771,0.129470122972,-0.990116076212
1.123,9.022933384,2.12413384,9.269588525,-30.484530376,1.07870717993,0.319547662372,-0.0539253182894,0.129449413324,-0.990118634022
1.124,9.021855924,2.124415234,9.268604231,-30.4790543103,1.05724741138,0.320659110212,-0.053930289429,0.129430768978,-0.990120800672
1.125,9.020860121,2.124828532,9.267729691,-30.4785470069,1.03346494449,0.321684918079,-0.0539375428101,0.129413536156,-0.990122658126
1.126,9.019941162,2.124367224,9.266729448,-30.4817646264,1.00936339711,0.322627292554,-0.053929610805,0.129397639623,-0.990125167814
1.127,9.018997165,2.124517762,9.265845108,-30.4939238103,0.986836869229,0.323608360628,-0.0539323002729,0.129381304912,-0.990127155938
1.128,9.018101475,2.125244413,9.265139936,-30.5074328802,0.965593311025,0.324534348936,-0.0539449839259,0.129365801931,-0.990128490652
1.129,9.017382777,2.124648701,9.264303765,-30.5187936158,0.945691584847,0.325284389429,-0.0539347033957,0.129353370605,-0.990130674852
1.13,9.016624874,2.124793213,9.26359921,-30.541567318,0.928312930356,0.326064739471,-0.0539372728704,0.129340256311,-0.990132248082
1.131,9.015909381,2.124796433,9.262903533,-30.5803006567,0.914072710758,0.326805557941,-0.053937386875,0.129327876452,-0.990133858965
1.132,9.015476757,2.124940706,9.262515542,-30.6349902758,0.902912100528,0.327248027798,-0.0539399260792,0.129320389783,-0.990134698494
1.133,9.01495975,2.12466946,9.261950097,-30.7091699378,0.896017767956,0.327770383828,-0.0539352600446,0.129311446301,-0.990136120733
1.134,9.014537704,2.124488329,9.261497755,-30.8018045212,0.895260202833,0.328202178687,-0.0539321507494,0.129304145591,-0.990137243542
1.135,9.014052872,2.124336912,9.260991119,-30.9020690072,0.900923209781,0.328678903359,-0.0539295615917,0.129295757241,-0.990138479984
1.136,9.01366879,2.124580336,9.260673122,-30.9941325399,0.912209067436,0.329048281374,-0.0539338175263,0.129289110328,-0.990139116123
1.137,9.013077145,2.124501612,9.260079196,-31.0750277297,0.926768463121,0.329614935772,-0.0539324995229,0.129278873121,-0.990140524602
1.138,9.01262781,2.124366661,9.259610886,-31.1532295573,0.942457221138,0.330038835927,-0.0539301934494,0.129271100186,-0.990141665062
1.139,9.012145121,2.124700136,9.259217588,-31.2232447388,0.959819453482,0.330486838906,-0.0539360206641,0.129262745711,-0.990142438362
1.14,9.011552014,2.12524912,9.258766307,-31.2659674397,0.981005203883,0.331034337675,-0.0539455965017,0.129252479184,-0.990143256929
1.141,9.010703325,2.125223717,9.257934449,-31.2804776548,1.00534145632,0.331852603395,-0.0539452241777,0.129237794665,-0.990145194009
1.142,9.010031321,2.125816243,9.257416438,-31.2797126027,1.03031087177,0.332483337939,-0.0539555625789,0.129226161867,-0.990146148988
1.143,9.009377599,2.126258112,9.256881671,-31.2640447783,1.0547224903,0.333113846401,-0.053963284156,0.129214847419,-0.990147204798
1.144,9.008656271,2.126880474,9.256322616,-31.2297154998,1.07690866415,0.333805723297,-0.0539741439674,0.129202361843,-0.990148242172
1.145,9.007690247,2.126567317,9.255310483,-31.1892134536,1.09431795234,0.334747101346,-0.0539687873286,0.129185649516,-0.990150714767
1.146,9.006635033,2.126813339,9.254340041,-31.1632887337,1.106205167,0.335795001943,-0.053973142199,0.12916738926,-0.99015285965
1.147,9.005430074,2.127169947,9.253249311,-31.153761736,1.11143778174,0.337000648154,-0.0539794292371,0.129146536831,-0.990155236942
1.148,9.004207835,2.127248305,9.252077825,-31.1486929531,1.10805875943,0.338220640856,-0.0539808878342,0.129125388196,-0.990157915624
1.149,9.003149108,2.12747774,9.251100226,-31.1444746293,1.09699293636,0.339288086407,-0.0539849554099,0.129107066852,-0.990160082955
1.15,9.001944701,2.127537853,9.249941931,-31.1495111762,1.07950033101,0.340523284205,-0.0539860967252,0.129086226767,-0.990162737846
1.151,9.000747485,2.127796955,9.248836422,-31.1705777582,1.05538101432,0.34174464778,-0.053990690741,0.129065509414,-0.990165188033
1.152,8.9995809,2.12806976,9.247763906,-31.2046267265,1.02514371831,0.34295253786,-0.0539955190103,0.129045321712,-0.990167555958
1.153,8.998428623,2.127889973,9.246601182,-31.2467522512,0.991253123241,0.344122945737,-0.0539924920285,0.12902538528,-0.990170319065
1.154,8.997452634,2.128082003,9.245695588,-31.2909855427,0.957807720045,0.345138572856,-0.0539959038664,0.129008495624,-0.990172333699
1.155,8.996404614,2.127881462,9.244629549,-31.3316619601,0.92677373873,0.346236168972,-0.0539925082701,0.128990362526,-0.990174881234
1.156,8.995548763,2.128147013,9.243857813,-31.370953897,0.899477997766,0.347119947148,-0.053997186061,0.128975551846,-0.99017655543
1.157,8.994834756,2.128240931,9.243184611,-31.4166370004,0.878531325947,0.347857948667,-0.0539988743599,0.128963196394,-0.990178072643
1.158,8.994156094,2.128568705,9.242599665,-31.4638397837,0.864467829198,0.348561918485,-0.0540046181279,0.128951450516,-0.990179289134
1.159,8.993588047,2.128491171,9.242029032,-31.4982446285,0.854645407695,0.34915072698,-0.0540033181473,0.128941622177,-0.990180639934
1.16,8.993138082,2.128747381,9.241650176,-31.5178110422,0.848150516124,0.34959961934,-0.054007801004,0.128933834393,-0.99018140953
1.161,8.992594422,2.128469994,9.241057242,-31.526322724,0.845736886579,0.35014052683,-0.0540030308053,0.128924429732,-0.990182894259
1.162,8.992130034,2.128692411,9.240656574,-31.5312753262,0.84704051631,0.350600391573,-0.0540069285733,0.128916392391,-0.990183728123
1.163,8.991726564,2.128700322,9.240265778,-31.545487778,0.85301909261,0.350985587566,-0.0540070983858,0.128909410057,-0.990184627897
1.164,8.991275961,2.128747155,9.239838086,-31.5735637792,0.867208258876,0.351395652623,-0.0540079480464,0.128901613406,-0.990185596547
1.165,8.990677143,2.128915539,9.239294176,-31.6121393093,0.890392119898,0.351962564415,-0.0540109184309,0.128891250682,-0.990186783485
1.166,8.990301764,2.12898683,9.238945326,-31.6607241565,0.919074569289,0.352301302572,-0.0540121868961,0.128884754628,-0.990187559855
1.167,8.989684172,2.129064094,9.238362161,-31.7228199479,0.948946649484,0.352885361292,-0.0540135779063,0.128874067294,-0.990188875004
1.168,8.989233447,2.129626064,9.238053103,-31.7934980725,0.976510147553,0.353320104851,-0.0540233675179,0.128866263421,-0.990189356595
1.169,8.988511467,2.129762398,9.237382003,-31.8618929923,1.00082675688,0.353995751812,-0.0540257916371,0.128853769646,-0.990190850233
1.17,8.987577504,2.129574002,9.236429766,-31.9259773708,1.02246137857,0.354885463081,-0.0540225978617,0.128837609986,-0.99019312721
1.171,8.986567963,2.129137173,9.23534671,-31.9883744834,1.03996623243,0.355862141029,-0.0540150980039,0.128820144506,-0.990195808695
1.172,8.985500309,2.129342714,9.234355213,-32.0484671092,1.05191710308,0.356894618716,-0.0540187511544,0.128801669392,-0.990198012766
1.173,8.984405796,2.129539843,9.233335662,-32.1040619846,1.05957255632,0.357976657356,-0.0540222608604,0.128782727908,-0.990200284955
1.174,8.983346715,2.12969133,9.232340081,-32.1572849664,1.0642044843,0.35901710621,-0.0540249756564,0.128764401182,-0.990202520192
1.175,8.982205669,2.130343991,9.231380406,-32.2042303525,1.06491383251,0.360163027781,-0.0540363954313,0.128744651522,-0.990204465085
1.176,8.981010501,2.130697706,9.230299146,-32.2291790389,1.05985902658,0.361356172555,-0.0540426311249,0.128723967607,-0.990206813845
1.177,8.979923011,2.131413893,9.229406398,-32.2228699687,1.04908518581,0.362451485948,-0.0540551489473,0.128705144995,-0.990208577283
1.178,8.97870447,2.131381727,9.228213371,-32.1950383115,1.03455577033,0.363694758087,-0.0540546889445,0.128684058773,-0.990211342907
1.179,8.977713811,2.131866608,9.227361514,-32.1608006814,1.01785663609,0.364717126959,-0.0540631847848,0.128666913526,-0.990213107071
1.18,8.976547503,2.131778893,9.226206497,-32.1283148291,0.9986733877,0.365914919057,-0.0540617564483,0.12864673224,-0.990215807172
1.181,8.975670386,2.132335987,9.225481865,-32.1005603189,0.976945572282,0.366821822707,-0.0540714965317,0.128631549525,-0.990217247744
1.182,8.974762207,2.13256068,9.224650222,-32.0792570455,0.953582745581,0.367761146896,-0.0540754695274,0.128615832996,-0.990219072275
1.183,8.973852269,2.133051273,9.223878375,-32.0670470457,0.929558172348,0.368694497421,-0.0540840576972,0.128600083436,-0.990220648766
1.184,8.972893527,2.133083546,9.222953088,-32.0618912711,0.905351694036,0.369690968718,-0.0540846955535,0.12858349255,-0.990222768447
1.185,8.972228587,2.13302612,9.222292895,-32.0653425137,0.882100172798,0.37037093268,-0.0540837523169,0.128571987413,-0.990224313874
1.186,8.971578339,2.133176215,9.221694999,-32.0761255182,0.862172849164,0.371039147518,-0.054086410575,0.12856073423,-0.990225629746
1.187,8.971135025,2.133149624,9.221257558,-32.0913323347,0.848233149476,0.371490861303,-0.0540859847088,0.128553062651,-0.990226648975
1.188,8.970679288,2.133139428,9.220811825,-32.120793599,0.842325153575,0.371941665073,-0.0540858441951,0.128545176835,-0.99022768037
1.189,8.970084537,2.132581394,9.220104121,-32.1737358276,0.844560463241,0.372539036164,-0.0540762067351,0.128534889447,-0.990229542106
1.19,8.96975024,2.133252282,9.219934092,-32.2496036747,0.853338943071,0.372840760963,-0.0540878782665,0.128529099293,-0.990229656221
1.191,8.96930738,2.133053069,9.219457157,-32.3390187332,0.868654769413,0.373257952086,-0.0540844564489,0.128521437203,-0.990230837608
1.192,8.968880301,2.133169414,9.219068586,-32.4330322725,0.890078838618,0.373651649875,-0.0540865102629,0.128514046598,-0.990231684625
1.193,8.968336647,2.133237732,9.218555496,-32.5246199993,0.91537489702,0.37415385369,-0.0540877393021,0.128504638296,-0.990232838475
1.194,8.968009266,2.133592889,9.218319197,-32.6087852502,0.943012900553,0.374435881785,-0.0540939300709,0.128498970058,-0.990233235871
1.195,8.967307251,2.133572017,9.217631414,-32.6830003714,0.97063032941,0.375100826147,-0.0540936248723,0.128486822594,-0.9902348288
1.196,8.966657343,2.133973,9.217091985,-32.7422586197,0.995327483249,0.375708370202,-0.054100636221,0.128475573368,-0.990235905332
1.197,8.965831068,2.133915814,9.216274922,-32.7847020801,1.01667749099,0.37649601501,-0.0540997106048,0.128461275364,-0.990237810854
1.198,8.96506916,2.134633973,9.215700041,-32.8139635338,1.03488890379,0.377215750671,-0.0541122366591,0.12844808554,-0.990238837435
1.199,8.964089477,2.134431905,9.214700196,-32.8338063688,1.0487476458,0.378164466994,-0.0541088089668,0.128431134661,-0.99024122336
1.2,8.962966901,2.134408686,9.213602776,-32.8435788293,1.05693344647,0.379258826536,-0.0541084964314,0.128411708193,-0.990243759795
1.201,8.961948179,2.134517526,9.212636985,-32.8399749111,1.0587731996,0.380256628039,-0.0541104671598,0.128394079059,-0.990245938041
1.202,8.960874478,2.134679725,9.211630091,-32.830941461,1.05508470718,0.381324560374,-0.0541133696245,0.12837549776,-0.990248188487
1.203,8.959705353,2.134918707,9.210548187,-32.8265715875,1.04680456509,0.382496952667,-0.054117611439,0.128355264675,-0.990250579481
1.204,8.958527749,2.134842267,9.209384938,-32.829504544,1.03347122234,0.383689328687,-0.0541163795521,0.128334887494,-0.990253287859
1.205,8.957416091,2.13513717,9.208371938,-32.8302874237,1.01526164132,0.384824419601,-0.0541215880513,0.128315647949,-0.990255496424
1.206,8.956424483,2.134975831,9.207369946,-32.814654822,0.993412370402,0.385844886549,-0.0541188669471,0.128298489539,-0.990257868347
1.207,8.955320567,2.134900207,9.206278583,-32.7857651546,0.968608344958,0.386974922327,-0.0541176435264,0.128279387422,-0.990260409903
1.208,8.954353096,2.134864842,9.205329286,-32.7500508873,0.941017436565,0.387993600106,-0.0541171078758,0.128262644949,-0.99026260787
1.209,8.953488544,2.134901765,9.204496871,-32.7103005033,0.9124608985,0.388873710177,-0.0541178186613,0.128247684082,-0.990264506701
1.21,8.952606009,2.13481498,9.203618275,-32.6773794781,0.887124530626,0.389786804935,-0.0541163837796,0.128232412921,-0.990266562741
1.211,8.951856749,2.134680739,9.202858312,-32.6667818729,0.867084815362,0.390562808342,-0.0541141141679,0.128219447117,-0.990268365661
1.212,8.951202815,2.134813547,9.202253023,-32.6833837519,0.850855663019,0.391248934777,-0.054116471452,0.128208130111,-0.990269702097
1.213,8.95080012,2.134556434,9.201801669,-32.7162830118,0.837372826809,0.391662876865,-0.0541120414729,0.128201163763,-0.990270846071
1.214,8.950409487,2.134500873,9.201408803,-32.7587017937,0.828148429104,0.392059730062,-0.0541111089718,0.128194404023,-0.990271772123
1.215,8.94996273,2.134429865,9.200957761,-32.8052361453,0.826006101761,0.392515357934,-0.0541099119934,0.128186673044,-0.990272838302
1.216,8.94957517,2.13448148,9.200592748,-32.8502172415,0.832307362576,0.392888954899,-0.0541108391689,0.128179965883,-0.99027365583
1.217,8.949098785,2.134421601,9.200115468,-32.8986357197,0.846152407725,0.393336313068,-0.0541098379596,0.128171723035,-0.990274777448
1.218,8.948697044,2.134692922,9.199787642,-32.9557706331,0.865313781164,0.393718244398,-0.0541145797658,0.128164768388,-0.990275418457
1.219,8.948198677,2.134680811,9.199300068,-33.0218488804,0.887512201342,0.394187125663,-0.0541144098367,0.128156144603,-0.990276543824
1.22,8.947649284,2.134626616,9.198753095,-33.0952915584,0.91195966449,0.394687474159,-0.0541135135421,0.128146637363,-0.990277823131
1.221,8.94717218,2.134999142,9.198375474,-33.1705895516,0.937832950322,0.395134361362,-0.054120018166,0.12813837787,-0.990278536448
1.222,8.946552794,2.135386421,9.197862907,-33.2395181401,0.962975863817,0.395704059495,-0.0541267892188,0.128127657113,-0.990279553546
1.223,8.945709607,2.135209528,9.197001691,-33.2953897629,0.985644783348,0.396504256084,-0.0541237870709,0.128113066543,-0.99028160533
1.224,8.944938952,2.135638124,9.196351616,-33.3316444143,1.00563132103,0.397237551335,-0.0541312885466,0.128099726384,-0.990282921039
1.225,8.943975697,2.135677705,9.195423891,-33.3466724784,1.02255284626,0.398166547117,-0.0541320528618,0.128083057318,-0.990285035372
1.226,8.942928961,2.135797825,9.194433683,-33.3516049365,1.03492719563,0.399181291355,-0.0541342222433,0.128064941818,-0.990287259667
1.227,8.941823335,2.13601986,9.19340989,-33.3577253326,1.04340819441,0.400256707243,-0.0541381648222,0.12804580667,-0.990289518527
1.228,8.940599597,2.136159055,9.192251991,-33.3624095623,1.04918305988,0.401478009786,-0.0541406795698,0.128024628592,-0.99029211917
1.229,8.939609002,2.13642769,9.191350956,-33.3548821913,1.05106895728,0.40246318545,-0.0541454216508,0.128007484439,-0.990294076142
1.231,8.937179462,2.136868838,9.189090552,-33.2740109952,1.03771216317,0.404936349749,-0.054153273547,0.127965436539,-0.990299081094
1.232,8.935927826,2.136980264,9.187899148,-33.2113933089,1.0201036119,0.406213708072,-0.0541553088076,0.127943775199,-0.990301768612
1.233,8.934714837,2.137182027,9.186766364,-33.1471309719,0.994717139312,0.407469583414,-0.0541589083614,0.127922781944,-0.990304283796
1.234,8.933508996,2.137475763,9.185661959,-33.0866785453,0.962993234326,0.408710431264,-0.0541641035009,0.127901911768,-0.990306695351
1.235,8.932435832,2.137469199,9.18461673,-33.0416847136,0.928998176499,0.409834769195,-0.0541640761283,0.127883339992,-0.990309095288
1.236,8.93131304,2.137728171,9.183585049,-33.0291241773,0.897280448443,0.410997439343,-0.0541686608245,0.127863907265,-0.990311353769
1.237,8.93020068,2.137871818,9.182536692,-33.0578228821,0.871352836761,0.412150800483,-0.0541712442146,0.12784465556,-0.990313697949
1.238,8.929195887,2.137686849,9.181516447,-33.1243327767,0.851965246686,0.413193933251,-0.0541681138341,0.127827268095,-0.99031611366
1.239,8.928546824,2.138069683,9.180974369,-33.2179823254,0.838957836456,0.413875340705,-0.0541748106524,0.127816032534,-0.990317197527
1.24,8.92787013,2.137909968,9.180279086,-33.32630297,0.832971971088,0.414571523525,-0.0541720938768,0.127804322969,-0.990318857376
1.241,8.927279002,2.137842845,9.179688579,-33.4418109752,0.834373793898,0.415177981922,-0.0541709756932,0.127794094107,-0.990320238561
1.242,8.926609061,2.137369544,9.178926837,-33.5582818691,0.843007737774,0.415872240078,-0.0541628146228,0.127782503014,-0.990322180624
1.243,8.926129943,2.137556146,9.178504346,-33.6696896907,0.858825034837,0.416336986451,-0.054166092195,0.127774210139,-0.990323071366
1.244,8.92559328,2.137241591,9.177909186,-33.7793281716,0.88141839879,0.416849408219,-0.0541606759389,0.127764924838,-0.990324565566
1.245,8.925109818,2.137492019,9.177497338,-33.8885826489,0.908648059772,0.417300841867,-0.0541650611618,0.127756556518,-0.990325405317
1.246,8.924600562,2.137785125,9.177070362,-33.9805821379,0.93783084567,0.417776154689,-0.0541701897145,0.127747740743,-0.990326262038
1.247,8.924060872,2.137814991,9.176552478,-34.0454029665,0.967258192697,0.418276946205,-0.0541707514552,0.127738400793,-0.990327436078
1.248,8.923383816,2.13819885,9.175983492,-34.091906134,0.996158718089,0.418915195464,-0.0541774679149,0.127726680929,-0.990328580295
1.249,8.922681037,2.138534542,9.175378296,-34.1293538265,1.02569642676,0.419570601981,-0.0541833511711,0.127714515695,-0.990329827349
1.25,8.921855306,2.138783244,9.174633282,-34.1589403924,1.05551017029,0.420357102195,-0.0541877344226,0.127700223549,-0.990331430554
1.251,8.920730212,2.138474945,9.173467317,-34.1756675441,1.08261945985,0.421434811648,-0.0541824739347,0.127680754639,-0.990334228639
1.252,8.919625217,2.138813623,9.172471735,-34.1725450435,1.10469437536,0.422510097434,-0.054188440656,0.127661629476,-0.990336367735
1.253,8.91851221,2.139186534,9.171476385,-34.1428957003,1.12063897021,0.423579143569,-0.054195003254,0.127642364233,-0.990338491868
1.254,8.917187712,2.139391557,9.170236253,-34.0910911085,1.1315489343,0.424881765035,-0.0541986677704,0.127619440314,-0.990341245665
1.255,8.915644455,2.139270169,9.168707264,-34.0352903963,1.13960258192,0.426428153298,-0.054196684463,0.127592733067,-0.990344795443
1.256,8.914407435,2.139325617,9.167517331,-33.9877318866,1.14590923792,0.427646423422,-0.054197746957,0.127571324163,-0.990347495315
1.257,8.912922448,2.139417481,9.166094791,-33.9486882375,1.14933144962,0.429150829918,-0.0541994608058,0.127545624046,-0.990350711736
1.258,8.911486878,2.139510962,9.164720701,-33.9160293253,1.14703812464,0.430609098267,-0.0542011979597,0.127520778806,-0.990353816125
1.259,8.910072277,2.139440985,9.163328855,-33.8892660218,1.13685749139,0.432053183576,-0.0542000975203,0.127496296615,-0.990357028439
1.26,8.90863777,2.139120805,9.16185924,-33.8706791826,1.11784033665,0.433539545117,-0.0541946550476,0.127471472815,-0.990360521721
1.261,8.907080719,2.138838485,9.160279308,-33.8555810947,1.09125631935,0.435135206319,-0.0541898801905,0.127444527838,-0.990364250773
1.262,8.905862501,2.138814073,9.159089066,-33.8415492728,1.06099684668,0.436413016243,-0.0541895540308,0.127423443785,-0.990366981582
1.263,8.904478417,2.138403009,9.157647258,-33.8424595734,1.02946726215,0.437839660703,-0.0541825299692,0.127399492699,-0.99037044721
1.264,8.903260931,2.138454059,9.156475357,-33.8704474411,0.996085890435,0.439114094,-0.0541835139757,0.127378421683,-0.990373103685
1.265,8.902186182,2.138519759,9.155445679,-33.9196898786,0.96175609387,0.440226864772,-0.0541847404146,0.127359820384,-0.990375428844
1.266,8.901264178,2.137977705,9.154422573,-33.9829712088,0.930333332227,0.44118224525,-0.0541754057344,0.127343867692,-0.990377990857
1.267,8.900595165,2.137747205,9.153718229,-34.0639435362,0.904376258649,0.441893844208,-0.0541714592296,0.127332290437,-0.990379695277
1.268,8.900048867,2.138010043,9.153248427,-34.1610461906,0.884135409911,0.442470407884,-0.0541760645929,0.127322833806,-0.990380659149
1.269,8.899417196,2.137839136,9.15259431,-34.2662263918,0.870527168457,0.443120493662,-0.0541731484586,0.127311902829,-0.990382223883
1.27,8.899015609,2.13761145,9.152150651,-34.3775618445,0.865694582703,0.443521874162,-0.0541692294795,0.127304954054,-0.990383331469
1.271,8.898434068,2.137626453,9.151588699,-34.4908690783,0.871944474198,0.444070626966,-0.0541695360123,0.127294889387,-0.990384608374
1.272,8.897795805,2.137754596,9.150998028,-34.595838048,0.889113738793,0.444674405317,-0.0541718111696,0.127283842237,-0.990385903767
1.273,8.897145547,2.137911416,9.150402401,-34.683962645,0.912520862921,0.445287193121,-0.0541745859314,0.127272586789,-0.990387198469
1.274,8.89646289,2.138250635,9.149817907,-34.7448306838,0.93655454141,0.445917737676,-0.0541805284861,0.127260769657,-0.990388391915
1.275,8.895719578,2.138311732,9.149109458,-34.7786987187,0.95952078924,0.446619022507,-0.0541816485824,0.127247904894,-0.990389983621
1.276,8.895139746,2.139145308,9.148740555,-34.7952087592,0.983152394395,0.447144919561,-0.0541961630337,0.127237863289,-0.990390479588
1.277,8.894418597,2.13930999,9.148077908,-34.7950844519,1.00862153515,0.447829503619,-0.0541990791542,0.127225381003,-0.990391923557
1.278,8.893453548,2.139822016,9.147259386,-34.7815371883,1.03451892111,0.448753874344,-0.0542080439078,0.127208674099,-0.990393578942
1.279,8.892234256,2.139949379,9.146103728,-34.7607716975,1.05704838123,0.449930335506,-0.0542103524416,0.12718757068,-0.990396162933
1.28,8.890895812,2.140492672,9.14492959,-34.7275074228,1.07305348318,0.451235026433,-0.0542198897641,0.127164402371,-0.990398615873
1.281,8.889537853,2.140071061,9.143510671,-34.6771641252,1.08131892068,0.452566397324,-0.0542126808173,0.127140902338,-0.990402027558
1.282,8.888133083,2.14027317,9.142192239,-34.6169952358,1.08026964837,0.453949908967,-0.0542163013108,0.127116588197,-0.99040495035
1.283,8.886739411,2.140423674,9.140872544,-34.554210135,1.06970378298,0.455334392034,-0.0542190249072,0.127092466059,-0.990407896984
1.284,8.885352162,2.141002747,9.139659501,-34.4921361515,1.0513260296,0.456725413651,-0.0542291874643,0.127068451567,-0.990410421918
1.285,8.883996926,2.141307618,9.138413412,-34.4313196953,1.02654736382,0.458099916029,-0.0542345879495,0.12704499399,-0.990413135501
1.286,8.882624835,2.141402612,9.137101789,-34.3740279161,0.997755402851,0.459499735928,-0.0542363463122,0.127021244801,-0.990416085344
1.287,8.881268179,2.141814976,9.135879588,-34.3235836209,0.967891808196,0.460878057459,-0.0542436127954,0.126997761177,-0.990418698898
1.288,8.879963992,2.141746109,9.134595606,-34.277747222,0.93861690921,0.462228897063,-0.0542425222194,0.126975189613,-0.990421652634
1.289,8.878736255,2.141496472,9.133343562,-34.242769865,0.910358184597,0.463496122224,-0.0542382870525,0.126953941908,-0.990424608363
1.29,8.877522248,2.141138937,9.132079567,-34.2381698626,0.882766038613,0.464751897912,-0.0542321788007,0.126932932716,-0.990427635607
1.291,8.876568017,2.141356438,9.131202941,-34.2685423602,0.855569543618,0.465747690111,-0.0542360299593,0.126916414778,-0.990429541519
1.292,8.87569017,2.141333799,9.130344267,-34.3222862419,0.829854099999,0.466672152557,-0.0542357073846,0.126901221811,-0.990431505934
1.293,8.874911098,2.141207918,9.129557401,-34.3955914523,0.807072306537,0.467492577477,-0.0542335847195,0.126887738051,-0.990433349711
1.294,8.874274882,2.141157307,9.128927061,-34.4985204311,0.788745544616,0.468153182169,-0.0542327569743,0.126876727057,-0.990434805629
1.295,8.873852936,2.141020223,9.128484733,-34.6381616274,0.777477206249,0.46858809007,-0.054230411467,0.126869425062,-0.990435869432
1.296,8.873326146,2.140608449,9.127876064,-34.8018388477,0.775006358892,0.469135525263,-0.0542233062576,0.126860310462,-0.990437425933
1.297,8.872835036,2.14059699,9.127395962,-34.9717114175,0.781539313626,0.469624139833,-0.0542231462067,0.126851810102,-0.990438523428
1.298,8.872408775,2.140118434,9.126869364,-35.1391621139,0.797090535657,0.470030170324,-0.0542148740932,0.126844436381,-0.990439920634
1.299,8.871617022,2.140174113,9.126112744,-35.2961646669,0.819690368009,0.470802098461,-0.0542159033622,0.126830731541,-0.990441619359
1.3,8.871217915,2.140045883,9.125694695,-35.4277936135,0.845436353459,0.471160434879,-0.0542137100935,0.126823824609,-0.990442623855
1.301,8.870592553,2.140521473,9.125198322,-35.5225362977,0.872169800618,0.471741864776,-0.0542220151446,0.126812997958,-0.990443555496
1.302,8.869924927,2.14045678,9.124534149,-35.5783439627,0.899144593994,0.472387953557,-0.0542209456208,0.12680144317,-0.990445093413
1.303,8.86942259,2.141349151,9.124255217,-35.5996055667,0.926026168759,0.472836081209,-0.0542364751798,0.126792741385,-0.990445357146
1.304,8.868637521,2.141426098,9.123510137,-35.5927704061,0.952227374536,0.473597820001,-0.0542378733745,0.126779153454,-0.990447019957
1.305,8.867533905,2.142047101,9.122583151,-35.5648927696,0.976985999522,0.474639540119,-0.0542487407916,0.126760047387,-0.990448870214
1.306,8.866530609,2.141881468,9.121569013,-35.5264292657,1.00130113668,0.475603592026,-0.0542459462697,0.126742683213,-0.990451245426
1.307,8.865340524,2.142349905,9.120522228,-35.4915571152,1.02396769903,0.476756713461,-0.0542541717358,0.126722080904,-0.990453431041
1.308,8.864061265,2.142795443,9.119383445,-35.4652401541,1.04121571665,0.478010670876,-0.0542620076105,0.126699936097,-0.990455834817
1.309,8.862777515,2.143383856,9.11827394,-35.4426335015,1.05161528374,0.479280730443,-0.0542723242463,0.126677711887,-0.990458112255
1.31,8.86147018,2.14360626,9.11705553,-35.4125887717,1.05552935118,0.480576004409,-0.0542762890857,0.126655082604,-0.990460788973
1.311,8.860050819,2.143700885,9.115698218,-35.3625395256,1.0529425712,0.48200437099,-0.0542780448922,0.126630514775,-0.990463834055
1.312,8.858687897,2.144108746,9.114469462,-35.2953578497,1.04336034777,0.483377623773,-0.0542852334765,0.126606921072,-0.990466456253
1.313,8.857482668,2.144885391,9.113480814,-35.224482434,1.02789858057,0.484610648515,-0.0542988105135,0.126586054813,-0.990468379053
1.314,8.856350705,2.144757954,9.112350656,-35.1628746215,1.00884424562,0.485773628126,-0.0542966891044,0.126566463136,-0.990470999051
1.315,8.855180522,2.144588167,9.111173387,-35.1235940674,0.987789879834,0.486988411249,-0.0542938351147,0.126546209501,-0.990473743382
1.316,8.853840057,2.14480191,9.10992091,-35.1158013425,0.965432681823,0.488362272261,-0.0542976518452,0.126523006221,-0.990476498409
1.317,8.852684365,2.144535179,9.108734907,-35.1423266521,0.941971382105,0.489566814733,-0.0542931141688,0.126503005112,-0.990479301879
1.318,8.85153002,2.144703401,9.107652627,-35.2029926681,0.917617001663,0.490761761459,-0.054296127131,0.126483023238,-0.990481688579
1.319,8.850610695,2.144897389,9.106804845,-35.2927387974,0.893280597672,0.491717787177,-0.0542995674661,0.126467108763,-0.990483532107
1.32,8.849835351,2.144846532,9.106039336,-35.4009287311,0.871331148138,0.492531416304,-0.0542987464286,0.126453689156,-0.990485290469
1.321,8.849062651,2.144547094,9.105217847,-35.5181594365,0.854667877231,0.493338361878,-0.0542936105736,0.126440316877,-0.99048727913
1.322,8.848537842,2.144625217,9.104726205,-35.6392565095,0.844839779786,0.493887675529,-0.0542950084894,0.126431231849,-0.990488362206
1.323,8.848040117,2.144244162,9.10415273,-35.7609300833,0.842342416433,0.49440237163,-0.0542884335504,0.126422620102,-0.99048982181
1.324,8.847600408,2.143920605,9.103649188,-35.8852957231,0.846907897715,0.494843486755,-0.0542828532787,0.126415011117,-0.990491098801
1.325,8.847103642,2.143825321,9.103143954,-36.0144781916,0.859079014368,0.495327397673,-0.0542812390058,0.126406413824,-0.990492284491
1.326,8.846590224,2.144067096,9.102701923,-36.1396937736,0.880125679125,0.495818341572,-0.0542854758383,0.126397524702,-0.990493186681
1.327,8.845994166,2.144055665,9.102119944,-36.2486165071,0.908529816875,0.496383380369,-0.054285325628,0.126387207371,-0.990494511461
1.328,8.845402332,2.143608799,9.101439507,-36.3444089191,0.940304088102,0.496941995037,-0.0542776154988,0.126376967143,-0.990496240594
1.329,8.844804703,2.143920721,9.100932166,-36.429830445,0.9729116669,0.497499972525,-0.0542830781705,0.126366620405,-0.990497261315
1.33,8.844294307,2.144255453,9.100514999,-36.4919152136,1.00578346893,0.49797892996,-0.0542889288494,0.126357783624,-0.990498068005
1.331,8.84372369,2.144609074,9.100043779,-36.5272833616,1.03772069704,0.498515289597,-0.0542951128781,0.126347904004,-0.990498989334
1.332,8.842706744,2.145075288,9.099165377,-36.5469174338,1.06683898112,0.499479901885,-0.054303286607,0.126330297972,-0.990500786914
1.333,8.841763343,2.145068724,9.09824702,-36.5542602947,1.09096201147,0.500385981731,-0.0543032473503,0.126313968241,-0.990502871654
1.334,8.84051807,2.1454896,9.097136108,-36.5414840827,1.10708145398,0.501603641457,-0.0543106527531,0.126292410392,-0.990505214562
1.335,8.839199334,2.145577024,9.095875199,-36.5020433619,1.11382326886,0.502886148855,-0.0543122749108,0.1262695833,-0.990508035872
1.336,8.83795368,2.145429026,9.094629787,-36.4467090429,1.11249941791,0.504109021265,-0.0543098050986,0.126248022935,-0.990510919564
1.337,8.836686142,2.146068086,9.093548823,-36.3899068115,1.10332963436,0.505365062125,-0.0543209995257,0.126226078654,-0.990513102426
1.338,8.835217759,2.14630703,9.092178326,-36.3341296349,1.0864789237,0.506837519391,-0.0543252644589,0.126200659431,-0.990516107492
1.339,8.833992842,2.147226631,9.091205186,-36.2791590837,1.06366477828,0.50806137556,-0.0543413240098,0.126179450597,-0.990517928536
1.34,8.832559262,2.14744029,9.089862645,-36.2237851315,1.03677210844,0.50952354134,-0.0543451474703,0.126154633561,-0.990520879829
1.341,8.831271342,2.147768802,9.088688813,-36.1703317203,1.00703196328,0.51083553082,-0.0543509522565,0.126132338162,-0.990523400662
1.342,8.830106919,2.147771935,9.087558115,-36.1204149743,0.975170367227,0.512034499577,-0.0543510993467,0.12611218293,-0.990525958931
1.343,8.828862741,2.147857928,9.086369516,-36.0758572506,0.941923018033,0.513317041194,-0.0543526914277,0.12609064566,-0.990528613424
1.344,8.827784731,2.147532084,9.085245033,-36.0491620839,0.908574648509,0.514430618486,-0.0543471211571,0.126071987789,-0.990531293961
1.345,8.826762584,2.147819493,9.084319804,-36.0522060396,0.877401099925,0.515492011416,-0.0543521912473,0.126054292007,-0.990533267878
1.346,8.82597223,2.147901547,9.083571261,-36.0837776814,0.850438840767,0.51631220966,-0.0543536789325,0.126040610945,-0.990534927188
1.347,8.825158284,2.147954313,9.082792878,-36.1389356982,0.827961918624,0.517148847369,-0.0543546597006,0.126026521564,-0.990536666071
1.348,8.824679111,2.147800704,9.082290971,-36.215697677,0.809097178427,0.517659656239,-0.0543520311232,0.126018227564,-0.990537865523
1.349,8.82417882,2.14746024,9.081724358,-36.3102649695,0.794397608161,0.518176723841,-0.0543461617085,0.126009570618,-0.990539288883
1.35,8.823856815,2.147597525,9.08144395,-36.4172436168,0.785945825454,0.518510781684,-0.0543485703292,0.126003995859,-0.990539865897
1.351,8.823513254,2.147294415,9.081038456,-36.5302962025,0.784442225783,0.518851190031,-0.0543433357829,0.125998051139,-0.990540909284
1.352,8.823063272,2.146679423,9.080455828,-36.6471358175,0.790286185232,0.519274780947,-0.0543326966211,0.125990265519,-0.990542483224
1.353,8.822594717,2.146509211,9.079960315,-36.7699509516,0.803672522916,0.519721227151,-0.0543297793529,0.125982156614,-0.9905436746
1.354,8.82204953,2.146496597,9.0794276,-36.8967955423,0.821909802317,0.520233392838,-0.0543296033157,0.12597271939,-0.990544884482
1.355,8.821632647,2.146617433,9.079051105,-37.0182172513,0.843787876716,0.520606685722,-0.0543317343817,0.12596550195,-0.990545685447
1.356,8.821069972,2.146661228,9.078514739,-37.1264813782,0.870225261086,0.521128524914,-0.0543325389295,0.125955762137,-0.990546879859
1.357,8.820470164,2.146958094,9.078002146,-37.2193766178,0.899956849642,0.521678652446,-0.0543377404684,0.125945377493,-0.990547914969
1.358,8.819815719,2.147229325,9.077430424,-37.2957050627,0.930894804604,0.522278526048,-0.0543425003691,0.125934046591,-0.990549094474
1.359,8.819033526,2.147284145,9.076683399,-37.3556815443,0.962274118393,0.523007873773,-0.0543435141978,0.125920506206,-0.990550760225
1.36,8.818021563,2.147701962,9.075799028,-37.3993752588,0.992336420861,0.523975641468,-0.0543508478878,0.125902986673,-0.990552584813
1.361,8.817042169,2.147975729,9.07491225,-37.4226392497,1.01765681201,0.524920030359,-0.0543556771972,0.125886030775,-0.990554474833
1.362,8.815892419,2.148129118,9.073831487,-37.4207344399,1.03469842306,0.526041355947,-0.0543584314878,0.125866127584,-0.990556852913
1.363,8.814561583,2.148349852,9.072590754,-37.385311825,1.04185385959,0.527348719296,-0.0543623688356,0.125843088526,-0.990559564047
1.364,8.813359656,2.148935516,9.071561733,-37.3109288495,1.03998333785,0.528541858435,-0.0543726312777,0.125822278851,-0.990561644277
1.365,8.811941623,2.149296765,9.070269663,-37.2088427332,1.03099049781,0.529962547336,-0.0543790147629,0.125797729843,-0.990564411798
1.366,8.810709113,2.149523805,9.06912607,-37.097840124,1.01740783868,0.531213623144,-0.054383053909,0.125776393018,-0.990566899511
1.367,8.809211584,2.14978624,9.067733433,-36.9879943894,1.00177812551,0.532734989955,-0.0543877280272,0.125750468271,-0.990569934315
1.368,8.80790739,2.150157748,9.066554524,-36.8810699874,0.983842129178,0.534072881459,-0.0543942810177,0.125727889251,-0.99057244059
1.369,8.806546249,2.150359313,9.065280029,-36.781573922,0.962239037025,0.535480044703,-0.0543978880526,0.125704325881,-0.990575232999
1.37,8.805274878,2.150014101,9.063963058,-36.7068943002,0.937547717255,0.53679299848,-0.0543919961728,0.125682320013,-0.990578348839
1.371,8.804220306,2.150064955,9.062950652,-36.6759005487,0.910027452899,0.537891737441,-0.0543929627387,0.125664063666,-0.990580611918
1.372,8.802904255,2.150000688,9.061656928,-36.6904021236,0.880231336201,0.539260749449,-0.0543919518761,0.125641282364,-0.990583557171
1.373,8.802000779,2.15026266,9.060841419,-36.738021139,0.849562456779,0.540209647538,-0.0543965714241,0.125625641075,-0.990585287253
1.374,8.801222908,2.150326798,9.060100993,-36.8033187856,0.818908688501,0.541024001841,-0.0543977468541,0.125612175131,-0.990586930358
1.375,8.800435792,2.150167703,9.059298609,-36.8760152622,0.789489026619,0.541849418314,-0.0543950470147,0.125598550981,-0.990588806141
1.376,8.799995558,2.150216816,9.058882612,-36.9511904257,0.763794365013,0.542313124855,-0.054395934854,0.125590929813,-0.99058972366
1.377,8.799327091,2.149583808,9.058083009,-37.0265830616,0.744397713577,0.54299782033,-0.0543850003049,0.125579361794,-0.990591790615
1.378,8.798933038,2.149268459,9.05762538,-37.1108413533,0.733020218819,0.543397372916,-0.0543795573727,0.125572543446,-0.990592953777
1.379,8.798592171,2.149552207,9.057361584,-37.2103214923,0.73151417231,0.543719459448,-0.0543845101289,0.125566639858,-0.990593430229
1.38,8.79799713,2.149336909,9.056732449,-37.3220441733,0.741135009748,0.544287999898,-0.0543808195367,0.125556341504,-0.990594938193
1.381,8.797593632,2.149579579,9.056398075,-37.4364299167,0.761510857673,0.544663394663,-0.0543850640388,0.125549354265,-0.99059559077
1.382,8.797081697,2.149664314,9.055920883,-37.5407630123,0.792232887121,0.545125497398,-0.0543865756889,0.125540491996,-0.990596630952
1.383,8.796525644,2.149498811,9.055341437,-37.6342013724,0.831498861537,0.545638633938,-0.0543837467896,0.125530867625,-0.990598005933
1.384,8.795922495,2.149938087,9.054859817,-37.7195999702,0.875497437686,0.546183279742,-0.0543914200303,0.1255204234,-0.990598908104
1.385,8.795249178,2.1502643,9.054283222,-37.7940838252,0.920568983357,0.546796538751,-0.0543971366951,0.125508764419,-0.990600071458
1.386,8.794383791,2.150562943,9.05351353,-37.8554777228,0.963906631224,0.547603538968,-0.0544023890825,0.125493782423,-0.990601681119
1.387,8.793450949,2.150724619,9.0526458,-37.8999593968,1.00337200352,0.54847615623,-0.0544052696159,0.125477632582,-0.990603568719
1.388,8.792163795,2.151126447,9.051490993,-37.9186772004,1.03791178559,0.549716465418,-0.0544123467143,0.125455347203,-0.990606002598
1.389,8.790875713,2.151005438,9.050211058,-37.9064647119,1.06597615175,0.550962447535,-0.0544103483941,0.125433049796,-0.990608935961
1.39,8.789471487,2.15129726,9.04891645,-37.8685404125,1.08561902014,0.55233752664,-0.054415525579,0.1254087392,-0.990611729543
1.391,8.787953797,2.151648231,9.047525741,-37.8157573355,1.09455405657,0.553828294348,-0.0544217386361,0.125382463991,-0.990614714249
1.392,8.78635186,2.151912169,9.046032555,-37.7604557875,1.09022355244,0.555434027956,-0.0544264477058,0.125354729818,-0.990617965465
1.393,8.784789524,2.152565018,9.044670428,-37.703871638,1.07311793697,0.557002911496,-0.0544379039588,0.125327679667,-0.990620758576
1.394,8.783257399,2.152655478,9.043203865,-37.6409935926,1.04747280635,0.558562766653,-0.054439596112,0.125301155886,-0.990624020862
1.395,8.781347654,2.153200809,9.041478881,-37.5668042255,1.01809546979,0.560510902142,-0.054449213899,0.125268091065,-0.990627673986
1.396,8.779832525,2.15328857,9.040028254,-37.4758280214,0.986900108758,0.562070282291,-0.0544508575249,0.125241861517,-0.990630900103
1.397,8.778074271,2.153315806,9.038327106,-37.3840134838,0.953566701363,0.563875842591,-0.054451469444,0.125211422612,-0.990634714273
1.398,8.776559987,2.153122197,9.036810301,-37.3215318582,0.917515550546,0.565452542617,-0.0544482286447,0.12518520921,-0.990638205296
1.399,8.775079105,2.153002264,9.035343494,-37.3010355267,0.880355444099,0.566986348928,-0.0544462644667,0.12515957351,-0.990641552452
1.4,8.773882484,2.152878818,9.034151928,-37.3185774333,0.846129836366,0.568226593172,-0.0544442170259,0.125138858884,-0.990644281884
1.401,8.772804231,2.153227354,9.033187816,-37.3635069186,0.816813295613,0.569362880105,-0.0544503519542,0.125120189616,-0.990646302836
1.402,8.771816683,2.153195836,9.032221223,-37.4213096039,0.79362610427,0.570390670661,-0.0544498837916,0.125103093258,-0.990648487715
1.403,8.771215004,2.152856019,9.031555884,-37.4930133953,0.779327930061,0.571029249798,-0.0544440325195,0.125092679639,-0.990650124324
1.404,8.770821496,2.152319065,9.031045735,-37.5887574888,0.772825485596,0.57146666729,-0.0544347423169,0.125085871118,-0.990651494561
1.405,8.770046862,2.152030378,9.030224621,-37.7076343802,0.770505173212,0.572258471771,-0.0544297931571,0.125072463044,-0.990653459392
1.406,8.769520604,2.151732779,9.029642605,-37.8427005476,0.771862456933,0.572783659688,-0.0544246685305,0.125063354577,-0.990654890866
1.407,8.7689639,2.151872038,9.029135127,-37.9870122934,0.778441206534,0.573329089419,-0.0544271296749,0.125053715584,-0.990655972462
1.408,8.768233128,2.151545107,9.028347497,-38.1298766771,0.791253775064,0.574033470229,-0.0544215126289,0.125041067167,-0.990657877617
1.409,8.76764259,2.151799498,9.027834605,-38.253868127,0.810411583728,0.574573583357,-0.0544259755355,0.125030841931,-0.990658923017
1.41,8.767001249,2.151625722,9.027170329,-38.3505750613,0.836515100235,0.575160855047,-0.0544230090938,0.125019739386,-0.990660487173
1.411,8.766160988,2.152103475,9.026468181,-38.4280676197,0.86802481444,0.575970228472,-0.0544313692126,0.125005189877,-0.990661863882
1.412,8.765311845,2.152056769,9.025632392,-38.4962717072,0.900366577499,0.576771603531,-0.0544306257378,0.124990489128,-0.990663759612
1.413,8.764301721,2.152972767,9.024869882,-38.5561530591,0.93290799133,0.577721327404,-0.0544466063907,0.124972995943,-0.990665088381
1.414,8.763245063,2.152977604,9.02384489,-38.6011391726,0.966183589978,0.578727929151,-0.0544467744622,0.124954702927,-0.990667386648
1.415,8.761942046,2.153331415,9.022663942,-38.6218505,0.99670395296,0.579981669624,-0.0544530196906,0.124932141865,-0.9906698888
1.416,8.760358676,2.153356434,9.021132305,-38.6100814953,1.02111006837,0.581518292277,-0.054453579185,0.124904729683,-0.990673314578
1.417,8.75888062,2.153112458,9.019638739,-38.5722131374,1.03859351334,0.582961717238,-0.0544494607189,0.124879142905,-0.990676766607
1.418,8.75737385,2.153663731,9.01830717,-38.5158320754,1.04876832823,0.584464090691,-0.0544591492309,0.12485305321,-0.990679522434
1.419,8.755844822,2.15379811,9.016854488,-38.4425318596,1.05072430678,0.585988371508,-0.0544616035751,0.124826581785,-0.990682723285
1.42,8.754231974,2.15425095,9.015396531,-38.361778982,1.04264955588,0.587613998897,-0.0544695916728,0.124798655808,-0.990685802407
1.421,8.752610455,2.154818421,9.013957633,-38.2854463412,1.02482906677,0.589261534622,-0.0544795712243,0.124770578558,-0.990688790209
1.422,8.750948562,2.154956656,9.012376985,-38.2220141138,1.00140987341,0.590959485514,-0.0544821026184,0.12474180606,-0.990692274279
1.423,8.749137525,2.155039375,9.010638276,-38.1742276688,0.976559859252,0.592806769165,-0.0544836817163,0.124710452111,-0.990696134827
1.424,8.747412149,2.154147644,9.008749712,-38.1510634723,0.951367146869,0.594586194027,-0.0544683376654,0.124680586996,-0.990700737568
1.425,8.745719894,2.15383181,9.007031028,-38.1611157887,0.926601664913,0.596328757699,-0.0544629889113,0.124651291725,-0.990704718022
1.426,8.744162924,2.153666234,9.005479637,-38.1886985526,0.902920338454,0.597945931211,-0.0544602379845,0.124624336517,-0.990708260401
1.427,8.742687807,2.153454375,9.00399666,-38.2152330254,0.880281331173,0.599474942972,-0.0544566771088,0.124598799848,-0.990711668143
1.428,8.741420174,2.153289612,9.00272641,-38.2441766195,0.858639959502,0.600795971518,-0.054453917309,0.124576853718,-0.990714579689
1.429,8.740311272,2.153527853,9.00170669,-38.2840679798,0.838493111119,0.601955169449,-0.0544581400322,0.12455765422,-0.990716761622
1.43,8.739309116,2.153427183,9.000709553,-38.3301705096,0.821427788699,0.602996697856,-0.0544564720554,0.124540303829,-0.990719034527
1.431,8.73838969,2.153116529,8.999742505,-38.3809092468,0.808469091805,0.603943230853,-0.0544511518004,0.124524388343,-0.990721327506
1.432,8.737452876,2.152671868,8.998726517,-38.4473599187,0.799404798827,0.604918091375,-0.0544435061012,0.124508172061,-0.990723785792
1.433,8.736744323,2.152688386,8.99804249,-38.536485862,0.794751114708,0.605632120165,-0.0544438492175,0.124495904713,-0.990725308545
1.434,8.735890095,2.152481877,8.997163663,-38.6454756665,0.796621057219,0.606476724936,-0.0544403319511,0.124481116744,-0.990727359989
1.435,8.734871672,2.15228297,8.996127228,-38.7671686148,0.806191162556,0.607478692863,-0.0544369591101,0.124463485848,-0.990729760416
1.436,8.734178691,2.152404112,8.995483359,-38.8923387337,0.822849504845,0.608151586904,-0.0544391171502,0.124451486618,-0.990731149204
1.437,8.733286358,2.152243462,8.994578507,-39.0172483551,0.847016191799,0.609009998475,-0.0544363988788,0.124436038429,-0.990733238979
1.438,8.73246581,2.152627168,8.993873628,-39.1359862826,0.878694202719,0.609799150499,-0.0544431238296,0.124421829334,-0.990734654008
1.439,8.731702805,2.153060729,8.99323659,-39.231019359,0.914553067938,0.610531695596,-0.0544507103089,0.124408616371,-0.990735896351
1.44,8.730598263,2.15329912,8.992221257,-39.2903543076,0.950317329193,0.61159373781,-0.0544549365969,0.124389491293,-0.990738065452
1.441,8.729474986,2.153615377,8.991206411,-39.3133613208,0.983435327916,0.612677269066,-0.0544605151424,0.124370041719,-0.990740200564
1.442,8.727937845,2.153576505,8.989704711,-39.3051233196,1.01252644543,0.614165887262,-0.054459960966,0.124343428186,-0.990743571525
1.443,8.726403812,2.153958206,8.988306817,-39.2752768504,1.03746719443,0.615653743442,-0.054466708258,0.124316865868,-0.990746533959
1.444,8.724800067,2.154477446,8.986874278,-39.2305658969,1.05848834958,0.617222574933,-0.0544758486374,0.124289096213,-0.990749515507
1.445,8.722918999,2.154440515,8.985039221,-39.170253004,1.07520616729,0.61908679606,-0.0544753565027,0.124256527497,-0.990753627754
1.446,8.721126391,2.155005061,8.983434329,-39.0913135958,1.08518353104,0.620868552415,-0.054485297576,0.124225487067,-0.990756973587
1.447,8.719231629,2.155702346,8.981762232,-38.9973686885,1.08664969423,0.622760420976,-0.0544975514869,0.124192676381,-0.990760413024
1.448,8.717327378,2.156047511,8.979996519,-38.9042944503,1.08036486098,0.624666740733,-0.0545036944035,0.124159704765,-0.990764207574
1.449,8.715502362,2.156834015,8.978413802,-38.8264371868,1.06706454195,0.626515285758,-0.0545174910378,0.124128100539,-0.990767408541
1.45,8.713438772,2.157082369,8.97647033,-38.7563862176,1.04657956122,0.628622206495,-0.0545219649056,0.124092369566,-0.990771638249
1.451,8.711647248,2.156881547,8.974683046,-38.6922043349,1.02024555314,0.630460717734,-0.0545186200501,0.124061352664,-0.990775706627
1.452,8.709655948,2.156699531,8.97270637,-38.6553466945,0.989758951952,0.632501092359,-0.054515617168,0.12402687629,-0.990780188257
1.453,8.707741719,2.156591961,8.970822411,-38.6629097673,0.955359316356,0.634461194874,-0.0545139006242,0.123993733025,-0.990784431049
1.454,8.705987552,2.156382868,8.969069424,-38.709261056,0.919589062177,0.636271249407,-0.054510408637,0.123963362603,-0.99078842347
1.455,8.704302811,2.156115976,8.967369933,-38.7824532896,0.886740182764,0.63800717219,-0.0545059087298,0.123934193495,-0.990792320114
1.456,8.702880361,2.156050273,8.965973419,-38.8783986972,0.858274952516,0.639474536667,-0.0545048801676,0.123909565542,-0.990795456997
1.457,8.701478818,2.156325415,8.964679186,-38.9880494613,0.832411457423,0.640922085708,-0.0545097659336,0.123885296697,-0.99079822299
1.458,8.700339976,2.155910541,8.963473989,-39.1008842516,0.808114564906,0.642100356364,-0.0545026533437,0.123865580201,-0.990801079339
1.459,8.699367238,2.155542338,8.962441247,-39.2209072066,0.787227860325,0.643099898991,-0.0544963383294,0.123848741036,-0.990803531712
1.46,8.698398571,2.155470316,8.961483693,-39.3529119047,0.772387541119,0.644079839309,-0.0544951641559,0.123831968782,-0.990805692652
1.461,8.697508577,2.155102199,8.960531286,-39.4949214628,0.766293733894,0.644970144431,-0.0544888437392,0.123816561177,-0.990807965797
1.462,8.696486071,2.155287372,8.95958334,-39.6400306196,0.770670322574,0.64597996125,-0.054492138483,0.123798855334,-0.990809997054
1.463,8.69545147,2.155480712,8.958625641,-39.7803806714,0.784184704367,0.646983438611,-0.0544955760581,0.123780940446,-0.990812046239
1.464,8.69451779,2.155222607,8.957657288,-39.9074510632,0.804138452017,0.647891740974,-0.0544911693827,0.123764775731,-0.990814307904
1.465,8.693320723,2.154953973,8.956430753,-40.0145809346,0.828553948259,0.649050049338,-0.0544865996253,0.123744050773,-0.990817147792
1.466,8.692232302,2.155451313,8.955493998,-40.1065457918,0.856035612913,0.650102126053,-0.0544953188716,0.123725200893,-0.990819022266
1.467,8.691158481,2.156153088,8.9546207,-40.1817956345,0.885190331266,0.651127460589,-0.0545075865759,0.123706603126,-0.990820669621
1.468,8.689926754,2.156539467,8.953518273,-40.226662127,0.914471048113,0.652307827665,-0.0545143908707,0.123685273149,-0.990822958148
1.469,8.688568174,2.156937384,8.95229556,-40.2339471079,0.942829836845,0.65360291421,-0.0545214052772,0.123661747602,-0.990825508627
1.47,8.686778036,2.157397672,8.950669102,-40.2055067863,0.968840406575,0.655355335572,-0.0545295365883,0.123630748099,-0.990828929616
1.471,8.685023409,2.157695254,8.949037961,-40.1492463996,0.990220950884,0.657059540207,-0.0545348407556,0.123600363866,-0.990832428414
1.472,8.683096975,2.157825798,8.947199855,-40.0759997019,1.00580069415,0.658962894928,-0.0545372583878,0.123567006287,-0.990836455933
1.473,8.680988561,2.158301904,8.945268555,-39.9927965756,1.01638422135,0.661040023034,-0.0545456896001,0.123530495511,-0.990840544399
1.474,8.67894922,2.158920225,8.943438718,-39.9078988022,1.02319063313,0.663067095705,-0.0545565838156,0.123495179447,-0.990844346916
1.475,8.676868463,2.15981065,8.941634547,-39.8305026824,1.0257843549,0.66514644461,-0.0545722045789,0.123459144427,-0.990847977313
1.476,8.674772241,2.160276742,8.939713028,-39.7599638473,1.02293223826,0.667246225016,-0.0545804607136,0.123422843986,-0.990852044904
1.477,8.67262274,2.16082804,8.937760514,-39.6913249035,1.0139136145,0.669428593125,-0.0545902008259,0.123385620518,-0.990856144263
1.478,8.670302946,2.160636977,8.935463352,-39.6253609957,0.996889239733,0.671790954193,-0.0545870658632,0.123345452653,-0.990861318021
1.479,8.667909049,2.160272351,8.933052329,-39.5611789945,0.973109139663,0.6742424759,-0.0545809234372,0.123304003063,-0.990866815281
1.48,8.665723377,2.160045927,8.930876779,-39.4997639865,0.946068487875,0.676477901635,-0.0545771642355,0.123266157896,-0.990871731084
1.481,8.663595531,2.159672777,8.928721859,-39.4618349039,0.916929154269,0.678663133519,-0.054570852353,0.123229315334,-0.990876661303
1.482,8.661601828,2.159613964,8.92677314,-39.4689291878,0.886271757386,0.680708903177,-0.0545699884369,0.123194792036,-0.990881001724
1.483,8.659672557,2.15952751,8.924880272,-39.5211514765,0.854934584625,0.682699329815,-0.0545686380658,0.123161385673,-0.990885228883
1.484,8.657994236,2.159388989,8.923218309,-39.6118039285,0.825143592434,0.684421678725,-0.0545663645998,0.12313232479,-0.99088896575
1.485,8.656284292,2.15925147,8.921525915,-39.7320039488,0.800310168358,0.686178605911,-0.0545641117362,0.123102715764,-0.99089276871
1.486,8.654847371,2.159237456,8.920128329,-39.8667098441,0.782717443315,0.687653248604,-0.0545639804617,0.123077833538,-0.990895866844
1.487,8.653503131,2.158730153,8.918701268,-40.0059841204,0.77240048046,0.689030558591,-0.0545552784932,0.123054559556,-0.990899236533
1.488,8.652094047,2.158690875,8.917324582,-40.1485878305,0.769319494656,0.690462669263,-0.0545547077683,0.123030159645,-0.990902297746
1.489,8.650819756,2.158577625,8.916060779,-40.2931783753,0.77437299551,0.691733533168,-0.0545528411271,0.123008094347,-0.990905139885
1.49,8.649572211,2.158363745,8.914798567,-40.4379007946,0.787981498866,0.692979426766,-0.0545492257637,0.122986492446,-0.990908020275
1.491,8.648365279,2.158403999,8.913637295,-40.5751734918,0.808424122963,0.694159861249,-0.0545500188606,0.122965592052,-0.990910570442
1.492,8.646955265,2.158626611,8.912323166,-40.6964938059,0.83394871202,0.695537496816,-0.0545539941919,0.122941174293,-0.990913381372
1.493,8.645750717,2.158738694,8.911181639,-40.806404892,0.862873208886,0.696711152601,-0.0545560337249,0.122920315184,-0.990915856821
1.494,8.644312367,2.159202535,8.909898534,-40.9098097121,0.892959124367,0.698122585487,-0.0545641995036,0.122895404878,-0.990918496947
1.495,8.642968017,2.159628218,8.908697446,-40.9912700148,0.922849957902,0.699427890222,-0.0545716942384,0.122872122294,-0.990920971496
1.496,8.641203708,2.160098278,8.907099757,-41.0283711138,0.952020507054,0.701146161749,-0.054579993358,0.122841566622,-0.990924302777
1.497,8.639184339,2.160339195,8.905199126,-41.0151952054,0.980225219754,0.703127857778,-0.0545843331533,0.122806595979,-0.9909283983
1.498,8.637034821,2.160453942,8.903141678,-40.9606490693,1.00622807278,0.705247416514,-0.0545864932899,0.122769372243,-0.990932891769
1.499,8.634628555,2.160441848,8.900804417,-40.8778496654,1.02661485826,0.707615479729,-0.0545864716999,0.122727702858,-0.990938054602
1.5,8.632507878,2.161313613,8.89895886,-40.7694440812,1.03853624689,0.709711831482,-0.0546017717158,0.122690972868,-0.990941759995
1.501,8.629983536,2.161605523,8.896581044,-40.6415427854,1.0412826943,0.712226364123,-0.054607037361,0.122647256952,-0.990946881439
1.502,8.627381153,2.162335133,8.894234019,-40.5102856414,1.03500136804,0.714836020837,-0.0546199067991,0.122602186352,-0.990951749422
1.503,8.624959161,2.162765378,8.89198935,-40.3798969227,1.02047610834,0.717264442707,-0.0546275653337,0.122560240309,-0.990956515999
1.504,8.622349244,2.163393048,8.889610563,-40.256872389,0.99976248592,0.719916845728,-0.0546386665028,0.122515039929,-0.990961493255
1.505,8.619750785,2.163665287,8.887156523,-40.1546101723,0.973239245272,0.722564584536,-0.0546435954386,0.12247003839,-0.990966784092
1.506,8.617206144,2.163467243,8.884640243,-40.0842694645,0.941688430342,0.725150233648,-0.0546403558937,0.122425973234,-0.99097240758
1.507,8.614391193,2.162956669,8.881785698,-40.0481943774,0.908709549578,0.728022238975,-0.0546317109878,0.122377227364,-0.990978905112
1.508,8.61173592,2.162563984,8.879114738,-40.0390110373,0.875975224965,0.730728809172,-0.0546251009871,0.12233124659,-0.990984946631
1.509,8.609266059,2.162177906,8.876625225,-40.0538580812,0.842750805846,0.733271656244,-0.0546185910579,0.122288476575,-0.990990584218
1.51,8.606946945,2.162523879,8.874460279,-40.0902530091,0.809712900937,0.735658309182,-0.05462477782,0.122248311113,-0.990995198817
1.511,8.604980741,2.161968893,8.872418106,-40.1435831651,0.779585778552,0.737678443846,-0.0546152961247,0.12221426401,-0.990999920838
1.512,8.603035978,2.162137298,8.870573022,-40.218641783,0.754995322738,0.739670084184,-0.054618371733,0.122180582908,-0.991003904447
1.513,8.601261557,2.162012037,8.868821592,-40.3158289203,0.736924481578,0.741481973127,-0.0546163343583,0.122149854094,-0.991007804796
1.514,8.599611956,2.161765925,8.867161762,-40.4329195744,0.72549936577,0.743180535534,-0.0546121900349,0.12212128717,-0.991011553878
1.515,8.59813596,2.161900667,8.865763164,-40.5694156622,0.720003268553,0.744683246826,-0.0546146448323,0.122095725021,-0.991014568259
1.516,8.596553243,2.16135225,8.864094494,-40.7196223259,0.720995171954,0.746280325665,-0.0546052463671,0.122068317991,-0.991018462397
1.517,8.594942824,2.161416001,8.862548238,-40.8777827818,0.731059882665,0.747882259673,-0.0546064785313,0.122040427452,-0.991021829512
1.518,8.593468663,2.161655981,8.861177136,-41.030222373,0.752784888657,0.749338043581,-0.054610759598,0.122014896002,-0.991024737375
1.519,8.591800166,2.161198956,8.859447558,-41.1655704892,0.786002452498,0.750971280467,-0.05460295514,0.121986002541,-0.991028724344
1.52,8.590457425,2.162050603,8.858353209,-41.2835882537,0.828538743683,0.752277752704,-0.0546178453548,0.121962742516,-0.99103076663
1.521,8.588614804,2.162033569,8.856562166,-41.3845544112,0.876529296404,0.754088555912,-0.0546176926135,0.12193083065,-0.991034701809
1.522,8.586811097,2.162683711,8.854971804,-41.4743532595,0.923751134648,0.755864178224,-0.0546291210251,0.121899589176,-0.991037915165
1.523,8.584829022,2.162723637,8.85305952,-41.5523122933,0.965089099675,0.757800427487,-0.0546299676621,0.121865261463,-0.991042090267
1.524,8.582322148,2.163001312,8.850696477,-41.6008956505,0.997995054028,0.760268832222,-0.0546349839106,0.121821842646,-0.991047151849
1.525,8.579653035,2.162968543,8.848100312,-41.6018039352,1.02101112956,0.762908735192,-0.0546346215762,0.121775617017,-0.991052852892
1.526,8.577010913,2.163636506,8.845701732,-41.5515064384,1.03425519901,0.765517810755,-0.0546464237862,0.121729853485,-0.991057824316
1.527,8.574106945,2.16357207,8.842870235,-41.4696148962,1.03967367142,0.768408727189,-0.0546455312336,0.121679559408,-0.991064049766
1.528,8.571244835,2.164404296,8.840298863,-41.3797715617,1.03998755109,0.771266511859,-0.0546602022711,0.121629984566,-0.991069326103
1.529,8.56814845,2.165018732,8.837447254,-41.2893476759,1.0356392987,0.774374939769,-0.0546711098056,0.121576352277,-0.99107530507
1.53,8.564901126,2.165395573,8.83439128,-41.2066644451,1.02488512302,0.77765034159,-0.0546779047969,0.121520107485,-0.991081828208
1.531,8.561882817,2.166115078,8.831641518,-41.1408485971,1.00659905304,0.780695283679,-0.054690631021,0.121467827033,-0.99108753492
1.532,8.558618222,2.166142782,8.828483473,-41.0864614943,0.981537425912,0.784003300968,-0.0546913650223,0.121411285298,-0.991094422542
1.533,8.555253101,2.166263411,8.825250863,-41.0337898481,0.951569592142,0.787412469298,-0.0546937207076,0.121353000282,-0.991101430852
1.534,8.552269494,2.165589965,8.82219323,-40.9820405099,0.918218671038,0.790444877212,-0.0546822598429,0.121301328245,-0.991108388737
1.535,8.549059767,2.165261986,8.819001211,-40.9327207797,0.882075556676,0.793726600188,-0.0546768138309,0.121245737234,-0.991115491369
1.536,8.546228303,2.164669739,8.816111007,-40.8904621509,0.84384271165,0.796611801164,-0.0546667505628,0.121196699215,-0.991122044192
1.537,8.543490247,2.164458816,8.813404993,-40.8736289998,0.804902654638,0.799428417942,-0.054663299972,0.121149276493,-0.991128032315
1.538,8.541071497,2.164544353,8.811081351,-40.8882601888,0.767576868783,0.801898388151,-0.0546649724338,0.121107382041,-0.99113306009
1.539,8.538730089,2.16421103,8.808729813,-40.9296773767,0.734615016253,0.804305517473,-0.0546593663076,0.121066829554,-0.991138323574
1.54,8.536561128,2.164177322,8.806619066,-41.0027874943,0.708953525329,0.806518236434,-0.0546589488486,0.121029262928,-0.991142934609
1.541,8.53455057,2.163747882,8.80456463,-41.1036428997,0.69248372778,0.808565873537,-0.0546516485368,0.120994441206,-0.991147588662
1.542,8.532751437,2.163822518,8.802839029,-41.2190776413,0.687456732934,0.810379798134,-0.0546530834615,0.120963278243,-0.991151313264
1.543,8.530917775,2.163967849,8.801097371,-41.3423269882,0.6949219471,0.812213861546,-0.0546557476057,0.120931516429,-0.991155042154
1.544,8.529194874,2.164051292,8.799447891,-41.4721698155,0.712728730753,0.813934709995,-0.0546573304358,0.120901673465,-0.991158595575
1.545,8.527486286,2.164295997,8.797851983,-41.6055263655,0.73855598951,0.815620607769,-0.0546617106041,0.12087207787,-0.991161963649
1.546,8.525632297,2.164575069,8.796123651,-41.7356566726,0.771593091677,0.817453730487,-0.0546666993053,0.120839963522,-0.991165604328
1.547,8.523910851,2.164983883,8.794555782,-41.8589415469,0.811569455906,0.819122322686,-0.0546739304134,0.120810142904,-0.991168840665
1.548,8.521834753,2.165240421,8.79260676,-41.9738553113,0.857362095122,0.821157911747,-0.0546785449914,0.120774180964,-0.991172968724
1.549,8.519709756,2.165646576,8.790647269,-42.0724116423,0.905409119297,0.823242952521,-0.054685760573,0.120737370972,-0.991177055244
1.55,8.517291407,2.165913994,8.788369379,-42.1329231139,0.951422335118,0.825605908053,-0.054690590083,0.120695480094,-0.991181890695
1.551,8.514552314,2.166031286,8.785743716,-42.1350754685,0.992311398393,0.828306615816,-0.0546928379044,0.120648034906,-0.991187542877
1.552,8.511687139,2.166156326,8.782997847,-42.0831849829,1.02559850099,0.831126965524,-0.0546952302139,0.120598405023,-0.991193450593
1.553,8.508729297,2.167018787,8.780344222,-41.9944814853,1.0500025771,0.83405384515,-0.0547104324226,0.120547164549,-0.991198844684
1.554,8.505597003,2.167664956,8.777468413,-41.8834895133,1.06606598755,0.837157961711,-0.054721893368,0.120492903995,-0.991204809549
1.555,8.502163952,2.16772372,8.774156256,-41.7744878787,1.0728337293,0.840592903761,-0.0547231781381,0.120433436958,-0.991211965745
1.556,8.498778839,2.168670363,8.771110129,-41.6845030955,1.06939839486,0.843980286422,-0.0547398754055,0.120374794169,-0.991218167191
1.557,8.495334313,2.169110854,8.767881556,-41.5992556688,1.0577909537,0.847439010444,-0.0547477897756,0.120315124973,-0.991224974573
1.558,8.491587803,2.168647738,8.764136947,-41.5101372985,1.03965543107,0.851221209079,-0.0547400367531,0.120250229533,-0.991233277626
1.559,8.488049604,2.168458867,8.760662071,-41.4299717937,1.01623128257,0.854784586757,-0.054737030253,0.120188940734,-0.991240876903
1.56,8.484276226,2.167609989,8.756795998,-41.3700398632,0.989089472336,0.858609207616,-0.0547225811402,0.120123581679,-0.991249597346
1.561,8.480424619,2.166275182,8.752733852,-41.3313817005,0.960559440409,0.862516181753,-0.0546997003794,0.120056869794,-0.991258942352
1.562,8.476850463,2.165683932,8.749124566,-41.3100570654,0.931599330087,0.866152770682,-0.0546897095332,0.119994958776,-0.991266990038
1.563,8.47354593,2.1650804,8.74577348,-41.3135862123,0.901988663995,0.869513596984,-0.0546794836002,0.119937718089,-0.991274481591
1.564,8.47053745,2.164670251,8.742757116,-41.3597285704,0.87344297717,0.872570881241,-0.0546725929873,0.11988560462,-0.991281165654
1.565,8.467913862,2.164260329,8.740113726,-41.4527490185,0.848406934192,0.875244866556,-0.0546656767743,0.11984015831,-0.991287042304
1.566,8.465303561,2.163868292,8.737487646,-41.5768554481,0.828684219885,0.877891885276,-0.0546590703653,0.119794941462,-0.991292871974
1.567,8.462768759,2.163722406,8.734995691,-41.7082648044,0.81542763448,0.880454832094,-0.0546567308516,0.119751031413,-0.991298306388
1.568,8.460542894,2.163292353,8.732732668,-41.8372914431,0.809335971701,0.882689518613,-0.0546494350584,0.119712474762,-0.991303365592
1.569,8.458548614,2.163536657,8.730861099,-41.9682114582,0.810759573504,0.884685291872,-0.0546538290237,0.119677924795,-0.991307295086
1.57,8.456690548,2.163654506,8.729090207,-42.0981488137,0.818605428963,0.886527968581,-0.0546560182013,0.1196457361,-0.991311059914
1.571,8.454676104,2.163642037,8.727135549,-42.221648838,0.832813259143,0.888518550299,-0.0546559554603,0.119610838366,-0.991315274712
1.572,8.452738702,2.164447286,8.725458362,-42.334177458,0.854024029639,0.890417349219,-0.0546700862126,0.119577271209,-0.991318545112
1.573,8.450753132,2.165098574,8.723696484,-42.4290753595,0.882575571618,0.892351604404,-0.0546815465344,0.11954286949,-0.991322062108
1.574,8.448727485,2.165106929,8.721736303,-42.5072429986,0.917750029611,0.894311089903,-0.0546818466808,0.119507777114,-0.991326276688
1.575,8.446520668,2.165843069,8.719781396,-42.5701064649,0.956658397818,0.896461116368,-0.0546947976931,0.119469542463,-0.991330170795
1.576,8.444076202,2.166055016,8.717466217,-42.618406165,0.995336825476,0.898849543164,-0.0546986648073,0.119427193127,-0.991335060214
1.577,8.441496963,2.166496158,8.715077543,-42.6613468563,1.03034850571,0.901351915685,-0.0547065226404,0.119382507444,-0.991340008926
1.578,8.43867446,2.167227223,8.712525494,-42.6918674097,1.06044467899,0.904104355764,-0.0547194325427,0.119333605296,-0.991345184257
1.579,8.435595274,2.167262634,8.709551938,-42.6925944895,1.08564236293,0.907117379694,-0.0547202828165,0.119280260699,-0.991351557247
1.58,8.432507859,2.167503513,8.706621633,-42.6709406021,1.10431546589,0.910162917576,-0.0547247015834,0.11922677169,-0.991357747712
1.581,8.429173075,2.167735862,8.703449747,-42.6355409709,1.11455049021,0.913461826154,-0.054728990282,0.119168996532,-0.991364457648
1.582,8.425798464,2.168177817,8.70029165,-42.5809922009,1.11758519495,0.916803977543,-0.0547369223526,0.119110530159,-0.991371046045
1.583,8.422293692,2.168872617,8.69707074,-42.5044313224,1.11642302257,0.920302821821,-0.0547492547753,0.119049806499,-0.991377658955
1.584,8.418929849,2.169184741,8.693891087,-42.4113031808,1.11345157941,0.9236674783,-0.0547549311044,0.118991527119,-0.991384342217
1.585,8.415668536,2.168943032,8.690672631,-42.3241440803,1.10896364114,0.926948886531,-0.0547509826928,0.118935026122,-0.991391340216
1.586,8.411971808,2.168864935,8.687073432,-42.2632911716,1.10027180647,0.930677559146,-0.0547499092225,0.118870979987,-0.991399080874
1.587,8.408391522,2.168643544,8.683551279,-42.2219925829,1.0850110304,0.934280119544,-0.0547463372631,0.118808952049,-0.991406713448
1.588,8.404785305,2.167893713,8.679872071,-42.1919466463,1.0610646748,0.937937591072,-0.0547335921336,0.118746476769,-0.991414902121
1.589,8.40133512,2.167135444,8.676341846,-42.1764079049,1.02712006028,0.941446241321,-0.0547206887194,0.118686704722,-0.991422771752
1.59,8.398124976,2.16671006,8.673127209,-42.1762579665,0.986265343223,0.944710829502,-0.0547135467723,0.118631089713,-0.991429822203
1.591,8.395087757,2.165723569,8.669939852,-42.1998604476,0.944146531191,0.947814553473,-0.0546966472693,0.118578473306,-0.991437049159
1.592,8.3922386,2.165304805,8.667076417,-42.2645831849,0.90390215985,0.950721330822,-0.0546895924465,0.118529111402,-0.991443340907
1.593,8.389467996,2.164629876,8.664225052,-42.3746591095,0.866645407755,0.953546850835,-0.0546780838638,0.118481111128,-0.991449713022
1.594,8.387097191,2.163793882,8.661720572,-42.5160222916,0.833754703945,0.955975007285,-0.0546637469662,0.118440039877,-0.991455410859
1.595,8.38483846,2.16350295,8.659460781,-42.6718226909,0.806910182805,0.95827616352,-0.0546588667455,0.118400905721,-0.991460354129
1.596,8.382658721,2.163155935,8.657263472,-42.8322504793,0.789248118893,0.960478170427,-0.0546530067122,0.11836314073,-0.991465186365
1.597,8.380797465,2.162949049,8.655409565,-42.9940483972,0.783928367313,0.962336602789,-0.0546495549231,0.1183308939,-0.991469225794
1.598,8.378749759,2.162827405,8.653396437,-43.160212545,0.790192993683,0.964384415934,-0.0546475986305,0.118295414689,-0.991473567387
1.599,8.376748761,2.163561044,8.651642399,-43.3276170601,0.805016858493,0.966360199705,-0.0546604901088,0.118260741068,-0.991476993149
1.6,8.374748575,2.163950894,8.649803302,-43.4796932574,0.825861921426,0.96834062472,-0.0546674108131,0.118226081891,-0.991480745025
1.601,8.372859852,2.164704483,8.64816325,-43.605055348,0.849575468551,0.970191322254,-0.054680640054,0.11819335283,-0.991483917646
1.602,8.37079167,2.165323796,8.646315997,-43.7012464453,0.873161798098,0.972222640853,-0.0546915507933,0.118157515098,-0.991487587364
1.603,8.368639293,2.165471217,8.644269154,-43.7639058529,0.895562720729,0.974332093761,-0.0546942748817,0.118120219896,-0.991491880928
1.604,8.366357709,2.166198338,8.642242565,-43.7852624576,0.918294914158,0.976561347963,-0.0547070738667,0.11808068368,-0.991495884112
1.605,8.363619423,2.166816413,8.639746711,-43.7622404202,0.943051342687,0.97924897018,-0.0547180141922,0.118033233758,-0.991500930232
1.606,8.360802386,2.167156777,8.637105131,-43.7061448232,0.967961915707,0.982013071599,-0.0547241375717,0.117984421207,-0.991506401956
1.607,8.357870567,2.167808376,8.634430703,-43.6326560746,0.988314496202,0.984903730639,-0.0547356752993,0.117933617798,-0.991511809129
1.608,8.355026508,2.167832629,8.63168386,-43.5457963282,1.00134415737,0.987728697867,-0.0547363121947,0.117884337901,-0.991517634238
1.609,8.35189753,2.168676918,8.628867361,-43.4467829776,1.00716377315,0.990841317803,-0.0547512098025,0.117830116656,-0.991523256729
1.61,8.34870329,2.168951577,8.625844745,-43.3404031067,1.00617541938,0.994044744927,-0.0547562206002,0.117774766682,-0.991529556109
1.611,8.345595044,2.16925528,8.622912797,-43.2287395209,0.998275834572,0.997169179562,-0.0547617306126,0.117720906759,-0.991535647857
1.612,8.34239388,2.169137264,8.619784923,-43.1154437949,0.982996546494,1.0004095448,-0.0547599226508,0.117665439345,-0.99154233155
1.613,8.339160824,2.169273053,8.616690132,-43.0086631398,0.960327819642,1.00367729704,-0.0547625259892,0.117609416271,-0.991548834376
1.614,8.335671434,2.16845594,8.61310742,-42.9243759148,0.932320868022,1.00722989498,-0.0547486003709,0.117548957692,-0.991556772607
1.615,8.332246483,2.167399614,8.609526848,-42.881654145,0.901871931795,1.01071168598,-0.0547305154136,0.117489615336,-0.991564804221
1.616,8.32880658,2.166841602,8.606057261,-42.8857819094,0.871478392624,1.01421201317,-0.0547210847474,0.117430011152,-0.991572385338
1.617,8.32575153,2.165931835,8.60287157,-42.9301559665,0.843493640442,1.01733872724,-0.0547055175271,0.1173770776,-0.991579511691
1.618,8.322708044,2.165611555,8.599845498,-43.0071249114,0.818816870581,1.02046215042,-0.0547001850633,0.117324340695,-0.991586047116
1.619,8.319956476,2.16500769,8.597030538,-43.1077297682,0.796601960635,1.02327775585,-0.0546899064467,0.117276663768,-0.991592254038
1.62,8.317336015,2.164481449,8.594362008,-43.2301964331,0.777244875766,1.02596933258,-0.0546809649585,0.117231257414,-0.991598116354
1.621,8.314949283,2.164276782,8.592000673,-43.3739323038,0.762188895724,1.02841610423,-0.0546775911976,0.117189899897,-0.991603190991
1.622,8.312652446,2.163622216,8.589613018,-43.5258501179,0.752964882538,1.03077418483,-0.0546663965987,0.117150102003,-0.991608510796
1.623,8.310467753,2.163495617,8.587466888,-43.6776173064,0.750562881706,1.03300066144,-0.0546643633436,0.117112244522,-0.991613094691
1.624,8.30859929,2.163585754,8.585681421,-43.8295433246,0.75469602874,1.03490163076,-0.0546660685786,0.117079864908,-0.991616824272
1.625,8.306407864,2.163572364,8.583557361,-43.9775351973,0.764918458813,1.03710932408,-0.054666000992,0.117041890303,-0.991621310909
1.626,8.304278661,2.164278301,8.581674932,-44.1096278076,0.781266092839,1.03923282524,-0.0546784209372,0.117004989335,-0.991624980905
1.627,8.302079765,2.164852558,8.579692012,-44.2123079102,0.804012392386,1.04143376786,-0.0546885586118,0.116966881513,-0.991628917583
1.628,8.299983174,2.165233973,8.577759547,-44.2818522006,0.832888995723,1.04350467447,-0.0546953393562,0.116930547084,-0.991632828728
1.629,8.297789015,2.165756403,8.575768382,-44.3171813274,0.867198935266,1.04567233449,-0.0547045767485,0.116892521406,-0.991636802323
1.63,8.295518454,2.166270021,8.573701197,-44.3224361623,0.905181806685,1.04790830483,-0.0547136670841,0.116853170552,-0.99164093863
1.631,8.293042766,2.166616345,8.571393394,-44.3125035678,0.944757331553,1.05034578986,-0.0547198671568,0.116810266882,-0.991645651273
1.632,8.290293709,2.166834081,8.568788696,-44.297833429,0.982748484588,1.05306531664,-0.0547238553217,0.116762625347,-0.99165104194
1.633,8.28733777,2.167093378,8.565994457,-44.2803657652,1.01548626508,1.0559843203,-0.0547285798342,0.116711398721,-0.991656811582
1.634,8.284310575,2.167614713,8.563197723,-44.2565705729,1.04163963497,1.05897934572,-0.0547378615446,0.116658936266,-0.991662472368
1.635,8.281027143,2.167882336,8.56008904,-44.2199004436,1.06017931658,1.06224211063,-0.0547427556184,0.116602032646,-0.991668894687
1.636,8.277715418,2.168252017,8.556978985,-44.1735466344,1.06937335308,1.06555345037,-0.0547494239212,0.11654463869,-0.99167527335
1.637,8.274266922,2.168535569,8.553714959,-44.1260609088,1.06932577879,1.0690088297,-0.0547546068115,0.116484874912,-0.991682008988
1.638,8.270695107,2.168191967,8.550172744,-44.0841278319,1.06118811627,1.07261185404,-0.0547489078196,0.116422976606,-0.991689592368
1.639,8.267160926,2.168279058,8.546776225,-44.0549172448,1.0469633913,1.07617634264,-0.0547506847007,0.116361727458,-0.991696682917
1.64,8.263455671,2.167956125,8.543110288,-44.0428183015,1.02869683113,1.07992216009,-0.0547453545944,0.11629751539,-0.99170450945
1.641,8.259848211,2.167877511,8.539601008,-44.0445881412,1.00654925461,1.08357816215,-0.0547442589946,0.116234996578,-0.991711899534
1.642,8.256106882,2.167008519,8.535761639,-44.0535290748,0.97805084303,1.08739159055,-0.0547294478449,0.116170160608,-0.991720314062
1.643,8.252421108,2.16600564,8.531942017,-44.0735330126,0.943047861114,1.09113498342,-0.0547123071426,0.116106288264,-0.991728739763
1.644,8.248962296,2.164777135,8.528284646,-44.1150090145,0.904521405078,1.09467776179,-0.0546912309471,0.116046350061,-0.991736917683
1.645,8.245822401,2.164060594,8.525065708,-44.1804977178,0.866278991105,1.09787645596,-0.0546790223805,0.11599193543,-0.991743956587
1.646,8.242917581,2.163268465,8.522054957,-44.2627901091,0.831929940046,1.10084185192,-0.0546654823224,0.115941595655,-0.991750589332
1.647,8.240355223,2.163191182,8.51955693,-44.3550506878,0.803273739674,1.10345919077,-0.0546643312269,0.115897187044,-0.991755843404
1.648,8.237865781,2.162784102,8.517045714,-44.4548987334,0.781281645675,1.10598822322,-0.0546574472753,0.11585404352,-0.99176126364
1.649,8.235640896,2.162699402,8.514872264,-44.5625132745,0.767348878819,1.10824231059,-0.0546561425205,0.115815482908,-0.991765839301
1.65,8.233768809,2.162612056,8.513039393,-44.6803675837,0.7615954522,1.11014548353,-0.0546547656821,0.115783037001,-0.991769703576
1.651,8.231955912,2.162304661,8.51120788,-44.8018922108,0.764348097961,1.11197435167,-0.0546495620147,0.115751618051,-0.991773657792
1.652,8.230127918,2.162544311,8.509500776,-44.9125728927,0.776199955524,1.1137908069,-0.0546538601103,0.115719935002,-0.991777118217
1.653,8.228150266,2.162589491,8.50759955,-45.0067983359,0.795252785099,1.11574281739,-0.0546547922131,0.115685658398,-0.991781065623
1.654,8.226321979,2.163178299,8.505981052,-45.0843871947,0.819542417627,1.11752855653,-0.0546651541509,0.115653967716,-0.991784190574
1.655,8.224427766,2.163897496,8.504332099,-45.1416497076,0.848600724353,1.11937809247,-0.0546777860271,0.115621133845,-0.991787322526
1.656,8.222416481,2.163906341,8.502389278,-45.1808469223,0.880198917241,1.12133840154,-0.0546780888396,0.115586275103,-0.991791368993
1.657,8.220305549,2.164042817,8.500382617,-45.2152969803,0.91085472654,1.1234024008,-0.0546806165024,0.115549687277,-0.991795493007
1.658,8.217995403,2.164119093,8.498168032,-45.2518991566,0.939537821695,1.12565217827,-0.054682113169,0.115509646909,-0.991800074597
1.659,8.215388109,2.164618004,8.495773825,-45.2845063943,0.967181576145,1.12818814673,-0.0546909721646,0.115464454619,-0.991804848387
1.66,8.212486902,2.164734014,8.492997967,-45.3087164039,0.992359725325,1.13104050407,-0.0546932024746,0.115414169231,-0.991810578258
1.661,8.209680129,2.164874837,8.490319834,-45.3220725431,1.01228457416,1.13379780843,-0.0546958573912,0.11536552013,-0.991816091798
1.662,8.206791357,2.165314805,8.48763881,-45.3218366106,1.02628561883,1.13664412275,-0.0547037129455,0.115315449241,-0.991821481395
1.663,8.203738184,2.165669114,8.484777127,-45.3090020676,1.03507021516,1.13968420917,-0.0547100932737,0.115262528035,-0.991827280994
1.664,8.200519316,2.165791351,8.48169613,-45.2867817784,1.03729248675,1.14289680209,-0.054712455482,0.115206735421,-0.991833632888
1.665,8.197272573,2.165835808,8.478568416,-45.2558319619,1.03078954985,1.14614090404,-0.0547134690778,0.115150460212,-0.991840112021
1.666,8.193961162,2.165708899,8.475334481,-45.2157746101,1.01558693854,1.14947966727,-0.0547115112579,0.115093064026,-0.991846881907
1.667,8.190690557,2.16559007,8.472142123,-45.1760968317,0.993010841166,1.1527756683,-0.054709690085,0.11503637515,-0.99185355885
1.668,8.187205839,2.165461098,8.468740238,-45.1455583585,0.966421792031,1.1562948487,-0.0547077090696,0.114975975098,-0.991860671525
1.669,8.183789435,2.164918232,8.465298605,-45.1226815508,0.939379308442,1.15975453812,-0.0546985339388,0.114916759569,-0.991868039991
1.67,8.180437528,2.164198811,8.461874181,-45.1093744884,0.912378002145,1.16316191522,-0.0546862882679,0.114858663216,-0.991875444479
1.671,8.177124395,2.163836867,8.458578684,-45.1106210191,0.885441385993,1.16651747744,-0.0546802477361,0.114801236834,-0.991882425759
1.672,8.174134835,2.163506447,8.455604085,-45.126805945,0.859809653281,1.1695673689,-0.0546747300541,0.114749418712,-0.991888726017
1.673,8.171574196,2.163410689,8.453104202,-45.1577008136,0.837899061766,1.17217178443,-0.0546732568351,0.114705033397,-0.991893941054
1.674,8.168893622,2.163491472,8.450533614,-45.2011241464,0.822360453316,1.17489385352,-0.0546748579686,0.114658568506,-0.991899225009
1.675,8.166625989,2.163925063,8.448452623,-45.2485120764,0.81394395258,1.17718375916,-0.0546825563568,0.114619259393,-0.991903343782
1.676,8.164440477,2.164048916,8.446371766,-45.2912395986,0.81131307047,1.17940249338,-0.054684868905,0.114581375271,-0.991907593253
1.677,8.162443919,2.164207738,8.444482569,-45.3340281524,0.814760353646,1.18140070216,-0.0546877754122,0.114546766269,-0.991911430299
1.678,8.160489572,2.16420652,8.442593199,-45.3859866859,0.825080719107,1.18335363764,-0.05468789793,0.114512888614,-0.991915335178
1.679,8.158445871,2.164094333,8.440589038,-45.4497870404,0.840337455703,1.18538121741,-0.0546861013867,0.114477463517,-0.991919523279
1.68,8.156541241,2.164734236,8.438912212,-45.5290478079,0.860790238368,1.18725132937,-0.0546973561163,0.114444445447,-0.991922712786
1.681,8.154474173,2.165213112,8.437037208,-45.6275849042,0.889056471843,1.18927413017,-0.0547058256318,0.114408611262,-0.991926379481
1.682,8.152502623,2.16578004,8.435277245,-45.737767176,0.923548123436,1.19119957221,-0.0547158172363,0.114374433373,-0.99192976986
1.683,8.150535688,2.166314265,8.433513473,-45.8458465962,0.960871515408,1.19311338579,-0.0547252414321,0.114340335266,-0.991933181057
1.684,8.148411182,2.166519637,8.431513039,-45.9461337653,0.99951277467,1.19517718161,-0.0547289652521,0.114303507122,-0.991937220101
1.685,8.14590499,2.166634148,8.429120454,-46.0325436664,1.03798421326,1.19762574657,-0.0547311386944,0.114260062462,-0.991942105459
1.686,8.143270374,2.166736979,8.426600829,-46.0905610061,1.07277836454,1.20019838106,-0.0547331191732,0.114214392035,-0.991947255814
1.687,8.140551715,2.167091708,8.424064856,-46.1089314419,1.10055070588,1.2028615143,-0.0547394813713,0.114167262333,-0.991952330201
1.688,8.137692276,2.167414982,8.421384879,-46.0945527434,1.11976570178,1.20567478321,-0.0547453069125,0.114117693208,-0.99195771254
1.689,8.134574735,2.167919968,8.418502427,-46.0612433729,1.13088726028,1.20875417015,-0.0547543076228,0.114063648081,-0.991963431777
1.69,8.131178677,2.167751724,8.415177611,-46.0185019607,1.13549041802,1.21213962185,-0.0547516354506,0.114004777867,-0.991970346855
1.691,8.127981272,2.168072299,8.412170769,-45.9740571282,1.13331381798,1.21534029711,-0.0547574387859,0.113949348236,-0.991976395351
1.692,8.124843643,2.167984472,8.409116535,-45.9363446277,1.1228042295,1.21847702663,-0.0547561450318,0.113894957316,-0.991982713196
1.693,8.121665077,2.168298976,8.406126579,-45.9136491388,1.10317219368,1.22168292594,-0.0547618419391,0.113839853778,-0.991988723907
1.694,8.11841167,2.168071375,8.402924582,-45.9012784844,1.07578413508,1.22496122983,-0.0547581279673,0.113783455019,-0.991995399579
1.695,8.115139463,2.168157783,8.399785514,-45.887492892,1.04422993432,1.2282774845,-0.0547598700465,0.113726728483,-0.992001808396
1.696,8.111909574,2.167576189,8.396514959,-45.8706452059,1.01083604238,1.23155165041,-0.0547500054054,0.113670738927,-0.992008770133
1.697,8.108554698,2.166649346,8.393034534,-45.8611137577,0.976337567369,1.23495373055,-0.0547341546887,0.113612583015,-0.992016306968
1.698,8.105507673,2.166149775,8.389961828,-45.8735915172,0.941363488224,1.23806767571,-0.0547257021211,0.113559762359,-0.99202282126
1.699,8.102804672,2.165595298,8.387207316,-45.9224283189,0.908011430382,1.24080738913,-0.0547162695416,0.113512905161,-0.992028704327
1.7,8.100226207,2.165811128,8.384772057,-46.0095767629,0.88072060573,1.24342891696,-0.0547202078395,0.113468203611,-0.992033601056
1.701,8.097979896,2.165782552,8.382594614,-46.125133199,0.862094042767,1.24570820021,-0.0547198768148,0.113429261324,-0.992038072736
1.702,8.095857736,2.166281378,8.380673451,-46.2570070714,0.851722234818,1.24786096207,-0.0547286959288,0.113392468119,-0.992041792474
1.703,8.09403979,2.165996879,8.378843751,-46.3884104225,0.848858215772,1.24970848635,-0.0547238881103,0.113360953075,-0.992045659427
1.704,8.092227721,2.166295607,8.377170534,-46.5080739756,0.852602269052,1.25153036879,-0.0547292095643,0.113329536882,-0.992048955289
1.705,8.090399267,2.165993745,8.375326215,-46.6146751247,0.861862144423,1.25335503279,-0.0547241008034,0.113297838868,-0.992052857714
1.706,8.088649696,2.166309683,8.373717904,-46.7130908385,0.877363100202,1.25507008281,-0.0547297164408,0.11326750558,-0.992056011684
1.707,8.086981094,2.166909475,8.372261336,-46.8057663795,0.900329019287,1.25669819025,-0.0547402565953,0.113238575264,-0.992058732828
1.708,8.085006784,2.167239418,8.370439737,-46.8917938841,0.930799747294,1.25861613579,-0.0547461313548,0.113204345255,-0.992062315239
1.709,8.083095962,2.168096413,8.368816068,-46.9703796673,0.967535502114,1.26047238265,-0.0547611573682,0.113171214209,-0.992065265957
1.71,8.081022279,2.168522547,8.366923635,-47.0318291202,1.00595550426,1.26250126987,-0.0547687102872,0.113135261103,-0.992068949755
1.711,8.078973103,2.169440124,8.365182416,-47.0650276837,1.04076037035,1.26448947764,-0.0547847978767,0.113099729883,-0.992072112813
1.712,8.076615237,2.16973941,8.362982888,-47.0633796801,1.07060995299,1.2667792305,-0.0547901688295,0.113058850551,-0.992076475738
1.713,8.073785668,2.169801881,8.360266456,-47.0265281517,1.09655491656,1.26955842581,-0.0547914611441,0.113009793608,-0.992081993756
1.714,8.071187079,2.170332457,8.357894701,-46.9633182054,1.11692401527,1.27211251852,-0.0548008670106,0.112964739251,-0.992086605424
1.715,8.068229473,2.170098302,8.354977766,-46.8941380493,1.12903267795,1.27503410242,-0.054797016759,0.112913463543,-0.992092655302
1.716,8.065064781,2.170497652,8.352025502,-46.835327128,1.13243665106,1.27817516738,-0.0548041847658,0.112858593833,-0.992098502736
1.717,8.062006592,2.170861926,8.349167132,-46.7828625331,1.1280262546,1.28122042138,-0.0548107354713,0.112805571398,-0.992104171112
1.718,8.058819504,2.170382841,8.345965101,-46.731455134,1.11696529923,1.28440916316,-0.0548026466877,0.112750317246,-0.992110898981
1.719,8.055502183,2.170240297,8.342724877,-46.6858330891,1.09918434668,1.28774602846,-0.0548004134677,0.112692803152,-0.992117556946
1.72,8.052244983,2.170213205,8.339572808,-46.6485305479,1.07337287134,1.29104097935,-0.0548001816339,0.112636329969,-0.992123982809
1.721,8.049125071,2.170033317,8.3365136,-46.6267130127,1.0395493343,1.29420056441,-0.0547972848316,0.112582237551,-0.992130282454
1.722,8.045937646,2.169791886,8.333373232,-46.6294524535,1.00167902781,1.29742712916,-0.0547933232295,0.112526975816,-0.992136770533
1.723,8.04245541,2.169379188,8.329903666,-46.6494708803,0.964042814003,1.30096467788,-0.054786409857,0.112466601311,-0.992143998059
1.724,8.039555211,2.168320852,8.326827926,-46.6838606681,0.927899130817,1.3039151691,-0.0547682378167,0.112416321187,-0.992150699671
1.725,8.036494646,2.168054968,8.32380373,-46.7440535181,0.893427198783,1.30704106062,-0.0547638432815,0.112363258013,-0.992156953167
1.726,8.033844786,2.16828425,8.321305105,-46.8246621363,0.861357295883,1.30974356268,-0.0547680184967,0.112317311574,-0.992161925126
1.727,8.031532489,2.168496433,8.319128013,-46.9102118124,0.831794817951,1.3120915393,-0.0547718725963,0.11227721936,-0.992166250174
1.728,8.029316679,2.168366537,8.316954957,-47.0000079758,0.805022226342,1.31435644078,-0.0547697771834,0.112238800384,-0.992170712728
1.729,8.027378821,2.168674653,8.31516449,-47.0993233557,0.783948882568,1.31631973587,-0.0547752703149,0.112205198899,-0.992174210057
1.73,8.025586482,2.168401711,8.313363,-47.201443694,0.77291603015,1.31814056367,-0.0547706597713,0.112174123915,-0.992177978365
1.731,8.023782122,2.168390574,8.311618207,-47.3007417767,0.773151363944,1.31993900987,-0.0547705982764,0.112142837968,-0.992181518401
1.732,8.022062763,2.168519957,8.309992164,-47.4021288693,0.784589540997,1.32164251538,-0.0547729703372,0.112113025522,-0.9921847566
1.733,8.020084189,2.169128085,8.308240912,-47.5049221829,0.806590633829,1.32358796739,-0.0547836779743,0.112078716693,-0.992188041599
1.734,8.018196579,2.169288672,8.306460721,-47.597529657,0.838121540473,1.32542186647,-0.0547866043344,0.11204598654,-0.992191576706
1.735,8.01628055,2.170030352,8.304804969,-47.6704404275,0.878384386043,1.32727695325,-0.0547996264743,0.112012761717,-0.992194609011
1.736,8.014430262,2.170679656,8.3031887,-47.7248330579,0.924933581758,1.32905991707,-0.0548110394345,0.111980675825,-0.992197600379
1.737,8.012287624,2.171755369,8.301401951,-47.7697138221,0.973606652292,1.3311376939,-0.0548298804119,0.111943519762,-0.992200752165
1.738,8.009974411,2.172080656,8.299254451,-47.803159272,1.02032756585,1.33337975472,-0.0548356980822,0.111903408861,-0.99220495529
1.739,8.007559626,2.172650939,8.297073175,-47.8151926198,1.06125693336,1.33572459672,-0.0548457791352,0.111861536454,-0.992209119678
1.74,8.004698406,2.172859962,8.294366581,-47.7988895932,1.09288451126,1.33852377882,-0.0548496179783,0.111811923009,-0.992214499632
1.741,8.001660297,2.1731928,8.291521842,-47.7564775623,1.11448224746,1.34148761293,-0.0548556204329,0.111759242603,-0.9922201029
1.742,7.998407498,2.173298169,8.288410429,-47.6949000519,1.1271446854,1.34469779216,-0.054857687193,0.111702839836,-0.992226339969
1.743,7.995018276,2.173437393,8.285176361,-47.6200584285,1.13038222196,1.34805877377,-0.0548603510819,0.111644070301,-0.99223280708
1.744,7.991545679,2.173872314,8.281939578,-47.5452252278,1.12548861651,1.35150341854,-0.0548681575596,0.111583854361,-0.992239148962
1.745,7.988166017,2.17449344,8.278841588,-47.4796390391,1.11606714015,1.35488063627,-0.0548791918957,0.111525248479,-0.992245127601
1.746,7.984566063,2.174801266,8.275448976,-47.417377776,1.10195433709,1.35849068503,-0.0548847997916,0.111462823087,-0.992251831856
1.747,7.981138121,2.174787346,8.272137917,-47.3561671514,1.08196429169,1.36194526412,-0.0548848070168,0.111403381673,-0.992258506898
1.748,7.97747771,2.174432663,8.268513048,-47.3082890393,1.05553563898,1.36562985834,-0.0548789105846,0.111339910797,-0.992265957008
1.749,7.973856733,2.173219728,8.26470055,-47.2931961061,1.02210254122,1.36929050414,-0.0548581037934,0.111277125857,-0.992274150479
1.75,7.970306187,2.172811531,8.261167633,-47.320329152,0.984188747648,1.37288208421,-0.0548512700829,0.111215559252,-0.992281430619
1.751,7.96704996,2.172096843,8.25783808,-47.3842839357,0.945791301613,1.3761911988,-0.0548390914331,0.111159096848,-0.992288430467
1.752,7.964145601,2.171409567,8.254855218,-47.4781423421,0.908674143814,1.37914875719,-0.0548273632535,0.111108735268,-0.992294718915
1.753,7.961485822,2.170981281,8.252176453,-47.5954496188,0.874480972664,1.38184394022,-0.0548201152906,0.111062614314,-0.992300282506
1.754,7.958966341,2.17075124,8.249685216,-47.7294219628,0.845000638178,1.38440475418,-0.0548163012881,0.111018925278,-0.992305382099
1.755,7.956865069,2.170511023,8.247594791,-47.8670131915,0.820685112027,1.38654104043,-0.0548122807688,0.110982487531,-0.99230968016
1.756,7.954918676,2.170284004,8.245657269,-47.9969958345,0.802833029805,1.38850925507,-0.0548084780068,0.110948736087,-0.992313664473
1.757,7.952961985,2.169667911,8.243607413,-48.1271410292,0.794955596555,1.39046674257,-0.0547979170192,0.110914806692,-0.992318040724
1.758,7.951071318,2.169721011,8.241797399,-48.2651404193,0.79930166765,1.39234554093,-0.0547989755466,0.110882019367,-0.992321646474
1.759,7.949143897,2.169857715,8.23997398,-48.3981675668,0.81716262084,1.39423990643,-0.0548014896979,0.110848594842,-0.992325241918
1.76,7.947134107,2.170200921,8.238125548,-48.5101182854,0.846314172913,1.39620650798,-0.0548075961179,0.110813741276,-0.992328797401
1.761,7.944895293,2.170523761,8.236050912,-48.5933761663,0.881202385566,1.39839424608,-0.054813365617,0.110774915335,-0.992332813668
1.762,7.943059129,2.171772939,8.234609039,-48.6380936065,0.919623374308,1.40015285996,-0.0548351966906,0.110743068763,-0.992335162092
1.763,7.940965018,2.171635122,8.232552734,-48.6396078021,0.961267239978,1.40218332766,-0.0548329538366,0.110706754142,-0.992339338009
1.764,7.938585217,2.172731624,8.230546638,-48.6158976946,1.00285988118,1.40448219577,-0.0548521730697,0.110665479361,-0.992342879648
1.765,7.936128314,2.17332233,8.228332915,-48.5833227981,1.04123073828,1.40687166996,-0.0548626108726,0.110622870005,-0.992347053485
1.766,7.933171181,2.173863362,8.2256238,-48.54582307,1.07389120905,1.40973194611,-0.0548722220574,0.110571585624,-0.992352237716
1.767,7.930023098,2.174238981,8.222686998,-48.5055131717,1.09802821213,1.41281980939,-0.0548789732268,0.110516990829,-0.992357946023
1.768,7.926663381,2.174641483,8.21955339,-48.4563994441,1.11126302585,1.41612240714,-0.0548862069408,0.110458724731,-0.992364033215
1.769,7.922997362,2.175314705,8.216196277,-48.386915617,1.11324651874,1.41974003126,-0.0548981658775,0.110395145074,-0.992370446621
1.77,7.919619749,2.175299517,8.212935221,-48.2981546699,1.1063736407,1.42308831005,-0.0548981442989,0.11033656905,-0.992376962289
1.771,7.91581415,2.176034734,8.209460446,-48.1962831663,1.09126446888,1.42688559434,-0.0549111900341,0.110270568141,-0.992383576552
1.772,7.912236014,2.176524936,8.206140356,-48.0807165923,1.06735159681,1.4304607561,-0.0549199623751,0.110208512153,-0.992389984624
1.773,7.90870585,2.177245934,8.202928018,-47.9619640304,1.03741043042,1.43400941055,-0.0549327405809,0.110147286809,-0.992396074771
1.774,7.904985611,2.177128582,8.199310115,-47.8645200289,1.00335722808,1.43776085384,-0.0549309699471,0.110082768487,-0.992403331626
1.775,7.901259468,2.177127285,8.195717443,-47.8121829993,0.96436207623,1.44151819971,-0.054931214003,0.110018146211,-0.992410484242
1.776,7.897455773,2.176669766,8.191928891,-47.8061629218,0.92126423674,1.44536335652,-0.0549235395629,0.109952179944,-0.992418219768
1.777,7.893916606,2.176457419,8.188460556,-47.8255566529,0.87600546591,1.44895397646,-0.0549201047165,0.109890800648,-0.992425208281
1.778,7.890524704,2.175830966,8.185024159,-47.8554840391,0.83068009743,1.45240167806,-0.0549094658264,0.109831975997,-0.992432308831
1.779,7.887302495,2.175403393,8.181804237,-47.8966066544,0.786958354949,1.45567780474,-0.0549022687884,0.109776093892,-0.992438889853
1.78,7.88444391,2.175289158,8.179018198,-47.9555620254,0.74541602893,1.45860096268,-0.0549004887169,0.109726516396,-0.99244447096
1.781,7.88181975,2.175172918,8.176457656,-48.0412416684,0.708249777491,1.46127134236,-0.0548986573814,0.109681004316,-0.992449603108
1.782,7.879442047,2.175114122,8.174150012,-48.1582612209,0.679813034892,1.46368441423,-0.0548978069013,0.109639766547,-0.992454206696
1.783,7.877329523,2.174813585,8.172033685,-48.3016759092,0.663149853266,1.46581499314,-0.054892736326,0.109603128227,-0.992458534036
1.784,7.875260676,2.174433799,8.169938375,-48.4588513201,0.659126577236,1.4678944884,-0.0548862871674,0.109567248453,-0.992462852477
1.785,7.873063119,2.174114886,8.167735207,-48.6098166391,0.668148416805,1.4700776193,-0.0548809041121,0.109529135117,-0.992467357108
1.786,7.87089156,2.173982687,8.165606816,-48.7377765694,0.690088556087,1.47221623093,-0.0548787632689,0.109491471867,-0.992471631298
1.787,7.868683046,2.174109288,8.163511749,-48.8399664662,0.723398702973,1.47437996498,-0.0548811200821,0.109453167148,-0.992475726081
1.788,7.866397769,2.174349023,8.161372895,-48.9251874474,0.76410129284,1.47660951687,-0.0548854478872,0.109413530056,-0.992479857252
1.789,7.864066612,2.175092379,8.159324147,-49.0050374201,0.808170991814,1.47886499589,-0.0548985276121,0.109373095251,-0.992483590646
1.79,7.861660511,2.175537672,8.157123889,-49.0771245741,0.853429244438,1.48119992894,-0.0549064351861,0.109331362068,-0.992487751382
1.791,7.859026009,2.176396335,8.154813966,-49.1189968119,0.898037203456,1.48376323193,-0.0549215404764,0.109285665134,-0.992491948475
1.792,7.85605242,2.176933164,8.15209161,-49.1082419062,0.940402305313,1.48665105358,-0.0549310780081,0.10923408797,-0.992497098582
1.793,7.852747344,2.177616875,8.14908928,-49.0419676509,0.980201484566,1.48986212486,-0.0549431915851,0.109176760043,-0.992502735898
1.794,7.849121068,2.177989778,8.145694631,-48.9323345438,1.01559086607,1.49343358746,-0.0549499281352,0.109113862504,-0.992509279759
1.795,7.84545567,2.178500196,8.142299293,-48.7903906639,1.04253501606,1.49705027862,-0.054959056788,0.109050284711,-0.99251576183
1.796,7.841728243,2.17887212,8.138807379,-48.6339489768,1.05917122615,1.50073193111,-0.0549657833984,0.108985631387,-0.992522490832
1.797,7.837782656,2.179659371,8.135216772,-48.4898711377,1.06549285896,1.50465342846,-0.0549797409122,0.10891719251,-0.992529230434
1.798,7.83368858,2.180440604,8.131481907,-48.3718967952,1.06199840031,1.50873957575,-0.054993603972,0.10884617748,-0.992536252824
1.799,7.829687582,2.181063231,8.127794562,-48.2775333398,1.04923442725,1.51275188782,-0.055004705048,0.108776776471,-0.992543246072
1.8,7.825535091,2.180872862,8.123743343,-48.2013563677,1.02653745887,1.51694666003,-0.0550016932428,0.108704750772,-0.992551303913
1.801,7.82129185,2.181075571,8.119710391,-48.1474435374,0.99444835118,1.52122698008,-0.0550055170053,0.108631149096,-0.992559150149
1.802,7.816825117,2.179804909,8.115066503,-48.1305419468,0.956144476505,1.52575158117,-0.0549837604395,0.108553674859,-0.99256883175
1.803,7.812698914,2.179154226,8.110917178,-48.1569900077,0.914184676315,1.52992746499,-0.054972748643,0.108482103851,-0.992577266539
1.804,7.808525715,2.178471677,8.10671405,-48.2150419417,0.871853282244,1.53416641203,-0.0549611881532,0.108409718749,-0.992585815271
1.805,7.804587273,2.177507352,8.102661339,-48.2937687609,0.833787477923,1.5381763017,-0.0549447144032,0.108341405125,-0.992594186108
1.806,7.801282629,2.177141651,8.099380003,-48.3847720346,0.802802786095,1.54155097934,-0.0549385951368,0.108284082805,-0.992600779858
1.807,7.798128159,2.177264251,8.096374646,-48.4753285588,0.778138581908,1.54476129708,-0.0549409489145,0.108229363962,-0.992606617401
1.808,7.795157772,2.1770276,8.093450059,-48.5609929652,0.758562383591,1.54778684778,-0.0549370476528,0.10817783905,-0.992612450019
1.809,7.792483559,2.176730732,8.090794565,-48.6461492402,0.746727952552,1.55049124726,-0.0549320795746,0.10813145229,-0.992617779238
1.81,7.790210293,2.176437754,8.0885263,-48.7371210107,0.746583629514,1.5527840451,-0.0549271504247,0.108092019312,-0.992622346871
1.811,7.787862265,2.17617111,8.086193132,-48.8352655948,0.759609868404,1.55515075702,-0.0549226843335,0.108051289655,-0.99262702842
1.812,7.785382198,2.175956894,8.083746926,-48.9341791885,0.784467325383,1.55761804188,-0.0549191381269,0.108008269112,-0.992631906635
1.813,7.783116284,2.176318667,8.081662083,-49.0324030753,0.818614929978,1.55984572164,-0.0549255838151,0.107968961126,-0.992635826311
1.814,7.780751369,2.176987474,8.079564736,-49.1285118081,0.859737131353,1.56215544432,-0.0549373704421,0.107927935497,-0.992639635552
1.815,7.778332945,2.177538192,8.077384229,-49.2125893688,0.904882548614,1.56451953558,-0.0549471085109,0.107885980985,-0.992643657298
1.816,7.775692621,2.177696572,8.074884401,-49.2802043889,0.950563840656,1.567096665,-0.0549500468089,0.107840178105,-0.992648471687
1.817,7.772944965,2.178597413,8.072481658,-49.3335837057,0.99540340905,1.56977363896,-0.0549658917567,0.107792511566,-0.992652771715
1.818,7.770140353,2.179227402,8.06995125,-49.3622168515,1.03847073488,1.57251253596,-0.0549770338161,0.107743856497,-0.992657436954
1.819,7.766813021,2.179558503,8.066837037,-49.3558504505,1.07770800736,1.57575751503,-0.0549830216085,0.107686135233,-0.992663368727
1.82,7.76314772,2.179750114,8.063359913,-49.3200249856,1.11224311833,1.57935005795,-0.0549866094549,0.107622551063,-0.992670065673
1.821,7.759272115,2.179990082,8.059693574,-49.265557532,1.14242957388,1.58316947878,-0.0549910515764,0.10755531722,-0.992677106608
1.822,7.755627359,2.180397686,8.056295041,-49.2031654856,1.16741947775,1.58677164055,-0.0549983898823,0.107492088364,-0.992683548796
1.823,7.75160742,2.180988657,8.052585244,-49.1381805352,1.18544725911,1.5907704231,-0.0550089406391,0.107422348593,-0.992690513439
1.824,7.747496581,2.181034807,8.048640636,-49.0797351432,1.19578357358,1.59487249225,-0.0550100322341,0.107351034141,-0.992698167533
1.825,7.743564593,2.181397158,8.044954081,-49.0440460481,1.19664983293,1.59881099615,-0.0550166040081,0.10728281987,-0.992705177706
1.826,7.739268816,2.181636329,8.04088421,-49.0273271556,1.18553888426,1.60314625796,-0.0550210619208,0.107208295371,-0.992712981757
1.827,7.734998121,2.181353733,8.036697085,-49.0141309909,1.16224918492,1.60745514567,-0.0550164525886,0.107134206535,-0.992721235662
1.828,7.730428862,2.180308826,8.032015748,-49.0010326595,1.12802723582,1.61208753554,-0.0549986196849,0.107054940142,-0.992730774996
1.829,7.725852684,2.179092484,8.027281218,-48.9951498771,1.08526051095,1.61673244376,-0.0549778095142,0.106975552826,-0.992740485504
1.83,7.721424449,2.177736966,8.022651296,-49.0053365986,1.03796972921,1.6212366456,-0.0549545698,0.106898732579,-0.992750047208
1.831,7.717302483,2.176782111,8.018424906,-49.0384197869,0.989151824073,1.62543510261,-0.0549382693462,0.106827223608,-0.992758646831
1.832,7.71337771,2.176369489,8.014535536,-49.0907713813,0.941519156953,1.62944460384,-0.0549313755563,0.106759133296,-0.992766352893
1.833,7.709828587,2.175828355,8.010972842,-49.1508886275,0.898783451544,1.63306629387,-0.0549222230836,0.106697560434,-0.992773478699
1.834,7.706482861,2.174975164,8.007521155,-49.2255711288,0.864543867341,1.63646994037,-0.0549076332902,0.106639516733,-0.992780522209
1.835,7.703391394,2.175095353,8.004578613,-49.3267561758,0.840405616463,1.63962684487,-0.0549099379918,0.106585881347,-0.99278615452
1.836,7.700787602,2.17499344,8.002045124,-49.4510418795,0.82782649103,1.64225945681,-0.0549083498533,0.106540706998,-0.992791091252
1.837,7.698297757,2.174635562,7.999551749,-49.5922272112,0.828534023635,1.64477413596,-0.0549023055357,0.106497510107,-0.99279606022
1.838,7.69575585,2.174826075,7.997157405,-49.7395607404,0.84217111705,1.64732102454,-0.0549057937425,0.106453408452,-0.99280059712
1.839,7.693108147,2.174952874,7.994644018,-49.8736272081,0.867152049818,1.64995806595,-0.0549081817606,0.10640747052,-0.992805389688
1.84,7.690793171,2.175543262,7.992577061,-49.9795030522,0.90008991084,1.6522472135,-0.05491860066,0.106367303676,-0.99280911761
1.841,7.688359257,2.176237807,7.99042421,-50.0579853987,0.937274747873,1.65462994423,-0.0549308382775,0.106325073653,-0.992812964117
1.842,7.68549706,2.176871211,7.987842845,-50.1188806498,0.977567540307,1.65743641506,-0.0549420433373,0.106275412177,-0.992817661326
1.843,7.682832926,2.177646705,7.985491027,-50.1695497019,1.02099484269,1.66003021492,-0.0549557030417,0.106229187653,-0.992821852295
1.844,7.679811763,2.178903027,7.982927227,-50.216617445,1.06509279353,1.66297815138,-0.0549777407012,0.106176765712,-0.992826239808
1.845,7.676524455,2.1795863,7.979951387,-50.2572980869,1.10588490535,1.66620298487,-0.0549898422467,0.106119727355,-0.992831667865
1.846,7.672974723,2.180137164,7.976687229,-50.2797150359,1.14195820082,1.66967197685,-0.0549996603882,0.106058137115,-0.992837705221
1.847,7.669005353,2.180434625,7.972950411,-50.2781295201,1.17319051587,1.67356793969,-0.0550051052134,0.105989265565,-0.99284475825
1.848,7.664841939,2.181241444,7.969166593,-50.2452416326,1.1974866392,1.67767938466,-0.0550194140473,0.105917025113,-0.992851674657
1.849,7.660796801,2.181036555,7.965219902,-50.1677839179,1.21294937546,1.68169123963,-0.0550161355595,0.105846838735,-0.992859341275
1.85,7.656490285,2.181653498,7.961247105,-50.048608708,1.22023917126,1.68597893753,-0.0550271546206,0.105772114624,-0.992866693984
1.851,7.652073241,2.182382049,7.957199023,-49.9077111042,1.2206051356,1.69037788249,-0.0550401207425,0.105695472926,-0.992874137095
1.852,7.647793839,2.182898116,7.953225433,-49.7669958147,1.21348900347,1.69467366457,-0.0550493848411,0.105621218189,-0.992881525408
1.853,7.643391581,2.183449224,7.949143688,-49.6391243842,1.19697240038,1.69910527347,-0.0550592670253,0.105544831582,-0.992889100374
1.854,7.638889649,2.183264241,7.944764176,-49.5332227558,1.17025551673,1.70365443506,-0.0550563650708,0.105466716355,-0.99289756189
1.855,7.634135648,2.182392088,7.939953546,-49.4581410423,1.13433935618,1.70845593033,-0.0550415425577,0.105384229651,-0.99290714205
1.856,7.629823671,2.181277363,7.935501256,-49.4171008281,1.09073985875,1.7128287339,-0.0550224731275,0.105309412101,-0.99291613703
1.857,7.625145442,2.180380949,7.930756843,-49.398188523,1.0419061866,1.71756726779,-0.0550072222751,0.105228237912,-0.99292558807
1.858,7.620886267,2.178709284,7.926202221,-49.3869301045,0.99003258133,1.72190343439,-0.0549784726735,0.105154337788,-0.992935009347
1.859,7.616964967,2.177713294,7.922158197,-49.3996570345,0.937140532351,1.72590398111,-0.0549614380095,0.105086296512,-0.992943155784
1.86,7.613335452,2.176905987,7.918446589,-49.4632824933,0.88802223687,1.72961253458,-0.0549476621551,0.105023318479,-0.992950581348
1.861,7.610127841,2.176583847,7.915274032,-49.5797484146,0.848566528029,1.73288258755,-0.0549422874646,0.10496765955,-0.992956764163
1.862,7.607100529,2.175529316,7.912073449,-49.7361490784,0.822042000146,1.73595861539,-0.0549241736199,0.104915130672,-0.992963317806
1.863,7.604136477,2.174965308,7.90906857,-49.9165371713,0.809148310461,1.73897921888,-0.0549145785128,0.104863697875,-0.992969281466
1.864,7.601655507,2.174175122,7.906465955,-50.1074450752,0.808986092747,1.74148020662,-0.054901020254,0.104820647886,-0.992974576589
1.865,7.598866772,2.173983944,7.903732182,-50.3041192468,0.820358129779,1.74429732037,-0.0548978903167,0.104772256589,-0.992979856738
1.866,7.596471358,2.173742206,7.901362684,-50.5043868071,0.8411064149,1.74669582891,-0.0548938558238,0.104730689836,-0.992984464732
1.867,7.593788258,2.174057236,7.898869854,-50.7027448952,0.868534736596,1.74936767308,-0.0548995146842,0.104684129084,-0.992989061574
1.868,7.5911401,2.174744597,7.896513286,-50.8850776705,0.901238808684,1.75197803854,-0.0549116397509,0.104638173445,-0.99299323486
1.869,7.588447736,2.175309505,7.894080724,-51.0348792903,0.938609351249,1.75462649859,-0.0549216411025,0.104591451018,-0.992997604082
1.87,7.585665436,2.176295831,7.891678126,-51.135476313,0.978506469909,1.75736398872,-0.0549389708746,0.104543166403,-0.993001730028
1.871,7.582784419,2.177314144,7.889189846,-51.1805219952,1.01763747768,1.76019726834,-0.0549568631756,0.104493168177,-0.993006002497
1.872,7.579407234,2.17845007,7.886257587,-51.1800338822,1.0546747457,1.7635103468,-0.0549768335982,0.10443455958,-0.993011062644
1.873,7.57578426,2.179613045,7.883097119,-51.134458807,1.08884599968,1.76706502038,-0.0549972905692,0.104371685626,-0.99301654028
1.874,7.572120239,2.180321352,7.879771958,-51.0412870439,1.11876022714,1.77067598984,-0.0550098509443,0.104308099674,-0.993022525747
1.875,7.568094669,2.181047461,7.876104681,-50.9067762988,1.14513307706,1.77465269231,-0.0550227447052,0.10423823847,-0.993029147209
1.876,7.563792452,2.181923577,7.872213586,-50.7341225806,1.16895579855,1.77891668104,-0.0550382639882,0.104163575603,-0.993036121707
1.877,7.559583883,2.182580552,7.8683522,-50.5335013787,1.18881733087,1.78308862797,-0.0550499683459,0.104090538675,-0.993043131361
1.878,7.555235338,2.183468222,7.864420798,-50.3228718178,1.20334525381,1.78744636482,-0.0550656914591,0.104015071488,-0.993050167176
1.879,7.55093574,2.18438999,7.86054643,-50.1126306374,1.21151903003,1.79176174849,-0.055082003283,0.103940452743,-0.993057075499
1.88,7.546697067,2.184699285,7.856560799,-49.9220187063,1.21167352137,1.79602295634,-0.0550876692827,0.103866891913,-0.993064457856
1.881,7.54204903,2.184888627,7.852148871,-49.7692178334,1.20238814673,1.80071823044,-0.0550912782013,0.103786226539,-0.993072691321
1.882,7.537307461,2.183859789,7.847308286,-49.6517187406,1.18165588193,1.80551056891,-0.0550737266691,0.103703940161,-0.993082261158
1.883,7.532419546,2.182993738,7.842372465,-49.5659707338,1.15019867024,1.81046697034,-0.0550590125143,0.103619113459,-0.993091931528
1.884,7.527744485,2.1811941,7.837381242,-49.5260487121,1.11303252674,1.81521083687,-0.0550280618204,0.103537982115,-0.993102108885
1.885,7.523048852,2.179882808,7.832506182,-49.5537910251,1.07353935177,1.81997941966,-0.0550055975076,0.103456491556,-0.993111845966
1.886,7.518933201,2.17879095,7.828249261,-49.6567584846,1.03287666835,1.82417760202,-0.0549869069099,0.103385065149,-0.993120319182
1.887,7.515085279,2.177769522,7.824269093,-49.8244472926,0.994604071356,1.8280992936,-0.0549694210251,0.103318285433,-0.993128236759
1.888,7.511258896,2.176170784,7.820148943,-50.0383611671,0.961727054535,1.83200845436,-0.0549419011604,0.103251880417,-0.993136665665
1.889,7.507879676,2.175110546,7.81660816,-50.275489095,0.935091317104,1.83544830995,-0.0549237081533,0.103193233441,-0.993143767465
1.89,7.504746822,2.174225871,7.813352865,-50.5145962726,0.917596743459,1.83864483946,-0.0549085490713,0.103138862176,-0.993150253661
1.891,7.501880127,2.173364375,7.810359668,-50.7455756711,0.911174919795,1.84156160096,-0.0548937743344,0.103089110685,-0.993156235845
1.892,7.499166036,2.173276858,7.807728449,-50.965877203,0.914899963036,1.8443100068,-0.054892438765,0.103042005004,-0.99316119808
1.893,7.496526775,2.172897042,7.805087779,-51.1709360528,0.926249812489,1.8469572937,-0.0548860185027,0.102996198903,-0.993166304294
1.894,7.493965822,2.173311386,7.8027435,-51.3600513791,0.943757601086,1.84950876386,-0.0548933924922,0.102951749655,-0.993170505353
1.895,7.491197803,2.173940865,7.800260471,-51.5250528514,0.966798072971,1.85225641715,-0.0549045190108,0.102903705933,-0.993174869345
1.896,7.488668623,2.174300879,7.797931909,-51.6570574057,0.994816938739,1.85475231105,-0.054910947121,0.102859807339,-0.993179061358
1.897,7.485829235,2.175744879,7.795608066,-51.7548689176,1.02891407562,1.85754717777,-0.0549362331436,0.10281052304,-0.99318276598
1.898,7.482892859,2.176542411,7.793011126,-51.8075632436,1.06922904211,1.86045075953,-0.0549502909202,0.102759555817,-0.993187262915
1.899,7.479637556,2.178002729,7.790293566,-51.8048008078,1.11150007374,1.8636596239,-0.054975888785,0.102703051393,-0.993191690907
1.9,7.476211461,2.178768928,7.787218493,-51.7464050639,1.1510793595,1.86701973243,-0.0549894356086,0.102643584381,-0.993197088476
1.901,7.472535044,2.179399141,7.783865402,-51.6430391928,1.18565560521,1.87065039658,-0.0550006370729,0.102579771865,-0.993203060973
1.902,7.468531091,2.180239456,7.780257113,-51.510527458,1.21305106822,1.87462883518,-0.0550155111867,0.102510274148,-0.993209412573
1.903,7.464397651,2.180283296,7.776301662,-51.3661055588,1.23231668096,1.87872920855,-0.0550165530317,0.102438529143,-0.993216757128
1.904,7.460251657,2.181211392,7.772582448,-51.2240849065,1.24609287129,1.88285476412,-0.0550329623855,0.10236656505,-0.993223267655
1.905,7.455980075,2.181854744,7.76866327,-51.0906354659,1.25551518091,1.8871291994,-0.0550444316204,0.102292420123,-0.993230271052
1.906,7.451429115,2.182266864,7.764411408,-50.9734787955,1.25759806458,1.89170945576,-0.0550519020785,0.102213426527,-0.993237989364
1.907,7.446861719,2.182825201,7.760185263,-50.8713611484,1.24995258222,1.89630288577,-0.0550619135412,0.102134146644,-0.993245589855
1.908,7.442311957,2.18273609,7.755794228,-50.7780086838,1.23368313946,1.90089378036,-0.0550606732811,0.102055172704,-0.993253776223
1.909,7.437485922,2.181796286,7.750898779,-50.7029454829,1.20999105847,1.90577346473,-0.0550446682537,0.101971405771,-0.993263266663
1.91,7.432557204,2.180947517,7.745930458,-50.6590679147,1.17806713995,1.9107575246,-0.0550302525554,0.101885854227,-0.993272844697
1.911,7.427736295,2.179558113,7.740913385,-50.6443145834,1.13987829562,1.91565404146,-0.0550064340009,0.101802174713,-0.993282743957
1.912,7.423264313,2.178897841,7.736436444,-50.658104911,1.09995030028,1.92020064396,-0.0549952614827,0.101724550658,-0.993291315279
1.913,7.418827037,2.177905277,7.731899249,-50.7129164999,1.06106865359,1.92472105663,-0.0549783124545,0.101647528148,-0.993300138519
1.914,7.414608028,2.177133511,7.727633695,-50.8167624258,1.02672699309,1.92901533403,-0.0549651853125,0.101574293936,-0.993308356562
1.915,7.410877218,2.176110993,7.723765933,-50.9640807351,1.00004426802,1.93281318391,-0.0549476667383,0.101509533606,-0.993315945964
1.916,7.407593865,2.175715742,7.720504249,-51.138136912,0.981424570482,1.93616082827,-0.0549410196767,0.10145253861,-0.993322136452
1.917,7.40439983,2.175015093,7.71724222,-51.3178337732,0.969143416366,1.93940496173,-0.0549290585719,0.101397095072,-0.993328459089
1.918,7.40158552,2.174801657,7.714481866,-51.4879399204,0.962561099303,1.94226875605,-0.0549255380332,0.101348242467,-0.993333639328
1.919,7.399047674,2.175030618,7.712111557,-51.6377005118,0.964246230857,1.94482000897,-0.0549296877897,0.101304187165,-0.993337903768
1.92,7.396564083,2.174719648,7.709641093,-51.7600707571,0.978019899508,1.94731263356,-0.0549244512342,0.101261074343,-0.99334258918
1.921,7.393969951,2.174920064,7.707208893,-51.8612371115,1.00309857414,1.9498932635,-0.0549281076247,0.101216042018,-0.993346976555
1.922,7.391523157,2.175405678,7.704998666,-51.955297415,1.03497115581,1.95231702417,-0.05493671117,0.101173565586,-0.993350827952
1.923,7.389044149,2.176035927,7.702798569,-52.0494166207,1.07061248511,1.95477538842,-0.0549478308453,0.101130531153,-0.993354595074
1.924,7.38645962,2.177284753,7.700672348,-52.1392348689,1.10823731317,1.95731248947,-0.0549697061476,0.101085661847,-0.993357951785
1.925,7.383563105,2.177781545,7.698034592,-52.2145585769,1.14600032626,1.9601701227,-0.0549785342033,0.101035378878,-0.993362578816
1.926,7.380455523,2.17879465,7.695340788,-52.2678432949,1.1811797531,1.96322673506,-0.0549963485664,0.100981430413,-0.993367078353
1.927,7.377132791,2.178818538,7.692160843,-52.2983159442,1.21068822149,1.96650051556,-0.0549969863791,0.10092374854,-0.993372905041
1.928,7.373580934,2.179547158,7.688961023,-52.3070401709,1.23363381919,1.97001443742,-0.0550098869755,0.100862087841,-0.993378453346
1.929,7.369589175,2.179683137,7.685171643,-52.2902131918,1.24937375142,1.97397291157,-0.0550125179316,0.100792791112,-0.99338534121
1.93,7.365656195,2.180138306,7.681529419,-52.2506469642,1.2586325107,1.97788987904,-0.0550206916594,0.100724513239,-0.993391813899
1.931,7.361596694,2.180693445,7.677794591,-52.1979931898,1.26297442465,1.98194697215,-0.055030611018,0.100654038538,-0.993398407678
1.932,7.357552833,2.18084787,7.673961241,-52.1423625077,1.26341265835,1.98598598736,-0.0550335648318,0.100583835151,-0.993405354751
1.933,7.353106571,2.181361208,7.66984439,-52.0962550427,1.25874767336,1.99045529753,-0.0550427837824,0.10050664516,-0.993412656569
1.934,7.34875356,2.181419272,7.665687766,-52.0617131114,1.24597880176,1.99484737491,-0.055044083839,0.100431074343,-0.993420227366
1.935,7.344366261,2.181414216,7.661480519,-52.0304706792,1.22467236471,1.99928176985,-0.0550442884423,0.100354906754,-0.993427913339
1.936,7.339894882,2.180807435,7.65702148,-51.9958560915,1.19608102268,2.00380117379,-0.0550340422222,0.1002772814,-0.993436319565
1.937,7.335273489,2.179992829,7.652359498,-51.9570076607,1.16123124997,2.00847692751,-0.0550201941943,0.100197049965,-0.993445181884
1.938,7.330899791,2.179108099,7.647915001,-51.9171435427,1.12138823313,2.01291301603,-0.0550051095264,0.100121119752,-0.993453672451
1.939,7.326510829,2.177661913,7.643295908,-51.8912441766,1.07718154575,2.017379125,-0.0549802688841,0.100044923516,-0.993462723665
1.94,7.322606669,2.177434048,7.639488691,-51.9004047129,1.03148199796,2.02133567136,-0.0549765692553,0.0999771424284,-0.993469751842
1.941,7.318794683,2.177102779,7.635740444,-51.9498272854,0.988166364619,2.02520055533,-0.0549710654783,0.0999109611517,-0.993476714273
1.942,7.315382813,2.176599037,7.632326583,-52.0309312352,0.949890980008,2.02866813679,-0.0549625379702,0.0998517257078,-0.993483141424
1.943,7.312256978,2.175964482,7.629149595,-52.1349316242,0.918864623894,2.03184425003,-0.0549517170982,0.0997974569703,-0.99348919288
1.944,7.30940745,2.175697202,7.626342216,-52.2549842134,0.898424599329,2.0347236816,-0.054947261383,0.0997479846457,-0.993494407647
1.945,7.306625032,2.175213525,7.623537449,-52.387407016,0.891153263344,2.03752402503,-0.0549390397331,0.0996996769826,-0.993499711285
1.946,7.304299012,2.175523364,7.621396589,-52.5270517463,0.89773907809,2.03986090445,-0.0549445796416,0.0996592923279,-0.993503456773
1.947,7.30185135,2.175030844,7.618910178,-52.6601874234,0.91696718709,2.04228738464,-0.0549361818904,0.0996167960449,-0.993508183089
1.948,7.299654383,2.175751454,7.61701047,-52.7765499731,0.94645431157,2.04446506683,-0.0549488518531,0.0995786507791,-0.993511306422
1.949,7.29709198,2.176012343,7.614629412,-52.8758488465,0.982704192703,2.04698496632,-0.0549535556759,0.09953416186,-0.993515504329
1.95,7.294642628,2.176747752,7.612492486,-52.9625734382,1.0217759904,2.04937079141,-0.0549664993145,0.0994916346184,-0.993519047927
1.951,7.292149793,2.17688239,7.610142282,-53.0439667503,1.06063252758,2.0518313216,-0.0549690037019,0.0994483522468,-0.993523242741
1.952,7.289310309,2.177650762,7.607641397,-53.1210973203,1.09690690698,2.05461172862,-0.054982546212,0.099399050727,-0.993527427063
1.953,7.28603145,2.177937949,7.60458204,-53.1773005924,1.13017080773,2.05782377811,-0.0549877544749,0.0993421211617,-0.993532832785
1.954,7.282577719,2.178456274,7.601421575,-53.1906185486,1.16097817618,2.06121889889,-0.0549969918006,0.0992821545616,-0.993538315657
1.955,7.27890962,2.17853466,7.597929884,-53.1542010088,1.18603562639,2.06484780518,-0.0549985964237,0.0992184659178,-0.993544589041
1.956,7.275092589,2.178632562,7.594301286,-53.0852213071,1.20173878943,2.06862643036,-0.0550005510965,0.0991521919067,-0.993551096934
1.957,7.271175348,2.179348232,7.590754222,-53.01101527,1.20754881707,2.0725184783,-0.0550132478347,0.0990841756298,-0.993557179382
1.958,7.26711132,2.179445505,7.586889326,-52.9441485671,1.20321632594,2.07658598673,-0.0550152069491,0.0990136108439,-0.993564105567
1.959,7.262790366,2.180311898,7.582999662,-52.877467164,1.1889045428,2.08090265906,-0.0550305501994,0.0989385842561,-0.993570729787
1.96,7.258393719,2.180543182,7.57885532,-52.7997765902,1.16594418503,2.08531059609,-0.0550348601375,0.0988622434962,-0.993578090026
1.961,7.253833295,2.180248852,7.574403114,-52.7123682056,1.13536297239,2.08991691469,-0.0550300454573,0.098783059257,-0.993586232443
1.962,7.249166731,2.179565159,7.569737285,-52.6315927247,1.09767816048,2.09463356964,-0.0550184708952,0.0987020318515,-0.993594925897
1.963,7.244464935,2.179001012,7.565072214,-52.5794013813,1.0534333262,2.09937874305,-0.0550089758504,0.0986203915541,-0.993603558239
1.964,7.239912955,2.178145053,7.560466617,-52.567688487,1.00590928288,2.10397808458,-0.0549943987435,0.0985413527429,-0.993612207004
1.965,7.235447734,2.177363507,7.555965574,-52.5972575401,0.958268607543,2.10852014973,-0.0549811094548,0.0984638189525,-0.993620628792
1.966,7.231285244,2.176915154,7.551850493,-52.6637182786,0.911749483993,2.11275968523,-0.0549735900376,0.0983915413733,-0.993628204604
1.967,7.227381593,2.176400175,7.547964123,-52.764624243,0.866540421469,2.11672546683,-0.0549648964062,0.0983237573963,-0.993635395351
1.968,7.223459275,2.1763524,7.5441947,-52.8969650595,0.823665971689,2.12071900503,-0.0549643234804,0.0982556491534,-0.993642164239
1.969,7.219873008,2.175875913,7.540623465,-53.0463134493,0.787105064216,2.12436758698,-0.0549562776803,0.0981933754576,-0.993648765188
1.97,7.216230327,2.175922147,7.537149151,-53.1995860938,0.761776803169,2.12806496456,-0.0549573197644,0.0981301214075,-0.993654956349
1.971,7.212902425,2.175993322,7.533983563,-53.3548417611,0.749452790089,2.13143696939,-0.0549587750639,0.0980723336304,-0.993660581094
1.972,7.209546478,2.176391037,7.530885629,-53.5071297551,0.749613499812,2.13483146326,-0.0549659069389,0.0980140572304,-0.993665936651
1.973,7.206456071,2.177080477,7.528126494,-53.6417648781,0.762929467864,2.13794024926,-0.0549780931279,0.0979603914819,-0.993670554549
1.974,7.20318592,2.177587563,7.525142856,-53.7558453346,0.789105538922,2.14123524927,-0.0549871202842,0.097903604841,-0.99367565169
1.975,7.200168333,2.178450573,7.522504298,-53.8574569227,0.825299833667,2.14428761105,-0.0550023180333,0.097851203516,-0.993679972114
1.976,7.197149672,2.179654549,7.51996392,-53.9457194162,0.867696290737,2.14733300231,-0.0550234407064,0.097798782566,-0.993683963391
1.977,7.193886876,2.180787229,7.517169768,-54.0147450273,0.912723132691,2.15063156724,-0.0550433408845,0.0977421216147,-0.993688436225
1.978,7.190457076,2.181799891,7.514181507,-54.0693257152,0.958136154945,2.15410128396,-0.0550611665259,0.0976825608847,-0.993693305422
1.979,7.186566202,2.182730119,7.510728629,-54.1160884717,1.00163708693,2.15803676132,-0.0550775890573,0.0976149922935,-0.993699035153
1.98,7.181868729,2.182994299,7.506310848,-54.1464045865,1.04017943759,2.16278631822,-0.0550824879597,0.0975334178509,-0.993706773612
1.981,7.176926701,2.183379441,7.501694652,-54.1481978159,1.07143884114,2.1677908642,-0.0550895048341,0.0974475950311,-0.993714804499
1.982,7.171741586,2.184035511,7.496925269,-54.1160509974,1.09383310431,2.17304985972,-0.0551012462649,0.0973575506887,-0.993722979499
1.983,7.166006338,2.185303578,7.491808764,-54.041855033,1.10554351975,2.17886735875,-0.0551236609825,0.0972579503185,-0.993731489438
1.984,7.159940658,2.186051463,7.486225433,-53.9188376859,1.10701934125,2.18502349339,-0.0551370547548,0.0971526113748,-0.993741050423
1.985,7.153351797,2.187414235,7.480322384,-53.7614506913,1.10085191104,2.19172484829,-0.0551611711117,0.0970381852582,-0.993750892228
1.986,7.146273301,2.188600043,7.473900738,-53.5899249087,1.08883267315,2.19891551666,-0.0551822423941,0.0969152541808,-0.993761718739
1.987,7.138601697,2.189085982,7.466708219,-53.4117201709,1.07152161554,2.20671302049,-0.0551911876133,0.0967820217207,-0.993774206287
1.988,7.13074024,2.189561314,7.459332083,-53.2370404181,1.04719790602,2.21471885967,-0.0551999609618,0.0966454917807,-0.993787005967
1.989,7.122598729,2.189884981,7.45164471,-53.0842242834,1.01404281313,2.22299363811,-0.0552061155271,0.0965040945776,-0.993800404779
1.99,7.114163997,2.18981061,7.443560968,-52.9665668183,0.973275240587,2.23158601697,-0.0552053690952,0.0963576042134,-0.993814660454
1.991,7.105515698,2.19016069,7.435398926,-52.8815419323,0.927373798088,2.24036075058,-0.05521201463,0.0962074022215,-0.99382884301
1.992,7.096866683,2.190480957,7.427228524,-52.8175850405,0.879228538106,2.24914240424,-0.0552181414379,0.0960571855842,-0.993843032855
1.993,7.088523576,2.190354765,7.419219668,-52.774433729,0.832902374258,2.25761349034,-0.0552164872429,0.0959122800478,-0.993857119546
1.994,7.080116773,2.190168381,7.411132913,-52.76839762,0.79253093328,2.26614126391,-0.0552137898324,0.0957662659235,-0.993871349684
1.995,7.071865436,2.189636326,7.403093136,-52.811471882,0.76325369084,2.2745056597,-0.0552050732881,0.0956229511681,-0.993885632803
1.996,7.063676887,2.189189909,7.395139189,-52.9015213816,0.748884391899,2.28277455769,-0.055197841323,0.0954807236389,-0.993899708083
1.997,7.055749742,2.18966719,7.387709173,-53.0324039633,0.750060615691,2.29077932057,-0.0552066477715,0.0953430355682,-0.993912436591
1.998,7.048093606,2.190188213,7.380552004,-53.192426366,0.765121651096,2.2984948953,-0.0552161961309,0.0952100515288,-0.993924653972
1.999,7.040682019,2.191011571,7.37371921,-53.3611712991,0.79061112279,2.3059491503,-0.0552309835516,0.0950813145195,-0.99393615594
2,7.033087837,2.191970211,7.366753554,-53.5205192706,0.823268301305,2.3135909861,-0.0552481342584,0.0949494028791,-0.993947812792
2.001,7.025446244,2.193386173,7.359880286,-53.6670979458,0.862206451113,2.32125446567,-0.0552732371826,0.094816667567,-0.993959088093
2.002,7.018026302,2.195264973,7.353358517,-53.8004937402,0.906655721948,2.32871873069,-0.0553063709553,0.0946877789992,-0.993969531646
2.003,7.010544783,2.197402942,7.346857685,-53.9112009044,0.954194567106,2.33623571396,-0.0553440127391,0.0945578196884,-0.99397980814
2.004,7.002824814,2.199432083,7.340099241,-53.9933733396,1.00255113958,2.34398962137,-0.05537977898,0.0944237170225,-0.993990564213
2.005,6.994710668,2.201831253,7.333078357,-54.0494577012,1.04813532871,2.35214299588,-0.0554220020631,0.094282765264,-0.994001590472
2.006,6.986444907,2.204138277,7.325888205,-54.0747088084,1.08882966555,2.36041274018,-0.055462632459,0.0941391788515,-0.994012933219
2.007,6.977554605,2.206348401,7.318076355,-54.0627977549,1.12493590745,2.36931921658,-0.0555016182967,0.0939847399762,-0.994025371416
2.008,6.968758961,2.208328801,7.310288473,-54.0205793845,1.1545230389,2.37814586798,-0.0555366040735,0.0938319442065,-0.994037852325
2.009,6.959326214,2.209773863,7.30173417,-53.952810486,1.17292495438,2.38761470402,-0.0555623248177,0.0936680784506,-0.994051869442
2.01,6.949707339,2.211765025,7.293170547,-53.8540060797,1.17871904592,2.39725916626,-0.0555975492986,0.0935009767519,-0.994065631565
2.011,6.939703026,2.213602086,7.284196063,-53.7231754304,1.17426733251,2.40731783188,-0.0556301190547,0.0933271767774,-0.994080141603
2.012,6.929486555,2.215463427,7.275030042,-53.5637415781,1.16124608306,2.41757628589,-0.0556631238836,0.0931496883791,-0.994094941238
2.013,6.918738161,2.216401762,7.265079113,-53.3887253617,1.13986269604,2.42836303858,-0.0556801170235,0.0929629556132,-0.994111469329
2.014,6.90734121,2.216996435,7.254408024,-53.2265271175,1.11001445442,2.43982456533,-0.0556911766153,0.0927649521804,-0.994129345958
2.015,6.896285474,2.217373651,7.243997463,-53.0925001826,1.07117914948,2.45091584259,-0.0556984332839,0.0925728733842,-0.994146844105
2.016,6.884782359,2.216974193,7.232924906,-52.9876442185,1.0233936501,2.46248084061,-0.0556922153306,0.0923730181665,-0.994165782285
2.017,6.872957679,2.216899363,7.221647322,-52.9135229618,0.968145821869,2.47434361056,-0.0556916599196,0.0921675723995,-0.994184881002
2.018,6.861585396,2.216597983,7.210732332,-52.870191694,0.908438410786,2.48578912556,-0.0556871361203,0.0919699830046,-0.994203432451
2.019,6.850519374,2.217076493,7.20035026,-52.8588622401,0.847751307747,2.49692519336,-0.0556961493306,0.0917777113367,-0.994220695143
2.02,6.839393352,2.217490913,7.189893418,-52.8707731106,0.79042710948,2.50808603722,-0.0557040513231,0.0915843934873,-0.9942380789
2.021,6.828751516,2.217291684,7.179709581,-52.8935566563,0.740866761695,2.51877821095,-0.0557012540864,0.0913994859232,-0.994255251063
2.022,6.818269393,2.217526669,7.16981325,-52.9160354719,0.701848693579,2.52929744559,-0.0557059943437,0.0912173498061,-0.994271712003
2.023,6.807997266,2.21773528,7.160110093,-52.9276517949,0.67595380171,2.5396084534,-0.0557102623656,0.0910388601851,-0.994287831869
2.024,6.797680407,2.218521158,7.150545087,-52.934039651,0.66438091112,2.54995569927,-0.0557245680879,0.0908595895028,-0.994303428289
2.025,6.78780011,2.21921507,7.141368626,-52.9479072753,0.667063128113,2.5598287511,-0.0557372471811,0.0906879030328,-0.994318391422
2.026,6.778202854,2.221108432,7.132836504,-52.9739203673,0.683463049246,2.56945412064,-0.0557707600027,0.0905211322251,-0.994331708712
2.027,6.768531838,2.22302528,7.124244847,-53.0053088883,0.709577930856,2.5791167835,-0.0558046850466,0.0903530778376,-0.994345090224
2.028,6.759445555,2.225444652,7.116369025,-53.0339671924,0.741328907364,2.58821979,-0.0558473105794,0.0901951813461,-0.994357032038
2.029,6.749952251,2.227705555,7.108060736,-53.0601674022,0.777878716325,2.59774164454,-0.0558872055124,0.0900302101202,-0.994369740854
2.03,6.740421101,2.229145623,7.099462432,-53.0888512093,0.818760651322,2.60729207502,-0.0559128320917,0.0898645790214,-0.994383282565
2.031,6.730637556,2.231073763,7.090780778,-53.1122148099,0.86199714702,2.6171005787,-0.0559469585826,0.0896945587105,-0.994396713572
2.032,6.720811609,2.232778863,7.081991961,-53.1118747272,0.904869213277,2.62696311791,-0.0559772098845,0.0895238000314,-0.99441039878
2.033,6.710791595,2.234277484,7.072956928,-53.0838956901,0.945565303628,2.63702678454,-0.0560038836785,0.0893496646923,-0.994424558442
2.034,6.700593902,2.235199055,7.063573703,-53.0477285822,0.98305515157,2.64725875939,-0.056020533766,0.089172439267,-0.994439528514
2.035,6.690082348,2.23619903,7.053920039,-53.0218663969,1.01430761548,2.65783389061,-0.0560385671544,0.0889897563025,-0.994454876937
2.036,6.679744609,2.236674173,7.044267129,-52.9983629351,1.03488853293,2.66825914848,-0.0560474627802,0.0888100910863,-0.994470436784
2.037,6.668810078,2.236783651,7.033934102,-52.9711393448,1.04174788777,2.67928606291,-0.0560500377957,0.0886200502877,-0.99448724474
2.038,6.657647699,2.237352123,7.023533114,-52.9426944729,1.03469304179,2.69054592836,-0.0560606053015,0.0884260462385,-0.994503917981
2.039,6.646458257,2.236686782,7.012715246,-52.9061580694,1.0148824247,2.70186358131,-0.0560497218425,0.0882315681084,-0.994521804221
2.04,6.634976825,2.236082308,7.001641347,-52.8569399605,0.984162293086,2.71346480643,-0.0560399132135,0.0880320107239,-0.994540041031
2.041,6.62335835,2.235182994,6.990344687,-52.797660873,0.945587426515,2.72520632098,-0.0560249853669,0.0878300686648,-0.994558736351
2.042,6.611558677,2.234024056,6.978794425,-52.7375102175,0.901112942948,2.73716343604,-0.0560055537388,0.0876249727297,-0.994577921585
2.043,6.599591762,2.233310857,6.967229636,-52.6853928224,0.851067563321,2.74925908575,-0.055993879241,0.0874169656939,-0.994596882961
2.044,6.58783678,2.23304296,6.956009941,-52.6471326483,0.797706732907,2.76114221139,-0.0559899338076,0.0872126399667,-0.994615042487
2.045,6.576243589,2.232852037,6.944969976,-52.630338126,0.744655931019,2.7728550507,-0.0559873158437,0.0870111225474,-0.994632839302
2.046,6.564777752,2.232148114,6.933887231,-52.6371791757,0.696589120227,2.78445346922,-0.0559757685791,0.0868118152223,-0.994650904624
2.047,6.553150215,2.231800088,6.922767465,-52.6616542213,0.658584292967,2.79618290346,-0.0559704176386,0.0866096934408,-0.994668825967
2.048,6.541636336,2.232152629,6.911983168,-52.6959320816,0.632767859916,2.80780101404,-0.0559772409102,0.0864095443393,-0.994685849476
2.049,6.530550584,2.232224877,6.901515691,-52.7340041173,0.619090876613,2.81899063074,-0.0559791628833,0.0862168347407,-0.994702463418
2.05,6.519232443,2.232963129,6.891046073,-52.7832761386,0.618429743266,2.83037219232,-0.0559926780878,0.0860200827595,-0.994718736811
2.051,6.508167704,2.233880913,6.880877182,-52.8492407931,0.631293008366,2.84149928018,-0.056009298598,0.0858277321752,-0.994734416244
2.052,6.496898145,2.235218629,6.870654104,-52.9215649461,0.655406883719,2.8528254051,-0.0560332333563,0.0856318192024,-0.994749952651
2.053,6.48558877,2.23669717,6.860442837,-52.9904168964,0.688030020039,2.86414284812,-0.0560596177616,0.0854352110498,-0.994765371316
2.054,6.474665941,2.238103658,6.850577131,-53.0559615251,0.72779533859,2.87507835014,-0.056084725104,0.085245318541,-0.994780246726
2.055,6.46332627,2.239987143,6.84047724,-53.1214931003,0.772749255613,2.88645026958,-0.0561181505589,0.0850481777551,-0.994795235533
2.056,6.451928558,2.241988861,6.830365742,-53.1859746624,0.819369228025,2.89784190465,-0.0561536359786,0.0848500251543,-0.994810153948
2.057,6.440449849,2.244126254,6.820227042,-53.2456639677,0.865364692999,2.90932197408,-0.05619148327,0.0846504613616,-0.994825018081
2.058,6.428517296,2.246495277,6.809741233,-53.2980727447,0.909649132572,2.92124123977,-0.0562333848215,0.0844430039968,-0.994840281406
2.059,6.416439776,2.248151761,6.798888567,-53.3407020414,0.949389217481,2.93329740116,-0.0562629041618,0.0842330204059,-0.994856413704
2.06,6.403831383,2.25027184,6.787693256,-53.3653749561,0.981687482549,2.94588321488,-0.0563005149201,0.0840138054084,-0.994872822285
2.061,6.391075231,2.251750006,6.776150877,-53.3579099198,1.00553270433,2.95858240194,-0.0563269717329,0.0837920150675,-0.994890029333
2.062,6.377962741,2.253536774,6.764379995,-53.3112949523,1.02122648458,2.97164085755,-0.0563588145789,0.0835640257061,-0.994907401534
2.063,6.364623446,2.254442211,6.752106434,-53.229588038,1.03085762998,2.98495470892,-0.0563753440012,0.0833320873251,-0.994925918755
2.064,6.351105513,2.255222149,6.739626709,-53.131609459,1.03594995241,2.99842806804,-0.0563897005025,0.0830970373912,-0.994944764323
2.065,6.337242284,2.256595683,6.727024888,-53.0386606732,1.03607253281,3.0122387132,-0.0564143970173,0.0828559804989,-0.994963467824
2.066,6.323548301,2.257134192,6.714306955,-52.9646276922,1.03036168424,3.02586432121,-0.0564245619002,0.0826178602571,-0.994982692302
2.067,6.309432942,2.25794762,6.701288794,-52.9142118146,1.01822704302,3.03994713794,-0.0564395308549,0.0823724077827,-0.995002193863
2.068,6.295106453,2.257657755,6.687703925,-52.8832160652,0.998959000946,3.05422605042,-0.0564353238888,0.0821232765858,-0.995023025694
2.069,6.280615702,2.257638201,6.674059023,-52.8759099476,0.972478336997,3.06865158324,-0.0564358254405,0.0818712845132,-0.995043763047
2.07,6.266474333,2.25724018,6.660618124,-52.8940581226,0.941494468059,3.08273546823,-0.0564297230991,0.081625363254,-0.995064312708
2.071,6.252392254,2.257097019,6.647322457,-52.9320003166,0.909125325078,3.09675047321,-0.0564280483282,0.0813804672539,-0.99508446622
2.072,6.238544537,2.256876036,6.634223947,-52.9867552041,0.878862939398,3.11053442543,-0.056425003801,0.0811396428295,-0.995104304738
2.073,6.224804911,2.257038391,6.621360772,-53.0547003621,0.855682051914,3.12421419341,-0.0564286179251,0.0809006938559,-0.995123554546
2.074,6.210946535,2.256943703,6.608301729,-53.140562665,0.842316830553,3.13799258121,-0.0564277664532,0.0806596747975,-0.995143167607
2.075,6.197537097,2.257297887,6.595821391,-53.2513201867,0.837710971292,3.15135941535,-0.0564346944879,0.0804264600398,-0.995161650077
2.076,6.184270878,2.257930067,6.583574598,-53.3785203616,0.840572067707,3.16456128959,-0.0564464476171,0.0801957320239,-0.995179603447
2.077,6.171016284,2.259036933,6.571505904,-53.5101546577,0.850402597799,3.17775583049,-0.0564664546779,0.0799652040003,-0.995197018507
2.078,6.157982038,2.260478315,6.559764096,-53.641019308,0.866521831786,3.19071934809,-0.0564922642271,0.0797385046151,-0.995213743356
2.079,6.144516274,2.261928902,6.547625722,-53.7737948434,0.88821125507,3.20408575125,-0.0565182578361,0.0795042956421,-0.995231005097
2.08,6.131455887,2.264181211,6.536150844,-53.9093433941,0.914104376659,3.21709221915,-0.0565581702768,0.0792771359757,-0.995246858366
2.081,6.118645862,2.266379557,6.524898733,-54.036547623,0.942529060468,3.22983888364,-0.0565971301078,0.0790543272378,-0.995262366519
2.082,6.105460335,2.268999513,6.513447988,-54.1411925186,0.97131028872,3.24296345509,-0.0566434418811,0.0788249841244,-0.995277922175
2.083,6.092355658,2.271369878,6.501993431,-54.2096716642,0.999465169814,3.2560309352,-0.0566854069555,0.0785970422805,-0.9952935595
2.084,6.079136012,2.274152327,6.490582674,-54.2302317088,1.02730890733,3.26921270802,-0.0567345454997,0.0783670991391,-0.995308891309
2.085,6.065715581,2.276894572,6.478977883,-54.201446981,1.05372122552,3.28259653351,-0.0567829944369,0.0781336578537,-0.995324481289
2.086,6.052454829,2.279815971,6.467593858,-54.13413942,1.07677077363,3.29586030264,-0.0568345486766,0.0779029920164,-0.995339619382
2.087,6.038849856,2.282676522,6.455874819,-54.0428028503,1.0957820163,3.30944629112,-0.0568850637042,0.0776663335073,-0.995355228131
2.088,6.025178221,2.285195469,6.443980985,-53.9391962199,1.10921825986,3.32314312961,-0.0569296406824,0.0774285102434,-0.995371208049
2.089,6.011034195,2.287145723,6.431451442,-53.8357763995,1.11471259585,3.33731923966,-0.0569643510632,0.0771824630778,-0.995388331307
2.09,5.996944611,2.289528291,6.419134246,-53.7425679492,1.11044846529,3.3514563779,-0.0570065761087,0.076937360245,-0.995404888917
2.091,5.982896232,2.29140653,6.406683324,-53.6608589778,1.09649452712,3.36556005165,-0.0570400261519,0.0766929674811,-0.995421832268
2.092,5.968281759,2.292704679,6.393503101,-53.5869865945,1.07466278286,3.38022044115,-0.0570634172303,0.0764387206973,-0.995440047613
2.093,5.95394751,2.293741168,6.380496806,-53.524199487,1.04647192466,3.39462177203,-0.0570822395469,0.0761893427192,-0.995458086503
2.094,5.939504153,2.294465404,6.367282079,-53.4872982406,1.01402974667,3.40910700228,-0.0570956356929,0.0759380609023,-0.995476518704
2.095,5.925111367,2.295543962,6.354247933,-53.4860505715,0.979500835978,3.42358556841,-0.057115188953,0.0756876563996,-0.995494467016
2.096,5.910758162,2.296317525,6.341146286,-53.5169369125,0.943701472543,3.43801125635,-0.0571294345048,0.0754379335635,-0.995512604588
2.097,5.89625978,2.297184442,6.327948779,-53.575952417,0.908664493602,3.45255519049,-0.0571453105755,0.0751856811535,-0.995530776435
2.098,5.882147633,2.297730895,6.315000241,-53.6606415806,0.877311301212,3.46673089523,-0.0571555882913,0.0749401425722,-0.995548699843
2.099,5.867572701,2.2987304,6.301791083,-53.7634589724,0.851259424235,3.48135650296,-0.0571737713785,0.074686549527,-0.995566712574
2.1,5.853558402,2.299258614,6.288937601,-53.8734955743,0.831845013408,3.49542612577,-0.0571837237691,0.0744427039828,-0.995584404036
2.101,5.839428394,2.300910028,6.276393147,-53.9821614612,0.822392774374,3.50958107721,-0.0572132180703,0.0741968460108,-0.995601062535
2.102,5.825299861,2.302568886,6.263859988,-54.0818945577,0.82548504495,3.52371087824,-0.0572428403735,0.0739510091358,-0.995617650242
2.103,5.811353998,2.304442637,6.251583092,-54.1648088811,0.838934728244,3.53766590641,-0.0572761891113,0.0737083475446,-0.99563372666
2.104,5.797033267,2.306940497,6.239196194,-54.2240744013,0.859254573921,3.55196360576,-0.0573204132558,0.0734591608479,-0.995649597957
2.105,5.783018346,2.309598757,6.227162083,-54.2492486778,0.884287563363,3.56597237049,-0.0573674097125,0.073215292208,-0.995664853899
2.106,5.768867194,2.312513324,6.215106321,-54.2385838329,0.912657667644,3.58008665331,-0.057418870663,0.0729690496658,-0.995679964187
2.107,5.754527572,2.315861102,6.203047655,-54.2028750364,0.944454633184,3.5943718869,-0.0574778760275,0.0727195255164,-0.995694814879
2.108,5.740241584,2.318545822,6.190801901,-54.1524320271,0.980768304051,3.60862175204,-0.0575253430005,0.0724709278691,-0.995710198565
2.109,5.725546574,2.322298421,6.178588311,-54.0962925148,1.01964753164,3.62328149466,-0.0575914067192,0.0722152120276,-0.995724958522
2.11,5.711207603,2.324962676,6.166307138,-54.0387725186,1.05688850343,3.6375819483,-0.0576385190891,0.0719656828857,-0.995740298273
2.111,5.696692647,2.327165113,6.153698447,-53.9915205311,1.08977475803,3.6520694652,-0.0576776053934,0.0717130853747,-0.995756258942
2.112,5.682096804,2.32932224,6.141006936,-53.9662550114,1.11754122192,3.6666613543,-0.0577159067325,0.0714590756277,-0.995772300589
2.113,5.667391493,2.331705912,6.12830962,-53.9500089655,1.13884398554,3.68136851582,-0.0577581535226,0.0712031573724,-0.995788183341
2.114,5.652578871,2.332759456,6.115015501,-53.9241733306,1.15287002225,3.69620180148,-0.0577772665575,0.0709453601468,-0.99580547465
2.115,5.637695195,2.333508104,6.101546294,-53.8928306884,1.1587033307,3.7110971334,-0.0577910772109,0.0706863207197,-0.995823094459
2.116,5.62286235,2.334420843,6.08819363,-53.870619,1.15527115056,3.72597122675,-0.0578077379732,0.0704281628021,-0.995840418599
2.117,5.607884437,2.335008819,6.074589208,-53.8569373799,1.14280320657,3.74101080552,-0.0578187547599,0.0701674722875,-0.995858181385
2.118,5.592754731,2.335450822,6.060794999,-53.8402409071,1.12203812296,3.75619845119,-0.057827238391,0.06990413527,-0.995876208357
2.119,5.57826877,2.335911967,6.047608386,-53.8105854119,1.09506591508,3.77074831133,-0.0578360191113,0.0696519989461,-0.995893364742
2.12,5.563270636,2.336042726,6.033827624,-53.7739222666,1.06522473971,3.78580072421,-0.0578390773607,0.0693909408577,-0.995911410948
2.121,5.54879527,2.336041412,6.020483239,-53.7478046249,1.03425999593,3.80037144509,-0.0578398083359,0.0691389768379,-0.995928892268
2.122,5.534266818,2.336116181,6.007124772,-53.7435810684,1.00262712681,3.81499745762,-0.0578418643219,0.0688860855617,-0.995946296719
2.123,5.519717426,2.336972419,5.994057102,-53.7553518143,0.972432079678,3.82961283954,-0.0578575142583,0.0686328285205,-0.995962872246
2.124,5.505511807,2.337547679,5.981203007,-53.7640362014,0.946666412548,3.84391342567,-0.0578682559723,0.0683855497713,-0.995979257582
2.125,5.490860351,2.338321404,5.968022653,-53.7610805017,0.928007963975,3.85864190832,-0.0578824730315,0.0681305077909,-0.995995910245
2.126,5.476583505,2.339570842,5.955380644,-53.7559473079,0.91825295158,3.87299226699,-0.0579049436099,0.0678819842969,-0.996011573082
2.127,5.462440903,2.341131306,5.94299221,-53.759727482,0.918407694578,3.8871984117,-0.0579328180159,0.0676357965733,-0.996026700254
2.128,5.448486202,2.342395039,5.930667451,-53.7735092275,0.929287320448,3.9011992888,-0.0579555175222,0.06739287339,-0.99604184581
2.129,5.434240784,2.343935548,5.918192862,-53.7949396614,0.947789070129,3.91554755557,-0.0579830464633,0.0671448874122,-0.996056991551
2.13,5.420010963,2.34637974,5.906099959,-53.8220032921,0.969748387442,3.92980886763,-0.0580262949143,0.0668971732174,-0.996071140689
2.131,5.405941886,2.348504781,5.894037867,-53.8433064858,0.995747412876,3.94392558303,-0.0580639814475,0.0666522526137,-0.99608536345
2.132,5.391284129,2.350805899,5.881516211,-53.8463760742,1.02701289462,3.95860543972,-0.0581047595426,0.066397080066,-0.996100027446
2.133,5.376986566,2.352989141,5.869288068,-53.8272284991,1.06172873795,3.97292947571,-0.0581434678695,0.0661481733166,-0.996114328936
2.134,5.36233016,2.354873359,5.85662132,-53.7903662298,1.09749823178,3.98761282362,-0.0581769897609,0.0658930143551,-0.996129283036
2.135,5.347492735,2.357152453,5.843958097,-53.7487483953,1.13171917286,4.00243635139,-0.0582173892707,0.0656347013205,-0.996143976325
2.136,5.332380037,2.358490267,5.830673477,-53.72059349,1.16258024339,4.01755606061,-0.0582414251627,0.0653715865068,-0.996159872748
2.137,5.316944819,2.360888471,5.817533548,-53.7254746799,1.18951789575,4.03295947229,-0.0582839244083,0.0651028581394,-0.996174985641
2.138,5.301619318,2.362358915,5.804128447,-53.7584536546,1.21224838185,4.04825987449,-0.0583102737055,0.0648360289131,-0.99619084584
2.139,5.285853401,2.363521906,5.790205694,-53.7962098711,1.22884871067,4.06399943811,-0.0583312948134,0.0645615263972,-0.996207442933
2.14,5.270125277,2.364510515,5.776255743,-53.8242350406,1.23831536557,4.07968558721,-0.058349278606,0.064287675042,-0.99622409955
2.141,5.253886588,2.364737258,5.761536825,-53.8372545855,1.24210083241,4.09586602061,-0.0583540291332,0.064004924832,-0.996242027261
2.142,5.237980175,2.365484748,5.747343248,-53.842841786,1.23938635249,4.11173262869,-0.0583678215931,0.0637279580371,-0.996258974748
2.143,5.221650419,2.365460247,5.73245456,-53.8518843544,1.22971468038,4.12797249709,-0.0583682010665,0.0634436109479,-0.996277100677
2.144,5.205468126,2.365762398,5.717843137,-53.8727631082,1.21536622921,4.14409465106,-0.0583742538726,0.0631618271183,-0.996294650231
2.145,5.188874803,2.366325703,5.702974579,-53.9122242877,1.19805196833,4.16062152973,-0.0583848678686,0.0628728835482,-0.996312304309
2.146,5.172810241,2.366952982,5.688623051,-53.9624352852,1.17782865321,4.17659874003,-0.0583965681869,0.0625931431524,-0.99632923236
2.147,5.156462631,2.367156763,5.673846844,-54.0156444972,1.15532563705,4.19288124927,-0.058400909682,0.0623084655336,-0.996346821579
2.148,5.140099568,2.367945565,5.659310008,-54.0689569881,1.13331472533,4.20918211568,-0.058415429378,0.0620235173232,-0.996363749295
2.149,5.124464974,2.368045297,5.645155428,-54.1247376366,1.11430693537,4.22472278225,-0.0584179225724,0.0617512463015,-0.996380514614
2.15,5.108403935,2.368682265,5.630847754,-54.1932572396,1.09939325062,4.24073014696,-0.0584297807505,0.0614715470549,-0.99639711442
2.151,5.092482213,2.369781191,5.616870835,-54.2698299293,1.08692391967,4.25657746021,-0.0584496689243,0.0611942736788,-0.996413015306
2.152,5.076648636,2.370938926,5.603009259,-54.3346988786,1.07470726736,4.2723324557,-0.0584705742611,0.0609185303944,-0.996428685155
2.153,5.060929852,2.371891485,5.589175269,-54.3805285683,1.06309988485,4.28799568426,-0.0584879017622,0.0606447799098,-0.996444366745
2.154,5.045732191,2.373517226,5.576109519,-54.4152090545,1.05552439955,4.30310953954,-0.0585169157029,0.0603801064598,-0.996458736386
2.155,5.030151541,2.375272975,5.562764262,-54.4395569363,1.05615239233,4.31861607563,-0.0585482083777,0.0601087595733,-0.996473303365
2.156,5.014324081,2.376988302,5.549190876,-54.4544661183,1.06513817626,4.33436806638,-0.0585788072719,0.0598331099798,-0.996488094404
2.157,4.999215967,2.37931209,5.536541006,-54.4685591627,1.08005858242,4.34941667385,-0.0586199583362,0.059569989351,-0.99650143846
2.158,4.983607988,2.382327644,5.523751767,-54.4826824969,1.09892722902,4.36496741567,-0.0586731689647,0.0592981630857,-0.996514519261
2.159,4.968282193,2.384457347,5.510849733,-54.4912182523,1.11920066423,4.38024271644,-0.0587109495049,0.059031240661,-0.996528141617
2.16,4.952989874,2.386724882,5.498050959,-54.4959342478,1.13815046867,4.39548927748,-0.0587511257532,0.058764899072,-0.996541515372
2.161,4.937482697,2.389333923,5.485221233,-54.5022150051,1.15415486403,4.41096796741,-0.0587972523114,0.0584948139662,-0.996554684832
2.162,4.922013951,2.391725275,5.472346035,-54.5084037474,1.16702149339,4.42640566328,-0.0588395874484,0.0582253926701,-0.996567963863
2.163,4.906680646,2.393663271,5.459408285,-54.5115861206,1.17729121858,4.4417069976,-0.0588740258158,0.0579583232793,-0.996581497845
2.164,4.890556094,2.395984584,5.445941703,-54.5130875643,1.18458101554,4.45781275918,-0.0589151695912,0.0576774690758,-0.996595360391
2.165,4.874821889,2.398282484,5.432830508,-54.5095692473,1.18776842479,4.47352573136,-0.0589558851705,0.05740341115,-0.996608775795
2.166,4.858997904,2.399709462,5.419268043,-54.5016205035,1.18767219537,4.48934629889,-0.0589814479203,0.0571277778946,-0.996623101174
2.167,4.843178047,2.401349446,5.405816567,-54.4926102142,1.18537856755,4.50517231692,-0.0590107156028,0.0568522146767,-0.996637126105
2.168,4.827271078,2.403134208,5.392364981,-54.4817687962,1.17889552811,4.52108451539,-0.0590425045091,0.0565751302518,-0.996651010785
2.169,4.811124198,2.404564792,5.378554442,-54.4746057537,1.16672393589,4.53723624287,-0.0590681384078,0.0562938607492,-0.996665418416
2.17,4.795146802,2.405979649,5.364901763,-54.4797021632,1.14983261477,4.55325047572,-0.0590934891627,0.056015538321,-0.996679596964
2.171,4.77921564,2.407259876,5.351243056,-54.5006582306,1.12936420477,4.56919841041,-0.0591164936575,0.055738016015,-0.996693791366
2.172,4.763315804,2.408440229,5.337580144,-54.5352495677,1.10634991364,4.585118021,-0.0591377554131,0.0554610349808,-0.996707981047
2.173,4.746999724,2.409336096,5.323429985,-54.5784944323,1.08202574609,4.60143333749,-0.0591540837721,0.0551767954553,-0.996722787748
2.174,4.731062514,2.410194594,5.309613026,-54.6323673357,1.05795327904,4.61737488386,-0.0591697416627,0.0548991515246,-0.99673718945
2.175,4.714951183,2.411207234,5.295723273,-54.6946405634,1.03645108041,4.63348920621,-0.0591880884655,0.054618472125,-0.996751520032
2.176,4.698864583,2.412796435,5.282131672,-54.7529120542,1.01972988606,4.64955437028,-0.0592164656733,0.0543382237377,-0.996765151695
2.177,4.68246611,2.413616022,5.26792475,-54.801486143,1.00793073367,4.66592662618,-0.0592314608535,0.0540525312135,-0.996779794094
2.178,4.666527189,2.415234599,5.254506082,-54.8380776881,0.999503998831,4.68185843021,-0.0592603390311,0.0537748481395,-0.996793096849
2.179,4.650468245,2.416852706,5.240995316,-54.8539204746,0.993642564339,4.69787980013,-0.0592892114077,0.0534950699915,-0.996806434017
2.18,4.634816118,2.418655435,5.227945539,-54.8458893033,0.991492970906,4.71351525958,-0.0593212769482,0.053222377032,-0.996819123354
2.181,4.618537516,2.420988494,5.214602005,-54.8257573217,0.994748512097,4.72976247583,-0.0593625969946,0.0529387704847,-0.996831765474
2.182,4.602686019,2.423179834,5.201588132,-54.8014695561,1.00257870138,4.74557314175,-0.059401431149,0.0526626002928,-0.996844080339
2.183,4.587071514,2.425811907,5.189006502,-54.7691223223,1.01360982705,4.76117570818,-0.059447922919,0.0523905591398,-0.996855643398
2.184,4.57161663,2.427800782,5.176281991,-54.7268033444,1.02802013989,4.77662080085,-0.0594832114945,0.0521212905541,-0.996867653513
2.185,4.555948205,2.430304503,5.163627023,-54.678093058,1.04623012327,4.7922645911,-0.0595274686129,0.0518483017534,-0.996879247495
2.186,4.540446388,2.432736108,5.151102636,-54.6190563737,1.06663141322,4.80777373059,-0.0595704603731,0.0515782115726,-0.996890690267
2.187,4.524691778,2.435015511,5.138300908,-54.550858208,1.08672243016,4.8235185015,-0.0596108132914,0.0513037122733,-0.996902442592
2.188,4.509332905,2.436847288,5.125651954,-54.4824804202,1.10595317159,4.83889198962,-0.0596433565502,0.0510361012645,-0.996914232212
2.189,4.493722901,2.438698888,5.112807231,-54.4193201835,1.12444435686,4.85453832111,-0.0596762535904,0.0507641100044,-0.996926150672
2.19,4.478058521,2.440044569,5.099688777,-54.3625247896,1.14123385128,4.87020749593,-0.059700346594,0.0504911638011,-0.996938569318
2.191,4.462748598,2.441069448,5.086742091,-54.3121857081,1.15717140665,4.88556697927,-0.059718838399,0.0502243870721,-0.99695093725
2.192,4.447035871,2.442021982,5.073420878,-54.2725178731,1.17243959076,4.9013146419,-0.0597360859073,0.0499505877187,-0.996963659732
2.193,4.431709679,2.442673293,5.06030666,-54.2402788665,1.18504488032,4.91670662947,-0.0597480731733,0.0496835164127,-0.996976286553
2.194,4.415591136,2.443297315,5.046498474,-54.2096586131,1.19310732973,4.9328887795,-0.0597596167333,0.0494026341609,-0.996989552576
2.195,4.400002964,2.44318999,5.032812674,-54.1894916584,1.19552394699,4.9485527614,-0.0597584056159,0.0491309838134,-0.997003048836
2.196,4.384352505,2.443228622,5.019154609,-54.1877487452,1.19076622752,4.96428603129,-0.0597597364765,0.0488582452075,-0.997016371867
2.197,4.368623702,2.443400881,5.005505061,-54.1918288425,1.17944032563,4.98011608424,-0.0597633931126,0.04858413922,-0.997029547335
2.198,4.352809666,2.443699722,4.991855398,-54.1876195099,1.16281144273,4.99600294663,-0.0597692551428,0.0483085452162,-0.997042587154
2.199,4.337113026,2.444078557,4.97836011,-54.1764092983,1.14380847954,5.01177822268,-0.0597765009979,0.0480349952651,-0.997055369154
2.2,4.32125233,2.444611959,4.964811107,-54.170819143,1.12668693414,5.0276745282,-0.0597864431001,0.0477585835127,-0.9970680513
2.201,4.30553436,2.445433735,4.951542414,-54.1710228146,1.11432195469,5.04348625603,-0.0598013953829,0.0474846580058,-0.997080237676
2.202,4.289803361,2.446412683,4.938354776,-54.1710203308,1.10631351574,5.05925945022,-0.0598190817116,0.0472105045166,-0.997092195199
2.203,4.273914891,2.44723243,4.924966503,-54.1791127678,1.10247946655,5.07520698389,-0.05983400131,0.0469336006241,-0.99710437238
2.204,4.258099022,2.448208004,4.91173388,-54.2046074492,1.10234792394,5.09104289205,-0.0598516288142,0.0466579611022,-0.997116250592
2.205,4.241945775,2.449276727,4.898271169,-54.2409486565,1.10536885088,5.10721169113,-0.0598708885438,0.0463764390375,-0.997128227766
2.206,4.225890457,2.450977787,4.885226941,-54.2681737125,1.11065574293,5.12328913475,-0.0599011485451,0.0460966263075,-0.997139385164
2.207,4.20970728,2.452597883,4.872050057,-54.2774627726,1.11712231218,5.13944949089,-0.0599300015689,0.0458145804025,-0.99715065017
2.208,4.193459275,2.454546158,4.859001701,-54.2772071542,1.12603758818,5.15566539877,-0.0599645681347,0.0455314059322,-0.9971615424
2.209,4.177213832,2.456314428,4.845884436,-54.2721051899,1.13869620014,5.17187482523,-0.0599959999228,0.0452482694366,-0.997172539788
2.21,4.16095891,2.458697223,4.833091255,-54.2584512789,1.15441373386,5.18807955427,-0.060038125374,0.0449649719018,-0.997182819148
2.211,4.144402806,2.460340104,4.819683396,-54.2366525736,1.17052932542,5.20456218575,-0.0600673820258,0.0446764135632,-0.997194027102
2.212,4.127986757,2.462694884,4.806780707,-54.2179117908,1.18453775257,5.2209080431,-0.0601090220097,0.0443903003531,-0.997204295372
2.213,4.111227568,2.464378039,4.793261024,-54.2015298804,1.19615285881,5.23758086861,-0.0601389838806,0.0440981952736,-0.997215449034
2.214,4.094638767,2.466165443,4.779962199,-54.1804283005,1.20699886144,5.25408866325,-0.0601707503913,0.0438090571246,-0.997226276886
2.215,4.077961576,2.467715534,4.766486187,-54.1535978989,1.21731996274,5.27065932999,-0.0601983874827,0.0435183737811,-0.997237336489
2.216,4.061579896,2.469110956,4.753203148,-54.1269998124,1.22670093898,5.2869661545,-0.0602233179785,0.0432328349746,-0.997248250914
2.217,4.044749663,2.470514194,4.739561184,-54.1173013204,1.23524711046,5.30369762349,-0.0602484003382,0.0429394748841,-0.997259410461
2.218,4.028121642,2.471317576,4.725798823,-54.1379034744,1.24176484229,5.32022849035,-0.0602630307437,0.0426496284913,-0.99727096434
2.219,4.011183558,2.472006583,4.711731113,-54.1857688873,1.24588373958,5.33707844006,-0.060275680168,0.042354372595,-0.997282783117
2.22,3.994511352,2.472321776,4.697711773,-54.2502482094,1.24874584158,5.35365326706,-0.0602818081926,0.0420637437398,-0.997294713244
2.221,3.978163664,2.473435438,4.684407006,-54.3218488641,1.25060131342,5.36992879396,-0.0603018219349,0.0417787779655,-0.997305481777
2.222,3.961330183,2.472876486,4.669823865,-54.3949383736,1.25126164847,5.38668333057,-0.0602927351526,0.0414853198935,-0.997318281353
2.223,3.944669247,2.473103313,4.655819526,-54.4703246904,1.24944428988,5.40326960732,-0.0602973180232,0.0411948765488,-0.997330043459
2.224,3.928354703,2.473302763,4.64211129,-54.5424150991,1.24337525368,5.41954315154,-0.0603014075964,0.0409104675874,-0.997341503139
2.225,3.911846575,2.473740309,4.628383599,-54.599429186,1.23292321066,5.43601270382,-0.0603096476593,0.0406226828792,-0.997352768099
2.226,3.895436675,2.474603167,4.614985127,-54.6378935755,1.21950728923,5.45236932951,-0.0603252848472,0.0403366128781,-0.997363433092
2.227,3.879107756,2.475129081,4.601493339,-54.6717423525,1.20630180875,5.46865978833,-0.0603350508333,0.040051947665,-0.997374314452
2.228,3.862770228,2.476106671,4.58825654,-54.7088679127,1.1957407373,5.48496787132,-0.0603526785393,0.0397671337181,-0.997384644593
2.229,3.846368988,2.477378861,4.575145944,-54.737031226,1.18742264186,5.50136303752,-0.060375433048,0.0394812103685,-0.997394626571
2.23,3.82980864,2.478545778,4.561866218,-54.7540350988,1.18046892293,5.51791728184,-0.0603963598065,0.0391925085521,-0.997404745826
2.231,3.81323402,2.480299782,4.548916431,-54.7746090253,1.17400636666,5.53445476509,-0.060427504888,0.0389035623988,-0.997414171488
2.232,3.796826096,2.482003154,4.536102739,-54.8089253749,1.16828198084,5.55085285057,-0.0604577593881,0.0386175191219,-0.997423453979
2.233,3.780220004,2.484150676,4.52339119,-54.8490540456,1.16484615145,5.56746634398,-0.0604957505436,0.0383280224554,-0.997432316932
2.234,3.764035997,2.486529872,4.511185852,-54.8827827242,1.16497000932,5.58364290396,-0.0605377582161,0.0380458861133,-0.997440569849
2.235,3.747526287,2.488801984,4.498676315,-54.9098669896,1.16873944852,5.60014262152,-0.0605779107153,0.0377580661652,-0.997449068962
2.236,3.731163185,2.49119604,4.486383446,-54.9297628611,1.17510169644,5.61649660155,-0.0606201793188,0.0374728010004,-0.997457258756
2.237,3.71486882,2.493859019,4.474324882,-54.9442611076,1.18313018146,5.63280031663,-0.0606671236222,0.0371887364836,-0.997465035974
2.238,3.6983132,2.496619468,4.462132819,-54.9543376564,1.19186713378,5.64936382274,-0.0607157730163,0.0369001135251,-0.997472794882
2.239,3.681993532,2.499281034,4.450110342,-54.957146185,1.19899375282,5.66566169629,-0.0607626898815,0.0366156018275,-0.997480422475
2.24,3.665498417,2.502248473,4.43814444,-54.9522578803,1.20446801645,5.68214031596,-0.0608149356546,0.0363280322399,-0.997487753145
2.241,3.648717877,2.504845891,4.425764915,-54.9418411644,1.2111441458,5.69889334088,-0.0608607488043,0.0360354785398,-0.997495570688
2.242,3.63240495,2.507195991,4.413660324,-54.9361452237,1.22041020827,5.71519417486,-0.0609022360888,0.0357510725136,-0.997503272402
2.243,3.615814764,2.509748604,4.401471852,-54.9452596663,1.23117675092,5.73174871611,-0.0609472578912,0.0354618317087,-0.997510847183
2.244,3.599059326,2.511537181,4.388740941,-54.9731945693,1.24226663423,5.74846064608,-0.0609789810419,0.0351696965523,-0.9975192511
2.245,3.582782481,2.513656694,4.376619732,-55.0152765439,1.25172594976,5.76472848312,-0.0610164469625,0.034885908931,-0.99752692523
2.246,3.566132241,2.515202069,4.363890536,-55.0579319953,1.25791488303,5.78134277338,-0.0610439273389,0.0345955994756,-0.997535354477
2.247,3.549790903,2.516282553,4.351171491,-55.1077798199,1.25874898833,5.7976627195,-0.0610633026486,0.0343106681288,-0.997544009617
2.248,3.533277888,2.517673062,4.33851706,-55.1747706587,1.25394776644,5.81415642045,-0.0610880776327,0.0340227447711,-0.99755235432
2.249,3.516613857,2.518598307,4.325495399,-55.2491723078,1.24611310987,5.83078478513,-0.061104756508,0.0337321777567,-0.997561200587
2.25,3.50043596,2.519091878,4.312641395,-55.3239835624,1.23836007977,5.84698778158,-0.0611139005505,0.0334500806739,-0.99757013952
2.251,3.484271751,2.51942181,4.299725095,-55.3986562948,1.23239776199,5.86315003039,-0.061120191975,0.0331682167388,-0.997579165546
2.252,3.468299331,2.520273777,4.287292871,-55.4670870662,1.22949566341,5.8791396,-0.0611355636384,0.0328897012396,-0.997587444995
2.253,3.452022277,2.520587822,4.274321088,-55.5251425008,1.22848504158,5.89545094399,-0.0611415779422,0.0326058639193,-0.997596393881
2.254,3.436091794,2.521257876,4.261862046,-55.5764535426,1.22602657423,5.9113922524,-0.0611537764323,0.0323280729033,-0.997604686903
2.255,3.420211647,2.521817997,4.249401572,-55.6201608823,1.22107403131,5.92730577976,-0.0611640570935,0.0320511558438,-0.997612991861
2.256,3.40412441,2.522709985,4.23699524,-55.6511636214,1.2145760625,5.94343496491,-0.0611801201432,0.0317706301166,-0.997620980113
2.257,3.388361809,2.523789669,4.224986395,-55.6693990672,1.20831560091,5.95923220578,-0.0611994382665,0.0314957655155,-0.997628510775
2.258,3.372470936,2.524631148,4.212757131,-55.677957182,1.20241181598,5.97518092316,-0.0612146105683,0.0312186581495,-0.997636289855
2.259,3.356415584,2.526168095,4.200839299,-55.6769526556,1.19494755189,5.99124631914,-0.0612418940643,0.0309386906951,-0.997643336984
2.26,3.340682,2.526915713,4.188730028,-55.6629101442,1.18547386275,6.00706182745,-0.0612554220734,0.0306643203594,-0.997650977408
2.261,3.324734192,2.528518921,4.176992384,-55.6315734088,1.17672191501,6.02304314434,-0.0612838520106,0.030386224779,-0.997657740323
2.262,3.30907056,2.530374245,4.165662228,-55.5774457788,1.17198463978,6.03878378387,-0.0613166591216,0.0301130860398,-0.997664006248
2.263,3.293033788,2.531866703,4.153844066,-55.4993335046,1.17138170972,6.0548592317,-0.0613431593794,0.029833433481,-0.997670778887
2.264,3.277452392,2.533987639,4.142799481,-55.4116859292,1.17350249471,6.0704911137,-0.0613805846077,0.0295617296636,-0.997676564811
2.265,3.261765499,2.535633719,4.131410477,-55.3288038904,1.17648488994,6.08624880458,-0.0614097432687,0.029288176424,-0.997682838458
2.266,3.24557919,2.537297736,4.119667958,-55.2465797866,1.179040029,6.10248477662,-0.0614392274843,0.029005912245,-0.997689269453
2.267,3.229368281,2.539023521,4.107975163,-55.1644506914,1.18164418538,6.11871151536,-0.0614697862978,0.0287232181287,-0.997695565848
2.268,3.21338875,2.540523162,4.096355111,-55.095031784,1.18555977449,6.13472130534,-0.0614963985174,0.0284445527022,-0.997701909586
2.269,3.197017077,2.541845336,4.084347672,-55.0522593221,1.19137534844,6.15111703059,-0.0615199302524,0.0281590446338,-0.99770855784
2.27,3.180984761,2.542597549,4.072280239,-55.0420992616,1.19863262841,6.16717712002,-0.0615335256404,0.0278794436894,-0.997715571614
2.271,3.164349202,2.543363824,4.059778986,-55.0642671122,1.20705752876,6.18380646293,-0.0615473813497,0.027589319544,-0.997722781787
2.272,3.147910048,2.543473574,4.04704775,-55.1134109074,1.21624948855,6.20023273952,-0.0615497989404,0.0273026089316,-0.997730519627
2.273,3.131346189,2.543686331,4.034311479,-55.1783179718,1.22424998775,6.21678641076,-0.0615540104752,0.0270137228777,-0.997738123242
2.274,3.114732754,2.543131226,4.021079029,-55.2460528245,1.22930256013,6.23340555486,-0.061544851597,0.0267239578663,-0.997746491509
2.275,3.098200982,2.542767322,4.00805626,-55.3080180387,1.23205754737,6.2498878368,-0.0615390161122,0.0264356176622,-0.997754532746
2.276,3.081306817,2.541649558,3.994300211,-55.3636425679,1.23455603971,6.26674813928,-0.0615200630566,0.0261409423624,-0.997763465444
2.277,3.064195292,2.541467845,3.980998819,-55.4165420972,1.23778486024,6.28378292725,-0.0615174114457,0.0258424886957,-0.997771403613
2.278,3.047856992,2.540603442,3.967883327,-55.4703958055,1.24099583412,6.30007355429,-0.0615028479002,0.0255575077222,-0.997779641754
2.279,3.030961947,2.539853521,3.954438802,-55.5360333915,1.24217086701,6.31691555744,-0.0614902910864,0.0252628161388,-0.997787920463
2.28,3.01412213,2.539549883,3.941350761,-55.6113040452,1.24006621111,6.33365909134,-0.061485499825,0.0249690926032,-0.997795609194
2.281,2.997561416,2.539606604,3.928737221,-55.6741252241,1.23608390929,6.3501773493,-0.0614869732403,0.0246802418876,-0.997802704838
2.282,2.980942867,2.539612781,3.916076284,-55.7152920437,1.23222365487,6.36674320761,-0.0614875648961,0.0243903785725,-0.997809795901
2.283,2.964425952,2.540085206,3.90382557,-55.7355724954,1.22771942291,6.38319472644,-0.0614962694922,0.0241022932274,-0.997816259789
2.284,2.948067578,2.540733228,3.891841181,-55.7275219045,1.22084365525,6.39950299024,-0.0615080240072,0.0238169749478,-0.997822386343
2.285,2.931527852,2.542287681,3.880345628,-55.6873449366,1.21197676249,6.41596537208,-0.0615355648239,0.023528506001,-0.997827532025
2.286,2.915215895,2.543850009,3.869064045,-55.6185501658,1.20325527056,6.43224128216,-0.0615632337579,0.0232440087637,-0.99783249311
2.287,2.898553867,2.545516417,3.857624703,-55.5382461961,1.19485554959,6.44885899083,-0.06159272298,0.022953405024,-0.997837400418
2.288,2.882598265,2.547218028,3.84677689,-55.462999851,1.18480903425,6.46477698829,-0.0616228022601,0.0226751219619,-0.997841905858
2.289,2.866030403,2.54949697,3.835891692,-55.3853122917,1.17306186057,6.48129887841,-0.0616629492281,0.0223861686105,-0.997845950108
2.29,2.849851067,2.551469471,3.825133666,-55.294363202,1.16128276897,6.49744214147,-0.0616977471862,0.0221039846793,-0.99785008987
2.291,2.833860236,2.553881384,3.81484914,-55.1895057591,1.15149153423,6.51341404055,-0.061740189157,0.0218250955441,-0.997853603615
2.292,2.817703546,2.555795912,3.804148527,-55.0680740832,1.14493207127,6.52955728229,-0.0617739721593,0.021543303195,-0.997857636365
2.293,2.801530575,2.557649098,3.793434126,-54.9451869154,1.14203449488,6.54569286223,-0.0618066865761,0.0212612237094,-0.997861660683
2.294,2.785448289,2.559120486,3.782567888,-54.8438067579,1.14134165374,6.56177960261,-0.0618327465315,0.0209807185491,-0.997865983439
2.295,2.769060239,2.560286287,3.771307529,-54.7702567956,1.14176430968,6.57813356056,-0.0618534914858,0.0206948737014,-0.997870666867
2.296,2.75294766,2.561252676,3.760151073,-54.7281214401,1.14236810561,6.59427622778,-0.0618707546191,0.0204138284174,-0.997875385673
2.297,2.736414379,2.561947629,3.748538289,-54.7250929133,1.14210207385,6.61078784736,-0.0618833003287,0.0201254386619,-0.997880465717
2.298,2.719999532,2.562127528,3.736695722,-54.7595644044,1.14173364318,6.62718732117,-0.061886871022,0.0198391037689,-0.997885978034
2.299,2.703714745,2.561859027,3.724673825,-54.828934836,1.14290053783,6.64350144099,-0.0618826279321,0.0195550285935,-0.997891848457
2.3,2.687720501,2.561259216,3.712666194,-54.9309584564,1.14552504587,6.65950889845,-0.061872605125,0.019276014093,-0.997897898593
2.301,2.671611682,2.560862523,3.700746659,-55.0529561334,1.14862922168,6.67566237482,-0.0618661193689,0.0189950032724,-0.997903689303
2.302,2.655541716,2.560386653,3.688832013,-55.1845216963,1.15499833941,6.69174846461,-0.0618582522546,0.0187146666187,-0.997909473791
2.303,2.639105143,2.560016174,3.676759275,-55.3259436976,1.16678676679,6.70820066823,-0.0618522264463,0.0184279351547,-0.997915183415
2.304,2.622816888,2.559643292,3.664824991,-55.4743965829,1.18094861835,6.72452456735,-0.06184615197,0.0181437894933,-0.997920766589
2.305,2.606374122,2.559932618,3.653278127,-55.6287040507,1.19441630379,6.74097946918,-0.0618516115273,0.0178569595124,-0.997925602011
2.306,2.590084969,2.560226109,3.64188109,-55.7895469554,1.20622159708,6.75728204887,-0.0618571359533,0.0175728073891,-0.997930303765
2.307,2.573535828,2.561137292,3.630772767,-55.9489366003,1.21655391026,6.77383780147,-0.06187342095,0.0172841294646,-0.99793433584
2.308,2.557213381,2.562222297,3.619989416,-56.0896887295,1.22497804459,6.79016504338,-0.0618927252155,0.0169994085403,-0.997938029476
2.309,2.541234542,2.563776813,3.60982334,-56.1995515793,1.23176911166,6.80612660114,-0.061920193459,0.0167206881993,-0.997941034444
2.31,2.524969551,2.566121197,3.600062393,-56.268554928,1.23652418054,6.82243042188,-0.0619614223384,0.0164369908638,-0.9979431885
2.311,2.508832773,2.568539306,3.590492452,-56.2880541608,1.2384752572,6.83857320457,-0.0620039290342,0.0161555299498,-0.997945144603
2.312,2.492952129,2.571382734,3.581454939,-56.2665493348,1.23817997805,6.85445725959,-0.0620538337375,0.0158785444338,-0.997946488317
2.313,2.4768983,2.574015712,3.572195694,-56.2187433428,1.23736857761,6.87048733077,-0.0621000749534,0.0155985332626,-0.997948027931
2.314,2.461166269,2.576553382,3.56314001,-56.1495479471,1.23693469816,6.88625631768,-0.0621446470511,0.0153241323017,-0.99794950464
2.315,2.445104634,2.579716625,3.554359934,-56.0649682806,1.23638311583,6.9023223302,-0.0622001187974,0.0150439931713,-0.997950311133
2.316,2.4292828,2.581752714,3.54497701,-55.9771216738,1.23527582174,6.91816863003,-0.0622359540125,0.0147680154236,-0.99795219913
2.317,2.413665695,2.584030904,3.535957833,-55.8995013252,1.235131315,6.93379671971,-0.0622759976077,0.0144956127897,-0.997953694984
2.318,2.398068362,2.586257227,3.526961627,-55.828235553,1.23860008894,6.94941922629,-0.062315135891,0.0142235532855,-0.997955166513
2.319,2.382661349,2.58795813,3.517755305,-55.7546246098,1.24674038754,6.96486015969,-0.0623451178628,0.0139548032385,-0.997957088128
2.32,2.367258511,2.589229278,3.508278939,-55.6874181054,1.25840176372,6.98029455601,-0.0623676139411,0.0136861173446,-0.997959403445
2.321,2.351686736,2.590033237,3.498385723,-55.6417990859,1.27235019608,6.99590360687,-0.0623819755611,0.0134144747643,-0.99796219417
2.322,2.336295746,2.590017323,3.48804638,-55.6286180813,1.28690249973,7.01135610434,-0.062382053421,0.0131459686066,-0.997965762399
2.323,2.32070659,2.58977975,3.477447085,-55.6529980962,1.29822596679,7.02699395025,-0.0623782729407,0.0128740002296,-0.997969544216
2.324,2.305301873,2.58909679,3.466675484,-55.7164048111,1.30432606845,7.04245495892,-0.0623667305448,0.0126052395305,-0.997973696476
2.325,2.289647631,2.588458413,3.455807175,-55.8127570095,1.30559438096,7.05816853056,-0.0623559673497,0.012332125671,-0.997977781322
2.326,2.274055303,2.587559207,3.444820775,-55.9300918442,1.30302779132,7.0738200739,-0.0623406578754,0.0120600855705,-0.99798206232
2.327,2.258537477,2.586507159,3.433804132,-56.0621768434,1.29783073676,7.08944640764,-0.0623226824679,0.0117893418452,-0.997986420082
2.328,2.242849385,2.585231243,3.42254203,-56.2032801708,1.29155117028,7.1051932596,-0.0623008098493,0.0115156220856,-0.997990981693
2.329,2.22744544,2.584368837,3.411814103,-56.3395303788,1.28529137311,7.12067269319,-0.0622861292362,0.0112468670623,-0.997994962956
2.33,2.211783475,2.583603265,3.401028076,-56.4631017159,1.27928297382,7.13640206839,-0.0622731386672,0.0109736105525,-0.997998815667
2.331,2.196277912,2.583259163,3.390702666,-56.5782213928,1.27511310753,7.1519835162,-0.0622674821295,0.0107030913007,-0.998002106464
2.332,2.180670996,2.583708525,3.380957813,-56.6915345214,1.27554642955,7.16764484197,-0.0622756427482,0.0104308182853,-0.998004480125
2.333,2.165049307,2.584069158,3.371179603,-56.7987807724,1.2804423535,7.18332986783,-0.0622822573936,0.0101582850061,-0.998006878563
2.334,2.148985681,2.584844174,3.361481647,-56.8879413216,1.28705585244,7.19942385548,-0.0622960949494,0.00987804881784,-0.99800882797
2.335,2.133210253,2.586293449,3.352536321,-56.9429192469,1.29311034933,7.21525083396,-0.062321666225,0.00960285478987,-0.998009917335
2.336,2.116889837,2.588240091,3.343682006,-56.9507002031,1.29829287336,7.23158371312,-0.0623559081488,0.00931816105799,-0.998010477196
2.337,2.101151254,2.59028987,3.335331798,-56.9147945939,1.30382719205,7.24733231136,-0.0623919319243,0.00904362093363,-0.99801075132
2.338,2.08484841,2.59251314,3.32681789,-56.8517457675,1.30994588937,7.26364726028,-0.0624309866747,0.0087592397774,-0.998010845443
2.339,2.069081785,2.595360607,3.319186062,-56.7748973319,1.31646178173,7.27940198526,-0.0624808978177,0.00848422551539,-0.998010097807
2.34,2.052973482,2.598044055,3.311273626,-56.6898920361,1.32296510836,7.2955118969,-0.0625279575019,0.00820324658446,-0.998009499592
2.341,2.036841813,2.600233627,3.303019753,-56.6025624814,1.32546564273,7.3116322342,-0.0625664147245,0.00792185023687,-0.9980093627
2.342,2.020750087,2.601990112,3.294508075,-56.5187605436,1.3218462822,7.32765937599,-0.0625973259864,0.00764114070132,-0.998009613054
2.343,2.004581101,2.603543937,3.285846378,-56.443639801,1.31475485124,7.34377444664,-0.0626247076289,0.00735907968425,-0.99801001495
2.344,1.98824921,2.60527394,3.277283513,-56.3838500952,1.30594275626,7.36003344491,-0.0626551575015,0.00707417834968,-0.998010163896
2.345,1.972388949,2.606067559,3.268318572,-56.350627586,1.29562683571,7.37583524012,-0.0626692883961,0.00679748690885,-0.998011199568
2.346,1.956382488,2.606402584,3.258951805,-56.3605648543,1.28629651341,7.39178791856,-0.0626754336403,0.0065182339423,-0.998012676595
2.347,1.940500012,2.606281842,3.24934537,-56.4181554701,1.28057784878,7.40760870947,-0.0626736362498,0.00624113337441,-0.998014560802
2.348,1.924717275,2.606276787,3.239940629,-56.5130497924,1.27895536454,7.42333096098,-0.0626738493019,0.00596577507298,-0.998016231402
2.349,1.908958976,2.605151856,3.229696668,-56.6344634797,1.28012141273,7.43905347493,-0.0626545558069,0.00569081880563,-0.998019048525
2.35,1.8933579,2.604376368,3.219872731,-56.7725696833,1.28375655022,7.45458543735,-0.062641343011,0.00541861265699,-0.998021392948
2.351,1.877973632,2.603113061,3.209825942,-56.9183130127,1.28969037508,7.469947429,-0.0626196273916,0.00515017879034,-0.998024177024
2.352,1.862128139,2.602072513,3.199734766,-57.0635858444,1.29469739505,7.48576247164,-0.0626017977517,0.00487370121329,-0.998026683989
2.353,1.84677073,2.601338096,3.190222879,-57.1991767703,1.29445368044,7.5010961239,-0.062589288479,0.00460574559265,-0.998028741107
2.354,1.831583476,2.601081927,3.18124586,-57.3227813912,1.28857441012,7.51626835916,-0.062585101865,0.00434076929358,-0.9980301913
2.355,1.816418115,2.60150541,3.172885937,-57.4305471915,1.27847831997,7.53142709355,-0.0625927504133,0.00407618875324,-0.99803082732
2.356,1.801437668,2.601925711,3.164679301,-57.5158364531,1.2652911261,7.54641064834,-0.0626003367695,0.00381483383095,-0.998031384717
2.357,1.786111379,2.602625589,3.156557273,-57.5803698975,1.25001577395,7.56174375646,-0.0626127976412,0.00354745131321,-0.99803158926
2.358,1.771321672,2.603975255,3.149328118,-57.6343831534,1.23388746674,7.57656562648,-0.0626365622528,0.00328944527036,-0.998030981793
2.359,1.756156134,2.606297479,3.142748942,-57.6888106275,1.21794438825,7.59174565334,-0.0626772707162,0.00302490339026,-0.998029262945
2.36,1.741347745,2.607556543,3.135545103,-57.7490041846,1.20225026684,7.60657250016,-0.0626994540516,0.00276656859954,-0.998028619109
2.361,1.72651045,2.609691801,3.129110038,-57.823291117,1.18739292165,7.62141814049,-0.0627368955128,0.00250775003499,-0.998026950103
2.362,1.711520097,2.611877615,3.122692063,-57.9100795969,1.17370315069,7.63645745137,-0.062775218123,0.00224626118347,-0.99802516316
2.363,1.696722802,2.613922803,3.11632166,-57.9905226142,1.16059469451,7.65129641687,-0.0628110870459,0.00198813856168,-0.998023453957
2.364,1.68257652,2.615656103,3.110099773,-58.057448199,1.1470001165,7.66551212996,-0.0628415100483,0.00174136647813,-0.998021999887
2.365,1.667951755,2.617082729,3.103415065,-58.1281932583,1.13124506848,7.68019872781,-0.0628665985312,0.001486240275,-0.998020832387
2.366,1.653960127,2.618828488,3.097393541,-58.2157424106,1.11269227585,7.69427063695,-0.0628972332973,0.00124216785389,-0.998019235818
2.367,1.639912329,2.620619949,3.091433545,-58.315901595,1.09057111094,7.70839790281,-0.0629286623489,0.000997115756018,-0.998017529513
2.368,1.626289725,2.621828664,3.085255875,-58.4175432647,1.06283820144,7.72212348249,-0.0629499329135,0.000759469464222,-0.998016397236
2.369,1.613004395,2.62249345,3.078839891,-58.5193268847,1.02972505087,7.73552275527,-0.0629617246106,0.000527695535339,-0.998015802867
2.37,1.599478236,2.622861557,3.072089415,-58.6298659375,0.993510150692,7.74912783477,-0.0629683498661,0.000291712571306,-0.998015481753
2.371,1.58651235,2.623129427,3.065587941,-58.759840815,0.953619054196,7.76221182434,-0.0629732199561,6.55021791899e-05,-0.998015214953
2.372,1.573628373,2.623614778,3.059356266,-58.9180491328,0.907482384655,7.77520152512,-0.0629818747303,-0.000159273121416,-0.998014658253
2.373,1.561095957,2.623782735,3.053073276,-59.0985450056,0.854615532996,7.78783737447,-0.0629849939015,-0.000377922377677,-0.99801440256
2.374,1.548662105,2.623438882,3.046438229,-59.2934897443,0.79596957044,7.80038146602,-0.06297919677,-0.000594864495391,-0.998014662673
2.375,1.536383523,2.623345504,3.040134202,-59.505968368,0.733236345527,7.81275240725,-0.0629777575644,-0.000809091187467,-0.998014602811
2.376,1.524932222,2.622882968,3.033963307,-59.741388147,0.669423538724,7.82430879284,-0.0629698748878,-0.00100889308795,-0.998014918221
2.377,1.513562016,2.622409646,3.02785441,-60.0023099345,0.607597322618,7.83581933343,-0.0629618030364,-0.00120727966908,-0.998015207216
2.378,1.502450613,2.622155509,3.022094862,-60.2848141497,0.546634185597,7.84704174018,-0.0629575422742,-0.00140114714978,-0.998015222658
2.379,1.491748706,2.622240728,3.016862714,-60.5751814516,0.482358128706,7.85787455949,-0.0629591853472,-0.00158786145915,-0.998014839407
2.38,1.4811851,2.621169719,3.010720844,-60.8632621508,0.413270800757,7.86855614711,-0.0629406872913,-0.001772189029,-0.998015695883
2.381,1.471240068,2.621100319,3.005780135,-61.1448272723,0.340272502061,7.87862188502,-0.0629396239636,-0.00194570257078,-0.998015439749
2.382,1.46158271,2.620891862,3.000882898,-61.4092936322,0.262834264198,7.88844254576,-0.0629361328672,-0.00211419910965,-0.998015317188
2.383,1.452167823,2.620603958,2.996056824,-61.6493841965,0.180609192773,7.89799600943,-0.0629312544004,-0.0022784672884,-0.998015263313
2.384,1.443190029,2.621026137,2.992085472,-61.864605455,0.0949816305131,7.90711912388,-0.0629387359896,-0.00243509303598,-0.998014421656
2.385,1.434485075,2.621380087,2.988206986,-62.046292836,0.00711522071355,7.91598877228,-0.0629450243242,-0.00258695917148,-0.99801364297
2.386,1.426261121,2.621353767,2.984244688,-62.1818593443,-0.0820343441276,7.92436539224,-0.0629446821102,-0.00273044331518,-0.998013282313
2.387,1.41831457,2.621340757,2.980443521,-62.272647551,-0.170696506676,7.93244872037,-0.0629445672487,-0.00286908610388,-0.998012900617
2.388,1.410270332,2.621712148,2.976950956,-62.3303051905,-0.258490370163,7.94064256228,-0.0629511481509,-0.00300942510311,-0.998012072225
2.389,1.403121736,2.621963124,2.973792399,-62.3647429936,-0.346949344636,7.947938795,-0.0629556188163,-0.00313414071937,-0.998011406358
2.39,1.396170018,2.622228508,2.970752946,-62.3823264141,-0.435833892049,7.95503089952,-0.0629603372211,-0.00325541971447,-0.998010720473
2.391,1.389855754,2.62297066,2.968446411,-62.3815081177,-0.522602619831,7.96150143372,-0.062973349616,-0.00336556650511,-0.998009534123
2.392,1.383602096,2.623660404,2.966133624,-62.3571854653,-0.605728433208,7.9678870715,-0.0629854488923,-0.00347465737174,-0.99800839675
2.393,1.377688869,2.624133825,2.963799074,-62.307734746,-0.68568013532,7.97394112739,-0.0629937751322,-0.00357781371645,-0.998007506757
2.394,1.372290779,2.625235724,2.962270175,-62.2343282334,-0.765168475761,7.9794823338,-0.0630130403103,-0.00367196693123,-0.998005948584
2.395,1.367216132,2.626003214,2.960603457,-62.1410637437,-0.846867155095,7.98468113289,-0.0630264756219,-0.00376048566647,-0.998004770589
2.396,1.362408859,2.626722426,2.959024941,-62.0375319546,-0.931317186713,7.98963309449,-0.0630390679153,-0.00384434049264,-0.998003655786
2.397,1.357837089,2.627352612,2.957482597,-61.9352281489,-1.01666091531,7.99432069489,-0.0630501044255,-0.0039240874875,-0.998002648228
2.398,1.353554979,2.62816479,2.956241066,-61.8448343729,-1.10013025511,7.99873067115,-0.0630643073548,-0.00399877803827,-0.998001454364
2.399,1.349547904,2.628510211,2.954715802,-61.7742564508,-1.18138622237,8.00288291274,-0.0630703772869,-0.00406868004329,-0.998000788252
2.4,1.345820854,2.629105316,2.953545079,-61.7214253919,-1.26209379982,8.00674311736,-0.0630807922118,-0.00413369060807,-0.997999862854
2.401,1.342342009,2.629458926,2.952276463,-61.6789923992,-1.3433623302,8.01035873444,-0.0630869966474,-0.00419437704186,-0.997999217462
2.402,1.339376646,2.629529604,2.950992331,-61.6451198024,-1.42702173544,8.01347774187,-0.0630882667622,-0.00424611171325,-0.997998918402
2.403,1.336643221,2.6299156,2.950096806,-61.6216370578,-1.51335926486,8.01635557142,-0.0630950262938,-0.00429379178747,-0.997998287077
2.404,1.334177013,2.630323101,2.949343642,-61.6144945893,-1.60057001643,8.01897154372,-0.0631021564259,-0.00433680974426,-0.997997650266
2.405,1.331898216,2.63004614,2.94806641,-61.63048189,-1.68732751473,8.02140146011,-0.0630973624412,-0.00437657478942,-0.99799777978
2.406,1.329862094,2.630102337,2.947197226,-61.6664076504,-1.77324176312,8.02358421138,-0.0630983678588,-0.00441209720541,-0.997997559803
2.407,1.328290877,2.629819648,2.946236249,-61.7135486303,-1.85997848893,8.02532117668,-0.0630934646877,-0.00443951629708,-0.997997748198
2.408,1.32680159,2.630098502,2.945814079,-61.7672052721,-1.94959769199,8.02697604656,-0.0630983417693,-0.00446549281196,-0.997997323964
2.409,1.32582937,2.6304486,2.945688944,-61.821570976,-2.04068533194,8.02809600012,-0.0631044513898,-0.00448244621177,-0.997996861664
2.41,1.325010814,2.629823529,2.944762376,-61.8756004417,-2.13218008496,8.02908086605,-0.0630935758602,-0.00449674266019,-0.997997484962
2.411,1.324540533,2.630336643,2.94500908,-61.9308990476,-2.22521507752,8.0297110681,-0.0631025180482,-0.00450493545414,-0.997996882647
2.412,1.32421687,2.630493017,2.945003197,-61.9764991362,-2.3191499866,8.03018602155,-0.0631052458194,-0.00451057891721,-0.997996684678
2.413,1.32429039,2.630630414,2.945158979,-62.0078524273,-2.41211100728,8.03025429492,-0.0631076381741,-0.00450929275381,-0.997996539214
2.414,1.324646709,2.631140764,2.945775046,-62.0339598346,-2.50208348851,8.03001280819,-0.0631165218163,-0.00450306401086,-0.997996005547
2.415,1.325070654,2.631390726,2.946188961,-62.0587068648,-2.58692360966,8.02971006748,-0.0631208701725,-0.00449566142375,-0.997995763907
2.416,1.325563478,2.631844677,2.946816068,-62.0807533985,-2.66661187369,8.02931764858,-0.0631287702023,-0.00448705208154,-0.997995302963
2.417,1.326421151,2.632172422,2.947494653,-62.1006314621,-2.7412328211,8.02856183566,-0.0631344664477,-0.00447208000727,-0.997995009831
2.418,1.327253521,2.63234842,2.948026477,-62.1205235509,-2.80958604152,8.0277896204,-0.0631375208392,-0.0044575537154,-0.997994881589
2.419,1.328092521,2.632583828,2.948614481,-62.1423791282,-2.87171912278,8.02700698774,-0.0631416103912,-0.00444291024846,-0.997994688155
2.42,1.328880939,2.633779116,2.950036777,-62.1611479075,-2.92919340436,8.02624745971,-0.0631624175301,-0.00442912535431,-0.997993432774
2.421,1.329893849,2.633508211,2.95025137,-62.1752098041,-2.98373807009,8.02524414263,-0.0631576855419,-0.0044114606536,-0.997993810488
2.422,1.330573451,2.634186919,2.951163573,-62.1934082557,-3.03441529159,8.02456654166,-0.0631694976902,-0.00439958670607,-0.997993115306
2.423,1.331469597,2.634765909,2.952084464,-62.2134704409,-3.08013181484,8.0236748062,-0.0631795701701,-0.00438393823091,-0.997992546565
2.424,1.332299339,2.634919178,2.95259557,-62.2302534773,-3.12116933591,8.02284080511,-0.0631822291195,-0.00436945790523,-0.997992441735
2.425,1.332997603,2.635443441,2.95337853,-62.2578680973,-3.15962025797,8.02214963304,-0.0631913502536,-0.00435726246025,-0.997991917561
2.426,1.333821667,2.636127927,2.954361299,-62.3057179232,-3.19715341373,8.02133054486,-0.0632032609472,-0.00434286873013,-0.997991226062
2.427,1.334743941,2.635968474,2.954635542,-62.3606144318,-3.23313083751,8.02040552031,-0.0632004716425,-0.00432678217234,-0.997991472579
2.428,1.335409322,2.636127863,2.955078369,-62.4111158459,-3.26586519246,8.01975216177,-0.0632032386539,-0.00431516965682,-0.997991347625
2.429,1.336122821,2.636223607,2.955486271,-62.4532971237,-3.29504059554,8.01905710628,-0.0632048973288,-0.00430271883978,-0.997991296337
2.43,1.336864429,2.636603768,2.956160674,-62.4731018452,-3.32247474482,8.01831775782,-0.0632115080727,-0.00428977124725,-0.997990933381
2.431,1.337646425,2.636319994,2.956261333,-62.4598254114,-3.3485000168,8.01753618359,-0.0632065548676,-0.00427613412143,-0.997991305623
2.432,1.338443335,2.636557223,2.956833534,-62.4286328351,-3.37244179702,8.01676158817,-0.0632106761234,-0.00426222531474,-0.997991104098
2.433,1.339082859,2.636520725,2.957090536,-62.4021925922,-3.39466670869,8.01613500478,-0.0632100326305,-0.00425106812635,-0.997991192443
2.434,1.339816214,2.636073192,2.957023734,-62.3922726123,-3.41467021276,8.01541259046,-0.0632022285061,-0.00423828480177,-0.997991741075
2.435,1.340529024,2.636207818,2.957466775,-62.4008085224,-3.43167954934,8.01472110464,-0.0632045635396,-0.00422584466732,-0.997991645949
2.436,1.34121897,2.635472386,2.957124114,-62.42457516,-3.44576392339,8.01403133338,-0.0631917450223,-0.00421382539982,-0.997992508507
2.437,1.341788293,2.63580316,2.957677149,-62.4596583182,-3.45897801033,8.01348846438,-0.0631974992048,-0.00420388468051,-0.997992186066
2.438,1.34241604,2.635691952,2.957862892,-62.4970173141,-3.47363984419,8.01287109549,-0.0631955536534,-0.00419293472098,-0.99799235533
2.439,1.343272386,2.635473306,2.958056837,-62.5341827019,-3.490328819,8.01204393202,-0.0631917342909,-0.00417799990712,-0.99799265981
2.44,1.343942347,2.635825888,2.958675235,-62.5717730732,-3.50823455587,8.01139138142,-0.0631978660237,-0.0041663029609,-0.997992320436
2.441,1.344761027,2.635606326,2.958851623,-62.6066543607,-3.52511989243,8.01058595307,-0.0631940309519,-0.00415202504726,-0.997992622788
2.442,1.345606834,2.635501725,2.959142966,-62.6391819054,-3.53787130271,8.0097372916,-0.0631921980052,-0.00413727011221,-0.997992800128
2.443,1.346327246,2.635929709,2.959851768,-62.670387933,-3.54524178229,8.00904887183,-0.063199642672,-0.00412469157897,-0.997992380775
2.444,1.347105043,2.635956831,2.96022979,-62.6966804968,-3.54888253703,8.00828241352,-0.0632001045484,-0.00411112019118,-0.997992407524
2.445,1.348025454,2.636133576,2.960806116,-62.7155784447,-3.55024180803,8.00736307587,-0.0632031703864,-0.00409505760937,-0.997992279407
2.446,1.348747873,2.63660158,2.961551742,-62.7263096122,-3.5492690184,8.00663605293,-0.0632113116769,-0.00408244275616,-0.997991815466
2.447,1.3495048,2.63686158,2.962127985,-62.7268240131,-3.54593352203,8.00588519176,-0.0632158298358,-0.00406923048847,-0.997991583242
2.448,1.350306735,2.637246962,2.962836448,-62.7195009418,-3.54039421695,8.00507595705,-0.0632225315979,-0.00405522965837,-0.997991215698
2.449,1.351201863,2.637462158,2.963436031,-62.7102839874,-3.53244170316,8.00416790166,-0.063226266961,-0.0040396079769,-0.997991042411
2.45,1.352028288,2.637650423,2.963980474,-62.7038005271,-3.52277044927,8.00334213772,-0.0632295346656,-0.00402518434593,-0.997990893664
2.451,1.352804869,2.637847073,2.964509773,-62.7023619377,-3.51327901653,8.00255924003,-0.0632329499681,-0.00401163123394,-0.997990731847
2.452,1.353717559,2.637633811,2.964736641,-62.7104346981,-3.50469385023,8.00164587518,-0.0632292233094,-0.00399571251255,-0.997991031824
2.453,1.354446085,2.637538853,2.96498489,-62.737202188,-3.49714377778,8.00090246916,-0.0632275594797,-0.00398300471376,-0.997991188035
2.454,1.355111887,2.637839934,2.965556902,-62.7868253817,-3.49058263991,8.00024193179,-0.0632327937252,-0.00397138122058,-0.997990902729
2.455,1.355925025,2.637989254,2.966061358,-62.8465983166,-3.48532676704,7.9994278766,-0.0632353835863,-0.00395719071302,-0.997990795
2.456,1.356508141,2.637626431,2.966005315,-62.9053771751,-3.48222383027,7.99885264882,-0.0632290569535,-0.00394702647097,-0.997991236103
2.457,1.357240209,2.637841372,2.966531323,-62.9631952399,-3.48266598992,7.99812322029,-0.0632327908476,-0.00393424887694,-0.997991049984
2.458,1.357775415,2.637946412,2.966869621,-63.0139350686,-3.48627686597,7.99760640734,-0.0632346128959,-0.00392490860767,-0.997990971314
2.459,1.358479629,2.637880385,2.967133268,-63.0456945115,-3.49143116307,7.99691767321,-0.0632334532849,-0.00391262368059,-0.997991093027
2.46,1.359260647,2.637833772,2.967449497,-63.0597035345,-3.49684042533,7.99614049199,-0.063232630456,-0.00389899871853,-0.997991198486
2.461,1.359721599,2.637731594,2.967569846,-63.0698757981,-3.50391906075,7.99572048423,-0.063230844773,-0.00389095851883,-0.997991343004
2.462,1.360360493,2.638033016,2.968130534,-63.0855791364,-3.51561983974,7.99511077022,-0.0632360859157,-0.00387980457552,-0.997991054346
2.463,1.361057234,2.637479746,2.967958255,-63.1095874244,-3.53225485034,7.99442866131,-0.0632264409526,-0.00386766183361,-0.997991712569
2.464,1.361625541,2.638196921,2.968856195,-63.138946192,-3.55179016649,7.99389979468,-0.0632389238793,-0.00385772966729,-0.997990960094
2.465,1.362314081,2.638161892,2.969140924,-63.1628772785,-3.57250020411,7.9932378899,-0.0632383045051,-0.00384571775506,-0.9979910457
2.466,1.363009055,2.637996737,2.96931313,-63.1791746681,-3.59295618868,7.99256571303,-0.0632354188928,-0.0038335970694,-0.997991275178
2.467,1.363752799,2.638011765,2.969667956,-63.1933347166,-3.61296785981,7.99185439406,-0.0632356697272,-0.00382062007552,-0.997991309049
2.468,1.364634816,2.638084559,2.970137761,-63.2071202591,-3.6329660487,7.99099999728,-0.0632369257491,-0.00380523074798,-0.997991288259
2.469,1.365549233,2.63808425,2.970557728,-63.2222924215,-3.65200775777,7.99009828153,-0.063236908504,-0.00378927687737,-0.997991350054
2.47,1.366467459,2.638405915,2.97126557,-63.2388781061,-3.66846186747,7.98920669163,-0.0632424984644,-0.00377324869176,-0.997991056564
2.471,1.367517788,2.638558643,2.971884354,-63.2542100819,-3.6823813395,7.98816252288,-0.0632451437432,-0.0037549199504,-0.99799095806
2.472,1.368461728,2.638702093,2.972446171,-63.2668276606,-3.69456202892,7.9872317036,-0.0632476296858,-0.00373844778599,-0.997990862357
2.473,1.369650249,2.63915328,2.973393993,-63.2772256186,-3.7042229188,7.98604629262,-0.0632554708496,-0.00371770069317,-0.997990442895
2.474,1.370736337,2.639419178,2.974130411,-63.2854759988,-3.7103506307,7.9849431471,-0.0632600876023,-0.00369874617004,-0.99799022069
2.475,1.371691218,2.639310312,2.974474024,-63.2937406538,-3.71265904744,7.98398921701,-0.06325817829,-0.0036820888564,-0.997990403311
2.476,1.37283713,2.639788194,2.975426607,-63.3042146051,-3.71187534661,7.98283021878,-0.0632664856213,-0.00366208466076,-0.997989950317
2.477,1.373954055,2.63966735,2.975834919,-63.3186308542,-3.710084727,7.98171228531,-0.063264366102,-0.00364260090892,-0.997990155984
2.478,1.374875311,2.639776965,2.976357597,-63.3393796356,-3.70872961177,7.98078391906,-0.063266262469,-0.00362652554677,-0.997990094312
2.479,1.376141829,2.639962627,2.97710749,-63.3630851253,-3.70732089329,7.97950631614,-0.0632694792876,-0.00360442389324,-0.99798997045
2.48,1.377054776,2.640740761,2.978219539,-63.3810922428,-3.70497893251,7.97859052667,-0.0632830189624,-0.00358847691309,-0.997989169452
2.481,1.37818245,2.64071019,2.978714014,-63.3904104122,-3.70366503128,7.97746223574,-0.063282470897,-0.00356880376122,-0.99798927475
2.482,1.37933194,2.640832649,2.979354574,-63.3977455028,-3.7034785019,7.9762967456,-0.063284588095,-0.0035487455779,-0.997989212023
2.483,1.380261787,2.640899092,2.979844059,-63.4087046872,-3.70249300972,7.97537587168,-0.0632857329166,-0.0035325218162,-0.997989196985
2.484,1.381309367,2.641475311,2.980840047,-63.4233130008,-3.70025361391,7.97434087632,-0.0632957534926,-0.00351423012402,-0.997988626076
2.485,1.382456814,2.641386253,2.981293039,-63.4403072536,-3.69704091276,7.97318727076,-0.0632941865751,-0.00349421305807,-0.997988795739
2.486,1.383340394,2.641442413,2.981752616,-63.4653043289,-3.69472541118,7.97232414615,-0.0632951533971,-0.00347879613986,-0.997988788281
2.487,1.384389824,2.641372226,2.982177463,-63.503405786,-3.69520941476,7.97128092983,-0.0632939163594,-0.00346048912316,-0.997988930383
2.488,1.385317159,2.641441566,2.982669472,-63.5491319981,-3.69801486541,7.97035548774,-0.0632951111021,-0.00344430787175,-0.997988910587
2.489,1.38632596,2.641889531,2.98353481,-63.5934868216,-3.70184230613,7.96936600267,-0.0633028989174,-0.00342669700982,-0.997988477256
2.49,1.387210968,2.641847332,2.983908778,-63.6323276069,-3.70699206067,7.96850239807,-0.063302151803,-0.00341125735134,-0.99798857754
2.491,1.388117864,2.642181751,2.984626545,-63.6667676001,-3.71444388664,7.967620122,-0.06330796379,-0.00339542686502,-0.997988262855
2.492,1.389017852,2.642317309,2.985165214,-63.696925877,-3.72382260513,7.96673591515,-0.0633103122712,-0.00337972161528,-0.997988167185
2.493,1.389979826,2.642296907,2.985594892,-63.7250787622,-3.73350296028,7.96580309355,-0.0633099433892,-0.00336293869727,-0.997988247281
2.494,1.390898687,2.642565222,2.986260221,-63.7510842,-3.74225907201,7.96491049527,-0.0633146036908,-0.00334690072751,-0.997988005547
2.495,1.391727132,2.642829193,2.986879735,-63.7694715121,-3.74857584269,7.96410087445,-0.0633191896334,-0.0033324409589,-0.997987762982
2.496,1.392692543,2.642568381,2.987098955,-63.7852870376,-3.74970175146,7.96314438207,-0.0633146340875,-0.00331560365182,-0.997988108087
2.497,1.393697423,2.642699861,2.987683896,-63.8085327946,-3.74448438259,7.96216193665,-0.0633169099896,-0.00329806858148,-0.997988021798
2.498,1.394610999,2.643110909,2.98847371,-63.8326965827,-3.73431009937,7.96125830933,-0.0633240561499,-0.00328212016939,-0.997987620965
2.499,1.39557936,2.643101918,2.988917781,-63.8381004491,-3.72141904373,7.96029098289,-0.0633238867001,-0.00326522555083,-0.997987687136
2.5,1.396687614,2.643298946,2.989609608,-63.8164968627,-3.7060491804,7.95918327237,-0.0633273028738,-0.00324588449145,-0.997987533462
2.501,1.397706834,2.643562035,2.990318483,-63.7720236745,-3.68787106566,7.95816492282,-0.0633318708765,-0.00322809675554,-0.997987301283
2.502,1.398618502,2.64397282,2.991107819,-63.7174156328,-3.66625870076,7.95724099439,-0.0633390119653,-0.00321218104723,-0.997986899441
2.503,1.399643942,2.644109206,2.991707983,-63.6701104678,-3.64071897143,7.95619667374,-0.0633413735057,-0.00319428681862,-0.997986806994
2.504,1.400635089,2.644121788,2.99218293,-63.642850784,-3.61285165939,7.95519857788,-0.0633415784383,-0.00317699419635,-0.997986849186
2.505,1.401501277,2.644431866,2.992862464,-63.6363922165,-3.58632617742,7.95431778173,-0.0633469668705,-0.00316187437166,-0.997986555189
2.506,1.402546239,2.644636122,2.99353239,-63.643803318,-3.56122516388,7.95324785584,-0.0633505102283,-0.00314363845349,-0.997986387879
2.507,1.403446424,2.644792137,2.994092068,-63.6595826062,-3.53521157018,7.95233967559,-0.0633532150591,-0.00312792934063,-0.997986265537
2.508,1.40421028,2.645300055,2.994898811,-63.6800156793,-3.50991344543,7.95156381949,-0.0633620501665,-0.00311459036082,-0.997985746354
2.509,1.40501568,2.645261098,2.995242116,-63.7031667988,-3.48765221377,7.95074020533,-0.0633613607302,-0.00310053979094,-0.997985833877
2.51,1.40563133,2.64524152,2.995513668,-63.7326121924,-3.46907626451,7.95012433507,-0.0633610103854,-0.00308979876001,-0.997985889433
2.511,1.406391568,2.645587708,2.996176157,-63.7725548959,-3.45418250494,7.94936728674,-0.0633670289584,-0.00307652643317,-0.997985548305
2.512,1.406828235,2.645551921,2.996349554,-63.8239524186,-3.44214338983,7.94893690054,-0.0633664002883,-0.00306890860897,-0.997985611677
2.513,1.407378241,2.645786787,2.996815182,-63.885418328,-3.43277447375,7.94840303432,-0.0633704829674,-0.00305930750648,-0.99798538192
2.514,1.407830067,2.645557437,2.996824929,-63.9528359681,-3.42706801363,7.94797504167,-0.06336648213,-0.00305143009694,-0.997985660076
2.515,1.408553162,2.645825481,2.997401289,-64.0222000392,-3.42552264828,7.94726989577,-0.0633711403383,-0.00303880836464,-0.997985402807
2.516,1.409084794,2.645607518,2.997458773,-64.0899671563,-3.42801982986,7.94676948263,-0.0633673372039,-0.00302953789954,-0.99798567248
2.517,1.409411901,2.645937925,2.99790417,-64.1531630273,-3.4334243745,7.94647431495,-0.0633730866976,-0.00302382344798,-0.997985324729
2.518,1.409975816,2.645542698,2.997820537,-64.2122664364,-3.43969893439,7.94594930622,-0.0633661955235,-0.00301399397254,-0.997985792036
2.519,1.410621231,2.645851531,2.998396668,-64.2725578633,-3.44566529584,7.94533670913,-0.0633715648821,-0.00300272613482,-0.997985485065
2.52,1.411121576,2.645936103,2.998706715,-64.3292496887,-3.45112700796,7.94486886313,-0.0633730306893,-0.00299399455908,-0.997985418219
2.521,1.411804515,2.645459194,2.998607399,-64.3775510571,-3.45606632804,7.94421770741,-0.0633647156698,-0.00298209138202,-0.997985981835
2.522,1.412358674,2.645355548,2.998776917,-64.4256855771,-3.46116479907,7.94369264817,-0.0633629022706,-0.00297242503456,-0.997986125808
2.523,1.413206382,2.645740317,2.999515645,-64.4775554773,-3.46531130839,7.9428668166,-0.0633695912585,-0.00295762620772,-0.997985745064
2.524,1.413890827,2.645522096,2.999645718,-64.5304940163,-3.46537122405,7.94220646501,-0.0633657818865,-0.00294568969385,-0.997986022246
2.525,1.414625678,2.645559297,3.000024967,-64.5859162004,-3.45892565934,7.94147413434,-0.0633664185621,-0.00293286829872,-0.997986019583
2.526,1.415282435,2.645584659,3.000357072,-64.6400704801,-3.44682402356,7.94082303605,-0.0633668517009,-0.00292140921093,-0.997986025691
2.527,1.415883123,2.64585947,3.000882762,-64.6819520545,-3.43167045909,7.9402140672,-0.0633716291031,-0.00291092210828,-0.997985752983
2.528,1.416763221,2.645686053,3.001145234,-64.7103904703,-3.41465031762,7.93932323308,-0.0633685970201,-0.00289557210997,-0.997985990169
2.529,1.417532242,2.645819749,3.001626193,-64.7339965381,-3.39488161206,7.93854184815,-0.0633709139166,-0.00288215163708,-0.9979858819
2.53,1.418243646,2.646112746,3.002220462,-64.755793673,-3.37236645333,7.93781249633,-0.0633760067296,-0.00286973255162,-0.997985594288
2.531,1.418834039,2.646297715,3.002662423,-64.7782718282,-3.34928779605,7.93720500448,-0.0633792206963,-0.00285942791848,-0.997985419761
2.532,1.419557574,2.64629342,3.003000595,-64.8054669396,-3.32678455468,7.93647055221,-0.0633791352108,-0.00284680479445,-0.997985461278
2.533,1.420302157,2.646708115,3.00371804,-64.8363065974,-3.30527042302,7.93571136495,-0.063386347162,-0.00283380361947,-0.997985040244
2.534,1.420701308,2.647304004,3.004431843,-64.8634493714,-3.28717700793,7.93529552651,-0.0633967199755,-0.00282682587672,-0.997984401157
2.535,1.421195832,2.647362488,3.004717247,-64.8781435193,-3.27350053557,7.93478587798,-0.0633977313616,-0.00281819660159,-0.997984361313
2.536,1.421620518,2.647447326,3.004992886,-64.8768870769,-3.2635546,7.93435292398,-0.063399202733,-0.00281078517763,-0.997984288744
2.537,1.421989527,2.647603679,3.005305218,-64.8621306798,-3.25610014378,7.93397766873,-0.0634019206873,-0.002804343,-0.997984134199
2.538,1.422281715,2.647954862,3.005752856,-64.8360406454,-3.24948269411,7.93368380245,-0.0634080334134,-0.00279923745072,-0.997983760173
2.539,1.422588499,2.648030227,3.005964424,-64.8105489015,-3.2432075734,7.93338839998,-0.0634093409203,-0.00279388258998,-0.997983692103
2.54,1.423064508,2.648265329,3.006396821,-64.7993147932,-3.23833691623,7.93291710851,-0.063413428679,-0.00278557292491,-0.997983455598
2.541,1.423519591,2.648350444,3.006687231,-64.8051132781,-3.23714746085,7.93249809447,-0.0634149044629,-0.0027776310055,-0.997983383959
2.542,1.423881315,2.648558264,3.007041549,-64.827020376,-3.24042050685,7.93215572643,-0.0634185190186,-0.00277131431324,-0.997983171833
2.543,1.424244521,2.648725836,3.007361137,-64.8573409068,-3.24693487889,7.93181729558,-0.0634214327666,-0.00276497367362,-0.997983004257
2.544,1.424646198,2.64861297,3.007451987,-64.8891376942,-3.25570816893,7.93146052683,-0.0634194610317,-0.00275796853559,-0.997983148942
2.545,1.424992458,2.648697635,3.007690587,-64.9258913573,-3.26633140632,7.93113643773,-0.0634209304775,-0.00275192505635,-0.997983072244
2.546,1.425370053,2.648909157,3.008055769,-64.9678026685,-3.277969869,7.9308013921,-0.0634246091124,-0.00274533297266,-0.997982856619
2.547,1.425786825,2.648363066,3.007772432,-65.015299092,-3.29004390072,7.93041118901,-0.0634150920915,-0.00273807455877,-0.997983481348
2.548,1.426263733,2.64852194,3.008138412,-65.073541296,-3.30136586233,7.92996903662,-0.063417852525,-0.00272975051305,-0.99798332874
2.549,1.426641911,2.648633106,3.008415608,-65.1367468449,-3.31002808287,7.92961208999,-0.0634197838322,-0.00272314901704,-0.997983224046
2.55,1.426985945,2.648333635,3.008315131,-65.1982889111,-3.31523562318,7.92929459221,-0.0634145630152,-0.00271715437843,-0.997983572144
2.551,1.42778241,2.648835178,3.009134495,-65.2571394292,-3.31711426709,7.92851249336,-0.063423286905,-0.00270324686218,-0.997983055535
2.552,1.42823996,2.648839777,3.00935567,-65.3082780763,-3.31480707326,7.92805237687,-0.0634233605536,-0.00269526312527,-0.997983072448
2.553,1.428965326,2.648636337,3.00952095,-65.3542507977,-3.30758975786,7.92733227811,-0.0634198067536,-0.00268261351953,-0.997983332374
2.554,1.429362359,2.648749315,3.009808912,-65.3982387645,-3.29588263104,7.92692179778,-0.0634217689531,-0.00267568311302,-0.997983226283
2.555,1.430145553,2.648532721,3.009990344,-65.4348907852,-3.27972348472,7.92613039678,-0.0634179849272,-0.00266202438385,-0.997983503277
2.556,1.43066082,2.649124106,3.010755538,-65.466281211,-3.26017732508,7.92559879211,-0.0634282779687,-0.00265302019232,-0.997982873118
2.557,1.43098414,2.649080977,3.010871241,-65.4939417289,-3.23825237744,7.92525247115,-0.0634275216808,-0.00264738014543,-0.997982936163
2.558,1.431718596,2.649196506,3.011322013,-65.5167214983,-3.21424456614,7.9244959732,-0.0634295231625,-0.00263456358407,-0.997982842872
2.559,1.432156326,2.649448925,3.011752205,-65.5392571678,-3.18912132959,7.92405142245,-0.0634339136761,-0.00262692096226,-0.997982583957
2.56,1.43253086,2.649935522,3.012358368,-65.5643257752,-3.16413809543,7.92367327342,-0.063442382724,-0.00262037465785,-0.99798206282
2.561,1.432922934,2.649919098,3.012530392,-65.5892486895,-3.13972228485,7.92325869916,-0.0634420908744,-0.00261353427564,-0.99798209931
2.562,1.433294231,2.650274569,3.013019689,-65.6100531772,-3.11725287994,7.92288081847,-0.0634482772698,-0.00260704785838,-0.997981722985
2.563,1.433544009,2.650756464,3.013562387,-65.6182013778,-3.09847538881,7.92260693416,-0.0634566660929,-0.00260267833137,-0.997981201022
2.564,1.433708212,2.650918635,3.013783145,-65.6062526334,-3.08283934128,7.92243394476,-0.0634594880086,-0.00259980975506,-0.997981029064
2.565,1.433978982,2.650974032,3.013960689,-65.575429751,-3.06927704995,7.92215285844,-0.0634604491051,-0.00259508515943,-0.997980980246
2.566,1.434026404,2.651153312,3.014140941,-65.5374093367,-3.05949666004,7.92212350029,-0.0634635706465,-0.00259425333262,-0.997980783908
2.567,1.434296136,2.650931566,3.014074248,-65.5123923233,-3.05543786861,7.92186699682,-0.0634597048833,-0.00258955200888,-0.997981041942
2.568,1.434468107,2.651251273,3.014437272,-65.5129718014,-3.05789125548,7.92171486665,-0.0634652701215,-0.00258654467307,-0.997980695843
2.569,1.434649123,2.651508758,3.014749873,-65.5350487602,-3.06520795451,7.92155106386,-0.063469752003,-0.00258337983795,-0.997980419011
2.57,1.434984514,2.651576786,3.014969321,-65.5686638355,-3.07406612141,7.92124290071,-0.0634709321682,-0.00257752661076,-0.997980359088
2.571,1.435170128,2.651303767,3.014817567,-65.6090495115,-3.08213516827,7.92108598899,-0.0634661748308,-0.00257429531701,-0.997980669981
2.572,1.435350694,2.651214741,3.014825238,-65.6582263843,-3.08869216662,7.92093327117,-0.0634646217286,-0.00257114703536,-0.997980776865
2.573,1.435510801,2.651328364,3.015001386,-65.7158158682,-3.09474942496,7.92080369857,-0.0634665977188,-0.00256835071296,-0.997980658404
2.574,1.435891846,2.650935592,3.014837459,-65.7812273571,-3.10164549553,7.92045023798,-0.0634597519745,-0.00256171174807,-0.997981110799
2.575,1.436303034,2.650905959,3.015007265,-65.8553486198,-3.10918856118,7.92006609725,-0.0634592298963,-0.00255453886934,-0.997981162383
2.576,1.436497502,2.650950975,3.015139491,-65.9320827723,-3.11730122811,7.91989886549,-0.0634600112874,-0.00255114456394,-0.997981121379
2.577,1.436849435,2.650837493,3.015207408,-65.9994797032,-3.12542673465,7.91955737297,-0.0634580302801,-0.00254500789536,-0.997981263014
2.578,1.437246885,2.650910571,3.01546107,-66.0474069827,-3.12988085723,7.91916782671,-0.0634592969896,-0.00253807121635,-0.997981200134
2.579,1.437677904,2.650693628,3.015475827,-66.0773820559,-3.12757680468,7.91873948406,-0.0634555124375,-0.00253055674549,-0.99798145986
2.58,1.438133353,2.650845088,3.015826126,-66.1016880095,-3.11853438123,7.91828800619,-0.0634581438612,-0.00252260676999,-0.997981312667
2.581,1.438608903,2.651119802,3.016294379,-66.1256849206,-3.10469219121,7.9178121712,-0.0634629213818,-0.0025143041911,-0.997981029822
2.582,1.438858852,2.651176534,3.016463461,-66.148573561,-3.08708629416,7.91754085377,-0.0634639063272,-0.00250994139291,-0.997980978169
2.583,1.439312916,2.651248211,3.016743069,-66.1722077417,-3.06609011989,7.91706715083,-0.0634651478197,-0.00250201774291,-0.997980919116
2.584,1.439656487,2.651730901,3.0173312,-66.1949151253,-3.04286718974,7.91670832345,-0.0634735498926,-0.00249601253585,-0.9979803998
2.585,1.440098129,2.651901285,3.017691675,-66.211431527,-3.01902981061,7.91624457004,-0.0634765107562,-0.00248830243134,-0.997980230733
2.586,1.440434657,2.65203464,3.017969472,-66.2224325887,-2.99626301927,7.91587653649,-0.0634788287994,-0.00248242810779,-0.99798009792
2.587,1.440789489,2.652427149,3.018483748,-66.2317345984,-2.97543430887,7.91550536724,-0.0634856588579,-0.00247622779636,-0.997979678859
2.588,1.44099598,2.652170523,3.018356821,-66.2427708028,-2.95709205719,7.91528859929,-0.0634811864898,-0.00247263204803,-0.99797997227
2.589,1.441258406,2.652239055,3.01854233,-66.2608846093,-2.94093431165,7.91500016593,-0.0634823769866,-0.00246805107752,-0.997979907882
2.59,1.441386108,2.652338356,3.018690555,-66.2885448677,-2.92613561294,7.91485992144,-0.063484104088,-0.00246582093134,-0.997979803531
2.591,1.441412947,2.652422263,3.018777094,-66.3239474396,-2.91313447614,7.91483265533,-0.0634855654502,-0.00246535128312,-0.997979711729
2.592,1.441496869,2.652570391,3.018947317,-66.3654888723,-2.90238958869,7.91473477539,-0.0634881436244,-0.00246388343589,-0.997979551342
2.593,1.441652115,2.652552304,3.019005556,-66.4099553309,-2.89401735645,7.91458490508,-0.0634878261675,-0.00246117498018,-0.997979578221
2.594,1.441850031,2.652527769,3.019078514,-66.4542626041,-2.88888503521,7.91440205572,-0.0634873965392,-0.00245772244508,-0.997979614061
2.595,1.441926981,2.652636849,3.019211101,-66.4922531684,-2.88872240966,7.91434556645,-0.063489294779,-0.00245637710148,-0.997979496613
2.596,1.441988459,2.652820305,3.019401643,-66.5110259493,-2.89509036106,7.91429099264,-0.0634924894469,-0.00245530030703,-0.99797929602
2.597,1.442161443,2.652688611,3.019368558,-66.51098624,-2.90678002626,7.9141475174,-0.0634901928401,-0.00245228526887,-0.997979449543
2.598,1.44227157,2.65269454,3.01942637,-66.5123420129,-2.92357952891,7.91407555358,-0.0634902944515,-0.00245036409966,-0.997979447798
2.599,1.442404748,2.652525923,3.019341854,-66.5287627978,-2.9459546853,7.91396515996,-0.0634873557908,-0.00244804425459,-0.997979640441
2.6,1.4426265,2.65253206,3.019453187,-66.5589249689,-2.97163737748,7.91377443049,-0.0634874604219,-0.00244417599541,-0.997979643266
2.601,1.442788853,2.652662875,3.019645675,-66.5984415044,-2.99845146813,7.91365353038,-0.0634897359942,-0.00244133976611,-0.997979505443
2.602,1.443032629,2.652439445,3.019565892,-66.6470264068,-3.02502565909,7.91343827717,-0.0634858408338,-0.00243709256327,-0.997979763619
2.603,1.443441056,2.652469732,3.019787701,-66.7049446056,-3.04865374567,7.91304385247,-0.0634863630818,-0.00242996591718,-0.997979747775
2.604,1.443716284,2.652461001,3.0199116,-66.7599033022,-3.06608817242,7.91279512517,-0.0634862064426,-0.00242516392849,-0.99797976942
2.605,1.444003775,2.652427056,3.020019237,-66.7975162661,-3.07644116011,7.91251807491,-0.0634856116667,-0.0024201489829,-0.99797981943
2.606,1.444267205,2.652219249,3.019962699,-66.822967012,-3.08002699335,7.91224834322,-0.0634819885299,-0.00241555790242,-0.997980061029
2.607,1.444615716,2.652623362,3.020484277,-66.8431552001,-3.07680739721,7.91189806801,-0.0634890210037,-0.00240946817788,-0.997979628387
2.608,1.444977643,2.65280464,3.020816586,-66.8490647398,-3.06663236663,7.91151351067,-0.0634921729094,-0.00240314950997,-0.997979443101
2.609,1.445433895,2.652933328,3.021147859,-66.8365411225,-3.05089205433,7.91104741913,-0.0634944078359,-0.00239518599245,-0.997979320055
2.61,1.445776109,2.652849444,3.021237946,-66.8197033572,-3.0325874357,7.91067213692,-0.0634929417676,-0.00238921743473,-0.997979427637
2.611,1.446192802,2.653236581,3.021777288,-66.8112903184,-3.01401538582,7.91023364026,-0.0634996785881,-0.00238193861244,-0.997979016406
2.612,1.446571012,2.6534401,3.022137002,-66.8062399115,-2.99464400519,7.90982643772,-0.0635032180196,-0.00237533509911,-0.997978806931
2.613,1.446930571,2.653756902,3.022587264,-66.7988024307,-2.97381276594,7.90943216459,-0.063508729755,-0.00236905427113,-0.997978471124
2.614,1.447149935,2.65421247,3.023092253,-66.7898047687,-2.95109497334,7.90918396437,-0.0635166608786,-0.00236521599974,-0.99797797548
2.615,1.447354046,2.654433633,3.023384138,-66.7756482891,-2.92779602645,7.90894861117,-0.0635205095096,-0.00236164993227,-0.997977738971
2.616,1.447360837,2.654560474,3.023498752,-66.7615553064,-2.90687814123,7.90893846813,-0.0635227190135,-0.00236152762089,-0.997977598625
2.617,1.447505358,2.654615232,3.023616012,-66.7604907422,-2.89048412672,7.90876221921,-0.0635236703102,-0.00235900568424,-0.997977544037
2.618,1.447546847,2.654819995,3.023815649,-66.7793988565,-2.87828352067,7.90871189978,-0.0635272360325,-0.00235827639555,-0.997977318788
2.619,1.44756915,2.65469655,3.023717946,-66.8140275807,-2.86910962104,7.90868033725,-0.0635250857793,-0.00235789078421,-0.997977456573
2.62,1.44766276,2.654586907,3.023666502,-66.8556482004,-2.86267398177,7.90858890608,-0.0635231749433,-0.00235626035338,-0.997977582054
2.621,1.447794242,2.654547646,3.023694986,-66.9048393498,-2.86088934279,7.90847734249,-0.063522489405,-0.00235396705628,-0.997977631101
2.622,1.44786848,2.654829705,3.023978158,-66.958781758,-2.86503575469,7.90842309159,-0.0635274005395,-0.00235266509184,-0.99797732156
2.623,1.448003329,2.654967477,3.024163676,-67.0065310127,-2.87416605414,7.90832100028,-0.063529797544,-0.00235030892903,-0.997977174525
2.624,1.448318878,2.654789167,3.024158246,-67.0459332661,-2.88737056608,7.90802186296,-0.0635266880381,-0.00234480748328,-0.997977385407
2.625,1.448337521,2.654568951,3.023973857,-67.082013954,-2.90399792343,7.90804852331,-0.0635228524313,-0.00234448762667,-0.997977630309
2.626,1.44855202,2.654361385,3.023894396,-67.1261054349,-2.92229277013,7.90786374102,-0.0635192342435,-0.00234075013498,-0.997977869379
2.627,1.448658834,2.654074932,3.023694125,-67.1824026077,-2.93981412227,7.9077701,-0.0635142444062,-0.00233889339039,-0.997978191312
2.628,1.448893064,2.653839086,3.023599346,-67.2426164462,-2.9543526368,7.9075718038,-0.0635101328087,-0.00233481258277,-0.997978462534
2.629,1.449031731,2.654146824,3.023935898,-67.2984939613,-2.96573807176,7.90747262866,-0.0635154905639,-0.0023323860553,-0.997978127232
2.63,1.449360397,2.653722357,3.023720871,-67.3441019721,-2.97499615005,7.90716566924,-0.0635080927542,-0.00232666165122,-0.997978611394
2.631,1.449593248,2.653918315,3.024004466,-67.3824158364,-2.98150505803,7.90695002698,-0.0635115022362,-0.00232259515715,-0.997978403892
2.632,1.44984712,2.654392356,3.024542189,-67.4180612611,-2.98324803018,7.90671348113,-0.0635197546011,-0.00231815397617,-0.997977889002
2.633,1.450160138,2.654008598,3.024355479,-67.4557390084,-2.97981849964,7.90640038233,-0.0635130670529,-0.00231270260927,-0.99797832728
2.634,1.450333422,2.654098881,3.024517797,-67.495907342,-2.97220971835,7.90621662744,-0.0635146370947,-0.0023096773508,-0.997978234364
2.635,1.450629379,2.654148988,3.024703695,-67.5306356726,-2.96103151206,7.90591043416,-0.0635155050083,-0.0023045120328,-0.997978191068
2.636,1.450833369,2.653892066,3.024576097,-67.5614884076,-2.94663116505,7.90568247389,-0.0635110275316,-0.00230095976297,-0.99797848422
2.637,1.450988937,2.654347809,3.025050609,-67.5921136976,-2.92850241346,7.90549711464,-0.0635189629415,-0.00229823429287,-0.997977985462
2.638,1.4511776,2.654298258,3.02509763,-67.6205508287,-2.90648550605,7.9052848735,-0.0635180969774,-0.0022949440587,-0.997978048149
2.639,1.451493806,2.654947853,3.025819289,-67.6458686793,-2.88163706617,7.90494073993,-0.0635294055428,-0.00228941127487,-0.997977341039
2.64,1.451685203,2.654712506,3.025704615,-67.6671777292,-2.85565705723,7.90471563277,-0.0635253039569,-0.00228607777495,-0.997977609772
2.641,1.451716497,2.655175274,3.026125662,-67.6811814949,-2.83053691109,7.90465603474,-0.0635333634045,-0.0022855214437,-0.997977097997
2.642,1.451842681,2.655172841,3.026184063,-67.6803309495,-2.80813247714,7.90451406319,-0.0635333192352,-0.0022833196825,-0.997977105849
2.643,1.451859363,2.655623647,3.02658761,-67.6640579613,-2.78996249979,7.90447293334,-0.0635411699689,-0.00228301756691,-0.997976606715
2.644,1.451888742,2.655469678,3.026466608,-67.6460704912,-2.77650343427,7.90443011231,-0.0635384885994,-0.00228250867693,-0.997976778598
2.645,1.451747601,2.655977781,3.026844739,-67.6413947964,-2.76826746334,7.90457322808,-0.0635473395808,-0.00228495873527,-0.997976209434
2.646,1.45188247,2.656038214,3.026962454,-67.6527178711,-2.76484097444,7.90444197353,-0.0635483900384,-0.00228260500499,-0.99797614793
2.647,1.451879236,2.65601017,3.026936296,-67.678769573,-2.76546591047,7.90445160301,-0.063547902042,-0.00228266175901,-0.997976178875
2.648,1.451996883,2.656142153,3.027108536,-67.716060318,-2.76949126119,7.90436255264,-0.0635501987012,-0.00228060619378,-0.997976037328
2.649,1.451973925,2.656331981,3.02726409,-67.7571477309,-2.77635824352,7.90440323061,-0.0635535043937,-0.00228100250586,-0.997975825913
2.65,1.452136544,2.656525053,3.027511503,-67.8005419539,-2.78576591569,7.90426484322,-0.0635568649319,-0.00227816000175,-0.997975618393
2.651,1.452252718,2.655855778,3.026979991,-67.8525062871,-2.79756942118,7.90417483634,-0.063545207041,-0.00227614942005,-0.997976365354
2.652,1.452365287,2.656315623,3.027437467,-67.9190648549,-2.81081616955,7.9040919129,-0.0635532140977,-0.00227417480441,-0.997975859982
2.653,1.452607776,2.655792665,3.027094982,-67.9979731869,-2.82400770183,7.90387272412,-0.0635441028182,-0.00226995608302,-0.99797644977
2.654,1.45267121,2.655918744,3.027236036,-68.0851010091,-2.83733356753,7.90384401147,-0.0635462973498,-0.00226884700842,-0.997976312558
2.655,1.45282815,2.655673546,3.027096235,-68.1752793306,-2.85173834855,7.90370957802,-0.0635420247894,-0.00226611451238,-0.997976590813
2.656,1.453058714,2.655994302,3.027488293,-68.2568422095,-2.86674275311,7.90350374651,-0.0635476084756,-0.00226208449459,-0.997976244422
2.657,1.45337279,2.65586005,3.027521275,-68.3128107071,-2.88044124955,7.90321463185,-0.0635452651331,-0.00225660753709,-0.997976406035
2.658,1.453416639,2.655669898,3.02737552,-68.3440763586,-2.89204661647,7.90318372499,-0.0635419528827,-0.00225584748867,-0.997976618652
2.659,1.453658061,2.655869506,3.027666526,-68.3702721196,-2.90132901804,7.90295641405,-0.0635454260386,-0.00225162989715,-0.997976407032
2.66,1.453891691,2.655989488,3.027883949,-68.3948743288,-2.90766263376,7.90272821652,-0.0635475119016,-0.00224755084822,-0.997976283409
2.661,1.454098976,2.656187124,3.028156843,-68.4085390245,-2.90940944226,7.90250765951,-0.0635509509589,-0.00224393059344,-0.997976072563
2.662,1.454392893,2.656159185,3.028273486,-68.41439618,-2.90472806321,7.90220169587,-0.0635504606442,-0.00223880290027,-0.997976115302
2.663,1.454562126,2.656429291,3.028591679,-68.4175511819,-2.8928503433,7.90200711284,-0.0635551616586,-0.00223584402215,-0.997975822567
2.664,1.454832281,2.656950942,3.029178977,-68.4153851697,-2.87493735091,7.90172418667,-0.0635642429048,-0.0022311176516,-0.997975254772
2.665,1.455017903,2.657301322,3.029575451,-68.4026758797,-2.85365590463,7.901514373,-0.0635703429856,-0.00222787097925,-0.997974873473
2.666,1.455349294,2.657652776,3.030042879,-68.3861868765,-2.83002691137,7.90114741155,-0.0635764589999,-0.00222208141854,-0.997974496776
2.667,1.455323867,2.658038883,3.030369328,-68.3691573761,-2.80488965776,7.90115752899,-0.0635831834456,-0.00222251597117,-0.997974067401
2.668,1.455325334,2.65839421,3.030681707,-68.3411537053,-2.78039366399,7.90112290007,-0.0635893717085,-0.00222248167219,-0.99797367319
2.669,1.45554486,2.658129124,3.030554616,-68.3060214154,-2.75842849639,7.90087171867,-0.0635847524317,-0.00221865766678,-0.997973976022
2.67,1.455552829,2.658208692,3.030628233,-68.2810724501,-2.7399708441,7.90084350739,-0.0635861373824,-0.00221851720878,-0.997973888092
2.671,1.455545599,2.658054065,3.030489136,-68.2750371646,-2.72733875116,7.90084155564,-0.0635834447654,-0.00221864700739,-0.997974059361
2.672,1.455480934,2.658459767,3.03081393,-68.2890237379,-2.72263940021,7.90091482645,-0.0635905110425,-0.00221976518065,-0.997973606639
2.673,1.455511375,2.658882509,3.031199359,-68.3141282771,-2.72472323496,7.90089316687,-0.0635978739092,-0.00221922413555,-0.997973138656
2.674,1.455566617,2.658517216,3.03090547,-68.3423476749,-2.72999961852,7.90084358084,-0.0635915111742,-0.00221826921994,-0.997973546237
2.675,1.455746317,2.658597626,3.031062301,-68.3771852981,-2.73491857548,7.9006652114,-0.0635929087609,-0.00221513218174,-0.997973464149
2.676,1.455783518,2.658518342,3.031010628,-68.4247933154,-2.73968286863,7.90066133085,-0.0635915273917,-0.002214484658,-0.997973553608
2.677,1.455879636,2.658342207,3.030902309,-68.4879186212,-2.74547605514,7.90057945351,-0.0635884582544,-0.0022128118136,-0.997973752882
2.678,1.455998269,2.658473305,3.031074277,-68.563860004,-2.75156909482,7.90048801477,-0.063590739586,-0.00221073869626,-0.997973612113
2.679,1.456180617,2.657973641,3.030723654,-68.6482196475,-2.75893113583,7.90033313985,-0.0635820352579,-0.00220756925003,-0.997974173729
2.68,1.456304008,2.657787408,3.030619618,-68.7379070642,-2.77047951403,7.90024463204,-0.063578789998,-0.00220542072244,-0.997974385233
2.681,1.45644489,2.657532238,3.030463547,-68.8271885859,-2.78660925832,7.90012983476,-0.0635743439646,-0.00220296912109,-0.997974673885
2.682,1.456676409,2.657253046,3.03033,-68.9127162641,-2.80431454482,7.89992000616,-0.0635694776573,-0.00219893698967,-0.997974992766
2.683,1.456815167,2.657487307,3.030602121,-68.9915691713,-2.82185377006,7.89980566944,-0.0635735559381,-0.00219650980499,-0.997974738323
2.684,1.456868622,2.657057317,3.030250777,-69.0584432634,-2.83790653552,7.89975458317,-0.0635660662664,-0.00219558791584,-0.997975217434
2.685,1.457013186,2.657053833,3.030317227,-69.1106029192,-2.84958228521,7.89961556897,-0.0635660038994,-0.00219306608388,-0.997975226952
2.686,1.457081582,2.657014281,3.030315433,-69.1475460511,-2.85621525307,7.89956152681,-0.0635653133513,-0.00219187307363,-0.997975273557
2.687,1.457258624,2.657313488,3.03066291,-69.169792302,-2.85975321834,7.89937689722,-0.0635705225583,-0.00218877782086,-0.99797494854
2.688,1.457441012,2.657133358,3.030592679,-69.186020243,-2.85950356536,7.89918972828,-0.0635673824628,-0.00218559969468,-0.997975155523
2.689,1.45771667,2.657221907,3.030802889,-69.201334781,-2.85264551753,7.89889321119,-0.0635689200704,-0.0021807880185,-0.997975068108
2.69,1.457865698,2.657454972,3.031078904,-69.2133576543,-2.83883062496,7.89873863149,-0.0635729772996,-0.00217818282261,-0.997974815352
2.691,1.458103559,2.657621714,3.0313395,-69.2235601345,-2.81995874701,7.89848001834,-0.0635758777927,-0.00217402834392,-0.99797463964
2.692,1.458331897,2.658404403,3.032135533,-69.2272320002,-2.79773421774,7.89823193309,-0.0635895053937,-0.00217002604917,-0.997973780112
2.693,1.458630424,2.658309687,3.032196086,-69.2177615934,-2.77324388511,7.89791965496,-0.0635878515089,-0.00216482015807,-0.9979738968
2.694,1.458887663,2.658712541,3.032673011,-69.1984124098,-2.74776279342,7.89763348485,-0.0635948637766,-0.00216032211928,-0.997973459722
2.695,1.458817157,2.658873711,3.032780393,-69.1713597997,-2.7239434693,7.897684474,-0.0635976718944,-0.00216154875468,-0.997973278118
2.696,1.458873041,2.658935457,3.032861407,-69.1448454805,-2.70492336068,7.8976087628,-0.0635987468934,-0.00216057241243,-0.997973211725
2.697,1.458782174,2.659489886,3.03330379,-69.1307391548,-2.69193860617,7.89768095534,-0.0636084043806,-0.00216214485106,-0.997972592821
2.698,1.458708051,2.659561415,3.033330859,-69.1302720124,-2.68517518993,7.8977551089,-0.0636096509014,-0.00216343620035,-0.997972510571
2.699,1.458748352,2.659820219,3.033577155,-69.1398827049,-2.68598177239,7.89770766551,-0.0636141573492,-0.0021627269128,-0.997972224863
2.7,1.458848044,2.660134185,3.033900377,-69.1574564523,-2.69243062636,7.89760570876,-0.0636196238485,-0.00216097963536,-0.997971880179
2.701,1.458789612,2.659772025,3.033554739,-69.185883899,-2.70014116569,7.89766492845,-0.0636133172723,-0.0021620082944,-0.997972279969
2.702,1.458913779,2.659794196,3.03363389,-69.2300264783,-2.70664475177,7.89755845126,-0.0636137019588,-0.0021598415778,-0.997972260139
2.703,1.459078766,2.659961725,3.033860119,-69.2859614609,-2.71178672735,7.89741103695,-0.0636166173703,-0.00215695821533,-0.997972080534
2.704,1.459146773,2.659802687,3.033753392,-69.3457075616,-2.71730872786,7.89736854225,-0.0636138461785,-0.00215577606877,-0.997972259737
2.705,1.459304087,2.659838397,3.033860366,-69.4032439067,-2.72472160692,7.89723617348,-0.0636144662029,-0.0021530302568,-0.997972226142
2.706,1.45940154,2.659527277,3.033634486,-69.4546356518,-2.73362304469,7.89716162083,-0.0636090460043,-0.00215133721262,-0.997972575282
2.707,1.459486807,2.65947603,3.03363058,-69.5009323173,-2.74347683678,7.89710189223,-0.0636081527197,-0.00214985126033,-0.99797263542
2.708,1.459730267,2.65912818,3.033442785,-69.5422201251,-2.75404572892,7.89689206514,-0.0636020902816,-0.00214561214301,-0.997973030928
2.709,1.459806989,2.659036858,3.033399653,-69.5844090141,-2.76416963947,7.8968193946,-0.0636004991298,-0.00214427562599,-0.997973135206
2.71,1.460035645,2.659026878,3.033500952,-69.6349421832,-2.7729785756,7.89661931685,-0.06360032211,-0.00214028644434,-0.99797315505
2.711,1.460133405,2.658950168,3.033480765,-69.6932156702,-2.78051384669,7.89653442493,-0.0635989843483,-0.00213858302664,-0.997973243956
2.712,1.460267348,2.658963969,3.033557337,-69.7535460391,-2.78572752098,7.89639551704,-0.0635992226078,-0.00213624559457,-0.997973233779
2.713,1.460444512,2.659342918,3.033974774,-69.8096683169,-2.78723376093,7.89622138185,-0.0636058197544,-0.00213314527617,-0.997972819963
2.714,1.460563106,2.659199013,3.03390573,-69.8608545294,-2.78450408075,7.89608559294,-0.0636033124387,-0.00213108014986,-0.997972984176
2.715,1.460726059,2.659364488,3.034129215,-69.9104520022,-2.77824706294,7.89593144086,-0.0636061916812,-0.00212823318005,-0.997972806745
2.716,1.460862448,2.659408716,3.034233645,-69.949966297,-2.76988633933,7.8957718272,-0.0636069598272,-0.00212585239117,-0.997972762861
2.717,1.461024451,2.659603543,3.034482402,-69.9698562493,-2.75948054594,7.89559658016,-0.0636103510601,-0.00212302113768,-0.997972552738
2.718,1.461180304,2.65982096,3.034748,-69.9765562772,-2.74653265822,7.89541731761,-0.0636141348115,-0.00212029720522,-0.997972317348
2.719,1.461333884,2.660033201,3.035007966,-69.978188034,-2.73055827686,7.89524957839,-0.063617829344,-0.00211761244218,-0.997972087539
2.72,1.461533174,2.660114823,3.035175463,-69.9692055301,-2.71127596372,7.89503713707,-0.0636192472332,-0.00211413347637,-0.997972004528
2.721,1.461626173,2.660384347,3.035456463,-69.9469009335,-2.69044668444,7.89492541769,-0.0636239401834,-0.00211250453723,-0.997971708797
2.722,1.461641172,2.660649933,3.035696457,-69.9193235979,-2.67109834619,7.89489518068,-0.063628565845,-0.00211223692109,-0.997971414452
2.723,1.461640334,2.661007469,3.036009422,-69.8945999795,-2.65564674913,7.89489641886,-0.0636347921349,-0.00211224273423,-0.997971017445
2.724,1.461473588,2.661015507,3.035936194,-69.880455746,-2.64481220027,7.89504472712,-0.0636349349839,-0.00211515156118,-0.997971002176
2.725,1.461428039,2.66144975,3.036294894,-69.8819940687,-2.63785419003,7.89508210301,-0.0636424977032,-0.00211593586113,-0.997970518253
2.726,1.461435153,2.661653237,3.036476685,-69.8896821083,-2.63431586975,7.89508706814,-0.0636460419989,-0.00211580704024,-0.997970292493
2.727,1.461445703,2.661207248,3.036090835,-69.8942349212,-2.63493964135,7.89507069145,-0.0636382742849,-0.00211563383102,-0.99797078822
2.728,1.461466655,2.661543966,3.036396065,-69.9025442078,-2.64009077729,7.89506937461,-0.0636441382305,-0.00211525998401,-0.997970415065
2.729,1.461642546,2.6612446,3.036218331,-69.9238539994,-2.64969199888,7.89490393555,-0.0636389224422,-0.00211219822045,-0.997970754165
2.73,1.461895403,2.661354154,3.036436085,-69.9593949774,-2.66239435304,7.89467353192,-0.0636408259882,-0.00210778426441,-0.99797064211
2.731,1.462002825,2.66093308,3.036118758,-70.0084832533,-2.67657080407,7.89458753433,-0.0636334918832,-0.00210591971608,-0.997971113717
2.732,1.462174733,2.660936027,3.036204125,-70.0722707845,-2.69215762975,7.89443627965,-0.0636335404207,-0.00210292079246,-0.997971116946
2.733,1.462241956,2.660768249,3.03608946,-70.1463753114,-2.70836560257,7.8943863455,-0.0636306175739,-0.00210175219637,-0.997971305772
2.734,1.462283887,2.660516842,3.035889332,-70.2249235941,-2.72415815892,7.89436719986,-0.0636262378991,-0.00210102624478,-0.997971586539
2.735,1.462505885,2.660277722,3.035786722,-70.3040695997,-2.73742772565,7.89416644111,-0.0636220708641,-0.00209715872148,-0.997971860337
2.736,1.462610219,2.660214021,3.035781166,-70.3807265895,-2.74671141337,7.89408199337,-0.0636209592314,-0.00209533973502,-0.997971935025
2.737,1.462647546,2.660446679,3.036003027,-70.4480046295,-2.7519639514,7.89406315436,-0.0636250104775,-0.00209468280375,-0.997971678128
2.738,1.462751305,2.66043188,3.036040047,-70.4901229213,-2.75459029256,7.89397795575,-0.0636247513515,-0.0020928732077,-0.997971698445
2.739,1.462988515,2.660161022,3.035917005,-70.4990841212,-2.75546728876,7.89372308038,-0.0636200313332,-0.0020887413523,-0.997972008011
2.74,1.463150948,2.660246842,3.036070479,-70.4784838391,-2.75344771186,7.89356201229,-0.0636215229155,-0.00208590522089,-0.997971918854
2.741,1.463293486,2.660521278,3.036379636,-70.4351765427,-2.74732070515,7.89342104656,-0.0636263002947,-0.00208341208361,-0.997971619489
2.742,1.46333337,2.660842268,3.036680116,-70.3831418473,-2.73756908761,7.89336312521,-0.063631890933,-0.0020827084572,-0.997971264507
2.743,1.463486443,2.660707368,3.036635682,-70.3412915986,-2.72534139381,7.89319309203,-0.0636295391579,-0.00208004083352,-0.99797142002
2.744,1.463683868,2.660983078,3.036972408,-70.326082477,-2.71200014781,7.89298906573,-0.0636343375053,-0.00207659032979,-0.997971121257
2.745,1.463890295,2.661130306,3.037200899,-70.3408022313,-2.69844611131,7.89275698719,-0.0636368991278,-0.00207298458842,-0.997970965411
2.746,1.463974882,2.661400891,3.03747875,-70.3724357396,-2.68468439044,7.89266440703,-0.0636416100719,-0.00207150269576,-0.997970668078
2.747,1.46400351,2.661572855,3.037643221,-70.4063031732,-2.67128841066,7.89262230201,-0.0636446048269,-0.002070999463,-0.997970478139
2.748,1.464142625,2.661781398,3.037892993,-70.4355494994,-2.65844495186,7.89245664221,-0.063648234724,-0.00206856747655,-0.997970251683
2.749,1.46421283,2.661693307,3.037849646,-70.464194169,-2.64526354224,7.89237323012,-0.0636466987704,-0.00206734401461,-0.997970352177
2.75,1.464080818,2.661956587,3.038016707,-70.5010497573,-2.63181981141,7.89250044932,-0.0636512867757,-0.00206964130158,-0.9979700548
2.751,1.464048419,2.661713749,3.037788317,-70.551713219,-2.61949703095,7.89251888883,-0.0636470577375,-0.00207021275724,-0.997970323337
2.752,1.46408109,2.661985047,3.038041776,-70.6189372959,-2.60875820195,7.89248874382,-0.063651781774,-0.00206963587419,-0.997970023239
2.753,1.46416917,2.66182129,3.03794074,-70.693226167,-2.60048725067,7.89240157423,-0.0636489286814,-0.00206810306196,-0.997970208387
2.754,1.464278496,2.662134643,3.038267988,-70.7599032751,-2.59699559769,7.89230486279,-0.0636543845278,-0.00206618789386,-0.997969864374
2.755,1.464280641,2.662060056,3.03820367,-70.8175494637,-2.59898132023,7.89231483457,-0.0636530851313,-0.0020661523838,-0.997969947327
2.756,1.464390039,2.662132679,3.038320027,-70.8727997606,-2.60572722996,7.89223105063,-0.0636543484018,-0.00206424267724,-0.997969870703
2.757,1.464435109,2.662004716,3.038229632,-70.9288437638,-2.61646690736,7.89219997692,-0.0636521190651,-0.00206345895066,-0.997970014517
2.758,1.464490207,2.662341777,3.038551515,-70.9841101042,-2.63016991411,7.89216821059,-0.0636579885405,-0.00206248913754,-0.99796964214
2.759,1.464436505,2.662058685,3.038277591,-71.035295757,-2.64690689498,7.89223267295,-0.0636530598025,-0.00206343304859,-0.997969954569
2.76,1.464549963,2.662079585,3.03835059,-71.0792713059,-2.66809922032,7.89214430769,-0.0636534218912,-0.00206145307536,-0.997969935566
2.761,1.464736941,2.662187118,3.038534936,-71.1174158031,-2.6928144525,7.8919631266,-0.0636552917915,-0.00205818837487,-0.997969823035
2.762,1.464902991,2.662076496,3.038518067,-71.1568402522,-2.71690184786,7.89181708987,-0.0636533622557,-0.00205529450084,-0.997969952072
2.763,1.465083513,2.662339172,3.038835232,-71.2001386402,-2.73789462266,7.89165540216,-0.0636579347774,-0.00205213864279,-0.997969666907
2.764,1.465133154,2.662615782,3.039101506,-71.2381988569,-2.75582686991,7.89161525944,-0.0636627511612,-0.00205126595738,-0.997969361465
2.765,1.465315007,2.662498784,3.039086679,-71.2647830471,-2.769028336,7.89143838039,-0.063660711307,-0.00204809621928,-0.9979694981
2.766,1.465485696,2.662722654,3.039365108,-71.2874565833,-2.77432258249,7.89126762128,-0.0636646072194,-0.00204511201379,-0.997969255691
2.767,1.465524805,2.66276003,3.039416709,-71.3115343472,-2.76942767925,7.89123421865,-0.0636652574332,-0.00204442902546,-0.99796921561
2.768,1.465795569,2.662663927,3.039463084,-71.3327068073,-2.75541481453,7.89094491526,-0.0636635804369,-0.00203970740442,-0.997969332254
2.769,1.465953613,2.662526715,3.039419106,-71.3481263676,-2.73647625819,7.89076941339,-0.063661188355,-0.00203695373718,-0.997969490474
2.77,1.466194071,2.66292601,3.039884864,-71.3568151036,-2.71745747102,7.89052573675,-0.0636681385273,-0.00203274845895,-0.997969055668
2.771,1.466471503,2.662943988,3.040034433,-71.3555345264,-2.69946455292,7.89022350726,-0.063668448013,-0.00202790766076,-0.997969045772
2.772,1.466710113,2.663368751,3.04052161,-71.3491895372,-2.68070295573,7.88998082635,-0.0636758424352,-0.00202373484665,-0.997968582465
2.773,1.466968494,2.663681489,3.040920196,-71.3475260085,-2.66065785827,7.88969662532,-0.0636812848364,-0.0020192195537,-0.997968244341
2.774,1.466944055,2.663757788,3.040975241,-71.3553101582,-2.64108342404,7.88970443665,-0.0636826142436,-0.00201964394947,-0.997968158651
2.775,1.466993416,2.664394369,3.04155668,-71.3708396451,-2.62428609508,7.88964054779,-0.0636936993107,-0.00201876728023,-0.997967453
2.776,1.467131083,2.663939793,3.04122489,-71.3903069772,-2.61150409634,7.88949002183,-0.0636857810588,-0.00201637646332,-0.997967963172
2.777,1.467050935,2.664268523,3.041474184,-71.4144248422,-2.60291724029,7.88955981028,-0.0636915077488,-0.00201776729567,-0.997967594893
2.778,1.467131608,2.664051011,3.041322565,-71.4448215888,-2.59862822604,7.88947138023,-0.063687717696,-0.00201636447596,-0.997967839607
2.779,1.467082325,2.664043679,3.041292369,-71.4807963459,-2.59860468395,7.88952668476,-0.0636875906386,-0.00201722496177,-0.997967845976
2.78,1.467134523,2.664255975,3.041503511,-71.5148620607,-2.60228532641,7.88948008397,-0.0636912870951,-0.00201630882789,-0.997967611923
2.781,1.467301764,2.664465896,3.041768068,-71.5423600702,-2.60914379852,7.88931297001,-0.0636949408135,-0.00201338630393,-0.997967384633
2.782,1.467323711,2.664309051,3.041641266,-71.5673230965,-2.61803742605,7.88931664802,-0.0636922087294,-0.0020130068616,-0.997967559769
2.783,1.467435126,2.66403322,3.04145341,-71.5985483185,-2.62908452324,7.889223418,-0.0636874038776,-0.00201106951656,-0.997967870318
2.784,1.467534157,2.664084055,3.041545718,-71.6395742181,-2.64183143222,7.88915349041,-0.063688288005,-0.00200934134518,-0.997967817376
2.785,1.467654436,2.66410769,3.041624455,-71.6865214126,-2.6548666648,7.8890452382,-0.0636886974332,-0.0020072421324,-0.997967795472
2.786,1.467791668,2.663831362,3.041448652,-71.7384393139,-2.66760735949,7.88893022779,-0.0636838825958,-0.0020048546028,-0.997968107534
2.787,1.467773328,2.664017622,3.041602938,-71.7944271877,-2.68135119086,7.88896538474,-0.0636871273429,-0.00200516942719,-0.997967899838
2.788,1.467927711,2.66384037,3.041522198,-71.851333274,-2.69717501317,7.88883534729,-0.0636840373679,-0.0020024800242,-0.997968102425
2.789,1.467995501,2.663814277,3.041532064,-71.9075770064,-2.71214072684,7.88876793802,-0.0636835826515,-0.00200129871798,-0.997968133812
2.79,1.467993308,2.663811759,3.0415288,-71.963909758,-2.72299129441,7.88878458707,-0.063683538322,-0.00200133643899,-0.997968136565
2.791,1.468095749,2.663895061,3.0416512,-72.0216094055,-2.72912950134,7.88868454366,-0.0636849876961,-0.00199954750839,-0.997968047661
2.792,1.468182595,2.663925539,3.041719812,-72.0742665719,-2.73149568145,7.88859629765,-0.0636855175557,-0.00199803142351,-0.997968016884
2.793,1.468370023,2.664434848,3.042256331,-72.1049728554,-2.73014746576,7.88841798017,-0.0636943850204,-0.00199474912531,-0.997967457532
2.794,1.468568115,2.664226975,3.042169897,-72.102669295,-2.72288221012,7.88819093903,-0.0636907615685,-0.00199129788651,-0.997967695681
2.795,1.468714994,2.664183482,3.042202715,-72.0738643424,-2.70753347576,7.88804908239,-0.0636900015702,-0.0019887366447,-0.997967749292
2.796,1.468993474,2.664361539,3.042493096,-72.0299702277,-2.68652265447,7.88775134131,-0.0636930983377,-0.00198387356221,-0.997967561331
2.797,1.469032385,2.664881973,3.042967644,-71.9741239819,-2.6632065034,7.887702064,-0.063702161499,-0.00198318278816,-0.997966984227
2.798,1.469178182,2.665438696,3.043525582,-71.9068322399,-2.64006095894,7.88753912728,-0.0637118554122,-0.00198062545086,-0.997966370477
2.799,1.469387617,2.665303715,3.04350848,-71.8427161591,-2.62006214077,7.88732198439,-0.0637095016162,-0.00197697486567,-0.997966527983
2.8,1.469461824,2.665595608,3.043799927,-71.7985733659,-2.60531426213,7.88722738169,-0.0637145844906,-0.00197567363432,-0.99796620606
2.801,1.469515339,2.665780545,3.043987721,-71.7772456739,-2.59503692509,7.88716121827,-0.0637178039309,-0.00197473526715,-0.997966002368
2.802,1.469540815,2.666057188,3.044242293,-71.7719863638,-2.58646823662,7.88712113587,-0.0637226217193,-0.00197428397518,-0.997965695645
2.803,1.469520136,2.666081595,3.044253685,-71.7757077054,-2.57826108196,7.88713137359,-0.0637230471461,-0.00197464440638,-0.997965667767
2.804,1.469479736,2.665965978,3.044132929,-71.7935957135,-2.57200613997,7.88716895522,-0.0637210345786,-0.00197535237619,-0.997965794872
2.805,1.469539468,2.666153782,3.044326237,-71.8320607969,-2.56932197996,7.88710640206,-0.0637243040012,-0.00197430570687,-0.997965588183
2.806,1.469408642,2.665780968,3.043936584,-71.8900844393,-2.57118476277,7.88725626079,-0.0637178129192,-0.00197659714649,-0.997965998108
2.807,1.469595458,2.665888003,3.044120506,-71.9648452403,-2.57824763532,7.88706282902,-0.0637196744955,-0.00197333478501,-0.997965885706
2.808,1.469663396,2.666424024,3.044622731,-72.0491535941,-2.58907447132,7.88701142306,-0.0637290090361,-0.00197213678539,-0.997965292024
2.809,1.469840448,2.665704736,3.044078297,-72.1387186534,-2.60048699877,7.88685079828,-0.0637164790585,-0.0019690653622,-0.997966098161
2.81,1.46988897,2.665482439,3.043907065,-72.2369006811,-2.61074021878,7.8868246146,-0.0637126072469,-0.00196822390367,-0.997966347014
2.811,1.470222553,2.665683422,3.044244153,-72.334654175,-2.62096692813,7.88651717673,-0.0637161022866,-0.0019623993175,-0.997966135346
2.812,1.470127172,2.665571672,3.044100235,-72.4131923403,-2.63296909265,7.88663859375,-0.0637141579137,-0.00196406609483,-0.997966256206
2.813,1.470350168,2.665457852,3.044108273,-72.463650613,-2.64628996772,7.88643599388,-0.0637121721038,-0.00196017738711,-0.997966390632
2.814,1.470347437,2.665423183,3.044076597,-72.4886135107,-2.66000528948,7.88645654298,-0.0637115682544,-0.00196022638561,-0.997966429086
2.815,1.470371222,2.665573803,3.04421997,-72.492514237,-2.67277797213,7.88643999371,-0.0637141914061,-0.00195980745045,-0.99796626244
2.816,1.47060304,2.665252743,3.044050835,-72.484169216,-2.68330558251,7.88622700797,-0.0637085962958,-0.0019557709494,-0.997966627557
2.817,1.47068399,2.665404746,3.044223031,-72.4811961846,-2.6910253729,7.88614800509,-0.0637112425629,-0.00195435516573,-0.997966461394
2.818,1.470748712,2.665532186,3.04436588,-72.4835570805,-2.69448177913,7.88609389613,-0.0637134601739,-0.00195322242002,-0.997966322034
2.819,1.470921804,2.665433362,3.044362981,-72.4835461223,-2.69384111479,7.88591508198,-0.0637117374265,-0.00195020552343,-0.997966437919
2.82,1.471145387,2.665347985,3.044396267,-72.4887560667,-2.68973494183,7.88566982388,-0.0637102465502,-0.00194630659441,-0.997966540709
2.821,1.47125889,2.665828471,3.044871781,-72.4974577142,-2.68162794415,7.88555922651,-0.0637186132082,-0.00194431425707,-0.99796601043
2.822,1.47136584,2.665774596,3.044876292,-72.5000314983,-2.6698963485,7.88543057642,-0.0637176736935,-0.00194245039437,-0.997966074045
2.823,1.47159707,2.665516816,3.044762361,-72.5053088918,-2.65532815985,7.88518600532,-0.0637131801564,-0.00193842186033,-0.99796636877
2.824,1.471626484,2.66556093,3.044815196,-72.5249712384,-2.63955366671,7.88513706494,-0.0637139488604,-0.00193790763648,-0.997966320692
2.825,1.471790066,2.665941545,3.045227466,-72.5570035957,-2.62423668216,7.88495554422,-0.0637205749623,-0.00193504420512,-0.99796590319
2.826,1.472022621,2.665871154,3.045278248,-72.5906330316,-2.60974673064,7.88471434739,-0.0637193449882,-0.00193098878692,-0.997965989579
2.827,1.471926424,2.66633145,3.045634712,-72.6166697332,-2.59602662581,7.88480342271,-0.0637273629028,-0.00193265590457,-0.997965474382
2.828,1.472133858,2.666296473,3.045704348,-72.6344915668,-2.58347851487,7.88458448739,-0.0637267505474,-0.00192903799364,-0.997965520485
2.829,1.47216792,2.666304936,3.045728221,-72.6430458789,-2.5738286043,7.88453552376,-0.0637268978413,-0.00192844412826,-0.997965512227
2.83,1.472291694,2.666385556,3.045858626,-72.643797567,-2.56712058838,7.88440254298,-0.063728299903,-0.00192628266026,-0.997965426869
2.831,1.47213453,2.666538322,3.045916397,-72.6500757334,-2.56319826976,7.88457133576,-0.0637309634202,-0.00192902078558,-0.997965251489
2.832,1.472071824,2.667033559,3.046319658,-72.6717304752,-2.56347492814,7.88463153362,-0.0637395885175,-0.00193010329854,-0.997964698552
2.833,1.472220774,2.666993533,3.046356596,-72.707710238,-2.56904493322,7.88449296325,-0.0637388892028,-0.00192750509697,-0.997964748239
2.834,1.472349856,2.666844422,3.046288442,-72.7580021343,-2.57845470434,7.8843804924,-0.0637362911394,-0.00192525655249,-0.997964918511
2.835,1.472345881,2.666985438,3.046409972,-72.8235482134,-2.58896813381,7.88438282093,-0.0637387468318,-0.0019253223096,-0.997964761545
2.836,1.472381009,2.667025577,3.04646209,-72.8987694873,-2.59934035601,7.88436946844,-0.0637394450194,-0.00192470871722,-0.997964718136
2.837,1.472471761,2.667062562,3.04653833,-72.9758958293,-2.60822770471,7.88429772075,-0.0637400876733,-0.00192312465627,-0.997964680144
2.838,1.472574977,2.66683546,3.046389409,-73.0540506229,-2.61478638488,7.88420906674,-0.0637361313274,-0.0019213295033,-0.997964936286
2.839,1.472635012,2.666825255,3.046409496,-73.1374144263,-2.62007304041,7.8841677782,-0.063735953156,-0.00192028195209,-0.997964949681
2.84,1.472773654,2.666485221,3.046178864,-73.2260614433,-2.62552395326,7.88404744087,-0.0637300287588,-0.0019178716063,-0.997965332666
2.841,1.472798324,2.666742914,3.046416365,-73.312164314,-2.6314460889,7.88403111043,-0.0637345167209,-0.00191743485436,-0.997965046894
2.842,1.472854028,2.666700661,3.04640631,-73.3816615991,-2.63707154957,7.88397910877,-0.0637337798245,-0.00191646342279,-0.997965095821
2.843,1.472856297,2.666736541,3.046438814,-73.4287101906,-2.64197100492,7.88399595821,-0.0637344047187,-0.00191642370955,-0.997965055989
2.844,1.472916361,2.666652367,3.046394172,-73.4565936522,-2.64578498758,7.88393261321,-0.0637329380222,-0.00191537795845,-0.997965151665
2.845,1.472984985,2.667080971,3.046802532,-73.4622540171,-2.64865140163,7.88387126144,-0.0637404007682,-0.00191417019619,-0.997964677362
2.846,1.473043702,2.667195729,3.046931375,-73.441059783,-2.65156303436,7.88381317193,-0.063742398597,-0.00191314297734,-0.997964551728
2.847,1.473139312,2.667407643,3.047163101,-73.3987561708,-2.65348307226,7.88368744653,-0.0637460875319,-0.00191146999827,-0.997964319305
2.848,1.473044727,2.667807208,3.047467155,-73.347564486,-2.65259911474,7.88378536038,-0.0637530485378,-0.00191311041294,-0.997963871496
2.849,1.473216707,2.6679877,3.047708292,-73.2975531133,-2.64939220133,7.88359368218,-0.0637561894033,-0.00191010551567,-0.997963676598
2.85,1.473304541,2.668045097,3.047800996,-73.2582280809,-2.64445619122,7.88348756015,-0.0637571873163,-0.00190857177384,-0.997963615779
2.851,1.473516217,2.668687288,3.048465497,-73.2364652357,-2.63636613519,7.88327053249,-0.0637683680362,-0.00190486378523,-0.997962908495
2.852,1.473479106,2.668950965,3.048678391,-73.2327675984,-2.62410540078,7.88328577572,-0.0637729611213,-0.00190550490776,-0.997962613769
2.853,1.473622034,2.669110571,3.048887197,-73.2453670903,-2.60996804425,7.88313098892,-0.0637757381802,-0.00190300689183,-0.997962441069
2.854,1.473778107,2.66933468,3.049158826,-73.2732901978,-2.59633032989,7.88296648103,-0.0637796397441,-0.0019002791,-0.997962196926
2.855,1.473849907,2.668567949,3.048522338,-73.3178254879,-2.58376759548,7.88288359521,-0.0637662846412,-0.00189904407049,-0.99796305271
2.856,1.473793585,2.668920108,3.048803384,-73.3768540934,-2.57315574421,7.88293918612,-0.0637724192872,-0.00190001847506,-0.997962658855
2.857,1.473964476,2.668665789,3.048663374,-73.4431824632,-2.56553982268,7.88275969553,-0.0637679869848,-0.00189704296085,-0.997962947741
2.858,1.474011185,2.668756306,3.048765191,-73.5163806566,-2.56095938303,7.88271616134,-0.0637695630855,-0.00189622636902,-0.997962848582
2.859,1.473864874,2.668567868,3.048529504,-73.5977489064,-2.5591864813,7.88287051812,-0.0637662830714,-0.00189878362537,-0.997963053306
2.86,1.474002001,2.668805776,3.048804056,-73.682087637,-2.55956579712,7.88273778787,-0.0637704249359,-0.00189638544395,-0.997962793207
2.861,1.474003881,2.668908911,3.048895245,-73.7662258017,-2.56093971997,7.88274650151,-0.0637722213486,-0.00189635044072,-0.99796267848
2.862,1.474026241,2.668605552,3.048640509,-73.8474058474,-2.56353267226,7.88274130471,-0.0637669377076,-0.00189596675804,-0.997963016833
2.863,1.474132429,2.669011393,3.049047103,-73.9123506097,-2.56763927726,7.88263165312,-0.0637740042677,-0.00189410509613,-0.99796256881
2.864,1.474221367,2.669019925,3.049097571,-73.9470340124,-2.57330755861,7.88255690733,-0.0637741510968,-0.00189255312165,-0.997962562371
2.865,1.47428483,2.668192542,3.048404041,-73.9626025944,-2.5812542397,7.88250178734,-0.0637597402856,-0.00189146556298,-0.997963485242
2.866,1.474194768,2.668584637,3.048703688,-73.9772728435,-2.59118860404,7.88260176381,-0.0637665702232,-0.00189302782051,-0.997963045893
2.867,1.474345846,2.668623765,3.048810994,-73.9912879731,-2.60148068708,7.88246001264,-0.0637672500384,-0.00189039061409,-0.997963007454
2.868,1.474348643,2.668846468,3.049007279,-74.0056722088,-2.61089031019,7.88247236177,-0.0637711286815,-0.00189033609876,-0.997962759714
2.869,1.474357652,2.66881826,3.048986945,-74.0268066091,-2.61936607531,7.88247488073,-0.0637706370949,-0.00189018035207,-0.997962791422
2.87,1.474394392,2.668964451,3.049132674,-74.0567574939,-2.62699363522,7.88244978595,-0.0637731827613,-0.00188953577332,-0.997962629969
2.871,1.474375532,2.66910918,3.04925024,-74.092617966,-2.63274933904,7.88247277704,-0.0637757027743,-0.00188986163807,-0.997962468312
2.872,1.474417406,2.668982911,3.049159961,-74.1263696105,-2.63648158841,7.88242971904,-0.0637735036986,-0.00188913352184,-0.997962610222
2.873,1.474571421,2.669430092,3.049625862,-74.1504721799,-2.63778289139,7.88226581857,-0.0637812894051,-0.00188643583149,-0.997962117759
2.874,1.474580968,2.66916318,3.049396844,-74.1702193781,-2.63547582058,7.88225007132,-0.0637766406992,-0.00188627617469,-0.997962415156
2.875,1.474534074,2.669277215,3.049473985,-74.1987297523,-2.62951026319,7.88228943507,-0.0637786278146,-0.00188709098694,-0.997962286623
2.876,1.474669342,2.669479668,3.049716604,-74.2373278481,-2.62170092503,7.88215074954,-0.0637821516216,-0.00188472609983,-0.997962065883
2.877,1.474794202,2.669765339,3.050027034,-74.2793873724,-2.61360167288,7.88201537507,-0.063787124644,-0.00188254109982,-0.997961752157
2.878,1.474805937,2.669830528,3.05008977,-74.3207358733,-2.605975201,7.88200105832,-0.0637882597798,-0.00188233470147,-0.997961679991
2.879,1.474967454,2.669742158,3.05009052,-74.3634269534,-2.59859624925,7.88181975526,-0.0637867181814,-0.00187951889636,-0.997961783834
2.88,1.475027374,2.66997815,3.050326061,-74.4048477768,-2.59201830607,7.88175957073,-0.0637908270366,-0.00187846805393,-0.997961523178
2.881,1.475121363,2.670150599,3.050522457,-74.4339138289,-2.58703491764,7.88165259381,-0.0637938290545,-0.00187682388496,-0.997961334375
2.882,1.474930507,2.670066787,3.050356806,-74.453070665,-2.58403718112,7.88185153494,-0.0637923721906,-0.00188015560199,-0.997961421231
2.883,1.474966553,2.670195642,3.050487026,-74.4758938423,-2.58362248582,7.88181929929,-0.0637946156775,-0.00187952359324,-0.997961279009
2.884,1.474884731,2.67027328,3.050515425,-74.5008277651,-2.58704180543,7.8819001067,-0.0637959692214,-0.00188094955173,-0.997961189796
2.885,1.474950481,2.669895805,3.050216801,-74.5207598058,-2.59399895311,7.88183850658,-0.0637893939673,-0.00187981133788,-0.997961612251
2.886,1.474994393,2.670166842,3.050475279,-74.5408121775,-2.60190109593,7.88179438308,-0.0637941137591,-0.00187903838639,-0.997961312008
2.887,1.474976926,2.670086124,3.050396178,-74.5658312813,-2.60953463685,7.88182152335,-0.0637927081722,-0.00187934525257,-0.99796140128
2.888,1.475125797,2.669832862,3.050246487,-74.5988135355,-2.61736324645,7.88167564993,-0.0637882957057,-0.0018767540392,-0.997961688205
2.889,1.475213068,2.670072884,3.050498779,-74.6394064548,-2.62508555549,7.88159931279,-0.0637924746934,-0.00187522587125,-0.997961423954
2.89,1.475270239,2.670253339,3.050684378,-74.6821787166,-2.63145368369,7.88154763972,-0.0637956163192,-0.00187422401946,-0.99796122501
2.891,1.475166374,2.6699338,3.050354459,-74.7205196335,-2.63590509532,7.88165597315,-0.0637900527526,-0.00187604403999,-0.997961577231
2.892,1.475092036,2.669960021,3.050341461,-74.7516232672,-2.63888822758,7.8817370341,-0.0637905108591,-0.00187734066424,-0.99796154551
2.893,1.475274027,2.670197136,3.050637015,-74.7745982229,-2.64103960223,7.88156823588,-0.0637946378884,-0.00187415894021,-0.997961287679
2.894,1.475220015,2.670175278,3.050591764,-74.7878947658,-2.64336766962,7.88163181082,-0.0637942576609,-0.00187510184534,-0.997961310213
2.895,1.475348828,2.670084606,3.050574694,-74.7972152077,-2.64599696276,7.88150234163,-0.06379267627,-0.00187285710544,-0.997961415517
2.896,1.475288259,2.670008546,3.050478828,-74.8135715172,-2.64849738515,7.88156912374,-0.0637913531046,-0.00187391545399,-0.99796149811
2.897,1.475458549,2.670056089,3.050602801,-74.8441271996,-2.64999125759,7.88138893573,-0.0637921778643,-0.00187094297955,-0.997961450967
2.898,1.475477177,2.670115153,3.050663507,-74.8853123437,-2.64958252613,7.88137574761,-0.0637932071629,-0.00187061732175,-0.997961385781
2.899,1.475453511,2.670501246,3.050989998,-74.9278819641,-2.64749435875,7.88140556565,-0.0637999307295,-0.00187102126035,-0.997960955207
2.9,1.475411422,2.670400969,3.050881873,-74.9684473673,-2.64429556905,7.88143372261,-0.0637981855477,-0.0018717575542,-0.997961065395
2.901,1.475419894,2.67072264,3.051167528,-75.0081973192,-2.64125273024,7.88143423397,-0.0638037868666,-0.00187160154417,-0.997960707588
2.902,1.475473633,2.670514781,3.051011576,-75.0481308832,-2.63956713618,7.88136257465,-0.0638001665841,-0.00187066927705,-0.997960940789
2.903,1.475541507,2.670815826,3.051307902,-75.0863059547,-2.63757641185,7.88127905315,-0.0638054079929,-0.0018694780515,-0.997960607921
2.904,1.475500408,2.671260076,3.051676891,-75.1083446721,-2.63433844622,7.88132518079,-0.0638131454853,-0.00187018434293,-0.997960111865
2.905,1.47550963,2.670973115,3.051430165,-75.1059854453,-2.63050688604,7.88130791863,-0.0638081483497,-0.00187003047913,-0.997960431676
2.906,1.4756216,2.670994489,3.051503018,-75.0860574115,-2.62621673508,7.88118536416,-0.063808519065,-0.00186807597409,-0.997960411633
2.907,1.475608637,2.671446237,3.051892175,-75.052420219,-2.62156272896,7.8811955136,-0.0638163861102,-0.00186829162051,-0.997959908188
2.908,1.475624309,2.671281406,3.051755471,-75.0058644862,-2.61716038918,7.88117939673,-0.0638135154232,-0.00186802249105,-0.997960092259
2.909,1.475674337,2.671517278,3.051986126,-74.9520465203,-2.61341480823,7.88112969845,-0.0638176228153,-0.00186714337936,-0.997959831253
2.91,1.475625885,2.67146432,3.051916343,-74.9024571956,-2.61121841201,7.88117214467,-0.0638167014637,-0.00186799085159,-0.997959888585
2.911,1.475576574,2.671689653,3.052089747,-74.8708421461,-2.61235069875,7.88123292696,-0.0638206257378,-0.00186884511096,-0.997959636032
2.912,1.475558346,2.671885799,3.052252636,-74.8612305278,-2.61752356249,7.88126027741,-0.063824042673,-0.0018691590842,-0.997959416921
2.913,1.475600178,2.671708794,3.052117915,-74.873414506,-2.62588710847,7.88122641268,-0.0638209594011,-0.0018684334285,-0.997959615464
2.914,1.475703773,2.67183936,3.052282292,-74.9045149139,-2.63604742638,7.88112132205,-0.0638232313291,-0.00186662240619,-0.997959473558
2.915,1.475696252,2.671920159,3.052349385,-74.9480845413,-2.64584054737,7.88112884212,-0.063824638463,-0.0018667519417,-0.997959383323
2.916,1.475640445,2.671612115,3.052052754,-75.0045865937,-2.6544787914,7.88119479132,-0.0638192744737,-0.00186773238845,-0.997959724529
2.917,1.475799687,2.67151948,3.052048664,-75.0783541388,-2.66088656512,7.88103040432,-0.0638176589975,-0.00186495660792,-0.997959833028
2.918,1.475675749,2.671656483,3.052108661,-75.1656741142,-2.66448701165,7.88116460923,-0.0638200467641,-0.0018671159619,-0.997959676294
2.919,1.475747212,2.671619288,3.052110656,-75.258226431,-2.66563617523,7.88109741169,-0.0638193978879,-0.00186587039855,-0.997959720119
2.92,1.475824894,2.671552378,3.052089649,-75.3511481385,-2.66470215022,7.88101963045,-0.0638182320751,-0.00186451641333,-0.997959797203
2.921,1.476082288,2.671766141,3.052401224,-75.4382639023,-2.66199011985,7.88076653128,-0.0638219505324,-0.00186002029617,-0.997959567796
2.922,1.475985462,2.671501653,3.052122895,-75.5118841721,-2.65862937283,7.88086447337,-0.0638173458271,-0.00186171567597,-0.997959859106
2.923,1.476142205,2.671351207,3.052067018,-75.5772129455,-2.65602672456,7.88069841451,-0.0638147239573,-0.00185898486436,-0.997960031856
2.924,1.47606236,2.671637008,3.052278557,-75.6367722932,-2.65453748983,7.88077824095,-0.0638197025587,-0.00186037084382,-0.997959710903
2.925,1.475967363,2.671576752,3.052179876,-75.6795074954,-2.65341385946,7.8808696414,-0.0638186539084,-0.00186203052037,-0.997959774869
2.926,1.476066267,2.671836414,3.052454987,-75.6982385659,-2.65162412808,7.88077450404,-0.0638231750914,-0.00186029814617,-0.997959488963
2.927,1.476074403,2.672063476,3.052657672,-75.6904106155,-2.64849110801,7.88077022456,-0.0638271295527,-0.00186015095444,-0.997959236328
2.928,1.476190522,2.672102076,3.052747608,-75.6573033574,-2.64316459405,7.88065099487,-0.0638277992593,-0.00185812432271,-0.99795919727
2.929,1.476162795,2.672424015,3.053016003,-75.611315308,-2.63516737714,7.88067667694,-0.0638334072826,-0.0018585998823,-0.997958837689
2.93,1.476134462,2.672415059,3.052994464,-75.5700036744,-2.62638355556,7.88070157167,-0.06383325091,-0.0018590952449,-0.997958846768
2.931,1.476154274,2.672482383,3.053062975,-75.5435971349,-2.618387923,7.88067278142,-0.0638344238327,-0.00185874728483,-0.997958772391
2.932,1.476194869,2.672803978,3.053364112,-75.5353119469,-2.61150729356,7.8806238936,-0.0638400235461,-0.00185803202961,-0.997958415522
2.933,1.476157242,2.67262346,3.053187901,-75.5459579597,-2.6055149792,7.88066162289,-0.0638368802761,-0.0018586924788,-0.997958615364
2.934,1.476039842,2.67290743,3.053379725,-75.5713934474,-2.60015173368,7.88077483303,-0.0638418279207,-0.00186073411641,-0.997958295059
2.935,1.476050763,2.672852433,3.05333686,-75.6036763448,-2.59576752092,7.88076637495,-0.0638408698842,-0.00186054437917,-0.9979583567
2.936,1.476007102,2.673098874,3.053531489,-75.6420547808,-2.59285079248,7.88080253888,-0.0638451625169,-0.00186130019454,-0.997958080675
2.937,1.476066208,2.672995669,3.053469715,-75.6916380888,-2.59128505167,7.88075045107,-0.0638433642426,-0.00186027140617,-0.997958197638
2.938,1.476059027,2.672645089,3.053159351,-75.7505698232,-2.59089287002,7.8807601981,-0.0638372582872,-0.00186040504168,-0.997958587992
2.939,1.476173587,2.672418908,3.05301675,-75.8113278994,-2.59118194289,7.88065531653,-0.0638333176925,-0.00185841241173,-0.997958843768
2.94,1.476195937,2.672378927,3.05299256,-75.8751506875,-2.59184486031,7.88063728991,-0.0638326212605,-0.0018580235011,-0.997958889039
2.941,1.476247409,2.672437742,3.053068931,-75.9419283158,-2.59401126626,7.88059441194,-0.0638336447054,-0.00185712364114,-0.997958825251
2.942,1.476307096,2.672518642,3.053168605,-76.0033705602,-2.59889693518,7.88054168809,-0.0638350523592,-0.00185607998108,-0.997958737152
2.943,1.476289112,2.672860658,3.05345929,-76.0584351274,-2.60595377748,7.88056523934,-0.0638410089061,-0.00185638586066,-0.997958355551
2.944,1.476371775,2.672541674,3.053220041,-76.1079727046,-2.61304723753,7.88048160622,-0.0638354523856,-0.00185495132777,-0.997958713662
2.945,1.476298261,2.672901017,3.053499042,-76.1456893677,-2.61839747633,7.88055706057,-0.0638417123275,-0.00185622578152,-0.997958310849
2.946,1.476345568,2.672481726,3.053154894,-76.1657842374,-2.62187267163,7.88051639197,-0.0638344090108,-0.00185541037512,-0.997958779549
2.947,1.47634227,2.67276102,3.053397774,-76.1680358153,-2.62408065839,7.8805177118,-0.0638392731417,-0.00185546117292,-0.997958468308
2.948,1.476357087,2.672752438,3.053397426,-76.1579652984,-2.62597725021,7.88051689767,-0.0638391239809,-0.00185520268501,-0.997958478331
2.949,1.476353399,2.672897988,3.053523049,-76.1506522015,-2.62827563295,7.88051300262,-0.0638416581373,-0.00185526401015,-0.997958316104
2.95,1.476426032,2.672886683,3.053548272,-76.1605437518,-2.63035237566,7.88043411435,-0.0638414605238,-0.00185399699822,-0.997958331101
2.951,1.476372798,2.673021804,3.053640811,-76.1896305802,-2.63128119485,7.88048839086,-0.0638438142548,-0.00185492255004,-0.997958178805
2.952,1.476333613,2.673080214,3.053672996,-76.2343436884,-2.63131562178,7.88053359263,-0.0638448326099,-0.0018556042477,-0.997958112388
2.953,1.4763593,2.673075784,3.053681538,-76.2916999201,-2.6312737444,7.88049844352,-0.063844754778,-0.00185515595794,-0.997958118201
2.954,1.47639619,2.673329189,3.053921195,-76.3552902248,-2.63055142294,7.88046144895,-0.063849168018,-0.00185450694737,-0.997957837059
2.955,1.476404904,2.673453921,3.054034595,-76.4172621584,-2.62918367966,7.88046047902,-0.063851339508,-0.00185435130462,-0.997957698414
2.956,1.476347223,2.673658789,3.054186052,-76.4756502693,-2.62888336042,7.88051299928,-0.0638549081741,-0.00185535343576,-0.997957468215
2.957,1.476449731,2.673492907,3.054090394,-76.5300308009,-2.62938924872,7.88040964402,-0.0638520180808,-0.00185356835008,-0.997957656452
2.958,1.476505866,2.673801808,3.054387939,-76.5699174674,-2.62955336932,7.88034769466,-0.0638573966466,-0.00185258205541,-0.997957314134
2.959,1.476531784,2.673465297,3.054105893,-76.5917113813,-2.62915382041,7.88032110671,-0.0638515360114,-0.00185213764419,-0.997957689952
2.96,1.476510888,2.674145565,3.054691295,-76.6027917473,-2.62857167112,7.880342817,-0.0638633829721,-0.00185248608474,-0.99795693124
2.961,1.476571967,2.674118198,3.054696861,-76.6014582233,-2.62745584332,7.88026936602,-0.0638629060974,-0.00185142152326,-0.997956963733
2.962,1.476575181,2.674400836,3.054945842,-76.5862358339,-2.62511004442,7.88027167026,-0.0638678285121,-0.00185135804699,-0.997956648835
2.963,1.476446133,2.67456215,3.055024693,-76.5627488167,-2.62277880053,7.88039969713,-0.0638706390506,-0.00185360543692,-0.997956464789
2.964,1.476600351,2.674430171,3.054983688,-76.5425246862,-2.62151640318,7.88024859588,-0.0638683387926,-0.00185091874398,-0.997956616993
2.965,1.476581504,2.674263325,3.054828517,-76.5394772744,-2.62174334297,7.88025997059,-0.0638654331979,-0.00185125086924,-0.997956802328
2.966,1.476497939,2.674669503,3.055143714,-76.5572867602,-2.62398417078,7.88035264766,-0.0638725081702,-0.00185269909951,-0.997956346844
2.967,1.476469993,2.674558889,3.05503337,-76.5869307796,-2.62768217353,7.88038735003,-0.0638705823038,-0.00185318939493,-0.997956469194
2.968,1.476607949,2.67464127,3.055172166,-76.6268704858,-2.63135975193,7.88023823845,-0.0638720147306,-0.00185078113148,-0.997956381984
2.969,1.476519769,2.674305199,3.054835336,-76.6812518355,-2.63414135662,7.88034283483,-0.0638661633042,-0.00185232765612,-0.997956753606
2.97,1.476568361,2.674255763,3.054815545,-76.7487087948,-2.63588744717,7.88028442915,-0.0638653016635,-0.00185148114684,-0.997956810318
2.971,1.476609584,2.674754192,3.055271813,-76.8174549884,-2.63650822815,7.88025944014,-0.0638739819303,-0.00185074915876,-0.997956256135
2.972,1.476590868,2.674560451,3.055093157,-76.8747316029,-2.63619715941,7.88027602448,-0.063870608074,-0.0018510808624,-0.997956471457
2.973,1.476568042,2.674243832,3.054804945,-76.9276674347,-2.63556738698,7.88030427794,-0.063865094375,-0.00185148663828,-0.997956823574
2.974,1.476592892,2.674377279,3.05493378,-76.9799514438,-2.63502012124,7.88027539535,-0.0638674172567,-0.00185104944628,-0.997956675727
2.975,1.476576192,2.67446087,3.054998886,-77.0245198219,-2.6344195048,7.88028874815,-0.0638688736304,-0.00185133931775,-0.997956581983
2.976,1.476700638,2.674796417,3.055352786,-77.066008246,-2.63379947203,7.88016089751,-0.0638747155643,-0.00184915994559,-0.997956212125
2.977,1.476709706,2.674931208,3.055475172,-77.1043408988,-2.63267676422,7.88015262591,-0.063877063247,-0.00184899832567,-0.997956062157
2.978,1.476558372,2.674903425,3.055377711,-77.1312042918,-2.63150610066,7.8803172619,-0.0638765811232,-0.00185164003833,-0.997956088119
2.979,1.476579804,2.675020133,3.055490244,-77.1474044393,-2.63179320412,7.88027800687,-0.0638786139883,-0.00185126275217,-0.997955958698
2.98,1.476549563,2.675348224,3.055762872,-77.1575434954,-2.63384584561,7.8803137546,-0.0638843275013,-0.00185178282536,-0.997955591998
2.981,1.476556838,2.675716333,3.056088675,-77.1669904946,-2.63701072539,7.88030595515,-0.063890738705,-0.00185164729678,-0.997955181814
2.982,1.476637038,2.675502868,3.055940533,-77.1827106731,-2.64007082984,7.88022427757,-0.063887019743,-0.00185025318987,-0.997955422487
2.983,1.476586009,2.675580957,3.055984244,-77.20876602,-2.64201020333,7.88027675374,-0.0638883804863,-0.00185114092856,-0.997955333728
2.984,1.476712619,2.675734484,3.056179836,-77.243513032,-2.64263846845,7.88015054313,-0.0638910527858,-0.00184892887142,-0.997955166746
2.985,1.476706729,2.675773199,3.056210885,-77.2862286347,-2.64296929517,7.88016520079,-0.0638917264997,-0.00184903035882,-0.997955123426
2.986,1.476708776,2.675911381,3.056332856,-77.3370327919,-2.64384785674,7.88016182138,-0.0638941330895,-0.0018489911262,-0.997954969419
2.987,1.476612374,2.675538516,3.055959825,-77.3947766611,-2.64539557005,7.88025569386,-0.0638876405742,-0.00185068181528,-0.997955381948
2.988,1.47663151,2.675600259,3.056023129,-77.4624240377,-2.64720600912,7.88023535306,-0.0638887158358,-0.00185034658507,-0.997955313732
2.989,1.476717556,2.675616087,3.056078563,-77.5372158102,-2.64867953777,7.88014675205,-0.0638889904184,-0.00184884514732,-0.997955298936
2.99,1.476680925,2.675619361,3.05606373,-77.610016895,-2.64928369558,7.88018740263,-0.0638890483897,-0.00184948400172,-0.997955294041
2.991,1.476731145,2.675643469,3.056109103,-77.678048097,-2.64924752703,7.88013157213,-0.0638894672608,-0.00184860753088,-0.997955268849
2.992,1.476822638,2.675708248,3.056210027,-77.744999251,-2.64835680358,7.88003551689,-0.0638905943077,-0.00184700990617,-0.997955199652
2.993,1.476801205,2.675584044,3.056090931,-77.811432093,-2.64692899344,7.88005800788,-0.0638884311408,-0.00184738643875,-0.997955337442
2.994,1.476704866,2.675853674,3.056280443,-77.8692381451,-2.64581635585,7.88016044652,-0.0638931281379,-0.00184906089259,-0.997955033632
2.995,1.476746671,2.67580464,3.056257712,-77.9105746281,-2.64526643058,7.88010809684,-0.0638922738114,-0.00184833237869,-0.997955089678
2.996,1.476754246,2.676356814,3.056744821,-77.9351781394,-2.6445608513,7.88011507164,-0.063901889663,-0.0018481877719,-0.997954474262
2.997,1.476714388,2.676075572,3.056479323,-77.9404613839,-2.64406226316,7.88015729057,-0.0638969926872,-0.00184888995117,-0.997954786517
2.998,1.476753818,2.676229705,3.056633323,-77.9276985912,-2.64353348955,7.88011141646,-0.0638996767113,-0.00184819786571,-0.997954615942
2.999,1.476719833,2.676827247,3.057140098,-77.9026365027,-2.64239801995,7.88015204973,-0.0639100834686,-0.00184877644501,-0.997953948465
3,1.476704804,2.676694811,3.057016877,-77.8765813697,-2.6412135235,7.88017377306,-0.0639077773362,-0.00184904215877,-0.997954095657
3.001,1.476613194,2.677018206,3.057255795,-77.8586354049,-2.64058430723,7.88025736302,-0.0639134105953,-0.00185063292522,-0.997953731945
3.002,1.476665028,2.677168686,3.057412595,-77.8420065187,-2.64033774156,7.88020785684,-0.0639160306302,-0.0018497250106,-0.997953565827
3.003,1.47667038,2.677786485,3.057956159,-77.8173486774,-2.64002924407,7.88020648925,-0.0639267896693,-0.00184961650479,-0.997952876884
3.004,1.476660258,2.677651838,3.057833364,-77.7882758199,-2.63942060318,7.88021312012,-0.0639244451244,-0.00184979658986,-0.997953026734
3.005,1.476678957,2.678221066,3.058340861,-77.7682700456,-2.63782197237,7.88019172747,-0.0639343581491,-0.00184945634299,-0.997952392331
3.006,1.476644165,2.677916337,3.058057209,-77.7644269254,-2.63488958899,7.88022968713,-0.0639290515252,-0.00185007053131,-0.99795273115
3.007,1.476571716,2.678218353,3.058286707,-77.7775650907,-2.63184811159,7.88030972478,-0.0639343127381,-0.00185132775565,-0.99795239177
3.008,1.476602308,2.677913539,3.058034549,-77.8056142441,-2.63031464588,7.88027078252,-0.0639290036851,-0.00185080087938,-0.997952732861
3.009,1.47664078,2.677869653,3.058014694,-77.8474213766,-2.62951390836,7.88022184984,-0.0639282385518,-0.00185013086468,-0.997952783117
3.01,1.476598995,2.678234367,3.0583139,-77.8998194681,-2.62835612181,7.88027361025,-0.0639345906164,-0.00185085097148,-0.997952374852
3.011,1.47659971,2.678165909,3.058254296,-77.9572518287,-2.6273850693,7.88026807359,-0.0639333987553,-0.00185084050383,-0.997952451229
3.012,1.476662201,2.678043084,3.058176911,-78.0210064999,-2.62706874221,7.88020190871,-0.0639312585921,-0.00184975341704,-0.99795259035
3.013,1.476674946,2.67819368,3.058314942,-78.0932578566,-2.62734064056,7.88018710453,-0.0639338813789,-0.00184952720642,-0.997952422744
3.014,1.476783593,2.677982076,3.058182104,-78.1700223313,-2.6279447823,7.88007843744,-0.0639301939474,-0.00184763637527,-0.997952662475
3.015,1.476701986,2.677832916,3.05801208,-78.2474172954,-2.62951414373,7.88018376584,-0.0639275973243,-0.00184906426887,-0.99795282617
3.016,1.476620637,2.677784649,3.057930531,-78.3229071567,-2.63204227299,7.88025848213,-0.0639267587922,-0.00185048418649,-0.997952877254
3.017,1.476692883,2.677703281,3.057894166,-78.3909952652,-2.63472733644,7.88018439484,-0.0639253398656,-0.00184922606581,-0.997952970478
3.018,1.476658546,2.677872241,3.05802554,-78.4468032255,-2.63724052117,7.88022267112,-0.0639282835685,-0.00184982138871,-0.997952780807
3.019,1.476717191,2.678106892,3.058259339,-78.488009739,-2.63965492975,7.88016593565,-0.0639323691441,-0.00184879265916,-0.997952520986
3.02,1.476692448,2.677643002,3.057841172,-78.5148860693,-2.64168273216,7.88018933298,-0.0639242909897,-0.00184923497988,-0.997953037648
3.021,1.476703606,2.678013138,3.05817068,-78.5349163169,-2.64295541751,7.88017590545,-0.0639307366092,-0.00184903115762,-0.997952625128
3.022,1.476666173,2.677957777,3.058104125,-78.5539348335,-2.64385198075,7.88021975005,-0.0639297730744,-0.00184968604054,-0.99795268564
3.023,1.476640336,2.678113538,3.05822805,-78.5685724661,-2.644793548,7.88023706296,-0.0639324858841,-0.00185013251368,-0.997952511024
3.024,1.476717821,2.677974476,3.058143688,-78.575397065,-2.64590594963,7.88016623374,-0.0639300630797,-0.00184878418163,-0.997952668733
3.025,1.476740344,2.67830615,3.05844501,-78.5785487889,-2.64675488682,7.8801439925,-0.0639358387094,-0.00184838357237,-0.997952299465
3.026,1.476718148,2.678376919,3.058496266,-78.5824821292,-2.64769689544,7.88016640967,-0.0639370713797,-0.00184876937318,-0.997952219776
3.027,1.476646328,2.678198308,3.058305177,-78.5914412659,-2.64882593786,7.88023228538,-0.0639339625482,-0.00185002679088,-0.997952416618
3.028,1.476607896,2.678420715,3.058481389,-78.6093382788,-2.65025149062,7.88027911714,-0.0639378356006,-0.00185069140519,-0.997952167251
3.029,1.476608091,2.678464125,3.058519499,-78.6335623991,-2.65208617803,7.88028093965,-0.0639385917784,-0.00185068700075,-0.997952118811
3.03,1.476760466,2.678710182,3.058808545,-78.6598934531,-2.65364635553,7.88012551078,-0.0639428753956,-0.00184802286814,-0.997951849288
3.031,1.4766366,2.678320552,3.058407531,-78.6924958004,-2.65446656988,7.8802465162,-0.0639360906978,-0.00185019302127,-0.997952279967
3.032,1.476755584,2.678522538,3.058641862,-78.7337172107,-2.65483313931,7.8801319151,-0.0639396067623,-0.00184811264421,-0.997952058551
3.033,1.476768065,2.67851079,3.058637601,-78.7768496822,-2.65513428964,7.88011576505,-0.0639394023734,-0.0018478951962,-0.997952072049
3.034,1.476811406,2.678643263,3.058774536,-78.8179011943,-2.65537410422,7.88007297455,-0.0639417088933,-0.00184713585203,-0.997951925672
3.035,1.476712717,2.678265709,3.058396255,-78.8627958649,-2.65601176789,7.88017337166,-0.0639351349221,-0.0018488669538,-0.997952343658
3.036,1.476697543,2.678317562,3.058434338,-78.9113210109,-2.65712379824,7.88018707915,-0.0639360384099,-0.00184913044695,-0.997952285287
3.037,1.476770809,2.678382979,3.058527,-78.9539849167,-2.65787731997,7.8801087402,-0.063937176807,-0.00184785016517,-0.997952214724
3.038,1.476618444,2.678354343,3.058428357,-78.984762862,-2.65802551089,7.88026464577,-0.0639366802142,-0.00185050890326,-0.997952241613
3.039,1.476723917,2.678506676,3.058612683,-79.0000811848,-2.65814928408,7.88015444425,-0.0639393313275,-0.00184866511854,-0.997952075175
3.04,1.476728739,2.678879772,3.058941746,-78.9958009673,-2.65879028032,7.88015628286,-0.0639458288703,-0.00184857229616,-0.997951659025
3.041,1.476873292,2.678759891,3.058906549,-78.9786085412,-2.6599724534,7.88001829439,-0.0639437384869,-0.00184605315975,-0.997951797632
3.042,1.476756605,2.678536848,3.058654887,-78.9682356062,-2.66155040216,7.88013059109,-0.0639398560817,-0.00184809401353,-0.997952042612
3.043,1.476847843,2.678799506,3.058928954,-78.9802197814,-2.66302828364,7.88003561208,-0.0639444289126,-0.00184649668623,-0.997951752572
3.044,1.476741642,2.678968588,3.059025755,-79.0064187378,-2.66436953877,7.88014506497,-0.0639473755863,-0.00184834506499,-0.997951560336
3.045,1.476794053,2.679278796,3.059322726,-79.0255921396,-2.66572319631,7.88009350398,-0.0639527768082,-0.0018474233542,-0.997951215925
3.046,1.476613196,2.679660501,3.05956973,-79.025956551,-2.66668606105,7.88028141684,-0.0639594274312,-0.00185056940699,-0.997950783874
3.047,1.476700128,2.679703135,3.059649025,-79.0156991786,-2.66743903424,7.88020173941,-0.063960168778,-0.00184905140741,-0.997950739174
3.048,1.476607526,2.680120877,3.059970212,-79.0047926232,-2.66955930645,7.88029573729,-0.0639674453593,-0.00185065743684,-0.997950269804
3.049,1.476646983,2.679977315,3.059863514,-78.9904702089,-2.67275817075,7.88024224736,-0.0639649443268,-0.00184997257359,-0.997950431384
3.05,1.47658965,2.6800772,3.059923331,-78.9687673549,-2.67598002829,7.88031023593,-0.0639666851101,-0.0018509704065,-0.997950317954
3.051,1.47675825,2.680193955,3.060106953,-78.9449042768,-2.6789484558,7.88014976433,-0.0639687151692,-0.00184802576326,-0.997950193286
3.052,1.47661487,2.680036931,3.059900232,-78.9317690894,-2.68196242966,7.88029277521,-0.06396598329,-0.00185053164061,-0.997950363753
3.053,1.476786387,2.680386126,3.060288845,-78.9403207102,-2.68444527348,7.88011764419,-0.0639720622837,-0.00184753052694,-0.997949979647
3.054,1.476569601,2.680428914,3.060221716,-78.9711564877,-2.68552411839,7.88032556184,-0.0639728104059,-0.00185131189657,-0.997949924682
3.055,1.476604291,2.680379904,3.060195527,-79.0187995426,-2.68574154126,7.88029988864,-0.0639719563241,-0.00185070795172,-0.997949980552
3.056,1.476661048,2.68059408,3.060410508,-79.0770881679,-2.68569740242,7.88023489203,-0.063975685247,-0.00184971234568,-0.997949743355
3.057,1.476625807,2.680224491,3.060069786,-79.1436175235,-2.68577444476,7.88027135595,-0.0639692491509,-0.00185033561077,-0.997950154778
3.058,1.476731609,2.680195465,3.06009542,-79.220461755,-2.68576545906,7.88015971129,-0.0639687423218,-0.00184849057559,-0.997950190685
3.059,1.476781597,2.680421543,3.060317554,-79.3035143218,-2.68542738489,7.88010632861,-0.0639726789613,-0.00184761370751,-0.997949939962
3.06,1.476856685,2.680480596,3.060405511,-79.3854971916,-2.68494743727,7.88003588701,-0.0639737065336,-0.00184630159193,-0.997949876518
3.061,1.476789738,2.680220095,3.060145044,-79.4648341345,-2.6843450052,7.88009479966,-0.0639691701844,-0.00184747586724,-0.997950165138
3.062,1.476741982,2.68033317,3.060221036,-79.5422496754,-2.68336998955,7.88014141141,-0.0639711405388,-0.0018483061271,-0.997950037298
3.063,1.476753338,2.680260145,3.060162555,-79.6172416696,-2.68257710064,7.88012995187,-0.0639698679452,-0.00184811051762,-0.997950119236
3.064,1.476764784,2.680167322,3.06008678,-79.6902790027,-2.6828403377,7.88012969802,-0.0639682513254,-0.00184791308817,-0.997950223227
3.065,1.47687471,2.680174779,3.060146362,-79.7541937835,-2.6842945743,7.88001816355,-0.0639683795675,-0.00184599468327,-0.997950218558
3.066,1.476712226,2.680225341,3.060112233,-79.8017738819,-2.68597678187,7.88018172483,-0.0639692629044,-0.00184882780283,-0.997950156691
3.067,1.476762889,2.680597206,3.060462385,-79.8354854899,-2.68730160287,7.88014181424,-0.0639757380306,-0.00184793519771,-0.997949743263
3.068,1.4767589,2.680550246,3.060419329,-79.8631976008,-2.68861700591,7.88014013881,-0.0639749202618,-0.00184800615171,-0.997949795556
3.069,1.476914015,2.680034904,3.060042826,-79.89561078,-2.68959015007,7.87998843502,-0.0639659433872,-0.00184531242322,-0.997950375975
3.07,1.476858588,2.680657661,3.060561514,-79.9384236728,-2.69030611143,7.88005062921,-0.0639767896733,-0.00184626424586,-0.997949678937
3.071,1.4767356,2.680696278,3.060535994,-79.9839026264,-2.69151278153,7.88017192733,-0.0639774639518,-0.00184840886293,-0.99794963174
3.072,1.476780584,2.680740988,3.06059686,-80.0269243204,-2.69339880484,7.88012509821,-0.0639782416675,-0.00184762293189,-0.997949583337
3.073,1.476772552,2.680741419,3.060593362,-80.0691467733,-2.69557146279,7.88012762536,-0.063978249673,-0.0018477634525,-0.997949582564
3.074,1.476744258,2.680776997,3.060610872,-80.106818359,-2.6971542148,7.88015166022,-0.0639788696264,-0.00184825607504,-0.997949541906
3.075,1.476731685,2.681125173,3.060909777,-80.1288928154,-2.69808631196,7.88015885481,-0.0639849333686,-0.00184846758885,-0.997949152747
3.076,1.476692303,2.681452336,3.061177354,-80.1310446778,-2.69836589488,7.88020151449,-0.0639906313813,-0.00184914612257,-0.997948786138
3.077,1.476754691,2.681593413,3.061331026,-80.1184012099,-2.69774655141,7.88014215721,-0.0639930880116,-0.00184805476704,-0.997948630632
3.078,1.476669318,2.681873796,3.061535453,-80.0908848483,-2.69631520853,7.88022748455,-0.063997971629,-0.00184953741302,-0.997948314713
3.079,1.47674248,2.681471334,3.0612182,-80.0572189689,-2.69516327869,7.8801671887,-0.0639909620132,-0.00184827030397,-0.997948766559
3.08,1.47672107,2.68146447,3.061201859,-80.0361516601,-2.69490717596,7.88017656431,-0.0639908428018,-0.00184864446188,-0.997948773511
3.081,1.47671333,2.681549117,3.061272272,-80.0333148765,-2.69495452457,7.88019045138,-0.0639923166553,-0.00184877717889,-0.997948678757
3.082,1.47663521,2.681853667,3.061501369,-80.0406935878,-2.69497881271,7.88026038506,-0.063997621809,-0.00185013338225,-0.997948336042
3.083,1.476640046,2.681570678,3.061255809,-80.0565957707,-2.69474640554,7.88025553598,-0.0639926932214,-0.00185005571164,-0.99794865224
3.084,1.476639027,2.681481698,3.061177374,-80.0855624076,-2.6944633482,7.88025719755,-0.063991143544,-0.00185007489068,-0.997948751575
3.085,1.476533054,2.681685416,3.06130471,-80.1245112273,-2.69419020368,7.88036525193,-0.0639946935849,-0.00185191956045,-0.997948520509
3.086,1.476716456,2.681597412,3.061316085,-80.1697760287,-2.6939386946,7.88017558245,-0.0639931575705,-0.00184872138043,-0.997948624937
3.087,1.476638953,2.681501078,3.061194314,-80.2257554368,-2.69341775268,7.88026013075,-0.0639914814032,-0.00185007577177,-0.997948729909
3.088,1.476631631,2.681917799,3.061555822,-80.2908826072,-2.69208973445,7.88027174375,-0.0639987385519,-0.00185019381981,-0.997948264314
3.089,1.476656334,2.681720394,3.061394813,-80.3568571104,-2.69082079192,7.88024760729,-0.0639953008498,-0.00184976808914,-0.997948485558
3.09,1.476731206,2.681634902,3.061356039,-80.4166666719,-2.69028973653,7.88015857825,-0.0639938108128,-0.00184846384556,-0.997948583525
3.091,1.476809144,2.681427395,3.061211872,-80.4674224568,-2.69017926134,7.88008691719,-0.063990195254,-0.00184710855857,-0.997948817877
3.092,1.476699625,2.681350053,3.06109129,-80.5150576533,-2.69216706469,7.88020201372,-0.0639888506043,-0.00184902096821,-0.997948900555
3.093,1.476705948,2.681679482,3.061382907,-80.5568143296,-2.69726982882,7.88020310859,-0.0639945876488,-0.0018489028697,-0.997948532896
3.094,1.476724372,2.681964314,3.0616413,-80.5810198658,-2.70353182464,7.88018087695,-0.0639995471345,-0.00184857438202,-0.99794821546
3.095,1.476661761,2.682072314,3.06170571,-80.588196261,-2.70896298057,7.88024801563,-0.0640014292313,-0.00184966414239,-0.997948092738
3.096,1.476686316,2.682185347,3.06181657,-80.5861787978,-2.71369986682,7.88023394827,-0.0640033970812,-0.00184923361717,-0.99794796733
3.097,1.476779383,2.682339598,3.061996582,-80.5832723671,-2.71811550593,7.88013725792,-0.0640060824136,-0.00184760576526,-0.997947798117
3.098,1.476638883,2.682437583,3.06201466,-80.5827818716,-2.72147527592,7.8802784438,-0.0640077906154,-0.00185005471108,-0.997947684019
3.099,1.476547089,2.68267201,3.062175765,-80.5776276028,-2.72388397606,7.88037098433,-0.0640118750693,-0.0018516510199,-0.997947419075
3.1,1.476628363,2.682862265,3.062381631,-80.5599056281,-2.72551573044,7.8802910941,-0.0640151866531,-0.00185022853479,-0.997947209291
3.101,1.476602252,2.682962777,3.062457097,-80.5312312377,-2.72633902657,7.88031517416,-0.0640169380746,-0.00185068143047,-0.997947096102
3.102,1.476682609,2.683012613,3.062539503,-80.5017927662,-2.72639682439,7.88022730539,-0.0640178046194,-0.00184927825476,-0.997947043115
3.103,1.476633962,2.682809155,3.062337803,-80.4810476866,-2.72601662775,7.88027710966,-0.064014262303,-0.00185013248869,-0.997947268763
3.104,1.476569707,2.683328628,3.062761927,-80.4699274329,-2.72500085245,7.88033757731,-0.064023309712,-0.00185124031749,-0.997946686313
3.105,1.476696129,2.683185128,3.062697159,-80.4640480952,-2.72279218745,7.88019753885,-0.0640208092148,-0.00184903881351,-0.997946850811
3.106,1.476638169,2.683173128,3.062658701,-80.4683443937,-2.7200096344,7.8802759638,-0.0640206012444,-0.00185004950034,-0.997946862279
3.107,1.476613214,2.682780553,3.062302741,-80.4915595452,-2.7180121061,7.88028895098,-0.0640137639434,-0.00185049467305,-0.997947300059
3.108,1.47658047,2.683408686,3.062837257,-80.5342537771,-2.71663676639,7.88032920666,-0.0640247043493,-0.00185105045209,-0.997946597191
3.109,1.476640438,2.683099579,3.062595359,-80.5893795787,-2.71533201937,7.88025992466,-0.0640193195891,-0.00185001198758,-0.997946944569
3.11,1.476684797,2.683046366,3.062570128,-80.6547093754,-2.71385730283,7.88021270729,-0.0640183924894,-0.00184923989236,-0.997947005474
3.111,1.476685879,2.68329747,3.062790639,-80.7281385881,-2.71273558186,7.88022478097,-0.0640227655537,-0.00184921472323,-0.997946724979
3.112,1.476566866,2.682962831,3.062440083,-80.8081194003,-2.71395423825,7.88034656477,-0.0640169398517,-0.0018512994024,-0.997947094841
3.113,1.4766797,2.682900813,3.062440156,-80.8895526748,-2.71800601393,7.88022818154,-0.0640158577511,-0.00184933202424,-0.997947167904
3.114,1.476702842,2.682833161,3.062392047,-80.9624075242,-2.72319875137,7.88019926507,-0.0640146789556,-0.00184892978231,-0.997947244265
3.115,1.476684875,2.683068591,3.062589637,-81.0260235697,-2.72803607506,7.88023514668,-0.0640187793167,-0.0018492375152,-0.997946980664
3.116,1.476767123,2.682983564,3.062554806,-81.079497839,-2.73246114517,7.88014166774,-0.0640172977064,-0.00184780483081,-0.997947078362
3.117,1.476763819,2.683282372,3.06281499,-81.1194135132,-2.73514131568,7.88014557974,-0.0640225014685,-0.00184785558109,-0.997946744439
3.118,1.476733726,2.682963487,3.062521114,-81.1534124195,-2.73685159579,7.88017844754,-0.064016948437,-0.00184838766337,-0.997947099688
3.119,1.476791132,2.683126264,3.062691397,-81.1929122487,-2.73900853546,7.88011520342,-0.0640197822564,-0.00184738189572,-0.997946919761
3.12,1.476728751,2.682965336,3.062520334,-81.2402951448,-2.74138721221,7.8801787095,-0.0640169809083,-0.00184847485578,-0.997947097444
3.121,1.47667973,2.683092918,3.062608468,-81.2885995186,-2.74360257662,7.88024225821,-0.064019203473,-0.00184932657657,-0.997946953289
3.122,1.476642144,2.683179103,3.062665852,-81.3267551191,-2.7462439219,7.88028651173,-0.0640207046775,-0.00184998063685,-0.997946855772
3.123,1.476678698,2.683099274,3.062613539,-81.3575542852,-2.74827967043,7.8802456439,-0.0640193140031,-0.00184934481871,-0.997946946164
3.124,1.476776456,2.683333902,3.062866228,-81.3853316493,-2.7481581518,7.88015040628,-0.0640233987948,-0.00184763326425,-0.997946687282
3.125,1.476635958,2.683592092,3.063024693,-81.4039564617,-2.7459236917,7.88029660448,-0.0640278976486,-0.00185007812072,-0.997946394118
3.126,1.476728522,2.683645845,3.063116411,-81.4130246503,-2.74280347312,7.88019576898,-0.0640288316631,-0.00184846228448,-0.997946337186
3.127,1.476634699,2.683766972,3.063177304,-81.411803718,-2.73951177602,7.880286702,-0.06403094306,-0.001850096003,-0.997946198688
3.128,1.476625781,2.683892954,3.063283383,-81.3978244501,-2.73658024053,7.8802987768,-0.0640331374019,-0.00185024871644,-0.997946057607
3.129,1.47676951,2.684080894,3.06351733,-81.3756228878,-2.73360434456,7.88013834007,-0.0640364083738,-0.00184773697472,-0.997945852374
3.13,1.476674804,2.684252632,3.063622149,-81.3559522201,-2.73101235413,7.88024559266,-0.0640393998855,-0.00184938519973,-0.997945657356
3.131,1.476652493,2.684306758,3.063658818,-81.3499531358,-2.73039712615,7.88026239392,-0.0640403434939,-0.00184977313167,-0.997945596085
3.132,1.476640694,2.683993992,3.063379097,-81.363666983,-2.7318909421,7.8802726864,-0.0640348960696,-0.00184998620067,-0.997945945248
3.133,1.476763314,2.684117674,3.063546567,-81.3976839061,-2.73414186372,7.88015121841,-0.0640370484792,-0.00184784414415,-0.997945811101
3.134,1.476653735,2.684516532,3.063843218,-81.442611935,-2.73587870355,7.8802391542,-0.0640439966983,-0.00184974575052,-0.997945361695
3.135,1.47666904,2.684512128,3.063846736,-81.4885155682,-2.73649475658,7.88023430984,-0.0640439190697,-0.00184947929125,-0.99794536717
3.136,1.476575091,2.684582221,3.063862873,-81.5350956066,-2.73706846713,7.88033238793,-0.0640451415705,-0.00185111655487,-0.997945285679
3.137,1.476655628,2.684259148,3.063618615,-81.5869831818,-2.73833056455,7.88025299461,-0.0640395143892,-0.00184971951447,-0.997945649389
3.138,1.476767949,2.684659364,3.064023413,-81.6468248421,-2.73961918887,7.88013113799,-0.0640464825861,-0.00184775039283,-0.997945205854
3.139,1.476695443,2.684608756,3.063944126,-81.7070958395,-2.74038390056,7.88022965802,-0.0640456023032,-0.00184901611018,-0.997945260004
3.14,1.476665653,2.684195266,3.063567475,-81.762074856,-2.74162974994,7.88024865582,-0.064038401107,-0.00184954616117,-0.997945721151
3.141,1.476733685,2.68432517,3.063714085,-81.8160463934,-2.74364058531,7.88019083275,-0.0640406629095,-0.00184835558017,-0.997945578213
3.142,1.4767771,2.6843804,3.063783403,-81.8701943162,-2.74566915393,7.88013701435,-0.0640416237155,-0.00184759758437,-0.997945517959
3.143,1.476774067,2.684122322,3.063555823,-81.9258048058,-2.74716297865,7.88014529022,-0.0640371293596,-0.00184765584495,-0.99794580626
3.144,1.476697994,2.684726575,3.064048588,-81.9829664646,-2.7498652012,7.88023798676,-0.0640476540399,-0.00184896885305,-0.997945128414
3.145,1.476645254,2.685118872,3.06436691,-82.0294030101,-2.75493621309,7.88028806412,-0.0640544869125,-0.00184988021294,-0.997944688171
3.146,1.476637631,2.684903596,3.064174605,-82.0549724654,-2.76080089725,7.88029413279,-0.0640507378122,-0.00185001758263,-0.997944928551
3.147,1.476642242,2.684835035,3.064116753,-82.0701561833,-2.76552258385,7.88028720832,-0.0640495429633,-0.00184993935084,-0.997945005384
3.148,1.476590848,2.684991159,3.064228787,-82.0845725773,-2.76873106794,7.88033512764,-0.0640522634286,-0.00185083179644,-0.997944829122
3.149,1.476613858,2.685443555,3.064636287,-82.0892213021,-2.77051901635,7.88031667317,-0.0640601412026,-0.00185041964464,-0.997944324227
3.15,1.476529876,2.685385268,3.064544748,-82.075024523,-2.77111293673,7.88038928609,-0.06405912734,-0.00185188686477,-0.997944386586
3.151,1.476622446,2.685364536,3.064571183,-82.0475308443,-2.7702825275,7.88029557592,-0.0640587653011,-0.00185027179466,-0.997944412822
3.152,1.476587985,2.685783856,3.064922021,-82.0224639023,-2.76844403411,7.88032659844,-0.0640660683142,-0.0018508626687,-0.997943942914
3.153,1.476651455,2.68553666,3.064735987,-82.0140628864,-2.76620752443,7.88026851038,-0.0640617622051,-0.00184976159911,-0.99794422139
3.154,1.476649531,2.685620223,3.064808285,-82.0264320596,-2.76403335229,7.88027211061,-0.0640632180677,-0.00184979281298,-0.997944127874
3.155,1.476655496,2.685713215,3.064892646,-82.0559592677,-2.7614713837,7.8802619475,-0.0640648369702,-0.00184968697702,-0.997944024143
3.156,1.476616664,2.686242946,3.065338144,-82.0928962834,-2.75852943312,7.88030103986,-0.0640740630935,-0.00185035154406,-0.99794343058
3.157,1.476523147,2.686175518,3.065234007,-82.1280606346,-2.75589722098,7.88040328475,-0.0640728898217,-0.00185198485839,-0.997943502881
3.158,1.476584743,2.685649455,3.064802685,-82.1646542092,-2.75370342272,7.8803300178,-0.0640637277016,-0.00185092244833,-0.997944093063
3.159,1.476641823,2.685867812,3.06502153,-82.2099136415,-2.7516559848,7.88027852269,-0.0640675298209,-0.00184992190926,-0.997943850831
3.16,1.476607936,2.686080249,3.065191365,-82.2571422748,-2.74960133766,7.8803042386,-0.0640712299561,-0.00185050772888,-0.997943612191
3.161,1.476483357,2.686195599,3.065232438,-82.2994571857,-2.74731990545,7.88041371642,-0.0640732404962,-0.00185267904158,-0.997943479077
3.162,1.476423215,2.686203583,3.065210466,-82.3334350993,-2.74475055054,7.88047233699,-0.0640733800302,-0.00185372801969,-0.99794346817
3.163,1.476411457,2.686221958,3.065220905,-82.3596982602,-2.74248624846,7.88048478279,-0.0640737002412,-0.00185393190356,-0.997943447232
3.164,1.476571138,2.686221145,3.065297109,-82.3823222071,-2.74111364328,7.88033285911,-0.0640736842166,-0.00185114621161,-0.997943453432
3.165,1.476654327,2.686650041,3.06571304,-82.3992540438,-2.73999187555,7.88024944301,-0.0640811518973,-0.00184968475548,-0.997942976646
3.166,1.476604494,2.686307494,3.065388847,-82.4154937247,-2.73935124695,7.88030624067,-0.0640751870069,-0.00185056251361,-0.997943358026
3.167,1.476713507,2.686451708,3.065567739,-82.4447351713,-2.73985153502,7.8802035006,-0.0640776975059,-0.00184865747135,-0.997943200362
3.168,1.476603271,2.686283412,3.065367154,-82.4896797664,-2.74173909734,7.88031520388,-0.0640747675862,-0.00185058423609,-0.997943384916
3.169,1.476534491,2.6865492,3.065566947,-82.5452642249,-2.74434711052,7.88037473723,-0.0640793977199,-0.00185177775272,-0.997943085405
3.17,1.476497313,2.68689533,3.065852383,-82.60463549,-2.74743990749,7.880439941,-0.0640854267749,-0.00185241832374,-0.997942697063
3.171,1.476524986,2.686841057,3.065818145,-82.6582545548,-2.75106299422,7.88039669454,-0.0640844803484,-0.00185193655344,-0.997942758734
3.172,1.476455336,2.687057455,3.065974254,-82.6911817414,-2.75386471795,7.88047258319,-0.0640882499466,-0.001853147161,-0.997942514409
3.173,1.47658049,2.687143791,3.06611019,-82.6957017811,-2.75521136832,7.88034797469,-0.0640897519708,-0.00185096170693,-0.997942422003
3.174,1.476448198,2.687123212,3.066028447,-82.6797068377,-2.75560982911,7.88048092833,-0.064089396125,-0.00185326947265,-0.997942440573
3.175,1.476483379,2.687211537,3.066122798,-82.6618855274,-2.75472531873,7.88044089391,-0.0640909334711,-0.00185265394641,-0.997942342984
3.176,1.476345735,2.687107568,3.065965396,-82.6545957862,-2.75243633011,7.88058608651,-0.0640891246577,-0.00185505785781,-0.997942454684
3.177,1.476553715,2.687463654,3.066377629,-82.6588420945,-2.75022187252,7.88037985716,-0.0640953229152,-0.0018514207435,-0.997942063359
3.178,1.47647105,2.687430135,3.066308447,-82.6763510355,-2.74898336188,7.88045479146,-0.0640947404473,-0.00185286357363,-0.997942098092
3.179,1.476360919,2.68742907,3.066254486,-82.708923663,-2.74791069533,7.88056804935,-0.0640947236013,-0.00185478555844,-0.997942095603
3.18,1.476391188,2.687857002,3.066644128,-82.750449626,-2.74677800907,7.88052540202,-0.064102175945,-0.00185424692292,-0.997941617935
3.181,1.47631874,2.687740816,3.066507413,-82.7928014542,-2.74506911447,7.88059292827,-0.0641001536797,-0.00185551405893,-0.997941745477
3.182,1.476359637,2.687596762,3.066400844,-82.8330206644,-2.74293816683,7.88056081545,-0.0640976445344,-0.00185480380078,-0.997941907963
3.183,1.47633606,2.68761631,3.066406625,-82.8716291803,-2.74109903808,7.88057742084,-0.0640979851675,-0.00185521458878,-0.99794188532
3.184,1.476341565,2.687554924,3.066355473,-82.9108171459,-2.7401118321,7.88057319262,-0.0640969160971,-0.00185511985148,-0.997941954162
3.185,1.476300772,2.687583214,3.066360628,-82.9559467394,-2.7402897101,7.88061887255,-0.0640974092755,-0.00185583142799,-0.997941921163
3.186,1.476460794,2.687714081,3.066552373,-83.0093545251,-2.74164869724,7.88047031346,-0.0640996858783,-0.00185303603001,-0.997941780129
3.187,1.476464376,2.687703755,3.066545047,-83.0678400913,-2.74318004756,7.88046049724,-0.0640995059215,-0.00185297338623,-0.997941791805
3.188,1.476419068,2.687492099,3.066337726,-83.1275511009,-2.74462574498,7.88050260712,-0.0640958208544,-0.0018537695342,-0.997942027017
3.189,1.476372019,2.687564262,3.06637832,-83.1871003525,-2.7462675758,7.88056266689,-0.0640970779309,-0.00185458804796,-0.997941944756
3.19,1.476506402,2.687592124,3.066467444,-83.2463583033,-2.74852999497,7.88041796738,-0.0640975606626,-0.00185224344073,-0.997941918105
3.191,1.47644442,2.687716901,3.066546961,-83.3066110734,-2.75170113247,7.88047882548,-0.0640997350359,-0.0018533218129,-0.997941776441
3.192,1.476391416,2.687822688,3.066614162,-83.3650028727,-2.75691370085,7.88053641596,-0.0641015782426,-0.00185424414254,-0.997941656333
3.193,1.476374063,2.687862886,3.06664104,-83.4162586042,-2.76416745619,7.88055912503,-0.0641022783206,-0.00185454566917,-0.997941610804
3.194,1.476409799,2.687528759,3.066365394,-83.4568497358,-2.77161643168,7.88051910008,-0.0640964592142,-0.00185393012442,-0.997941985718
3.195,1.47633062,2.688015622,3.066753998,-83.484384303,-2.77826796853,7.88061261849,-0.0641049386889,-0.0018552997563,-0.997941438512
3.196,1.476388346,2.687988132,3.066757693,-83.496189385,-2.78345925242,7.88054820386,-0.0641044590577,-0.00185429354412,-0.997941471192
3.197,1.476495955,2.68785907,3.06669638,-83.4965879081,-2.78712865777,7.88044054076,-0.0641022101687,-0.00185241882385,-0.997941619132
3.198,1.476397802,2.688144663,3.066899444,-83.4902388006,-2.78912186968,7.88054516329,-0.0641071851095,-0.00185412434095,-0.99794129639
3.199,1.476310381,2.688133325,3.066847423,-83.4771298661,-2.79007817125,7.88063155465,-0.0641069892941,-0.00185564994947,-0.997941306133
3.2,1.476373182,2.688184128,3.066922183,-83.4591734321,-2.79006230634,7.88056272615,-0.0641078729362,-0.00185455372428,-0.997941251406
3.201,1.476307102,2.688471005,3.06714183,-83.4436161354,-2.78964407232,7.88063489868,-0.0641128697341,-0.001855698956,-0.99794092827
3.202,1.4762078,2.688585067,3.067194016,-83.4363850533,-2.78915334256,7.88074273263,-0.0641148575219,-0.0018574288174,-0.997940797344
3.203,1.476308688,2.688793513,3.067425288,-83.4397855938,-2.78853664521,7.88063182547,-0.064118486831,-0.00185566367382,-0.997940567448
3.204,1.476224004,2.688916243,3.067492114,-83.4532775425,-2.78729656848,7.88071912598,-0.064120624657,-0.00185713833033,-0.997940427346
3.205,1.476207492,2.688943555,3.06750811,-83.4762979462,-2.78552555645,7.88073784775,-0.0641211010282,-0.00185742565489,-0.997940396203
3.206,1.476395904,2.688921198,3.067579188,-83.5092834359,-2.78372280823,7.88053796948,-0.0641207090057,-0.00185413938309,-0.997940427502
3.207,1.4764868,2.688993452,3.067686271,-83.5522223131,-2.78172127215,7.88044412133,-0.0641219662424,-0.00185255153717,-0.997940349669
3.208,1.476425857,2.688685046,3.067386605,-83.6073841096,-2.77963246529,7.88050271678,-0.0641165956077,-0.00185362271439,-0.997940692752
3.209,1.476295585,2.688944503,3.067551335,-83.670904447,-2.77831122123,7.88063775038,-0.064121115996,-0.00185588889256,-0.9979403981
3.21,1.476368588,2.689049089,3.067678146,-83.7327778303,-2.77753991165,7.88056067066,-0.0641229364745,-0.00185461309126,-0.997940283498
3.211,1.476365344,2.688757251,3.067420771,-83.7925467253,-2.77751164375,7.88057172286,-0.0641178544823,-0.00185467626494,-0.997940609913
3.212,1.476352342,2.688939805,3.067574532,-83.851549496,-2.77847003705,7.88057573552,-0.0641210338282,-0.00185489900451,-0.99794040522
3.213,1.476394915,2.688780574,3.067455447,-83.9063782732,-2.7800139625,7.88054869937,-0.0641182603831,-0.00185415938962,-0.997940584794
3.214,1.476286043,2.689061679,3.067649457,-83.9588229755,-2.78278078833,7.8806612873,-0.0641231572166,-0.00185605268807,-0.997940266638
3.215,1.476495141,2.689246613,3.067912197,-84.0078166396,-2.78748476294,7.88045587224,-0.064126374612,-0.00185239992726,-0.997940066684
3.216,1.476339385,2.689065129,3.067678153,-84.0475819651,-2.79339155689,7.88060823246,-0.0641232166735,-0.00185512210087,-0.997940264548
3.217,1.476311988,2.689238042,3.067816542,-84.0707615152,-2.79876202168,7.88063232646,-0.0641262282741,-0.00185559566386,-0.997940070151
3.218,1.476315419,2.689054401,3.067657215,-84.0770479144,-2.80335259825,7.88062947675,-0.0641230303808,-0.00185554030008,-0.99794027574
3.219,1.476329289,2.689550021,3.06809835,-84.0762232743,-2.80700918686,7.88061864531,-0.0641316614867,-0.0018552863038,-0.99793972158
3.22,1.476228144,2.689781221,3.068252361,-84.0768414305,-2.80999156003,7.88072808994,-0.0641356884951,-0.00185704588399,-0.997939459507
3.221,1.476250557,2.689556498,3.068066143,-84.0888975905,-2.81234165246,7.88069559376,-0.0641317746473,-0.0018566598038,-0.997939711754
3.222,1.476234562,2.689860177,3.068324665,-84.1177411339,-2.81421492701,7.88071500367,-0.0641370640846,-0.00185693112137,-0.997939371313
3.223,1.47610899,2.689732179,3.068152041,-84.1584380263,-2.81565300342,7.88083763495,-0.0641348364066,-0.00185912511301,-0.997939510398
3.224,1.476195837,2.690010137,3.068437499,-84.203798723,-2.81614063653,7.88075332806,-0.0641396764376,-0.0018576032174,-0.997939202165
3.225,1.476166068,2.690142807,3.068539486,-84.2473179521,-2.81582835051,7.88077819322,-0.0641419871259,-0.00185812016316,-0.997939052687
3.226,1.476110705,2.690266944,3.068621685,-84.2873177077,-2.81512102261,7.88083373972,-0.0641441500041,-0.00185908230928,-0.997938911874
3.227,1.476109354,2.690204303,3.068566117,-84.3220760335,-2.81392612159,7.88082988742,-0.0641430586687,-0.00185910789546,-0.997938981974
3.228,1.476159516,2.690616309,3.068951456,-84.3454627344,-2.81234499865,7.88078217419,-0.0641502335028,-0.0018582231418,-0.997938522429
3.229,1.476180271,2.690772145,3.069098065,-84.3540698765,-2.80983087524,7.88076384672,-0.0641529466926,-0.00185785688646,-0.997938348696
3.23,1.476116971,2.690718503,3.069020589,-84.3522417066,-2.80736190245,7.88083334563,-0.0641520133955,-0.00185896297795,-0.997938406633
3.231,1.476081914,2.691040129,3.069285714,-84.3523086099,-2.80537086411,7.88086504412,-0.064157615247,-0.00185956633415,-0.997938045381
3.232,1.4761358,2.690766193,3.069071457,-84.3630872957,-2.80424963612,7.88080288957,-0.0641528433423,-0.00185863269493,-0.997938353895
3.233,1.476151303,2.690992811,3.069277599,-84.3885426894,-2.80294841367,7.88078639111,-0.0641567901624,-0.00185835703609,-0.997938100678
3.234,1.476102101,2.690773364,3.069061535,-84.4258424162,-2.80240590198,7.88084152022,-0.0641529697073,-0.00185922058543,-0.997938344677
3.235,1.476076284,2.691200097,3.069423261,-84.4629943076,-2.80400361953,7.8808618647,-0.064160401121,-0.00185966088831,-0.997937866097
3.236,1.476015958,2.691161569,3.069360471,-84.4870333844,-2.80704407326,7.88092389146,-0.0641597314258,-0.00186071462083,-0.997937907189
3.237,1.476114333,2.691225273,3.069463633,-84.5016612099,-2.80994849472,7.88082674423,-0.0641608391291,-0.00185899692504,-0.997937839173
3.238,1.476055235,2.691174323,3.069390541,-84.5180447359,-2.81256892509,7.88088153891,-0.0641599526167,-0.00186002879889,-0.997937894246
3.239,1.476089157,2.69130277,3.069519474,-84.5417180923,-2.81497494547,7.88085352204,-0.0641621893067,-0.00185943395206,-0.99793775155
3.24,1.476098595,2.691314681,3.069534456,-84.5730519244,-2.81731044515,7.8808347937,-0.0641623961069,-0.00185926872134,-0.997937738562
3.241,1.47612413,2.691269437,3.069507066,-84.6112910326,-2.81880721351,7.88081597916,-0.0641616080749,-0.00185882478697,-0.997937790055
3.242,1.476081105,2.691497324,3.069686185,-84.6544324514,-2.81950719411,7.8808580654,-0.0641655776611,-0.00185956997001,-0.997937533437
3.243,1.476050474,2.691820333,3.069954675,-84.7007128342,-2.8199024576,7.88089190469,-0.0641712026454,-0.00186009674299,-0.997937170763
3.244,1.475923642,2.691812109,3.069886485,-84.7513342796,-2.82045961855,7.88102191681,-0.0641710616243,-0.00186230920895,-0.997937175705
3.245,1.47604749,2.691741813,3.069884392,-84.8010391974,-2.82132150996,7.88090764651,-0.0641698358422,-0.00186015029919,-0.997937258553
3.246,1.476044373,2.691659522,3.069810739,-84.8422458064,-2.82210060879,7.88090968843,-0.0641684028088,-0.0018602068685,-0.997937350594
3.247,1.476087706,2.691483093,3.069676881,-84.8775288228,-2.82235395813,7.88086253324,-0.0641653297999,-0.00185945471463,-0.997937549589
3.248,1.476101016,2.691680783,3.069856617,-84.9122930308,-2.82178106066,7.88084405062,-0.0641687717575,-0.00185921792824,-0.997937328713
3.249,1.476004992,2.691718843,3.069843818,-84.9439251008,-2.8204924378,7.88094646311,-0.0641694359257,-0.00186089217475,-0.997937282886
3.25,1.476101711,2.691758974,3.06992551,-84.968665581,-2.81915077057,7.88084286224,-0.0641701340871,-0.00185920397842,-0.997937241139
3.251,1.475961992,2.692029325,3.070095387,-84.9910682889,-2.81801818639,7.88099314715,-0.0641748436491,-0.00186163514178,-0.997936933757
3.252,1.475916622,2.692271279,3.070285738,-85.0143772184,-2.81731538176,7.88102219895,-0.0641790583988,-0.0018624211245,-0.997936661242
3.253,1.47601604,2.691826568,3.069943586,-85.041585817,-2.81649191716,7.88092558073,-0.0641713121925,-0.0018606974329,-0.997937162599
3.254,1.476024368,2.692111843,3.070197732,-85.0788889147,-2.81515946211,7.88091509614,-0.0641762803832,-0.00186054508765,-0.997936843396
3.255,1.475911471,2.692276244,3.070287615,-85.1243286876,-2.8136677518,7.88102731959,-0.0641791445847,-0.00186251041959,-0.997936655532
3.256,1.475960197,2.692407938,3.070426519,-85.1672691401,-2.81219258151,7.88097073726,-0.0641814374364,-0.00186165771635,-0.997936509663
3.257,1.475980021,2.692102999,3.070168657,-85.1978437659,-2.81096152986,7.88094262235,-0.0641761271765,-0.0018613186012,-0.997936851807
3.258,1.475911342,2.691900439,3.069958023,-85.2121200318,-2.80954252173,7.88101596142,-0.0641726005606,-0.00186252147757,-0.997937076349
3.259,1.475991025,2.691171317,3.069357028,-85.2114811674,-2.80802761364,7.88092924219,-0.0641599009769,-0.00186114884014,-0.997937895478
3.26,1.47608692,2.690724846,3.069011697,-85.2032310935,-2.80626385432,7.88082837478,-0.0641521248999,-0.0018594862638,-0.99793839849
3.261,1.476099753,2.689761915,3.068173666,-85.1949322483,-2.80444413554,7.8808127263,-0.0641353545904,-0.00185928631624,-0.997939476795
3.262,1.476299109,2.688423228,3.067096104,-85.1940330524,-2.80307986461,7.88060403246,-0.0641120380465,-0.0018558397248,-0.99794098144
3.263,1.476341707,2.686961661,3.06583558,-85.2154834783,-2.80256954888,7.88055387617,-0.0640865837256,-0.00185513166968,-0.997942617726
3.264,1.476511716,2.685640423,3.064759587,-85.2768777611,-2.80295366625,7.88038460418,-0.0640635715242,-0.00185219677199,-0.997944100724
3.265,1.476712724,2.684519558,3.0638743,-85.3862549002,-2.80409191032,7.88017652161,-0.0640440482733,-0.00184871702951,-0.997945360291
3.266,1.4769659,2.683675185,3.063256562,-85.5323860248,-2.80527114241,7.87992187049,-0.0640293390194,-0.00184432029247,-0.997946312297
3.267,1.477223755,2.682082982,3.061986144,-85.6914942943,-2.80580484695,7.87965935169,-0.0640016070581,-0.00183985957324,-0.997948099457
3.268,1.477317906,2.68109539,3.061166557,-85.8512215009,-2.80574871736,7.8795693352,-0.0639844062401,-0.00183824043619,-0.997949205436
3.269,1.477520521,2.680554685,3.060790798,-85.999706125,-2.80630854427,7.87936964085,-0.0639749865247,-0.00183471824857,-0.997949815826
3.27,1.477633879,2.679688439,3.060086929,-86.1167126749,-2.8080873838,7.87925964409,-0.0639598989594,-0.00183276177809,-0.997950786517
3.271,1.477890797,2.679527895,3.060070416,-86.1834120243,-2.81096929476,7.87901316584,-0.0639570991791,-0.00182828241433,-0.997950974171
3.272,1.477917809,2.679173607,3.059773238,-86.1847509655,-2.81415537526,7.87899820197,-0.0639509290589,-0.00182781974919,-0.997951370432
3.273,1.478162458,2.679011899,3.059749828,-86.1119269455,-2.81687587491,7.87875334714,-0.0639481092434,-0.00182355556497,-0.997951558929
3.274,1.478158689,2.678678653,3.059456231,-85.9710449709,-2.81899022839,7.87875934473,-0.0639423046857,-0.00182362898196,-0.997951930731
3.275,1.478199547,2.678790499,3.059573899,-85.7775285654,-2.82175060771,7.87873293024,-0.0639442524808,-0.00182291363182,-0.997951807233
3.276,1.4782295,2.678972423,3.059747653,-85.5452108106,-2.82567805199,7.87870248355,-0.0639474200126,-0.00182238655581,-0.99795160523
3.277,1.478132154,2.679570137,3.060223977,-85.2766240947,-2.82876998573,7.87879969373,-0.0639578312231,-0.00182407113842,-0.997950934961
3.278,1.47802815,2.680413103,3.060911892,-84.9676764232,-2.82989896979,7.87890235304,-0.0639725134103,-0.00182586532106,-0.997949990603
3.279,1.478061852,2.680619915,3.061109271,-84.6261625274,-2.82903515028,7.87886844366,-0.063976114102,-0.00182527246427,-0.997949760862
3.28,1.478065582,2.681233884,3.061648739,-84.2746050135,-2.82549312386,7.87884884234,-0.0639868070625,-0.00182519267397,-0.997949075451
3.281,1.477897325,2.682021494,3.062257304,-83.9276175159,-2.81976141551,7.87902229806,-0.0640005261889,-0.00182810925614,-0.997948190371
3.282,1.477987974,2.682443094,3.062670306,-83.5924727414,-2.81285399813,7.87892209219,-0.0640078666134,-0.0018265179341,-0.9979477225
3.283,1.478030891,2.682463441,3.062708838,-83.2773758015,-2.80559197931,7.87887614801,-0.0640082208949,-0.00182576887059,-0.997947701148
3.284,1.477997105,2.682770883,3.06296181,-82.9862774767,-2.7977585907,7.87890338633,-0.0640135752036,-0.00182635089668,-0.997947356644
3.285,1.478096594,2.683045867,3.06325067,-82.7127240194,-2.78845705332,7.87878984692,-0.0640183634455,-0.00182460846644,-0.997947052676
3.286,1.478133015,2.682683071,3.062950485,-82.456234566,-2.77630895355,7.87874015975,-0.064012044334,-0.00182398102916,-0.997947459175
3.287,1.47803992,2.682561328,3.06279893,-82.2251838424,-2.76307266553,7.87882339695,-0.0640099258828,-0.00182560820985,-0.997947592082
3.288,1.478121482,2.68260388,3.06287556,-82.0237149012,-2.75076939542,7.87873646756,-0.0640106655902,-0.00182418440463,-0.99794754724
3.289,1.478000654,2.682366729,3.062609541,-81.8506217563,-2.74049752557,7.8788588125,-0.0640065370623,-0.00182629847595,-0.997947808178
3.29,1.478125034,2.682534329,3.062816358,-81.702510608,-2.73273719743,7.87873873797,-0.0640094539696,-0.00182412441679,-0.997947625065
3.291,1.478148263,2.682049167,3.062402655,-81.575031409,-2.72724407889,7.87871668166,-0.0640010042258,-0.00182373101678,-0.997948167724
3.292,1.478141633,2.68198572,3.062343888,-81.4679962226,-2.72432772629,7.87872588887,-0.0639998998074,-0.0018238476029,-0.997948238339
3.293,1.478187601,2.681786897,3.062191951,-81.3765062746,-2.72384814943,7.87867727246,-0.0639964358857,-0.00182305084724,-0.997948461936
3.295,1.478255472,2.681337019,3.061830735,-81.2296067364,-2.72846409972,7.87862875611,-0.0639885999873,-0.00182187714133,-0.997948966549
3.296,1.478219922,2.681242191,3.061730528,-81.1733940046,-2.7329326598,7.87866295853,-0.0639869495706,-0.00182249984035,-0.997949071235
3.297,1.478469824,2.681103623,3.061729847,-81.1242227905,-2.73690843955,7.87841824845,-0.0639845323247,-0.00181814298333,-0.997949234169
3.298,1.478440257,2.68129271,3.061881152,-81.077863776,-2.74079404158,7.87846331375,-0.0639878263868,-0.00181865422322,-0.99794902203
3.299,1.478458008,2.681215861,3.061822427,-81.0264873485,-2.74645025513,7.87845003952,-0.0639864869138,-0.00181834608061,-0.997949108477
3.3,1.478560133,2.681380282,3.062015722,-80.96657244,-2.75313491754,7.87835271592,-0.0639893495147,-0.00181656129718,-0.997948928179
3.301,1.478568988,2.681370938,3.062011816,-80.8971972954,-2.7587525903,7.87834554769,-0.0639891867954,-0.00181640674962,-0.997948938894
3.302,1.478553331,2.681544957,3.062156643,-80.8196518848,-2.76278500872,7.87837336641,-0.0639922177285,-0.00181667520817,-0.997948744055
3.303,1.478602131,2.68184687,3.062444594,-80.7341591003,-2.76506260952,7.87832300265,-0.0639974748038,-0.00181581695495,-0.9979484085
3.304,1.47842967,2.681983317,3.062480825,-80.6399692503,-2.7660678743,7.87850157719,-0.0639998531399,-0.00181882256772,-0.997948250503
3.305,1.47843395,2.681862508,3.062377092,-80.5421826501,-2.76611369703,7.87848963087,-0.0639977488578,-0.00181875051532,-0.997948385583
3.306,1.478430959,2.682570877,3.062996019,-80.4426740667,-2.7643398354,7.87849450441,-0.0640100858306,-0.00181878589182,-0.99794759428
3.307,1.478396205,2.682405649,3.062834537,-80.3393285235,-2.75941822611,7.8785242512,-0.0640072088155,-0.00181939627618,-0.9979477777
3.308,1.478463717,2.682553142,3.062996298,-80.2366017298,-2.75127710461,7.87844174546,-0.0640097768906,-0.00181821517164,-0.997947615136
3.309,1.4784085,2.682737595,3.063131191,-80.1375052548,-2.74113875412,7.87849818393,-0.0640129896032,-0.00181917343183,-0.997947407317
3.31,1.47843237,2.682373532,3.062823866,-80.0441593551,-2.73025822681,7.8784527769,-0.0640066489645,-0.00181876651801,-0.997947814756
3.311,1.478532341,2.682667748,3.063129793,-79.9624844519,-2.71912292899,7.87834565313,-0.0640117712274,-0.00181701467217,-0.997947489401
3.312,1.478507938,2.682537443,3.063003894,-79.8944715867,-2.70780272288,7.8783686173,-0.0640095029208,-0.00181744393162,-0.997947634114
3.313,1.478520276,2.682287052,3.062790564,-79.8420149734,-2.69661387567,7.8783382903,-0.0640051417112,-0.00181723475653,-0.997947914218
3.314,1.478699306,2.682021344,3.062644303,-79.8090874922,-2.6863189195,7.87815096423,-0.0640005119482,-0.00181411702324,-0.997948216818
3.315,1.478642592,2.681942908,3.062548233,-79.7936379858,-2.67821018051,7.87820211554,-0.0639991468699,-0.00181510847851,-0.997948302559
3.316,1.478750786,2.68207151,3.06271309,-79.7847606599,-2.67220122404,7.8780816078,-0.0640013850108,-0.00181321833446,-0.997948162459
3.317,1.478687016,2.681671466,3.062331978,-79.7763378318,-2.66724616086,7.87814884488,-0.0639944187714,-0.00181434033809,-0.997948607161
3.318,1.478670532,2.681588065,3.062250985,-79.7691986173,-2.66386148507,7.87818225156,-0.0639929666866,-0.00181462992032,-0.99794869975
3.319,1.478725774,2.681467664,3.062172227,-79.7605979543,-2.6626790181,7.87813475622,-0.063990868277,-0.00181366882796,-0.997948836055
3.32,1.47884898,2.681798898,3.062521777,-79.7438137639,-2.66330060057,7.87801970509,-0.063996635705,-0.0018115117471,-0.997948470134
3.321,1.478791158,2.681373258,3.062121134,-79.7182604412,-2.66550053218,7.87808035812,-0.0639892239424,-0.00181253035396,-0.99794894356
3.322,1.478695172,2.681440316,3.062133501,-79.6845376848,-2.66983682061,7.87818935842,-0.0639903923922,-0.00181420382315,-0.997948865597
3.323,1.47879559,2.681707661,3.062416101,-79.6398418221,-2.67589602045,7.87810108532,-0.0639950469278,-0.00181244520478,-0.997948570324
3.324,1.478722962,2.681421624,3.062130553,-79.5855801205,-2.68271955304,7.87818782408,-0.0639900673344,-0.00181371886559,-0.997948887322
3.325,1.478921269,2.681754071,3.062517431,-79.5268844628,-2.68889385857,7.87799123536,-0.0639958532579,-0.00181025167245,-0.997948522598
3.326,1.478838371,2.682233627,3.062897347,-79.462931915,-2.69402541042,7.87809360632,-0.0640042061975,-0.00181168626456,-0.997947984307
3.327,1.478889824,2.682145269,3.062844814,-79.3947471402,-2.69786800655,7.87803089788,-0.0640026673338,-0.00181079070816,-0.997948084627
3.328,1.478866014,2.6821382,3.062827127,-79.326868486,-2.70017666647,7.87806247488,-0.0640025439209,-0.00181120601886,-0.997948091789
3.329,1.479014006,2.681727042,3.062538548,-79.2649261205,-2.70136887928,7.87791878034,-0.0639953813612,-0.00180863385767,-0.997948555792
3.33,1.478858171,2.682110604,3.062799174,-79.2123123826,-2.70219102342,7.87806743155,-0.0640020634644,-0.00181134330791,-0.997948122353
3.331,1.478933465,2.681998953,3.062737759,-79.1665410341,-2.70261354021,7.87799401983,-0.0640001179719,-0.00181003299693,-0.9979482495
3.332,1.478850139,2.682636319,3.063255679,-79.1231711766,-2.70229321424,7.87807478281,-0.0640112190069,-0.00181147075724,-0.997947534901
3.333,1.478949471,2.682301067,3.063010048,-79.0829086092,-2.699802708,7.87795770693,-0.0640053790243,-0.0018097462409,-0.997947912606
3.334,1.479035459,2.681849715,3.062656328,-79.0527719646,-2.69483057143,7.87787310141,-0.0639975173206,-0.00180825668754,-0.997948419501
3.335,1.478979254,2.681950763,3.062717671,-79.0350501952,-2.68831098607,7.87791756445,-0.063999278683,-0.00180923486221,-0.997948304772
3.336,1.479083731,2.682042052,3.062848062,-79.0241085125,-2.68129180951,7.87780597418,-0.0640008668769,-0.00180740951086,-0.997948206226
3.337,1.479153607,2.681912716,3.062768553,-79.0184828101,-2.67433673215,7.877721492,-0.063998612836,-0.00180619383265,-0.997948352982
3.338,1.479194363,2.681869138,3.062750078,-79.0195166741,-2.66786458851,7.87769192147,-0.0639978531002,-0.00180548417892,-0.997948402988
3.339,1.479152582,2.681555079,3.062454898,-79.0255986426,-2.66181001843,7.87771780217,-0.0639923843316,-0.0018062198714,-0.99794875235
3.34,1.479290277,2.681588066,3.06255029,-79.0313139787,-2.65585439199,7.8775881004,-0.0639929569611,-0.00180381750933,-0.997948719976
3.341,1.479315464,2.681566978,3.062543991,-79.033568296,-2.65042334676,7.87756203167,-0.0639925899896,-0.00180337831873,-0.997948744302
3.342,1.479337491,2.681391865,3.062401304,-79.0324689218,-2.64549359265,7.87752902742,-0.0639895393369,-0.00180299782907,-0.997948940605
3.343,1.479196414,2.681589741,3.06250642,-79.0294912985,-2.6409798061,7.87767539905,-0.0639929874292,-0.00180545498956,-0.997948715061
3.344,1.479329589,2.681756259,3.06271655,-79.0219607464,-2.63761950859,7.87754752034,-0.0639958852877,-0.00180312694953,-0.997948533442
3.345,1.479325007,2.681721423,3.062683834,-79.0048401142,-2.63490773543,7.87755055898,-0.0639952792355,-0.00180320842071,-0.997948572159
3.346,1.479292824,2.681701918,3.06265121,-78.9767991566,-2.6328421424,7.87759094001,-0.0639949400954,-0.00180377026518,-0.997948592892
3.347,1.479298919,2.681843801,3.06277839,-78.9441532921,-2.63238824032,7.87759018665,-0.0639974105121,-0.00180366054611,-0.997948434668
3.348,1.479403526,2.682138073,3.063086586,-78.909046509,-2.63428720944,7.87749989815,-0.064002534281,-0.00180182777594,-0.997948109384
3.349,1.479315594,2.68211661,3.063025324,-78.8699305057,-2.63868905507,7.87758290112,-0.0640021614334,-0.00180336275657,-0.997948130523
3.35,1.479439717,2.682106249,3.0630762,-78.8295413522,-2.64408982125,7.87747299081,-0.0640019788962,-0.00180119760912,-0.99794814614
3.351,1.479424658,2.682320089,3.063256172,-78.791853857,-2.6499369093,7.87750856601,-0.0640057033635,-0.00180145560212,-0.997947906804
3.352,1.479445157,2.681793125,3.062804653,-78.7595366767,-2.65715005485,7.87748616639,-0.0639965264456,-0.00180110980225,-0.997948495969
3.353,1.479424571,2.682079784,3.063045711,-78.7347860024,-2.6646257919,7.87751268761,-0.0640015188912,-0.00180146257356,-0.997948175164
3.354,1.479507559,2.682065823,3.063073571,-78.7143644373,-2.67052844583,7.87743365512,-0.0640012745852,-0.00180001458915,-0.997948193444
3.355,1.479490451,2.682137549,3.063128111,-78.6944896301,-2.67461906773,7.87745228738,-0.0640025231662,-0.00180031166476,-0.997948112833
3.356,1.479507878,2.682070359,3.063077696,-78.6758119223,-2.67636133774,7.87742705387,-0.0640013533606,-0.00180000936804,-0.997948188402
3.357,1.479590179,2.681925382,3.062990509,-78.6616441078,-2.67513937107,7.87734004854,-0.063998827608,-0.00179857653314,-0.997948352966
3.358,1.479618126,2.681746682,3.062847542,-78.6560625256,-2.67194439055,7.87730877613,-0.0639957143,-0.0017980938302,-0.997948553489
3.359,1.479556959,2.681650072,3.062733404,-78.6589597224,-2.66840798774,7.87736412425,-0.0639940326171,-0.00179916277629,-0.997948659402
3.36,1.479688261,2.681923144,3.063035929,-78.6661084696,-2.6648877797,7.87722778933,-0.0639987867688,-0.00179686570106,-0.997948358667
3.361,1.479762633,2.68179855,3.062962768,-78.6706231727,-2.65989117513,7.87714505417,-0.0639966155033,-0.00179557148781,-0.997948500238
3.362,1.479754398,2.681575366,3.06276338,-78.6713917815,-2.65262646626,7.87715653842,-0.0639927294198,-0.00179571998397,-0.997948749171
3.363,1.4797722,2.681837282,3.063001301,-78.6696621238,-2.64430730033,7.87713746556,-0.0639972905925,-0.00179540307185,-0.997948457248
3.364,1.479857308,2.681624914,3.062856483,-78.6637071614,-2.6364954093,7.87704436585,-0.0639935907785,-0.00179392311015,-0.997948697168
3.365,1.479857622,2.681923766,3.063118292,-78.6550499154,-2.62957546461,7.87703339851,-0.0639987946907,-0.00179391077789,-0.997948363475
3.366,1.479842986,2.681874366,3.063067968,-78.6431417216,-2.62361936629,7.87706139653,-0.0639979350665,-0.00179416700419,-0.997948418142
3.367,1.479775524,2.681915154,3.063071089,-78.6279045841,-2.61883763253,7.87712997204,-0.0639986461174,-0.00179534332678,-0.997948370427
3.368,1.47974749,2.68217661,3.063286471,-78.6108869933,-2.6153666608,7.87716579271,-0.0640031997766,-0.001795826626,-0.99794807752
3.369,1.479750585,2.682571708,3.063633914,-78.5895825746,-2.61344755253,7.87716904391,-0.0640100807436,-0.00179576303185,-0.997947636301
3.37,1.479692402,2.682274742,3.063345784,-78.5604271316,-2.61247119687,7.87721963818,-0.0640049104323,-0.0017967853207,-0.99794796608
3.371,1.479839709,2.681991306,3.063168773,-78.5314087101,-2.6114783436,7.87707184901,-0.0639999718454,-0.00179422141028,-0.997948287424
3.372,1.479822776,2.682159933,3.063308237,-78.5083971659,-2.61080745292,7.87709998104,-0.0640029081268,-0.00179451279033,-0.997948098588
3.373,1.479872821,2.68219439,3.063362583,-78.4893964053,-2.61103992745,7.87704417303,-0.0640035081383,-0.00179363946289,-0.997948061676
3.374,1.479936862,2.682266147,3.063456349,-78.4761850155,-2.61159950601,7.87697865385,-0.0640047567833,-0.00179252065588,-0.997947983604
3.375,1.479934554,2.682260488,3.063450279,-78.4678944568,-2.61165257531,7.87698485566,-0.0640046584283,-0.00179256084923,-0.99794798984
3.376,1.479930917,2.681964519,3.063189384,-78.4610433206,-2.61170907557,7.87699328885,-0.0639995032593,-0.00179263107987,-0.997948320333
3.377,1.479947897,2.682061496,3.063282496,-78.4580702648,-2.61267067572,7.8769821607,-0.0640011919833,-0.00179233299668,-0.997948212568
3.378,1.479904613,2.682227417,3.063406858,-78.4585916601,-2.61449180397,7.8770229951,-0.0640040823993,-0.00179308347078,-0.997948025845
3.379,1.479831601,2.68190934,3.06309309,-78.4598749971,-2.61666098688,7.87709787539,-0.0639985439182,-0.00179436474745,-0.997948378741
3.38,1.480047957,2.681564434,3.062895651,-78.4655069201,-2.61858443257,7.87688275267,-0.0639925339065,-0.00179059848685,-0.99794877091
3.381,1.479932513,2.681725579,3.062980954,-78.4746467989,-2.61967503797,7.87700711597,-0.063995342066,-0.00179260865667,-0.997948587227
3.382,1.480021109,2.681571548,3.062888906,-78.4821933479,-2.6197468203,7.87691606825,-0.063992658566,-0.00179106701225,-0.997948762076
3.383,1.480060478,2.681759434,3.063072425,-78.4873650095,-2.61910962906,7.8768752859,-0.0639959299867,-0.00179037598409,-0.997948553533
3.384,1.480149167,2.681598029,3.06297397,-78.491715711,-2.6180691119,7.87678297993,-0.0639931181704,-0.00178883264313,-0.997948736612
3.387,1.480052173,2.681776266,3.063083149,-78.4918142312,-2.61284173083,7.87687524254,-0.0639962231473,-0.00179051966459,-0.997948534476
3.388,1.48007444,2.681681294,3.063010759,-78.4868047486,-2.61089185056,7.87684181071,-0.0639945691083,-0.00179013388667,-0.997948641236
3.389,1.480174632,2.681724566,3.063097058,-78.4815728611,-2.60904000709,7.87674756524,-0.0639953216424,-0.00178838530677,-0.997948596114
3.39,1.480144678,2.682054103,3.063371097,-78.4697410842,-2.60713072849,7.87676829688,-0.0640010604293,-0.00178889992284,-0.997948227165
3.391,1.48014602,2.681903048,3.063239494,-78.4487170098,-2.6052996631,7.87677371928,-0.0639984296038,-0.00178887942783,-0.99794839592
3.392,1.480159742,2.681814771,3.063168838,-78.4260443086,-2.60398015715,7.8767638821,-0.0639968920054,-0.00178864225675,-0.99794849495
3.393,1.480155277,2.68199892,3.063327905,-78.4055668109,-2.60348043572,7.87676151449,-0.0640000990348,-0.00178871562396,-0.997948289151
3.394,1.480111471,2.682115335,3.063408663,-78.3871667365,-2.60300625286,7.87679638162,-0.0640021272116,-0.00178947717803,-0.997948157714
3.395,1.480123593,2.682152694,3.063447229,-78.3701670161,-2.60215446553,7.87679948313,-0.0640027778361,-0.00178926502438,-0.997948116367
3.396,1.480138982,2.682667638,3.063905524,-78.3521165886,-2.60109513477,7.87678200843,-0.0640117453058,-0.0017889844487,-0.997947541706
3.397,1.479966688,2.682179017,3.063394469,-78.3311012838,-2.60062118939,7.87696829042,-0.0640032383997,-0.00179200241401,-0.997948081917
3.398,1.480200157,2.681934419,3.063293119,-78.3153836116,-2.6029166376,7.87673327792,-0.0639989754754,-0.00178793433138,-0.997948362606
3.399,1.480107806,2.682022112,3.063325273,-78.3110140096,-2.60712029786,7.8768244737,-0.0640005045565,-0.00178954397391,-0.997948261659
3.4,1.480165182,2.682254586,3.063556532,-78.3128157264,-2.61145944833,7.87677947965,-0.0640045520363,-0.00178853701496,-0.997948003883
3.401,1.480246555,2.682107427,3.063467008,-78.3131083461,-2.61536654811,7.87668943729,-0.064001987739,-0.00178712055046,-0.997948170881
3.402,1.480191497,2.681677844,3.063064303,-78.3125543986,-2.61795293029,7.87674514039,-0.0639945070231,-0.00178809137519,-0.997948648879
3.403,1.48035327,2.681724171,3.06318304,-78.3174330078,-2.61874435533,7.87658976558,-0.0639953119947,-0.00178526833578,-0.997948602314
3.404,1.48038232,2.681739638,3.06321062,-78.3286498298,-2.61777503983,7.87656201287,-0.0639955802002,-0.00178476088004,-0.997948586022
3.405,1.480360392,2.682068409,3.063487855,-78.340629298,-2.61577418748,7.8765824165,-0.0640013071117,-0.00178513534615,-0.997948218085
3.406,1.480304089,2.681999152,3.063400014,-78.348581302,-2.61404948447,7.87664010321,-0.0640001017006,-0.00178611932946,-0.997948293631
3.407,1.480281913,2.681919714,3.063319751,-78.3528214775,-2.61280090138,7.87665335656,-0.0639987186146,-0.0017865086559,-0.997948381632
3.408,1.48038968,2.681906132,3.063359938,-78.3549610539,-2.61196682316,7.87654597072,-0.0639984797425,-0.00178462896748,-0.997948400314
3.409,1.480291176,2.682279034,3.063638813,-78.352651815,-2.61135258674,7.87664579363,-0.064004976067,-0.00178633838145,-0.997947980625
3.41,1.480407758,2.682146052,3.06357872,-78.3451589554,-2.61080592315,7.8765357511,-0.0640026579882,-0.00178430779186,-0.997948132929
3.411,1.480438667,2.682237827,3.063674004,-78.3364692669,-2.61033956389,7.87649781862,-0.0640042563746,-0.00178376637516,-0.997948031384
3.412,1.480337543,2.682238132,3.063625408,-78.3269346052,-2.60936860853,7.87660176869,-0.0640042626224,-0.00178553003579,-0.997948027829
3.413,1.480356225,2.682220246,3.063618776,-78.3161245835,-2.60831482315,7.87657172532,-0.0640039512614,-0.00178520525085,-0.99794804838
3.414,1.480420528,2.68232143,3.063738434,-78.3048436618,-2.60705097241,7.87651441922,-0.0640057119506,-0.00178408041032,-0.997947937467
3.415,1.480439284,2.682319025,3.063745392,-78.2934589189,-2.60556341595,7.87650608033,-0.0640056696565,-0.00178375289312,-0.997947940765
3.416,1.480304599,2.682486156,3.063826641,-78.2824324129,-2.60462087971,7.87663138978,-0.0640085828601,-0.00178609925359,-0.997947749719
3.417,1.480407243,2.682123094,3.063558371,-78.2748010206,-2.60393600722,7.87651551212,-0.0640022585682,-0.00178431704991,-0.997948158529
3.418,1.480416423,2.682184967,3.063616977,-78.2736213252,-2.60284657369,7.87651206347,-0.0640033352884,-0.00178415573139,-0.997948089762
3.419,1.48028317,2.682137514,3.063511042,-78.2756240029,-2.60195005553,7.87664575872,-0.0640025114292,-0.0017864813239,-0.99794813844
3.42,1.48043943,2.682263253,3.063696634,-78.2753839226,-2.60189964099,7.87649877987,-0.064004698306,-0.0017837523137,-0.997948003066
3.421,1.480478842,2.682292821,3.063741565,-78.2725745457,-2.60235044807,7.87645089773,-0.0640052127605,-0.00178306334769,-0.997947971301
3.422,1.480560113,2.682069355,3.063585199,-78.2708794955,-2.60248090005,7.87635954937,-0.0640013202842,-0.00178165159403,-0.997948223466
3.423,1.480575996,2.682136576,3.063651725,-78.2728225267,-2.60229203578,7.87634617696,-0.0640024901658,-0.00178137241588,-0.997948148936
3.424,1.480559976,2.682063228,3.063579769,-78.2761872051,-2.60232176093,7.87637007984,-0.0640012129862,-0.0017816542017,-0.997948230343
3.425,1.480414448,2.682139333,3.06357607,-78.2797729933,-2.60377909336,7.87653093412,-0.0640025414423,-0.0017841907648,-0.997948140613
3.426,1.480575027,2.681841572,3.063392993,-78.2837299721,-2.60594522102,7.87635800763,-0.0639973532779,-0.00178139626208,-0.99794847833
3.427,1.48048701,2.681646012,3.063179251,-78.2884757247,-2.60796659918,7.87644986467,-0.0639939487048,-0.00178293638339,-0.997948693905
3.428,1.480488426,2.681714929,3.063240268,-78.2935552946,-2.60903513791,7.87643559776,-0.0639951489891,-0.00178291020254,-0.997948616982
3.429,1.480493354,2.682136906,3.063612076,-78.295756773,-2.60891556296,7.87644311405,-0.0640024976179,-0.00178281394443,-0.997948145884
3.43,1.480575556,2.681827753,3.063381151,-78.2935697177,-2.6084225595,7.87636202542,-0.0639971120467,-0.00178138796356,-0.997948493814
3.431,1.480453326,2.682433802,3.063852665,-78.2885134164,-2.60802986552,7.87648812598,-0.0640076687698,-0.00178350515697,-0.997947812988
3.432,1.480542275,2.682045929,3.063556069,-78.2821921686,-2.60801800993,7.87639836828,-0.0640009122879,-0.00178196300208,-0.997948249076
3.433,1.480505447,2.681903725,3.063413777,-78.2765561415,-2.60854845273,7.87643298682,-0.0639984360628,-0.00178260895943,-0.997948406726
3.434,1.48059158,2.682291744,3.063795102,-78.2715989599,-2.60885416368,7.87633796325,-0.0640051928635,-0.00178109681085,-0.997947976089
3.435,1.480568799,2.68220889,3.063711556,-78.2629510539,-2.60795517599,7.8763666804,-0.0640037501204,-0.00178149591102,-0.997948067909
3.436,1.480621293,2.681910287,3.06347551,-78.2528085166,-2.60590941328,7.87631130905,-0.0639985487026,-0.00178058758857,-0.997948403111
3.437,1.480591692,2.682355551,3.063851018,-78.2440382444,-2.60286316744,7.87633312529,-0.064006304109,-0.00178109372464,-0.997947904822
3.438,1.480563951,2.682318604,3.063805266,-78.2354277654,-2.59878493883,7.87635548099,-0.0640056608044,-0.00178157848854,-0.997947945217
3.439,1.480605949,2.68207903,3.063615821,-78.2275758658,-2.59454035539,7.87632036261,-0.0640014884336,-0.0017808513658,-0.997948214111
3.44,1.480536668,2.682285581,3.063763171,-78.2320869642,-2.59121437608,7.87639281962,-0.0640050859122,-0.00178205504439,-0.997947981238
3.441,1.480547951,2.68206194,3.06357283,-78.2630670821,-2.58906268586,7.87637898571,-0.0640011909099,-0.0017818633971,-0.997948231385
3.442,1.480723169,2.682136427,3.063722722,-78.3150434309,-2.5871641957,7.87620248306,-0.0640024859575,-0.00177880526,-0.997948153785
3.443,1.480651222,2.682089008,3.063646437,-78.3671903734,-2.58516663272,7.87627988972,-0.0640016614777,-0.00178006168084,-0.997948204422
3.444,1.480700518,2.682075281,3.063658244,-78.4056685833,-2.58339702135,7.87622229687,-0.0640014211034,-0.00177920153543,-0.997948221372
3.445,1.480626809,2.682066925,3.063615305,-78.4285303953,-2.58223264886,7.8763032898,-0.064001277343,-0.00178048767754,-0.997948228297
3.446,1.480638272,2.682246374,3.063777947,-78.4297243388,-2.58154347727,7.87629426884,-0.064004401826,-0.00178028316817,-0.997948028275
3.447,1.480753263,2.682076344,3.063684667,-78.3994099709,-2.58085880229,7.87617323431,-0.0640014388031,-0.00177828094331,-0.997948221877
3.448,1.480724679,2.681699419,3.06334088,-78.3509142563,-2.5800789503,7.87620788898,-0.0639948747361,-0.00177878915373,-0.997948641923
3.449,1.480719638,2.682100244,3.063689339,-78.3030299148,-2.57936921417,7.87620985563,-0.064001855277,-0.00177886717061,-0.997948194123
3.45,1.480744606,2.682048403,3.063656022,-78.2579105929,-2.5788862875,7.87618752484,-0.0640009524882,-0.001778433157,-0.997948252795
3.451,1.480604627,2.681933509,3.063487785,-78.2169185593,-2.57854296715,7.87632231149,-0.063998953996,-0.00178087781699,-0.997948376602
3.452,1.480650639,2.682211589,3.063753469,-78.1853491053,-2.57844443813,7.87627582931,-0.0640037956541,-0.00178006896017,-0.997948067535
3.453,1.480477564,2.681920904,3.063415341,-78.168424095,-2.57889820043,7.87644947622,-0.0639987359186,-0.00178309484254,-0.997948386628
3.454,1.480702951,2.681919441,3.063522992,-78.1635889285,-2.58003778877,7.87622716055,-0.0639987074035,-0.00177916265853,-0.997948395475
3.455,1.480716686,2.68188896,3.063502946,-78.1648880702,-2.58131749773,7.87620663918,-0.0639981764129,-0.00177892390112,-0.997948429953
3.456,1.480798429,2.681923097,3.063572341,-78.1698830793,-2.58195991072,7.87613319134,-0.0639987691433,-0.00177749742392,-0.997948394483
3.457,1.480761496,2.68210806,3.063716412,-78.1772280668,-2.58201910588,7.87617307712,-0.0640019911147,-0.00177813653244,-0.997948186713
3.458,1.480685029,2.682169804,3.063733509,-78.1693875913,-2.58156240959,7.87624964895,-0.0640030680611,-0.00177946987439,-0.997948115267
3.459,1.480699617,2.682191225,3.063759312,-78.1292420158,-2.58021874342,7.87623567585,-0.0640034406541,-0.00177921405463,-0.997948091827
3.46,1.480709168,2.68217164,3.063746783,-78.0740399312,-2.57805927843,7.87623350233,-0.0640030997809,-0.0017790485881,-0.997948113984
3.461,1.48063089,2.682193348,3.063727956,-78.0287590006,-2.57527154139,7.87630624886,-0.0640034780744,-0.00178041374832,-0.997948087288
3.462,1.480682919,2.682029307,3.063609491,-77.9987616568,-2.57230203225,7.87624215648,-0.0640006213847,-0.00177950965864,-0.99794827211
3.463,1.480780846,2.682003138,3.063633912,-77.9922549035,-2.56894820435,7.87614274324,-0.0640001641203,-0.00177780134083,-0.99794830448
3.464,1.480723232,2.682392902,3.063947286,-78.0140426958,-2.56579641696,7.87620442013,-0.0640069528376,-0.00177879714007,-0.99794786731
3.465,1.480732133,2.682318898,3.0638868,-78.0474281993,-2.56363649294,7.87620282726,-0.0640056634586,-0.0017786439774,-0.997947950281
3.466,1.480668595,2.682436166,3.063958758,-78.0780558102,-2.56243384783,7.8762616201,-0.0640077063343,-0.00177974977948,-0.997947817283
3.467,1.480871378,2.682263948,3.063905992,-78.1042696656,-2.56175823133,7.87606445479,-0.0640047041041,-0.00177621642743,-0.997948016135
3.468,1.480808321,2.681875845,3.063535757,-78.1303532311,-2.56177189645,7.87612794854,-0.0639979462214,-0.00177732594091,-0.997948447562
3.469,1.480701652,2.682030909,3.063619947,-78.1617591131,-2.56238828114,7.87623980907,-0.0640006481525,-0.00177918268431,-0.997948270977
3.47,1.480953734,2.682401697,3.064066388,-78.1956707817,-2.56292792651,7.87597315209,-0.0640071019354,-0.00177477620558,-0.997947864906
3.471,1.480920713,2.682029786,3.063724845,-78.2276840065,-2.56314148943,7.87601456292,-0.0640006260398,-0.00177536132206,-0.9979482792
3.472,1.480840674,2.682154468,3.063795308,-78.2564785591,-2.56406241393,7.87610770233,-0.064002798785,-0.00177675439061,-0.997948137376
3.473,1.48098949,2.682156687,3.063869182,-78.2772228318,-2.56570778279,7.87595376375,-0.0640028344445,-0.00177415795393,-0.997948139708
3.474,1.480929754,2.682225572,3.063900611,-78.2875617942,-2.5675285449,7.87601901731,-0.0640040348556,-0.00177519897104,-0.997948060868
3.475,1.481025249,2.682049288,3.06379245,-78.2909515268,-2.56941729722,7.87591751583,-0.0640009636657,-0.00177353648214,-0.997948260792
3.476,1.480881683,2.68212291,3.063787503,-78.2916943658,-2.57117160665,7.87606611106,-0.0640022477985,-0.00177603949324,-0.997948173985
3.477,1.481002607,2.681940004,3.063685837,-78.2830327607,-2.57226392678,7.87593605792,-0.0639990606423,-0.0017739339335,-0.99794838213
3.478,1.480815072,2.682265203,3.063879876,-78.2520298627,-2.57222829217,7.87611356769,-0.0640047276005,-0.00177719844839,-0.99794801288
3.479,1.480869223,2.682322725,3.063956405,-78.2043488728,-2.57130451814,7.87606324498,-0.0640057281709,-0.00177625206192,-0.997947950391
3.48,1.48098233,2.682234114,3.063933501,-78.1568407946,-2.56974529413,7.87594954959,-0.0640041828722,-0.00177428111391,-0.997948053007
3.481,1.480954255,2.682247184,3.063931373,-78.1203301834,-2.56791115319,7.87598704658,-0.0640044113818,-0.00177477036998,-0.997948037482
3.482,1.480880852,2.682112191,3.063777717,-78.0964251875,-2.56647113534,7.87605311906,-0.0640020613094,-0.00177605393935,-0.99794818592
3.483,1.480836157,2.681959297,3.063622267,-78.0926355987,-2.56659299013,7.87610180582,-0.0639993996567,-0.00177683824093,-0.997948355222
3.484,1.480966699,2.682053038,3.06376743,-78.119069965,-2.56902014148,7.87596997161,-0.0640010297153,-0.00177455777419,-0.997948254741
3.485,1.48089346,2.682369303,3.064008896,-78.1620952299,-2.57314252754,7.87605179701,-0.0640065390143,-0.00177582844662,-0.997947899139
3.486,1.480951168,2.682185607,3.063875975,-78.2022650562,-2.57684753995,7.87598404218,-0.0640033392425,-0.00177482613281,-0.997948106145
3.487,1.480860795,2.682170351,3.063818938,-78.2350293092,-2.57958423547,7.87608600203,-0.0640030745023,-0.00177640325232,-0.997948120318
3.488,1.480989947,2.68228195,3.06397906,-78.262609797,-2.58170979689,7.87595093997,-0.0640050163152,-0.00177414723544,-0.997947999792
3.489,1.481001881,2.681943239,3.063688318,-78.2869122041,-2.5832308902,7.87592826324,-0.0639991176502,-0.00177394686898,-0.997948378451
3.49,1.481070317,2.682209315,3.063954323,-78.3075417715,-2.58421543062,7.87587303262,-0.0640037503727,-0.00177274648422,-0.997948083473
3.491,1.481063801,2.681913217,3.063691971,-78.3251429322,-2.5851310582,7.87586533177,-0.0639985937475,-0.00177286686214,-0.997948413968
3.492,1.481146908,2.682034538,3.063838349,-78.3416355864,-2.58545646891,7.87578513021,-0.0640007050962,-0.00177141470912,-0.997948281143
3.493,1.481093128,2.682075887,3.063848547,-78.352499062,-2.5853877977,7.87584511704,-0.0640014258615,-0.00177235137028,-0.997948233256
3.494,1.480926762,2.682310791,3.063973769,-78.3526911361,-2.58593736604,7.87601000485,-0.0640055192537,-0.00177524912034,-0.997947965575
3.495,1.481009225,2.682172202,3.063892303,-78.3428962323,-2.58650031259,7.87591536559,-0.0640031045895,-0.00177381367378,-0.997948122994
3.496,1.480937891,2.682068749,3.063767258,-78.3255313189,-2.58628241005,7.8760000652,-0.0640013040965,-0.00177506018584,-0.99794823625
3.497,1.48093155,2.682282925,3.063951688,-78.3040106966,-2.58627355787,7.87600981941,-0.064005034244,-0.00177516545307,-0.997947996831
3.498,1.480921263,2.682222022,3.063893399,-78.2820162079,-2.58686870381,7.87602014873,-0.0640039738447,-0.00177534723175,-0.997948064518
3.499,1.480952787,2.682429436,3.064090213,-78.2626760371,-2.58781110046,7.87598778072,-0.0640075854418,-0.00177479227558,-0.997947833866
3.5,1.481069488,2.68207339,3.063834933,-78.2467882428,-2.58873438451,7.87586274525,-0.0640013830207,-0.00177276461754,-0.997948235269
3.501,1.481056515,2.682388061,3.064104128,-78.2345606409,-2.58940282856,7.87588101289,-0.064006863415,-0.00177298270136,-0.997947883393
3.502,1.481153349,2.68197471,3.063789091,-78.2243064503,-2.59035697313,7.87579085003,-0.063999663556,-0.00177130322563,-0.997948348137
3.503,1.48106307,2.682151712,3.063900394,-78.2164523313,-2.59213660956,7.8758843115,-0.064002746559,-0.00177287466907,-0.997948147625
3.504,1.481092046,2.682201366,3.063957868,-78.2100912862,-2.59395981317,7.87585122902,-0.0640036116595,-0.00177236791745,-0.997948093042
3.505,1.48108635,2.682101547,3.063867733,-78.2050727716,-2.59479636945,7.87585487941,-0.0640018731955,-0.00177246926859,-0.997948204357
3.506,1.481078585,2.682244362,3.063989,-78.2028064645,-2.59463035448,7.87586141891,-0.0640043604758,-0.0017726010755,-0.997948044602
3.507,1.481085076,2.682102105,3.063867605,-78.2023348368,-2.59401554321,7.87585532613,-0.0640018824116,-0.00177249112332,-0.997948203728
3.508,1.480982123,2.682114559,3.063828741,-78.2046917543,-2.59345159392,7.87596118535,-0.0640021015443,-0.00177428707585,-0.997948186482
3.509,1.481043594,2.682332377,3.064049136,-78.2088909245,-2.59303241588,7.8758872259,-0.0640058939411,-0.00177320954143,-0.99794794517
3.51,1.481103141,2.682127352,3.063898439,-78.2135863504,-2.59216658524,7.87583520611,-0.0640023218262,-0.00177217534044,-0.997948176107
3.511,1.481119831,2.682289029,3.064048039,-78.2196802771,-2.59116770492,7.87582506648,-0.0640051371344,-0.00177188040169,-0.99794799607
3.512,1.481152354,2.682352632,3.06411944,-78.2228482179,-2.59080203567,7.87577904242,-0.0640062452085,-0.0017713118427,-0.997947926011
3.513,1.48103045,2.68189194,3.063657222,-78.2231853971,-2.5907529256,7.87591195827,-0.0639982230501,-0.00177344953897,-0.997948436706
3.514,1.481022441,2.68201607,3.063762013,-78.2269116404,-2.59084234613,7.87591840954,-0.0640003851694,-0.00177358608229,-0.997948297804
3.515,1.48119816,2.681997142,3.06383039,-78.2322300583,-2.59122148264,7.87574390432,-0.0640000526622,-0.00177052120631,-0.997948324571
3.516,1.481050623,2.682239623,3.063971335,-78.2345367271,-2.59126887385,7.8758884699,-0.0640042782871,-0.00177308974722,-0.997948049005
3.517,1.481035072,2.682344218,3.064055383,-78.2295459295,-2.59119585132,7.87590981036,-0.0640060998765,-0.0017733581036,-0.997947931698
3.518,1.481044793,2.682079431,3.063828284,-78.2194977758,-2.59165250298,7.87589820978,-0.0640014880087,-0.00177319446565,-0.997948227772
3.519,1.481067238,2.682221589,3.06396358,-78.2101783865,-2.59235165402,7.87587007111,-0.064003963871,-0.00177279981221,-0.997948069686
3.52,1.481131476,2.68228189,3.064047419,-78.2014064029,-2.59249377002,7.87581625507,-0.0640050135352,-0.00177167814846,-0.997948004356
3.521,1.481085487,2.682239116,3.063987744,-78.1905009865,-2.59260661912,7.8758522359,-0.0640042687744,-0.0017724812804,-0.997948050696
3.522,1.48105907,2.682239472,3.063975286,-78.1775281973,-2.59289289596,7.8758816625,-0.0640042755037,-0.00177294242532,-0.997948049446
3.523,1.481000158,2.681921956,3.063668854,-78.1665725044,-2.59312990091,7.87593626894,-0.0639987470513,-0.00177397789525,-0.997948402162
3.524,1.48116299,2.68208417,3.06388957,-78.1628266678,-2.59342933414,7.87577504661,-0.064001569033,-0.00177113308313,-0.997948226237
3.525,1.48112328,2.682304019,3.064062829,-78.1639879556,-2.59311233289,7.87580916952,-0.0640053988931,-0.00177182058441,-0.997947979388
3.526,1.481207756,2.682430688,3.064214551,-78.1631235763,-2.59205701693,7.87572838679,-0.0640076029536,-0.00177034293771,-0.997947840646
3.527,1.48130598,2.682099097,3.063971764,-78.1606266973,-2.5913556823,7.8756277831,-0.0640018275137,-0.00176863782634,-0.997948214085
3.528,1.481076448,2.682087371,3.063850537,-78.1620052026,-2.59105577934,7.87585941971,-0.0640016260967,-0.00177264216866,-0.997948219898
3.529,1.481171292,2.68229822,3.064080961,-78.166691459,-2.5912676536,7.87576820491,-0.0640052972002,-0.00177098319266,-0.997947987397
3.53,1.481104776,2.682103275,3.063878153,-78.1733888904,-2.59171472748,7.87583027298,-0.0640019033013,-0.00177214835008,-0.997948202997
3.531,1.481067256,2.682021067,3.063788051,-78.1832134201,-2.59196593927,7.87587058044,-0.0640004717393,-0.00177280460563,-0.997948293641
3.532,1.481190863,2.682240974,3.064040309,-78.1920451701,-2.59290392201,7.87575318094,-0.0640042999464,-0.00177064280944,-0.997948051961
3.533,1.481161763,2.682237735,3.064023406,-78.1953835511,-2.59406691691,7.87578058043,-0.0640042440684,-0.00177115035365,-0.997948054644
3.534,1.481176371,2.682054479,3.063870048,-78.1960560868,-2.59469030698,7.87576447138,-0.0640010521105,-0.00177090001871,-0.997948259802
3.535,1.481174367,2.681993305,3.063815528,-78.2012734103,-2.59486337865,7.87576566924,-0.0639999867222,-0.00177093641937,-0.997948328063
3.536,1.481215072,2.682057237,3.063891172,-78.210796919,-2.5946975576,7.87571985774,-0.0640010993403,-0.0017702248905,-0.997948257971
3.537,1.481203753,2.682059573,3.063887745,-78.2186750646,-2.59465664671,7.87573320523,-0.0640011401212,-0.00177042199787,-0.997948255006
3.538,1.481215543,2.682257147,3.064066397,-78.2207347988,-2.59490666345,7.87571284878,-0.0640045813722,-0.00177021211309,-0.997948034675
3.539,1.481341471,2.682021412,3.063920921,-78.214987874,-2.59560017254,7.87559994152,-0.0640004737425,-0.00176802069095,-0.997948301999
3.54,1.481203607,2.681726565,3.06359617,-78.2084683455,-2.59837876041,7.8757378297,-0.063995341084,-0.00177043289308,-0.997948626878
3.541,1.481283235,2.682051898,3.063919451,-78.2070408313,-2.60346034293,7.87566501065,-0.0640010057474,-0.0017690356267,-0.997948266082
3.542,1.481331762,2.682088763,3.063975183,-78.2078877627,-2.6089634891,7.87561832244,-0.0640016466148,-0.00176818802638,-0.997948226484
3.543,1.481205825,2.682188956,3.064002006,-78.208177065,-2.61345578951,7.87574637153,-0.0640033932048,-0.0017703830122,-0.997948110576
3.544,1.481255857,2.682141414,3.063984575,-78.2070914653,-2.61637163386,7.87569093515,-0.0640025651905,-0.00176951110591,-0.997948165227
3.545,1.481289886,2.682098363,3.063963341,-78.2042237885,-2.61743398095,7.87565634727,-0.064001815071,-0.00176891855177,-0.997948214385
3.546,1.481299164,2.682037692,3.063914717,-78.2003565733,-2.61724955253,7.8756389055,-0.0640007576167,-0.00176875776149,-0.997948282488
3.547,1.481169574,2.68213635,3.06393843,-78.1966516425,-2.61705715031,7.87578026281,-0.0640024775097,-0.00177101685305,-0.997948168179
3.548,1.481399205,2.6823296,3.064218609,-78.1928149793,-2.61723686752,7.87554505636,-0.0640058402299,-0.00176700582189,-0.997947959619
3.549,1.481351707,2.682509586,3.064353204,-78.1878044948,-2.61700442765,7.87559155268,-0.0640089751309,-0.00176783051299,-0.997947757088
3.55,1.48133193,2.682222828,3.06409262,-78.1820385849,-2.61575351384,7.87561749115,-0.0640039815965,-0.0017681816854,-0.997948076742
3.551,1.481232449,2.682226695,3.064047913,-78.1787115055,-2.6143198485,7.87571920502,-0.064004050395,-0.00176991709226,-0.997948069253
3.552,1.481297702,2.682362995,3.064198773,-78.1787441189,-2.61305341049,7.87565226616,-0.0640064233315,-0.0017687754515,-0.997947919085
3.553,1.481310412,2.6820898,3.063965769,-78.1819045534,-2.61148679379,7.87562675949,-0.0640016651447,-0.00176856031775,-0.997948224635
3.554,1.481287943,2.682108039,3.063970872,-78.1873857902,-2.60959385742,7.87564919894,-0.0640019828189,-0.00176895206297,-0.997948203568
3.555,1.481294422,2.682154599,3.064014762,-78.1919080519,-2.60767047183,7.87564806075,-0.0640027934681,-0.00176883828528,-0.997948151779
3.556,1.48129657,2.68210848,3.063975429,-78.1936431428,-2.60610244636,7.87563942244,-0.0640019902711,-0.00176880135567,-0.997948203357
3.557,1.48140782,2.682193535,3.064103668,-78.1938981488,-2.60453402794,7.87552320928,-0.0640034697648,-0.00176685809446,-0.997948111913
3.558,1.481354348,2.681944484,3.063859807,-78.1956445985,-2.60268454638,7.87558048593,-0.0639991334675,-0.00176779764918,-0.997948388348
3.559,1.481280235,2.682152355,3.064005939,-78.2008216501,-2.60099091865,7.87565703081,-0.0640027545474,-0.00176908585702,-0.997948153836
3.56,1.481264113,2.682302718,3.064129769,-78.2064029983,-2.59968948315,7.875669791,-0.0640053740983,-0.00176936308169,-0.997947985338
3.561,1.481245009,2.682330676,3.064145008,-78.208816482,-2.59891965779,7.8756959414,-0.0640058610252,-0.00176969589301,-0.997947953518
3.562,1.481320625,2.68207069,3.063953978,-78.207871979,-2.59851841547,7.87562067601,-0.0640013322657,-0.00176838242846,-0.997948246299
3.563,1.481369017,2.68185487,3.063788456,-78.2071909384,-2.59833539533,7.87556237331,-0.0639975732493,-0.00176754409443,-0.997948488854
3.564,1.481252064,2.682326393,3.064144669,-78.2072464923,-2.59814345694,7.87569852376,-0.0640057861684,-0.00176957292622,-0.997947958537
3.565,1.481370842,2.682348665,3.064221587,-78.2024202326,-2.59791993224,7.87557012957,-0.0640061721336,-0.00176749956984,-0.997947937457
3.566,1.481495424,2.682391491,3.064319305,-78.1935551993,-2.59711186101,7.87544363575,-0.0640069161107,-0.00176532535289,-0.997947893588
3.567,1.481403535,2.682102802,3.064022173,-78.1880579638,-2.59585598587,7.87553904561,-0.0640018903052,-0.00176693584007,-0.997948213073
3.568,1.481360843,2.68237743,3.064241933,-78.1852094739,-2.59536602352,7.87558823278,-0.0640066738357,-0.00176767352469,-0.99794790497
3.569,1.481378794,2.68209881,3.064006716,-78.1822837945,-2.5957047597,7.87555979177,-0.0640018209439,-0.00176736739118,-0.997948216757
3.57,1.481341168,2.682082327,3.063974096,-78.1845487412,-2.59631972986,7.87559831364,-0.064001534972,-0.0017680241919,-0.997948233934
3.571,1.481266079,2.682495803,3.064299746,-78.1916720641,-2.59716207926,7.87567660509,-0.0640087366603,-0.00176932442225,-0.997947769737
3.572,1.481449496,2.682144071,3.064080519,-78.1971188511,-2.59759784295,7.87548987738,-0.064002608513,-0.00176613231301,-0.997948168434
3.573,1.48137059,2.681955189,3.063877031,-78.2023878814,-2.59748443945,7.87557280091,-0.0639993199396,-0.00176751430972,-0.997948376892
3.574,1.481463474,2.682127257,3.064072559,-78.2077456983,-2.59751695943,7.87548165551,-0.064002314769,-0.00176588902372,-0.997948187703
3.575,1.481326423,2.682212798,3.064081178,-78.2094390452,-2.59765491937,7.8756168351,-0.0640038068906,-0.00176827838616,-0.997948087776
3.576,1.481306754,2.682234562,3.064090721,-78.2086372885,-2.59754975299,7.87562544416,-0.0640041859468,-0.00176862059241,-0.997948062858
3.577,1.48134847,2.682294806,3.064163624,-78.2070855054,-2.59701715839,7.87559729251,-0.0640052346519,-0.00176789183775,-0.997947996889
3.578,1.481309088,2.681999402,3.063885998,-78.2055179546,-2.59573076448,7.87562314334,-0.0640000913271,-0.00176858542178,-0.997948325524
3.579,1.48134471,2.682276969,3.064146192,-78.2047144196,-2.59402937899,7.8755973805,-0.0640049238685,-0.00176795749526,-0.997948016706
3.58,1.481304496,2.682272695,3.06412301,-78.2037847117,-2.5923903696,7.87563501606,-0.0640048503821,-0.00176865920529,-0.997948020175
3.581,1.481297268,2.68229149,3.064135968,-78.2017478883,-2.59111344175,7.87564776106,-0.0640051779465,-0.00176878509643,-0.997947998943
3.582,1.481377466,2.682341987,3.064218944,-78.1986196643,-2.59015593334,7.87555928228,-0.0640060560777,-0.00176738457845,-0.997947945104
3.583,1.481338395,2.68227671,3.064142913,-78.1962158105,-2.5893377823,7.87561208942,-0.0640049194658,-0.00176806745677,-0.997948016793
3.584,1.481332301,2.681962459,3.063864882,-78.1962024757,-2.58900262138,7.87561144794,-0.0639994470709,-0.00176818187561,-0.997948367556
3.585,1.481343316,2.681990233,3.06389452,-78.1999756222,-2.58897006384,7.87559941175,-0.0639999302402,-0.00176798924956,-0.997948336911
3.586,1.481366373,2.682050587,3.063958499,-78.2069674355,-2.58850961176,7.87557409301,-0.0640009816512,-0.00176758525935,-0.997948270197
3.587,1.48134616,2.682109384,3.064000195,-78.2120389353,-2.58730935012,7.87559698649,-0.0640020060067,-0.00176793637653,-0.99794820388
3.588,1.481483394,2.682257378,3.064196092,-78.2116910571,-2.58539789215,7.87545679023,-0.0640045807956,-0.00176553872164,-0.997948042991
3.589,1.4815078,2.682275139,3.064223438,-78.2074693815,-2.58339466607,7.87543622625,-0.0640048899811,-0.00176511212826,-0.997948023916
3.59,1.481405273,2.682152478,3.064066497,-78.2032035591,-2.58184950634,7.87553544003,-0.0640027548664,-0.00176690381793,-0.997948157682
3.591,1.481434116,2.682433486,3.064326426,-78.1996739537,-2.58107663945,7.87550223046,-0.0640076491116,-0.00176639457432,-0.997947844682
3.592,1.481416473,2.681882954,3.063835985,-78.1976481708,-2.58069075883,7.87551568758,-0.063998061186,-0.0017667153731,-0.99794845903
3.593,1.481487335,2.682228826,3.064173004,-78.2003577017,-2.57984307938,7.87545150572,-0.0640040836245,-0.00176547061826,-0.997948074998
3.594,1.481483438,2.682279023,3.06421506,-78.2045018953,-2.57907135162,7.87546189724,-0.0640049578759,-0.00176553696967,-0.99794801881
3.595,1.481481475,2.682194753,3.064140345,-78.2049958182,-2.57884281594,7.87545714301,-0.0640034906497,-0.00176557381183,-0.997948112846
3.596,1.481568483,2.682468661,3.064422178,-78.2003159814,-2.57856635243,7.8753605841,-0.0640082590579,-0.0017640494597,-0.997947809708
3.597,1.481462496,2.682235467,3.064166808,-78.192057676,-2.57781220835,7.87548086992,-0.0640041999337,-0.00176590404823,-0.997948066772
3.598,1.481605401,2.682229438,3.064230624,-78.1870553115,-2.57743163488,7.87534037022,-0.0640040924779,-0.00176341060769,-0.997948078073
3.599,1.48148199,2.682342531,3.064269953,-78.1879397618,-2.57791815496,7.8754634227,-0.0640060643742,-0.00176556147438,-0.997947947799
3.6,1.481607103,2.682096165,3.06411479,-78.1912051708,-2.57838111024,7.87533157937,-0.064001772069,-0.00176338403069,-0.997948226938
3.601,1.481580367,2.68248094,3.064438673,-78.1937729323,-2.57784956601,7.87536059514,-0.0640084730239,-0.00176384121231,-0.997947796353
3.602,1.481594478,2.682199716,3.064199326,-78.1930701626,-2.57677430799,7.87534124408,-0.0640035747584,-0.00176360182397,-0.997948110939
3.603,1.481506161,2.68233453,3.064274634,-78.1913166228,-2.57608029233,7.87543081353,-0.0640059239727,-0.00176513967077,-0.99794795755
3.604,1.481491205,2.682486909,3.064400791,-78.190515068,-2.57615552345,7.8754502322,-0.0640085785892,-0.00176539658621,-0.997947786832
3.605,1.481516337,2.682051056,3.064031417,-78.1900619683,-2.57686605863,7.87542247387,-0.0640009876086,-0.00176496922936,-0.997948274445
3.606,1.481434174,2.682207062,3.06412825,-78.1926728789,-2.57795668362,7.87550250515,-0.0640037057374,-0.00176639834813,-0.997948097593
3.607,1.481526507,2.682227013,3.064190356,-78.1974255726,-2.57931500085,7.87541157284,-0.0640040514927,-0.00176478726567,-0.997948078268
3.608,1.481484131,2.68219739,3.064143937,-78.2024406684,-2.58020652748,7.87544735456,-0.0640035361162,-0.00176552669292,-0.997948110014
3.609,1.48149206,2.682223156,3.064170326,-78.2061589585,-2.58043499437,7.87544515905,-0.0640039849765,-0.00176538830218,-0.997948081471
3.61,1.48147672,2.681904283,3.063883786,-78.2065004119,-2.5803534548,7.87545913394,-0.0639984317983,-0.0017656636188,-0.997948437125
3.611,1.481459906,2.682067975,3.064018942,-78.2054468803,-2.5795196527,7.87546955689,-0.064001282778,-0.0017659533589,-0.997948253774
3.612,1.481385132,2.682173111,3.06407482,-78.2040650103,-2.57813869321,7.87554395503,-0.0640031148111,-0.00176725472976,-0.997948133976
3.613,1.481521605,2.682560978,3.064480326,-78.2005217365,-2.57658145203,7.87540884645,-0.0640098674298,-0.001764864204,-0.997947705106
3.614,1.481409746,2.68200906,3.063943119,-78.1941901897,-2.57481726269,7.87552079153,-0.0640002578661,-0.0017668289554,-0.997948317955
3.615,1.481407686,2.682302049,3.064198592,-78.1892120186,-2.57332417429,7.87552711115,-0.0640053598528,-0.00176685817214,-0.99794799069
3.616,1.481414339,2.682263901,3.064168416,-78.1853601208,-2.57246965201,7.87552074345,-0.0640046960541,-0.00176674360819,-0.997948033467
3.617,1.481538951,2.682358531,3.064311498,-78.1810703408,-2.57189506587,7.87539002107,-0.0640063421329,-0.00176456660168,-0.997947931744
3.618,1.481478885,2.682222247,3.064163159,-78.1784366779,-2.57116325801,7.87544354001,-0.0640039688634,-0.00176561836591,-0.997948082097
3.619,1.481452692,2.682567846,3.064453022,-78.1763116106,-2.57008738179,7.87547483707,-0.0640099885098,-0.00176606693883,-0.997947695212
3.62,1.481653489,2.682241985,3.06426486,-78.1745559778,-2.5692108768,7.87528015401,-0.0640043100396,-0.00176257084574,-0.997948065603
3.621,1.481421428,2.682617714,3.064481562,-78.1742287102,-2.56893280055,7.87551081392,-0.0640108576154,-0.00176661097141,-0.997947638503
3.622,1.481490098,2.682071518,3.064036641,-78.1733430647,-2.56908388879,7.87544282636,-0.0640013444164,-0.0017654264055,-0.997948250754
3.623,1.481452354,2.682403234,3.064308762,-78.173364532,-2.56979834106,7.87548425102,-0.064007121899,-0.00176607704565,-0.997947879059
3.624,1.481495816,2.682172586,3.064127875,-78.1737803372,-2.5713410364,7.87544349015,-0.0640031042722,-0.00176532353205,-0.997948138069
3.625,1.481430425,2.682450777,3.064339779,-78.1724925758,-2.57333840803,7.87551370134,-0.0640079495096,-0.00176645789296,-0.997947825303
3.626,1.481571856,2.682428488,3.064388643,-78.1685852333,-2.57541981805,7.87538256876,-0.0640075597876,-0.00176399088308,-0.997947854663
3.627,1.481515037,2.682455857,3.064385131,-78.160085576,-2.57786493659,7.87543590597,-0.0640080374131,-0.00176498185962,-0.997947822276
3.628,1.481497624,2.682345941,3.064280496,-78.148286793,-2.58079046239,7.87546102898,-0.0640061229759,-0.00176528835901,-0.997947944523
3.629,1.481596689,2.682228551,3.064225636,-78.1410776218,-2.5842922546,7.87536215337,-0.0640040768566,-0.00176356287525,-0.997948078806
3.63,1.481565951,2.682217888,3.06420144,-78.142482101,-2.58751224897,7.87538895315,-0.0640038924723,-0.00176409867853,-0.997948089684
3.631,1.4816849,2.682194352,3.064238354,-78.1492963311,-2.58956729761,7.87527708632,-0.0640034804355,-0.00176202449025,-0.997948119775
3.632,1.481617912,2.682200334,3.064211199,-78.1580598155,-2.59092874758,7.87534597028,-0.0640035854065,-0.00176319347014,-0.997948110978
3.633,1.481689725,2.682106891,3.06416413,-78.167501618,-2.5917079341,7.87525897391,-0.064001956619,-0.00176194255717,-0.997948217648
3.634,1.481567357,2.682424866,3.064383298,-78.1767063457,-2.591572034,7.87538157972,-0.0640074967656,-0.00176407004122,-0.997947858565
3.635,1.481592486,2.682465277,3.064430821,-78.1820816006,-2.59150639745,7.8753754501,-0.0640082001964,-0.00176363043319,-0.997947814224
3.636,1.481646213,2.681992692,3.064043129,-78.1852491141,-2.59226535162,7.87530928144,-0.0639999685629,-0.00176270420121,-0.997948343802
3.637,1.481509578,2.682286512,3.064234254,-78.1906798318,-2.59410488366,7.87544734179,-0.0640050881255,-0.00176508132148,-0.997948011262
3.638,1.481595448,2.682350559,3.064331835,-78.1938127417,-2.59765198975,7.87535148723,-0.0640062021512,-0.00176358141428,-0.997947942463
3.639,1.481587041,2.682298908,3.064282558,-78.1918070192,-2.60196830795,7.87536361108,-0.0640053022492,-0.00176372960948,-0.997947999919
3.64,1.4816171,2.681970447,3.06400958,-78.1907288247,-2.6053198237,7.87532223625,-0.0639995820443,-0.00176321254793,-0.997948367692
3.641,1.481650379,2.681919186,3.063980804,-78.1931523147,-2.60707248045,7.87529310025,-0.0639986884105,-0.00176263284044,-0.997948426026
3.642,1.481620888,2.682335188,3.06433068,-78.1943963829,-2.60699318088,7.87531827287,-0.0640059341571,-0.00176313782131,-0.997947960436
3.643,1.481660587,2.682293179,3.064313103,-78.190828162,-2.60579096709,7.87527978315,-0.0640052022822,-0.00176244640157,-0.997948008597
3.644,1.481617685,2.682536328,3.064505199,-78.1850324499,-2.60435652027,7.87532242162,-0.0640094373877,-0.00176318897377,-0.99794773565
3.645,1.481697647,2.682224029,3.064270494,-78.18035721,-2.60304382108,7.87523910192,-0.0640039971741,-0.00176180166316,-0.997948087027
3.646,1.481792414,2.682376225,3.064449538,-78.1784960673,-2.60172216693,7.87514631569,-0.0640066461418,-0.00176014439694,-0.997947920055
3.647,1.481630284,2.682507047,3.06448566,-78.1778309955,-2.60004226923,7.87530378526,-0.0640089268723,-0.00176296995895,-0.997947768782
3.648,1.481666367,2.682814912,3.064772598,-78.1746829839,-2.59806841146,7.87526551611,-0.0640142876777,-0.00176233331783,-0.997947426047
3.649,1.481650329,2.682543067,3.064526881,-78.1666897097,-2.59682154588,7.87527908228,-0.0640095536503,-0.00176261951203,-0.997947729199
3.65,1.481749003,2.682223913,3.064295225,-78.1596800655,-2.59700428319,7.87518201934,-0.0640039947207,-0.00176090520256,-0.997948088766
3.651,1.481814948,2.682291853,3.064386582,-78.1581154801,-2.59876725728,7.87513116862,-0.0640051759787,-0.0017597536117,-0.997948015036
3.652,1.481790091,2.682449629,3.064512667,-78.160467095,-2.60196429412,7.87516188692,-0.0640079241232,-0.00176018318727,-0.997947838018
3.653,1.481725514,2.682389262,3.064428601,-78.1642799592,-2.6058610492,7.87523382076,-0.0640068740398,-0.0017613112023,-0.997947903379
3.654,1.481783619,2.682167641,3.064262709,-78.1718311742,-2.60969225075,7.8751822839,-0.0640030136402,-0.00176030266472,-0.997948152751
3.655,1.481784714,2.68188523,3.064016045,-78.184241894,-2.61324494168,7.87518777041,-0.0639980957989,-0.0017602902803,-0.997948468165
3.656,1.48187083,2.682299326,3.064420146,-78.1964125078,-2.61647358299,7.87509437889,-0.0640053061851,-0.00175877835071,-0.997948008405
3.657,1.481748487,2.68244462,3.064488166,-78.1989300496,-2.61874647025,7.87521972922,-0.0640078374732,-0.00176090922332,-0.997947842295
3.658,1.481717639,2.68217447,3.064236781,-78.1933494137,-2.62058697041,7.87525148099,-0.0640031339299,-0.00176145365143,-0.997948143006
3.659,1.481756032,2.682320689,3.064383334,-78.1880135301,-2.62223700185,7.87520884935,-0.0640056792532,-0.00176078008156,-0.997947980947
3.66,1.481752322,2.68244918,3.064494011,-78.1837752577,-2.62369242106,7.87521448402,-0.0640079177386,-0.00176084198672,-0.997947837265
3.661,1.481722919,2.682193836,3.064256286,-78.1801684442,-2.62515138284,7.87524392551,-0.0640034708299,-0.00176136142882,-0.997948121561
3.662,1.481648979,2.682359972,3.064365956,-78.1783586866,-2.62653500239,7.87531730819,-0.0640063648475,-0.00176264753814,-0.997947933678
3.663,1.481785222,2.682238897,3.064325855,-78.1774750066,-2.62716798091,7.87517211428,-0.0640042549832,-0.00176027300781,-0.99794807319
3.664,1.481786882,2.682133241,3.064234176,-78.1780217785,-2.62611351928,7.87516069115,-0.0640024149908,-0.00176024697055,-0.997948191243
3.665,1.481805263,2.682366939,3.064447622,-78.1807281259,-2.6235080153,7.8751435112,-0.0640064839651,-0.00175992003633,-0.997947930852
3.666,1.481923111,2.682138077,3.064304288,-78.1843546571,-2.62065477343,7.87502097188,-0.0640024968884,-0.00175786957938,-0.997948190182
3.667,1.481983903,2.682273679,3.064452378,-78.1884371889,-2.61744268613,7.87495341722,-0.0640048570344,-0.00175680604313,-0.997948040686
3.668,1.481786556,2.682471144,3.064529791,-78.1898154493,-2.61389595499,7.87515192598,-0.0640082997111,-0.00176024473809,-0.997947813819
3.669,1.481802096,2.682923194,3.064933004,-78.1825516294,-2.61069093259,7.87513307193,-0.064016171517,-0.00175996225638,-0.997947309389
3.67,1.481765334,2.682833008,3.064836285,-78.1663606173,-2.60811035289,7.8751670793,-0.0640146012877,-0.0017606060643,-0.997947408979
3.671,1.481766803,2.682543489,3.064583566,-78.1499135284,-2.6059923166,7.87516077744,-0.064009559462,-0.00176058686486,-0.997947732415
3.672,1.481795714,2.682606184,3.064652424,-78.1391619288,-2.60512969042,7.87514397005,-0.064010650873,-0.00176008133999,-0.997947663301
3.673,1.481806904,2.682680472,3.064722861,-78.1327456129,-2.60756072666,7.87513355116,-0.0640119441932,-0.00175988418397,-0.997947580692
3.674,1.481776824,2.682889312,3.064891126,-78.1278667417,-2.61264927611,7.87515603623,-0.0640155819473,-0.00176040364515,-0.99794734643
3.675,1.481805314,2.68264302,3.064689309,-78.1235070868,-2.6175159015,7.87512444769,-0.0640112924771,-0.00175991338608,-0.997947622443
3.676,1.481856922,2.682613194,3.064688155,-78.1219081493,-2.62084622236,7.87507685247,-0.0640107720139,-0.00175901356797,-0.997947657414
3.677,1.481785228,2.682486826,3.064542875,-78.1246979514,-2.62359116955,7.87515315612,-0.0640085726139,-0.00176026660143,-0.997947796277
3.678,1.481845973,2.682150657,3.064277995,-78.1343168332,-2.62662062353,7.87509796565,-0.0640027173656,-0.00175921538966,-0.99794817367
3.679,1.481830228,2.682622037,3.064682989,-78.1499646656,-2.6297784075,7.87511872288,-0.0640109262609,-0.0017594789433,-0.9979476467
3.68,1.481908787,2.682470719,3.064588522,-78.1642557198,-2.63255129149,7.87504579568,-0.0640082900155,-0.00175811209103,-0.997947818201
3.681,1.481939558,2.682383532,3.064527087,-78.1741969164,-2.63505018868,7.87502396436,-0.064006770966,-0.0017575767061,-0.997947916574
3.682,1.481898118,2.682575239,3.064674851,-78.1798392376,-2.63742204925,7.87506204621,-0.0640101106734,-0.00175829513912,-0.9979477011
3.683,1.48192471,2.68253486,3.064652365,-78.1800535802,-2.63905759086,7.87504155317,-0.0640094068141,-0.00175783244003,-0.997947747061
3.684,1.481894812,2.682386411,3.064507969,-78.1770625269,-2.63965405922,7.87506568991,-0.0640068218618,-0.00175835751002,-0.997947911934
3.685,1.481918372,2.682713306,3.064805499,-78.1726841155,-2.63901448194,7.87504059969,-0.0640125149271,-0.00175793868923,-0.997947547512
3.686,1.481827113,2.682738775,3.064783667,-78.1644239934,-2.63757983026,7.8751393619,-0.0640129597304,-0.00175953072942,-0.997947516174
3.687,1.481958901,2.682533378,3.064667602,-78.1536573865,-2.63578529367,7.87500271222,-0.0640093804818,-0.00175723565191,-0.997947749801
3.688,1.481932262,2.682415589,3.064551618,-78.1487187692,-2.63320776212,7.8750116109,-0.0640073299637,-0.00175770321726,-0.997947880498
3.689,1.481996745,2.6821273,3.064330466,-78.1528581719,-2.62924017717,7.87493863775,-0.0640023077456,-0.0017565858655,-0.997948204572
3.69,1.481968337,2.68264822,3.064772687,-78.1582764319,-2.62432865673,7.87496856246,-0.0640113808849,-0.00175706901912,-0.997947621785
3.691,1.482057079,2.682588891,3.064763669,-78.1582753175,-2.61879260966,7.8748645817,-0.0640103458629,-0.00175552177154,-0.997947690897
3.692,1.481964551,2.682255558,3.064427158,-78.1575573664,-2.61312642534,7.87496715194,-0.064004541679,-0.00175714377446,-0.997948060317
3.693,1.481958205,2.682342886,3.064500527,-78.16249365,-2.60846472059,7.87497352742,-0.0640060630291,-0.00175725255662,-0.997947962551
3.694,1.481993616,2.682688877,3.064820499,-78.1690434361,-2.60431996261,7.87493302484,-0.0640120885274,-0.00175662685528,-0.997947577172
3.695,1.481959468,2.682365489,3.064520922,-78.1710293822,-2.60029025747,7.87497163604,-0.0640064562702,-0.00175722958634,-0.997947937369
3.696,1.48204564,2.682472198,3.064655996,-78.1694803214,-2.59739082856,7.87488584011,-0.0640083136479,-0.00175572401295,-0.997947820889
3.697,1.481913343,2.682196709,3.064350884,-78.1680806571,-2.59604790131,7.87502693713,-0.0640035178346,-0.00175803877362,-0.997948124406
3.698,1.482014992,2.682317846,3.064506072,-78.1693240765,-2.59574199461,7.87491597861,-0.0640056258828,-0.00175626251306,-0.997947992331
3.699,1.481987491,2.682448307,3.064606964,-78.1714851108,-2.59563930521,7.87495051869,-0.0640078989134,-0.00175673919322,-0.997947845703
3.7,1.482002345,2.682448512,3.064614326,-78.1719967147,-2.59615851259,7.87493002207,-0.0640079020952,-0.00175648008914,-0.997947845955
3.701,1.481993044,2.682345197,3.064519398,-78.1695543778,-2.598560218,7.87494674839,-0.0640061027068,-0.00175664484178,-0.997947961076
3.702,1.482084534,2.682325523,3.064546423,-78.1647297856,-2.6026746327,7.87485248361,-0.0640057588514,-0.00175504937902,-0.997947985937
3.703,1.482225148,2.682407361,3.064686059,-78.1606564232,-2.60720999944,7.8747223457,-0.0640071824975,-0.00175259374188,-0.997947898943
3.704,1.482179629,2.682311426,3.064580076,-78.1589147639,-2.61124554623,7.87477089726,-0.0640055120118,-0.00175339049843,-0.997948004685
3.705,1.48200971,2.682284408,3.06447425,-78.1595291468,-2.61459490723,7.87494783806,-0.0640050441211,-0.00175635502709,-0.997948029481
3.706,1.482022807,2.68248953,3.064660125,-78.1599470845,-2.61783257898,7.8749425988,-0.0640086157771,-0.00175612169011,-0.997947800811
3.707,1.482071265,2.682405755,3.064610231,-78.1561940106,-2.62096883992,7.87488992212,-0.0640071566043,-0.00175527862342,-0.997947895885
3.708,1.482089433,2.682263516,3.064494519,-78.1516615408,-2.62316156116,7.87487436775,-0.0640046789148,-0.00175496488995,-0.997948055349
3.709,1.482069989,2.682490747,3.064684007,-78.1493667258,-2.62420834632,7.87489271881,-0.0640086369005,-0.0017552988229,-0.997947800904
3.71,1.482028887,2.682033988,3.064264338,-78.1497691973,-2.62432578773,7.87493743317,-0.0640006821685,-0.00175602716468,-0.997948309809
3.711,1.482116762,2.682102657,3.064366943,-78.1560162395,-2.62380590964,7.87484014833,-0.0640018773364,-0.00175449213332,-0.997948235859
3.712,1.482055779,2.682681535,3.064844132,-78.1628242814,-2.62208652138,7.87490167334,-0.0640119591308,-0.00175554250035,-0.997947587381
3.713,1.482066973,2.682405657,3.06460807,-78.1616881393,-2.6186680445,7.87487622895,-0.0640071550674,-0.00175535304429,-0.997947895852
3.714,1.482006099,2.682410102,3.064582522,-78.1565093725,-2.61448997087,7.874941599,-0.0640072326704,-0.00175641542434,-0.997947889006
3.715,1.48200098,2.682320719,3.06450181,-78.1525692235,-2.61077721444,7.87494538549,-0.0640056761603,-0.00175650720941,-0.997947988676
3.716,1.482102414,2.682704075,3.064886412,-78.1476847671,-2.60904576888,7.87484164409,-0.0640123510567,-0.00175472769239,-0.997947563674
3.717,1.482078254,2.682519877,3.064713501,-78.1401995672,-2.61099105816,7.87485587893,-0.0640091439262,-0.00175515385945,-0.997947768638
3.718,1.482080116,2.682563943,3.064752972,-78.1335993277,-2.61509916645,7.87485564587,-0.064009910889,-0.00175512010087,-0.997947719503
3.719,1.482089746,2.682665165,3.064846228,-78.129818858,-2.61847490949,7.87484666682,-0.0640116742149,-0.00175494972365,-0.997947606699
3.72,1.482054952,2.682335595,3.064540932,-78.1293075885,-2.62067374695,7.8748851408,-0.0640059352001,-0.00175556466654,-0.99794797372
3.721,1.4819755,2.682594148,3.064728821,-78.1326782331,-2.62173259559,7.87496345661,-0.0640104384305,-0.00175694476089,-0.997947682455
3.722,1.482062893,2.682565741,3.064746217,-78.136073902,-2.62180784809,7.87488129961,-0.0640099430167,-0.0017554207201,-0.997947716914
3.723,1.48204668,2.682648511,3.064810825,-78.1363725416,-2.62116921457,7.87489354405,-0.064011384441,-0.00175570220493,-0.997947623962
3.724,1.482049338,2.682680938,3.064840494,-78.1338969507,-2.61972408239,7.87488250793,-0.0640119495054,-0.00175565408048,-0.997947587802
3.725,1.482136787,2.682614793,3.064824887,-78.1303801827,-2.61699513405,7.87479938078,-0.0640107960323,-0.00175413078441,-0.997947664468
3.726,1.482181419,2.682464999,3.064715359,-78.130008002,-2.61362775147,7.87475796338,-0.0640081867429,-0.00175335499515,-0.997947833194
3.727,1.482133591,2.682746153,3.06493832,-78.1333587155,-2.61031866552,7.87480515887,-0.0640130839851,-0.00175418281216,-0.997947517619
3.728,1.482070848,2.682693909,3.06486225,-78.136008063,-2.60707389461,7.87487526033,-0.0640121747454,-0.0017552794771,-0.997947574013
3.729,1.482170407,2.682364597,3.064622154,-78.1393205697,-2.60409014952,7.87477338667,-0.064006438412,-0.00175355008,-0.997947944987
3.73,1.482231632,2.682397463,3.064680532,-78.1462676666,-2.60169031271,7.87471842778,-0.0640070099228,-0.00175248105484,-0.997947910209
3.731,1.482173398,2.68225517,3.064527823,-78.1535479148,-2.59977364683,7.8747738022,-0.0640045323751,-0.00175350070628,-0.997948067321
3.732,1.482257404,2.682606076,3.064875588,-78.1582973672,-2.5977582535,7.87468723723,-0.0640106424169,-0.00175202607766,-0.997947678018
3.733,1.482047904,2.682315952,3.06452033,-78.1624321825,-2.59557847307,7.87491059368,-0.0640055925157,-0.00175568858444,-0.997947995481
3.734,1.482183337,2.68230004,3.064571903,-78.1697599665,-2.59347683101,7.87476544263,-0.064005313343,-0.00175332537267,-0.997948017541
3.735,1.482177249,2.682422243,3.064675919,-78.1771032684,-2.59083858082,7.87477303048,-0.0640074416473,-0.0017534287138,-0.997947880854
3.736,1.482142962,2.682441902,3.064676544,-78.17832309,-2.58742768998,7.8748003011,-0.0640077846613,-0.00175402713393,-0.997947857802
3.737,1.482138567,2.682410822,3.064647214,-78.174569734,-2.58367078648,7.87480268618,-0.0640072440209,-0.0017541041326,-0.997947892343
3.738,1.482093598,2.682390325,3.064607526,-78.1696149362,-2.58021461763,7.87485132456,-0.0640068877019,-0.00175488899911,-0.997947913817
3.739,1.482082569,2.682538649,3.064732018,-78.1643148968,-2.57722166058,7.87484939301,-0.0640094707839,-0.001755078232,-0.997947747806
3.74,1.482180856,2.682430604,3.064684981,-78.1611350216,-2.57415433008,7.87475170758,-0.0640075871619,-0.00175336553494,-0.997947871632
3.741,1.482108113,2.682630724,3.064824964,-78.1603453503,-2.57091414318,7.87482367887,-0.0640110739435,-0.00175462983394,-0.997947645764
3.742,1.482129693,2.68272016,3.064913682,-78.1566325554,-2.56787517596,7.87479937177,-0.0640126307243,-0.00175425218652,-0.997947546571
3.743,1.482103156,2.682622669,3.064815516,-78.1491225063,-2.56534435993,7.87483168007,-0.0640109335795,-0.00175471681448,-0.997947654615
3.744,1.482183807,2.682567522,3.064806249,-78.1427331664,-2.5634762894,7.87474812985,-0.0640099718737,-0.00175331105748,-0.997947718771
3.745,1.48222793,2.682659539,3.064908129,-78.1404170384,-2.56175223464,7.87470986503,-0.0640115738935,-0.00175253926312,-0.99794761737
3.746,1.482231591,2.682340886,3.064630992,-78.1418604065,-2.55828040753,7.87470055463,-0.0640060245858,-0.00175248325977,-0.997947973403
3.747,1.482291748,2.682395241,3.064707663,-78.1474974687,-2.55107390537,7.8746397366,-0.0640069699302,-0.00175143263322,-0.997947914615
3.748,1.482213286,2.682245963,3.064539057,-78.1551803014,-2.54230120432,7.87472672103,-0.0640043712882,-0.00175280481201,-0.997948078875
3.749,1.482192955,2.682363183,3.064631821,-78.1616567083,-2.53550342995,7.87474835052,-0.0640064132019,-0.00175315701678,-0.997947947295
3.75,1.482155275,2.682547809,3.064775196,-78.1647842168,-2.53135375209,7.87478001469,-0.0640096293405,-0.00175380938666,-0.997947739866
3.751,1.482192072,2.682666691,3.064897047,-78.1630673089,-2.53046570748,7.87475199377,-0.0640116991407,-0.00175316438255,-0.997947608238
3.752,1.482297114,2.682436056,3.064745981,-78.1585928022,-2.53352735956,7.87464481451,-0.0640076806109,-0.00175133721276,-0.9979478692
3.753,1.482250008,2.68258836,3.064856505,-78.1542666252,-2.5391200998,7.87469738773,-0.0640103341483,-0.00175215578505,-0.997947697564
3.754,1.48231015,2.682220406,3.06456354,-78.1505308298,-2.54560967807,7.87463248755,-0.0640039246349,-0.00175111513468,-0.997948110488
3.755,1.482311794,2.682252326,3.064592272,-78.1506461419,-2.55193233574,7.87463051398,-0.0640044802597,-0.00175108565638,-0.997948074905
3.756,1.482279612,2.682338959,3.064652532,-78.1532957865,-2.5577332732,7.8746737062,-0.0640059900842,-0.0017516448305,-0.997947977088
3.757,1.482317913,2.682509359,3.0648202,-78.1545655612,-2.56287592227,7.87462475798,-0.0640089564905,-0.00175097335552,-0.997947788004
3.758,1.482374049,2.682661092,3.064980156,-78.1517900062,-2.56728740847,7.87457408472,-0.0640115983663,-0.00174998962633,-0.997947620274
3.759,1.482275543,2.682284063,3.064602516,-78.147976865,-2.57096906936,7.87467090653,-0.0640050335805,-0.00175171711274,-0.997948038308
3.76,1.482338819,2.682373166,3.064711108,-78.1498548228,-2.57428196023,7.87461613687,-0.0640065846705,-0.00175061112835,-0.997947940766
3.761,1.482382483,2.68232237,3.064687769,-78.1561307576,-2.57698904005,7.87456911167,-0.0640056992102,-0.00174985069,-0.997947998891
3.762,1.48228183,2.682562634,3.064849378,-78.1600037715,-2.57903997764,7.87467891032,-0.0640098855899,-0.00175160140005,-0.997947727308
3.763,1.482317951,2.682362443,3.06469163,-78.1610130232,-2.58106307856,7.87465023623,-0.0640063980612,-0.0017509761477,-0.997947952095
3.764,1.482239784,2.682483259,3.064759568,-78.161517906,-2.58266991939,7.874712167,-0.0640085036222,-0.00175233662799,-0.997947814658
3.765,1.482315402,2.682593469,3.064892603,-78.161514742,-2.58294557133,7.87463585548,-0.0640104221118,-0.00175101455747,-0.997947693924
3.766,1.482343115,2.682402926,3.064739233,-78.1622853068,-2.58198288359,7.87460483932,-0.0640071033443,-0.00175053536723,-0.997947907632
3.767,1.482281952,2.682604892,3.064886424,-78.1621348772,-2.57936082665,7.87466064808,-0.0640106211974,-0.00175159770165,-0.997947680131
3.768,1.482342861,2.682581168,3.064895117,-78.1574513115,-2.5748010528,7.87459576628,-0.0640102067566,-0.00175053584667,-0.997947708578
3.769,1.48233994,2.682449711,3.064778646,-78.1494981007,-2.56968785034,7.87460698965,-0.0640079173942,-0.00175059038323,-0.997947855323
3.77,1.482221181,2.682794449,3.06502295,-78.1390553391,-2.56550123209,7.87472240248,-0.064013923363,-0.00175265407924,-0.997947466463
3.771,1.482333127,2.682686761,3.064982831,-78.1271314095,-2.56227925747,7.87461088813,-0.064012046154,-0.00175070277596,-0.997947590301
3.772,1.482340027,2.682534719,3.064853092,-78.120209206,-2.56024497974,7.87461304436,-0.0640093986591,-0.00175058686963,-0.997947760321
3.773,1.482308327,2.682705133,3.064986918,-78.1185523918,-2.5590456697,7.87463168926,-0.0640123667278,-0.00175113565485,-0.997947568978
3.774,1.482307068,2.682795507,3.065065411,-78.1159193413,-2.55805257669,7.87465081291,-0.0640139400435,-0.00175115555136,-0.997947468023
3.775,1.482432102,2.682354209,3.064739637,-78.1145180443,-2.55806153054,7.87452361893,-0.0640062528728,-0.00174898418875,-0.9979479649
3.776,1.482389886,2.682670574,3.064996115,-78.1199654649,-2.55955671309,7.8745736086,-0.064011763545,-0.00174971297477,-0.997947610164
3.777,1.482379363,2.682670005,3.064990528,-78.1292507972,-2.56189679711,7.87458139022,-0.0640117542335,-0.00174989666118,-0.997947610439
3.778,1.482317215,2.682617482,3.064914498,-78.1371675347,-2.56456937309,7.87465442335,-0.0640108400025,-0.00175098212567,-0.997947667177
3.779,1.482370989,2.682664053,3.064981267,-78.1419953904,-2.56753305292,7.87459582501,-0.0640116506499,-0.00175004304151,-0.997947616827
3.78,1.482349549,2.682777555,3.065070243,-78.1422964315,-2.57055557078,7.87461228651,-0.064013627702,-0.00175041447646,-0.997947489359
3.781,1.482340826,2.682649463,3.064953909,-78.1376052245,-2.57340420148,7.87461975777,-0.0640113967789,-0.00175056944438,-0.997947632188
3.782,1.482419171,2.682389577,3.064764337,-78.1344408048,-2.57592364192,7.87454257226,-0.0640068697154,-0.0017492088272,-0.997947924943
3.783,1.482322717,2.682599316,3.064901258,-78.1371930688,-2.57834461946,7.87464868867,-0.0640105232697,-0.00175088744352,-0.997947687659
3.784,1.482400191,2.682597576,3.064937207,-78.1403054034,-2.58063591674,7.87456543493,-0.0640104921622,-0.00174953509432,-0.997947692026
3.785,1.482516503,2.682273135,3.064709505,-78.1416104639,-2.58120124095,7.87445856579,-0.064004839604,-0.00174751371244,-0.997948058119
3.786,1.482431615,2.682784205,3.065115754,-78.1539899542,-2.57871103209,7.87453582284,-0.0640137420366,-0.00174898274303,-0.997947484535
3.787,1.482354271,2.682297068,3.064651978,-78.1893805695,-2.57421833976,7.87461399506,-0.0640052590573,-0.00175034332616,-0.997948026258
3.788,1.482402928,2.682436697,3.064797722,-78.2403666324,-2.56974288064,7.87456559242,-0.0640076900734,-0.00174949166094,-0.99794787183
3.789,1.482438436,2.68259166,3.064950526,-78.2878105932,-2.56623571413,7.8745284241,-0.0640103880515,-0.00174886788388,-0.997947699873
3.79,1.482500131,2.682393196,3.064806665,-78.3219392153,-2.564945949,7.87446458691,-0.0640069310734,-0.00174779662975,-0.997947923482
3.791,1.482382846,2.682564602,3.064899957,-78.3318648655,-2.56690813564,7.87457244355,-0.0640099182503,-0.00174983866942,-0.997947728306
3.792,1.482462876,2.682638456,3.065003306,-78.3045108673,-2.57076515527,7.87449974226,-0.064011202857,-0.00174844115306,-0.997947648358
3.793,1.482344537,2.68229616,3.064646474,-78.2530981436,-2.57452143417,7.87460167348,-0.0640052437339,-0.00175051393915,-0.997948026941
3.794,1.482391778,2.682439939,3.064795166,-78.2007083642,-2.57729193847,7.87455924204,-0.0640077467888,-0.00174968595587,-0.997947867852
3.795,1.482445294,2.682541962,3.064910345,-78.1547442777,-2.5796895759,7.87451869594,-0.0640095232936,-0.00174874972383,-0.997947755547
3.796,1.482598945,2.682590994,3.065027581,-78.1162522268,-2.58183840792,7.87435326575,-0.0640103742913,-0.0017460681988,-0.997947705658
3.797,1.482495638,2.682578595,3.06496676,-78.0860041323,-2.58242964676,7.87446817882,-0.0640101602632,-0.00174787097978,-0.997947716231
3.798,1.482576923,2.682504128,3.064940902,-78.0645848573,-2.5800021727,7.87438008329,-0.0640088619708,-0.00174645369277,-0.997947801986
3.799,1.482532502,2.682569137,3.064976312,-78.0495600148,-2.57580228265,7.87442870542,-0.0640099951542,-0.00174722714786,-0.997947727949
3.8,1.48252907,2.68274506,3.065128627,-78.0388778168,-2.57214361976,7.87444549762,-0.0640130583937,-0.00174728294516,-0.997947531365
3.801,1.482553415,2.68236774,3.06481016,-78.0326924417,-2.57007083983,7.87441954803,-0.0640064874842,-0.00174686796262,-0.997947953559
3.802,1.482592439,2.682297138,3.064767246,-78.0340297827,-2.56950614192,7.87438700594,-0.0640052569503,-0.00174618878316,-0.997948033671
3.803,1.482543766,2.682623408,3.06502926,-78.0404037239,-2.5703345227,7.87444204479,-0.0640109395562,-0.00174703026671,-0.997947667717
3.804,1.482583779,2.682541393,3.064976833,-78.0359091465,-2.57210933384,7.87439706931,-0.0640095105548,-0.00174633322139,-0.997947760596
3.805,1.482695778,2.68226373,3.064788,-78.0181074552,-2.57379764739,7.87428038476,-0.064004673828,-0.00174438649368,-0.997948074222
3.806,1.482604937,2.682503601,3.064953992,-78.0125113959,-2.57517114044,7.87437940128,-0.064008852767,-0.00174596493927,-0.997947803432
3.807,1.482790703,2.682348279,3.06490792,-78.0273755367,-2.57678019254,7.87418769925,-0.0640061447839,-0.00174272776613,-0.997947982778
3.808,1.482663812,2.682584606,3.065053368,-78.0506038802,-2.57877448182,7.87432006477,-0.0640102624015,-0.00174493657882,-0.997947714815
3.809,1.48255545,2.682596963,3.065011767,-78.0722073843,-2.5819414897,7.87442888317,-0.0640104795188,-0.00174682695493,-0.997947697581
3.81,1.482564081,2.68232276,3.064775953,-78.0900199739,-2.58708594293,7.87440891192,-0.0640057030871,-0.00174668223549,-0.997948004193
3.811,1.482661773,2.682233918,3.064745459,-78.1057916091,-2.59288422989,7.87431963933,-0.0640041547798,-0.00174498031088,-0.997948106474
3.812,1.482664718,2.682895289,3.065325724,-78.1163340814,-2.5981344215,7.87431149095,-0.0640156727144,-0.0017449126727,-0.997947367814
3.813,1.482604794,2.682687419,3.065114804,-78.1179927602,-2.60232607396,7.87437598839,-0.064012053621,-0.00174596347175,-0.997947598125
3.814,1.482666624,2.682208644,3.064725685,-78.110071503,-2.60475392459,7.87429981498,-0.0640037145084,-0.00174489629231,-0.997948134858
3.815,1.482669406,2.682360757,3.06486016,-78.0865720428,-2.60487217136,7.87429720646,-0.0640063639597,-0.0017448438094,-0.997947965023
3.816,1.482728558,2.682601108,3.065099131,-78.0505396202,-2.60315285702,7.87424273189,-0.0640105488744,-0.00174380624305,-0.997947698415
3.817,1.482680642,2.682614054,3.065087282,-78.0116047717,-2.60159089802,7.87429416627,-0.0640107744764,-0.00174464180826,-0.997947682484
3.818,1.482662616,2.683018981,3.065432969,-77.9752641693,-2.60079075056,7.87431057389,-0.0640178272715,-0.0017449470906,-0.997947229542
3.819,1.482651158,2.682658249,3.065111701,-77.9452758212,-2.60055318863,7.87432115757,-0.0640115450737,-0.00174515538847,-0.997947632158
3.82,1.482714498,2.68306375,3.065497247,-77.9257577784,-2.60016121335,7.87425558878,-0.0640186056462,-0.0017440408449,-0.997947181194
3.821,1.482775031,2.682592434,3.065114021,-77.9161205323,-2.59913308,7.87419634898,-0.0640103968604,-0.00174299587258,-0.997947709582
3.822,1.482773128,2.682397182,3.064942216,-77.9209338625,-2.59777453509,7.87419438242,-0.0640069970115,-0.00174303361287,-0.997947927583
3.823,1.482782208,2.682600674,3.065124704,-77.9398794927,-2.59614999209,7.87418630645,-0.0640105407345,-0.00174287064488,-0.997947700572
3.824,1.482680562,2.682717959,3.065178184,-77.9640477575,-2.59436476473,7.87428896437,-0.0640125845585,-0.0017446412495,-0.997947566381
3.825,1.482689149,2.682469155,3.064964581,-77.9902952797,-2.59340011333,7.8742893216,-0.0640082516551,-0.0017444974012,-0.997947844553
3.826,1.482709299,2.682754847,3.065224369,-78.0186851308,-2.59325067187,7.87425654698,-0.0640132262972,-0.0017441390447,-0.997947526094
3.827,1.4827845,2.682566127,3.065095578,-78.0462873967,-2.59264738268,7.87418178055,-0.064009938341,-0.0017428313763,-0.997947739279
3.828,1.482789372,2.682782433,3.065287247,-78.0713439215,-2.59177807835,7.8741844835,-0.0640137052231,-0.00174274095853,-0.997947497816
3.829,1.48262367,2.682813939,3.065234669,-78.0933257645,-2.59158895362,7.87434519184,-0.064014256659,-0.00174563141879,-0.997947457392
3.83,1.482638311,2.682606022,3.065059776,-78.1125205491,-2.5918963199,7.87433561953,-0.0640106351967,-0.00174538107439,-0.997947690125
3.831,1.482765981,2.682744464,3.065242701,-78.1314492885,-2.59267906232,7.87420459519,-0.0640130447462,-0.00174314951224,-0.997947539469
3.832,1.482769022,2.682593219,3.065111801,-78.1498923729,-2.5932152039,7.87420526193,-0.0640104109205,-0.00174310072485,-0.997947708497
3.833,1.482845047,2.68269054,3.065233754,-78.1666630338,-2.59269769348,7.87412609085,-0.0640121043911,-0.00174177229263,-0.997947602192
3.834,1.482705904,2.682582975,3.065072302,-78.1797559793,-2.59099666692,7.8742720533,-0.0640102327979,-0.00174420226532,-0.997947717997
3.835,1.482835071,2.682300859,3.064887885,-78.1883203135,-2.58840339884,7.87413109126,-0.0640053180534,-0.00174195517221,-0.997948037151
3.836,1.482847328,2.682443738,3.065018859,-78.1956930972,-2.58538349221,7.87411954118,-0.0640078064325,-0.00174173815526,-0.997947877929
3.837,1.482826021,2.682337835,3.064915866,-78.2030651865,-2.58253768941,7.87414690625,-0.0640059622081,-0.0017421123902,-0.997947995562
3.838,1.482894571,2.682622089,3.065197805,-78.2067920459,-2.58129052993,7.87407245264,-0.0640109112699,-0.00174090929854,-0.997947680228
3.839,1.482837843,2.682526667,3.065086848,-78.2048705714,-2.58227010078,7.87412849083,-0.0640092505798,-0.00174190189424,-0.997947785016
3.84,1.482865269,2.682846605,3.065380126,-78.1999330982,-2.5844137032,7.87409861177,-0.0640148218683,-0.00174141554629,-0.997947428502
3.841,1.482843151,2.682569423,3.065126836,-78.1951786345,-2.58710372232,7.87413031615,-0.0640099948777,-0.00174180769119,-0.99794773744
3.842,1.482823813,2.682870857,3.065381297,-78.1899916191,-2.59013874018,7.87414674939,-0.0640152452504,-0.00174213830693,-0.997947400082
3.843,1.482877872,2.682304213,3.064911528,-78.1832490528,-2.59249535564,7.87408309587,-0.0640053757895,-0.00174120810602,-0.997948034751
3.844,1.482915961,2.68269714,3.065273837,-78.1763707016,-2.59357295369,7.87405862368,-0.0640122179562,-0.00174053445852,-0.997947597067
3.845,1.482760756,2.682612329,3.065124527,-78.1685841839,-2.59399607031,7.87421129632,-0.0640107436087,-0.00174324426309,-0.997947686907
3.846,1.482921169,2.68235053,3.064973011,-78.1618059973,-2.59392658775,7.87404281586,-0.0640061815753,-0.00174045156384,-0.99794798439
3.847,1.482816483,2.682474524,3.06503088,-78.1592699411,-2.59335815489,7.87415326376,-0.0640083433293,-0.00174227521197,-0.997947842556
3.848,1.482855375,2.682770771,3.065308969,-78.1567279059,-2.5924893869,7.8741200031,-0.0640135015908,-0.00174158982779,-0.997947512888
3.849,1.482965323,2.682473692,3.065102161,-78.1503947541,-2.59130147953,7.87399845949,-0.0640083259625,-0.00173967834599,-0.9979478482
3.85,1.482918469,2.682578917,3.065171583,-78.1440597521,-2.58927222246,7.87404616423,-0.0640101590364,-0.00174049341296,-0.997947729204
3.851,1.482853818,2.682666751,3.065217177,-78.140375836,-2.58682158906,7.8741207204,-0.0640116900836,-0.00174161937348,-0.997947629034
3.852,1.48289922,2.682755135,3.065316494,-78.1383581734,-2.58467459721,7.87406882266,-0.0640132286941,-0.00174082559313,-0.997947531726
3.853,1.48292454,2.682360567,3.064983426,-78.140777763,-2.58254156237,7.87403668659,-0.0640063567657,-0.00174039323641,-0.997947973256
3.854,1.482934158,2.682503777,3.065113412,-78.1495787753,-2.57955058694,7.87401985591,-0.0640088510356,-0.00174022196091,-0.997947813574
3.855,1.482907386,2.682324069,3.064943185,-78.1592847602,-2.57574895904,7.87405052598,-0.0640057217485,-0.00174069304677,-0.997948013461
3.856,1.482968739,2.682681487,3.06528567,-78.1658119635,-2.57176986455,7.87397680749,-0.0640119454032,-0.00173961388203,-0.997947616155
3.857,1.482922808,2.682508647,3.065112183,-78.1685243046,-2.56766554372,7.87402257808,-0.0640089357984,-0.00174041904401,-0.997947807793
3.858,1.482885858,2.682724772,3.065283457,-78.1672018161,-2.56380357766,7.87406285819,-0.0640126996379,-0.00174105933668,-0.997947565255
3.859,1.482857686,2.682474815,3.065051068,-78.1633490664,-2.56054026197,7.87407861173,-0.0640083472844,-0.00174155634754,-0.997947843557
3.86,1.482873309,2.682538494,3.065114357,-78.1610553523,-2.55760480504,7.8740587809,-0.0640094565077,-0.00174128266268,-0.997947772888
3.861,1.482945205,2.682803071,3.065380695,-78.1615495786,-2.55509368282,7.87399171682,-0.0640140628138,-0.00174002136975,-0.997947479624
3.862,1.482852257,2.682687218,3.065234335,-78.1611867341,-2.55358871019,7.8740928972,-0.0640120464828,-0.00174164622532,-0.997947606126
3.863,1.482931397,2.68260647,3.065201951,-78.1592051906,-2.55344963903,7.87402358183,-0.0640106393501,-0.00174026775936,-0.997947698789
3.864,1.482852273,2.682598832,3.065156988,-78.1570217537,-2.55445998374,7.8741070666,-0.0640105072372,-0.00174164784787,-0.997947704855
3.865,1.482824968,2.682729445,3.065258091,-78.1541651738,-2.55599085629,7.87413934343,-0.0640127826925,-0.00174212115113,-0.997947558074
3.866,1.482991363,2.682550531,3.065182006,-78.1507313447,-2.5572490054,7.87397303435,-0.0640096641087,-0.00173922248511,-0.997947763165
3.867,1.48299023,2.682437181,3.065082258,-78.1502356612,-2.55817816693,7.87397897101,-0.0640076899958,-0.00173924478575,-0.997947889746
3.868,1.483035803,2.682541968,3.065196014,-78.1541602479,-2.55947538211,7.873925236,-0.0640095142355,-0.00173844732169,-0.997947774129
3.869,1.483067385,2.682731541,3.065377202,-78.1582631338,-2.56093865936,7.8738988878,-0.0640128147404,-0.00173789204649,-0.997947563392
3.871,1.4830399,2.682493909,3.065155937,-78.1568214739,-2.56307210191,7.87392591333,-0.0640086772259,-0.00173837649808,-0.997947827938
3.872,1.483079895,2.682366416,3.065063713,-78.1582802447,-2.56337409562,7.87387985513,-0.0640064560395,-0.00173768246096,-0.997947971612
3.873,1.482990236,2.682244423,3.064913569,-78.1632086179,-2.56348843128,7.87397867711,-0.0640043328327,-0.00173924905842,-0.997948105059
3.874,1.48307022,2.682360447,3.065053808,-78.1691280923,-2.5636275091,7.8738934291,-0.0640063528525,-0.00173785073994,-0.997947977937
3.875,1.483039826,2.682923383,3.065531765,-78.1706649817,-2.56374953483,7.87392468055,-0.0640161565419,-0.00173836803884,-0.997947348199
3.876,1.482957974,2.682456605,3.065083652,-78.1660206913,-2.56385303325,7.87401022123,-0.0640080290847,-0.00173980736043,-0.997947867017
3.877,1.483002608,2.682453517,3.065102544,-78.1613598524,-2.56374244296,7.8739582348,-0.0640079742514,-0.00173902899083,-0.99794787189
3.878,1.482996194,2.682824769,3.065424351,-78.1582556479,-2.56274049575,7.87397447514,-0.0640144398512,-0.00173913169456,-0.997947456989
3.879,1.482992949,2.682634736,3.065256468,-78.1538941827,-2.56137601299,7.87397582318,-0.0640111302338,-0.00173919262844,-0.997947669177
3.88,1.482981086,2.682610938,3.065229901,-78.1495369216,-2.56006107637,7.87398124166,-0.064010716526,-0.00173940025148,-0.997947695351
3.881,1.482959677,2.68270487,3.065301751,-78.1471849745,-2.55828776365,7.87399371766,-0.0640123520979,-0.00173977119173,-0.997947589794
3.882,1.482964198,2.682660427,3.065265043,-78.1455127444,-2.55592795374,7.87399232443,-0.0640115779707,-0.00173969409658,-0.997947639583
3.883,1.48303707,2.682698168,3.065333328,-78.1432129033,-2.55350820388,7.87391926442,-0.0640122345586,-0.00173842130907,-0.997947599686
3.884,1.483194713,2.682715157,3.065424468,-78.1413545938,-2.55132090715,7.87375412941,-0.0640125282658,-0.00173567046408,-0.997947585634
3.885,1.483050736,2.682619443,3.065271042,-78.1413469675,-2.54874367043,7.87389092184,-0.0640108632654,-0.00173818470535,-0.997947688057
3.886,1.48304157,2.682563761,3.065217877,-78.1429427415,-2.54623931898,7.87391399968,-0.0640098939706,-0.00173834643144,-0.997947749948
3.887,1.483058373,2.68260881,3.065265432,-78.1454792625,-2.54454614587,7.87389405662,-0.0640106779883,-0.00173805229575,-0.997947700172
3.888,1.483064323,2.682905882,3.0655283,-78.1455187438,-2.54371376846,7.87388740472,-0.0640158513428,-0.00173794083503,-0.997947368521
3.889,1.483112885,2.682360455,3.06507446,-78.1436782855,-2.54290811887,7.87383419034,-0.0640063522638,-0.0017371067921,-0.99794797927
3.89,1.483078374,2.682563945,3.065235844,-78.1457454374,-2.54217086252,7.87386285305,-0.0640098964489,-0.0017377038384,-0.997947750908
3.891,1.483188841,2.682625243,3.065342939,-78.1502455013,-2.54240864169,7.87376413285,-0.0640109625388,-0.001735775179,-0.997947685883
3.892,1.483190688,2.682521653,3.065253176,-78.1542013651,-2.54419532322,7.87376659675,-0.064009157888,-0.00173574594714,-0.997947801687
3.893,1.483082241,2.683068798,3.065679551,-78.1552450101,-2.5471290646,7.87388450964,-0.0640186883384,-0.00173762496499,-0.997947187081
3.894,1.483093741,2.682558683,3.065238675,-78.1517283986,-2.55059823912,7.87387285247,-0.0640098049025,-0.00173743638165,-0.997947757245
3.895,1.48310125,2.682526074,3.06521377,-78.1485846456,-2.55403392968,7.87387195099,-0.0640092366464,-0.00173730628906,-0.997947793921
3.896,1.48316483,2.682812684,3.065495362,-78.1488482788,-2.5567728877,7.87380761278,-0.0640142271394,-0.00173619025399,-0.997947475756
3.897,1.483119697,2.682618991,3.065304012,-78.1513785832,-2.55860839134,7.87384782786,-0.064010854577,-0.00173698152585,-0.997947690709
3.898,1.483130773,2.682625423,3.065315,-78.1553262242,-2.55997322638,7.87384846602,-0.064010965774,-0.0017367880696,-0.997947683913
3.899,1.483088278,2.682596536,3.065269159,-78.159358593,-2.56147611835,7.87388855741,-0.0640104632577,-0.00173753065421,-0.997947714853
3.9,1.483000518,2.682506658,3.06514804,-78.1617683813,-2.5629788501,7.8739690788,-0.0640089002514,-0.00173906413367,-0.997947812435
3.901,1.483085783,2.682589261,3.065261584,-78.1623928642,-2.56447782493,7.87389016784,-0.0640103367165,-0.00173757427973,-0.997947722894
3.902,1.483112948,2.682718707,3.065388014,-78.1610043331,-2.56591941219,7.87385618647,-0.0640125907401,-0.00173709701532,-0.997947579145
3.903,1.483083781,2.682717363,3.065372727,-78.1553912805,-2.56567830523,7.87388444509,-0.0640125685299,-0.00173760644731,-0.997947579682
3.904,1.483235403,2.682524885,3.065277642,-78.1481632352,-2.56419058364,7.87372642067,-0.0640092141817,-0.00173496576599,-0.997947799433
3.905,1.483017889,2.68266642,3.065296263,-78.1428554262,-2.56261222611,7.87394092765,-0.0640116822843,-0.00173875667411,-0.997947634526
3.906,1.483148233,2.682516768,3.065228359,-78.1392588317,-2.56108587526,7.87380841331,-0.0640090738901,-0.00173648688172,-0.997947805786
3.907,1.483063364,2.682656118,3.065309248,-78.1375614041,-2.55930425188,7.87389044288,-0.0640115019879,-0.00173796397239,-0.997947647472
3.908,1.483233047,2.682858613,3.065568562,-78.1355267779,-2.55717956308,7.87371921856,-0.0640150262637,-0.0017349981927,-0.997947426568
3.909,1.483194384,2.682622272,3.065343021,-78.1326338676,-2.55499582395,7.87376751206,-0.0640109102699,-0.00173567863631,-0.997947689404
3.91,1.483175205,2.682161666,3.06493065,-78.1347076266,-2.55337458343,7.87377929123,-0.0640028888976,-0.00173602441204,-0.997948203281
3.911,1.483149738,2.682749399,3.065432675,-78.1421321909,-2.55295094053,7.87379717189,-0.0640131254534,-0.00173645424362,-0.997947545964
3.912,1.483138153,2.68266405,3.065352376,-78.1462954981,-2.554846047,7.87382253293,-0.0640116393216,-0.00173665924556,-0.997947640934
3.913,1.483141502,2.682809306,3.065481118,-78.1437296538,-2.55880866125,7.87381356634,-0.0640141687671,-0.00173659638672,-0.997947478793
3.914,1.483074835,2.682471893,3.065153572,-78.1373198445,-2.56297803963,7.87388139719,-0.0640082932488,-0.00173776834028,-0.997947853626
3.915,1.483105372,2.682668837,3.065340704,-78.1321930243,-2.56678154206,7.87386417274,-0.0640117226772,-0.00173723030089,-0.997947634594
3.916,1.483117404,2.682698151,3.06537218,-78.12998269,-2.57022589642,7.87384702891,-0.0640122330145,-0.00173702045177,-0.997947602224
3.917,1.483260135,2.682756793,3.065492561,-78.1287822924,-2.57275816934,7.87370348914,-0.0640132521182,-0.00173452846526,-0.997947541189
3.918,1.483332195,2.682544968,3.065342054,-78.1299006044,-2.57420369968,7.8736239812,-0.0640095617538,-0.00173327630554,-0.997947780075
3.919,1.483190357,2.6825398,3.065268897,-78.1337253196,-2.57483187693,7.87377416695,-0.0640094738991,-0.00173575062519,-0.99794778141
3.92,1.483142169,2.682992143,3.065641456,-78.1355433588,-2.5754756351,7.87381657874,-0.0640173530625,-0.00173658045332,-0.997947274557
3.921,1.483133332,2.682548299,3.065248743,-78.1332448598,-2.57652163892,7.87383195682,-0.0640096229895,-0.00173674565914,-0.997947770116
3.922,1.483174828,2.682703707,3.065404826,-78.1314853285,-2.57754014215,7.87378638736,-0.0640123290684,-0.00173601766472,-0.997947597808
3.923,1.483237436,2.682493211,3.065250906,-78.1329950045,-2.57820079979,7.87373429143,-0.0640086615982,-0.00173493090385,-0.997947834937
3.924,1.483254685,2.682788207,3.065517416,-78.1359603273,-2.57898815773,7.87373259929,-0.0640137993849,-0.00173462273266,-0.99794750592
3.925,1.483301485,2.682597541,3.065373202,-78.138001312,-2.57983922338,7.87367766487,-0.0640104777009,-0.00173381083816,-0.997947720396
3.926,1.483237573,2.682571388,3.065319388,-78.1392949697,-2.57965773249,7.87374136843,-0.0640100233868,-0.00173492653647,-0.997947747598
3.927,1.48320252,2.682734751,3.065445393,-78.1390280439,-2.57844712744,7.87376972772,-0.0640128695396,-0.00173553403582,-0.997947563981
3.928,1.483251387,2.682680912,3.06542192,-78.1359082443,-2.57679612373,7.8737216106,-0.0640119309065,-0.00173468256236,-0.997947625669
3.929,1.483273537,2.682528842,3.065299557,-78.1340120605,-2.57344430211,7.87369020356,-0.0640092820833,-0.0017342996859,-0.997947796236
3.93,1.483364791,2.682657219,3.065456061,-78.1363333576,-2.56607046683,7.87359802189,-0.0640115169396,-0.00173270498785,-0.997947655658
3.931,1.483214167,2.682516362,3.065259907,-78.141054297,-2.55653004341,7.87374775819,-0.0640090654507,-0.00173533643948,-0.997947808328
3.932,1.483200386,2.682767211,3.065472768,-78.1455589284,-2.54809083943,7.87375487469,-0.0640134349793,-0.00173557095445,-0.997947527646
3.933,1.483189925,2.682933437,3.065613182,-78.1462567841,-2.54221478154,7.87376656817,-0.0640163292399,-0.00173574950064,-0.997947341679
3.934,1.483270924,2.682815664,3.065549301,-78.14334014,-2.53797567157,7.87368620557,-0.0640142773593,-0.00173433909941,-0.997947475753
3.935,1.4832845,2.682870565,3.065603917,-78.1391181607,-2.5348573329,7.87366648688,-0.0640152333916,-0.00173410053016,-0.997947414842
3.936,1.483372815,2.682841514,3.065621226,-78.1330629922,-2.53251270865,7.87358051357,-0.0640147260264,-0.00173256043909,-0.997947450062
3.937,1.483220377,2.682739163,3.065457894,-78.1271189406,-2.53156227691,7.87373779928,-0.0640129457502,-0.00173522198019,-0.997947559635
3.938,1.483296936,2.682742996,3.065498293,-78.123046081,-2.53271540767,7.87366585383,-0.0640130109896,-0.0017338868471,-0.997947557771
3.939,1.483337662,2.682866453,3.065626041,-78.1202239161,-2.53556425379,7.87363371318,-0.0640151610638,-0.00173317275767,-0.997947421093
3.94,1.483404224,2.682499969,3.065337531,-78.1199331375,-2.54001160464,7.87357198665,-0.0640087770726,-0.00173202089695,-0.997947832585
3.941,1.483314876,2.68267104,3.065444003,-78.1230893472,-2.54663617004,7.87366674888,-0.0640117583326,-0.00173357508579,-0.997947638663
3.942,1.483441658,2.682599099,3.065442395,-78.1263364127,-2.55442585522,7.87353562878,-0.064010502934,-0.00173136544221,-0.997947723024
3.943,1.483404959,2.682889448,3.065678728,-78.1280617882,-2.56152909617,7.87357129763,-0.0640155600925,-0.00173199876015,-0.997947397535
3.944,1.483369615,2.68258348,3.065393864,-78.1289654263,-2.56734496915,7.87360904049,-0.064010232487,-0.00173262254552,-0.997947738189
3.945,1.483397512,2.682782664,3.065581674,-78.1291947475,-2.57284727383,7.87359107426,-0.0640137008823,-0.00173213078489,-0.997947516567
3.946,1.48353681,2.682819207,3.065681061,-78.1280499006,-2.57790702912,7.87345153576,-0.0640143350162,-0.00172969983146,-0.997947480107
3.947,1.483545506,2.682676319,3.065560226,-78.1267148982,-2.5822526323,7.87345190962,-0.0640118468055,-0.00172955155311,-0.997947639969
3.948,1.483406733,2.682680328,3.06549658,-78.1267900347,-2.58555941115,7.87358632671,-0.0640119183322,-0.00173197263876,-0.997947631182
3.949,1.483369865,2.682539357,3.065355372,-78.1279784854,-2.58840377787,7.87362095372,-0.0640094635737,-0.00173261887005,-0.997947787514
3.95,1.483476893,2.682464956,3.065342058,-78.129909587,-2.59070040144,7.8735018428,-0.0640081668597,-0.00173075327001,-0.997947873923
3.951,1.483441691,2.682547502,3.065397258,-78.1321593903,-2.59112578371,7.87353243108,-0.0640096044613,-0.00173136621272,-0.997947780652
3.952,1.483276836,2.682679168,3.065432708,-78.1332685845,-2.590628336,7.87371786137,-0.0640118999363,-0.0017342391846,-0.997947628426
3.953,1.48342176,2.682634539,3.06546378,-78.1317303638,-2.59059763275,7.87357098338,-0.0640111206799,-0.00173171108325,-0.9979476828
3.954,1.483517532,2.682516903,3.065407184,-78.1295711577,-2.59046828141,7.87347443946,-0.0640090703767,-0.0017300434981,-0.997947817202
3.955,1.483543038,2.682752743,3.065625911,-78.1284632577,-2.58923410574,7.87343783944,-0.064013177889,-0.00172959286817,-0.997947554516
3.956,1.483599393,2.682694209,3.065601961,-78.1271403767,-2.58630580276,7.87337925571,-0.0640121570169,-0.00172861135595,-0.9979476217
3.957,1.483561993,2.682854121,3.065723801,-78.1266782455,-2.58252633261,7.87342288084,-0.0640149421781,-0.00172925974943,-0.997947441922
3.958,1.483616875,2.682792921,3.065696803,-78.1265821364,-2.57903304299,7.87335335619,-0.0640138759688,-0.00172830307657,-0.997947511972
3.959,1.483600501,2.682535416,3.065463538,-78.1269299225,-2.57540809792,7.87336995173,-0.0640093918694,-0.00172859518889,-0.997947799091
3.96,1.4835916,2.682563824,3.06548409,-78.1291134904,-2.571834101,7.87337674626,-0.0640098866334,-0.00172874964588,-0.997947767089
3.961,1.483646907,2.682604791,3.065546707,-78.1316190987,-2.56912493369,7.87331914286,-0.0640105994323,-0.00172778422366,-0.997947723041
3.962,1.483685958,2.682757704,3.065699418,-78.1316840837,-2.56714485781,7.87328382993,-0.0640132614945,-0.00172709890378,-0.997947553473
3.963,1.483694486,2.682463568,3.065446153,-78.1288772854,-2.56582249557,7.87327075644,-0.0640081394016,-0.00172695710636,-0.997947882261
3.964,1.483537976,2.682749933,3.065621002,-78.1249752656,-2.56551938735,7.87343885659,-0.0640131287056,-0.00172968124775,-0.997947557518
3.965,1.483539167,2.68288841,3.065742762,-78.1200136664,-2.56713378276,7.87343513315,-0.0640155399047,-0.00172965687361,-0.997947402891
3.966,1.483631299,2.682659634,3.065587145,-78.115087426,-2.57125105958,7.87334119044,-0.064011554419,-0.0017280555863,-0.997947661315
3.967,1.483577416,2.682560432,3.065474257,-78.1141019343,-2.5768851126,7.87340701723,-0.0640098277575,-0.00172899745868,-0.997947770436
3.968,1.483555665,2.682686788,3.065574304,-78.1179838326,-2.58227153161,7.873423877,-0.0640120281272,-0.00172937414603,-0.997947628646
3.969,1.483606524,2.682635934,3.065554415,-78.1245200893,-2.58597847075,7.87337420023,-0.0640111425756,-0.00172848831093,-0.997947686983
3.97,1.483555308,2.68278493,3.065660016,-78.1295199685,-2.58879022281,7.8734343013,-0.0640137375011,-0.0017293781412,-0.997947518992
3.971,1.483568707,2.682824403,3.065701044,-78.1275726146,-2.59147016612,7.87342497708,-0.064014424524,-0.00172914353098,-0.997947475329
3.972,1.48364369,2.682858802,3.065767433,-78.119787091,-2.59254912143,7.8733346808,-0.0640150227652,-0.00172783426515,-0.997947439222
3.973,1.483535339,2.683023706,3.06585931,-78.1115172985,-2.5908081391,7.87345173363,-0.0640178962216,-0.00172972023607,-0.997947251628
3.974,1.483659605,2.68266767,3.065607876,-78.1073450409,-2.58788981544,7.87332005886,-0.0640116939565,-0.00172756101243,-0.997947653221
3.975,1.483599023,2.682768318,3.065666633,-78.1079587925,-2.58482701154,7.87339179973,-0.0640134480632,-0.00172861515612,-0.99794753888
3.976,1.483762978,2.682757024,3.065736098,-78.1104657441,-2.5818083923,7.87322189929,-0.0640132491006,-0.00172575553175,-0.997947556592
3.977,1.483694964,2.683079769,3.065985616,-78.1102607402,-2.5789169614,7.8732869893,-0.0640188709109,-0.00172693408749,-0.997947193927
3.978,1.48380319,2.682720531,3.065723627,-78.1069340867,-2.57578594745,7.87316947454,-0.0640126124319,-0.00172505458439,-0.997947598642
3.979,1.483641756,2.682574707,3.065517888,-78.1072138909,-2.57208622058,7.87332765457,-0.0640100749319,-0.00172787468778,-0.997947756527
3.98,1.483725644,2.682706382,3.065673713,-78.1148895469,-2.56830839927,7.8732525635,-0.0640123667956,-0.00172640784554,-0.997947612058
3.981,1.483695613,2.682878652,3.065809931,-78.1237566158,-2.56514161472,7.87327613092,-0.0640153682012,-0.0017269280362,-0.997947418632
3.982,1.483744115,2.682481858,3.06548618,-78.1298904994,-2.56286844979,7.87322943828,-0.0640084572456,-0.00172609098651,-0.997947863373
3.983,1.483746365,2.682882218,3.065837614,-78.1362411741,-2.56118236288,7.87323387465,-0.0640154296321,-0.00172604195539,-0.997947416224
3.984,1.483646229,2.683017632,3.065907654,-78.1404206604,-2.5597377993,7.87332572159,-0.0640177890259,-0.00172778610321,-0.997947261855
3.985,1.483691098,2.682892551,3.065819909,-78.1390212541,-2.55796833585,7.87328428448,-0.0640156103521,-0.00172700634997,-0.997947402963
3.986,1.483638858,2.682981373,3.065872357,-78.1348632758,-2.55646810291,7.87333705692,-0.064017157295,-0.00172791578374,-0.997947302155
3.987,1.48379221,2.682625062,3.065634771,-78.1332357517,-2.5553399151,7.87317319389,-0.0640109502683,-0.00172524850097,-0.997947704924
3.988,1.483643793,2.682847763,3.065757822,-78.1354873462,-2.55408757548,7.87331864894,-0.0640148306861,-0.00172783264618,-0.997947451546
3.989,1.483641759,2.68298937,3.065880759,-78.1353582917,-2.55294389729,7.87332444111,-0.0640172966004,-0.00172786474039,-0.997947293307
3.99,1.48381917,2.682805867,3.065806036,-78.1324824133,-2.55212589265,7.87315046924,-0.064014098949,-0.00172477396422,-0.997947503775
3.991,1.483749878,2.682656501,3.065641793,-78.1311358344,-2.55168325232,7.8732101625,-0.0640114984782,-0.00172598611169,-0.997947668485
3.992,1.483857634,2.682597436,3.065642263,-78.1319479102,-2.55153387608,7.87310946667,-0.0640104685022,-0.00172410791583,-0.997947737797
3.993,1.483763508,2.68310601,3.066041749,-78.1324810345,-2.55164804074,7.8731986335,-0.0640193266263,-0.0017257382278,-0.997947166761
3.994,1.483769474,2.683040506,3.065987314,-78.1287570916,-2.55203556912,7.87320060024,-0.0640181855525,-0.00172563502872,-0.99794724014
3.995,1.483770184,2.682796175,3.065773846,-78.1229213739,-2.55279261164,7.87319880141,-0.0640139308828,-0.00172562869403,-0.997947513078
3.999,1.483821942,2.682629403,3.06565296,-78.1343886624,-2.55572303956,7.87315636481,-0.0640110254143,-0.00172472998544,-0.997947701
4,1.483740165,2.682951333,3.065895095,-78.1368042923,-2.55613478995,7.8732456004,-0.0640166334506,-0.00172614892201,-0.997947338817
4.001,1.483790522,2.68269756,3.065697394,-78.1335532174,-2.55650447036,7.87319859882,-0.064012212314,-0.00172527677781,-0.997947623924
4.002,1.483762119,2.682802213,3.065775226,-78.1301302869,-2.55647401547,7.87321636412,-0.0640140362023,-0.00172576964116,-0.997947506078
4.003,1.483789228,2.682882947,3.065858996,-78.1277695146,-2.55567818041,7.87319536339,-0.0640154413387,-0.00172529442645,-0.997947416766
4.004,1.483829438,2.682920185,3.065911042,-78.1268838856,-2.55430891315,7.87314243558,-0.0640160894831,-0.0017245919221,-0.997947376403
4.005,1.483851419,2.682727647,3.065753196,-78.1287088498,-2.55235881761,7.87312231504,-0.0640127362285,-0.00172421334341,-0.997947592155
4.006,1.48381918,2.682465395,3.065508107,-78.132318763,-2.55050542014,7.87314712101,-0.0640081688042,-0.00172478146004,-0.997947884138
4.007,1.483844217,2.682854626,3.065860826,-78.1350958812,-2.54847549516,7.87311665483,-0.0640149468062,-0.00172433526889,-0.997947450146
4.008,1.483796481,2.682895502,3.065873492,-78.1322700573,-2.54571614357,7.87316106578,-0.064015660152,-0.00172516760217,-0.997947402949
4.009,1.483904229,2.683000706,3.066017702,-78.1249879425,-2.54293644222,7.87305950129,-0.0640174904403,-0.00172328562141,-0.997947288791
4.01,1.483786484,2.683025216,3.065982166,-78.1190031137,-2.54104132197,7.87318656707,-0.0640179192337,-0.00172533927851,-0.997947257735
4.011,1.483785146,2.682693572,3.065691302,-78.1170251164,-2.53998966423,7.87317626764,-0.06401214373,-0.00172537010183,-0.997947628161
4.012,1.483778736,2.682705139,3.065698322,-78.1197682827,-2.53897412201,7.8731843397,-0.0640123451991,-0.00172548195273,-0.997947615045
4.013,1.483759674,2.682689127,3.065675084,-78.1251349656,-2.53801850215,7.87321092331,-0.0640120665321,-0.00172581423245,-0.997947632345
4.014,1.483785687,2.682809096,3.065792656,-78.1303518991,-2.5377327064,7.87318667352,-0.064014155569,-0.00172535824709,-0.997947499133
4.015,1.483763019,2.682585984,3.065586446,-78.1354189871,-2.53766895338,7.87320674096,-0.0640102704804,-0.00172575898496,-0.997947747645
4.016,1.483856901,2.682704892,3.065735938,-78.1397869494,-2.53711280534,7.87311223412,-0.0640123394915,-0.00172411755621,-0.997947617769
4.017,1.483751424,2.682957232,3.065905706,-78.1393057467,-2.5364449178,7.87322116545,-0.0640167351368,-0.00172595259467,-0.997947332633
4.018,1.483836713,2.682655701,3.065683122,-78.1358778864,-2.53611983198,7.87313560356,-0.0640114834196,-0.00172447165399,-0.997947672069
4.019,1.483775425,2.68267463,3.065670022,-78.1358977147,-2.53626439413,7.87320615487,-0.0640118137151,-0.00172553974386,-0.997947649037
4.02,1.483744805,2.682654875,3.065637915,-78.1370981507,-2.53667368762,7.87322204299,-0.0640114696302,-0.00172607522742,-0.997947670181
4.021,1.483839577,2.682502417,3.065550376,-78.1374348577,-2.53673606628,7.87313133073,-0.0640088138824,-0.00172442497884,-0.997947843379
4.022,1.483922553,2.682963693,3.065994181,-78.1379182747,-2.53649686013,7.87305706894,-0.0640168453983,-0.00172296594329,-0.997947330721
4.023,1.483768754,2.682614728,3.065614375,-78.1377258131,-2.5361654551,7.87320554803,-0.0640107706567,-0.00172565777455,-0.997947715737
4.024,1.483861017,2.682821511,3.065839979,-78.1368477886,-2.53544343265,7.87310824072,-0.0640143706048,-0.00172404347129,-0.997947487612
4.025,1.483786403,2.683026986,3.065983676,-78.1336837731,-2.53470219609,7.8731896947,-0.0640179500893,-0.00172533992792,-0.997947255755
4.026,1.483906327,2.682788266,3.065832818,-78.1299549012,-2.5344727177,7.87307192447,-0.0640137903617,-0.00172325382641,-0.997947526196
4.027,1.483920263,2.683004212,3.06602853,-78.1275116656,-2.53434123723,7.87306063639,-0.0640175508992,-0.00172300585844,-0.997947285395
4.028,1.483842666,2.683055037,3.066035451,-78.1240764177,-2.53388904802,7.87313395824,-0.064018437226,-0.00172435821838,-0.997947226202
4.029,1.483805948,2.682797745,3.065792529,-78.1204174361,-2.53375880353,7.87317416604,-0.0640139568968,-0.00172500449238,-0.997947512488
4.03,1.483836139,2.682754113,3.065768961,-78.1200460924,-2.53332417936,7.8731286116,-0.0640131966287,-0.00172447873776,-0.997947562165
4.031,1.483779607,2.68272985,3.065720367,-78.1223452318,-2.53203579847,7.87319627535,-0.0640127747391,-0.00172546587089,-0.99794758752
4.032,1.483851172,2.68278513,3.065803378,-78.124152633,-2.53117080284,7.87312814078,-0.0640137373719,-0.00172421569142,-0.997947527933
4.033,1.483793896,2.682826936,3.065812241,-78.1242723201,-2.53086455362,7.87317487753,-0.0640144658835,-0.00172521473508,-0.997947479476
4.034,1.483903283,2.683050528,3.066060842,-78.1244546935,-2.53101857522,7.87307783487,-0.0640183580809,-0.00172330031329,-0.997947233106
4.035,1.483952412,2.682725661,3.065800341,-78.1267259914,-2.53168693916,7.87302064737,-0.0640126992615,-0.00172245090028,-0.99794759757
4.036,1.48406621,2.682501015,3.065658855,-78.1314231404,-2.53187468744,7.87290376165,-0.0640087855951,-0.00172047072789,-0.997947852018
4.037,1.483921465,2.682571825,3.065650749,-78.1369517115,-2.53145937579,7.87304238231,-0.0640100212856,-0.00172299431989,-0.997947768406
4.038,1.483959538,2.682748426,3.065823711,-78.140585893,-2.53081678339,7.87300486427,-0.0640130955412,-0.00172232624546,-0.997947572366
4.039,1.483840522,2.682932369,3.065927069,-78.1400619978,-2.53035993631,7.87313457606,-0.0640163013732,-0.001724398417,-0.997947363145
4.04,1.483840571,2.683153652,3.066120734,-78.13542831,-2.52999041931,7.8731253428,-0.0640201553084,-0.00172439266127,-0.997947115926
4.041,1.483852844,2.682781232,3.065800776,-78.1294314707,-2.5296618819,7.87311803748,-0.0640136691969,-0.00172418721764,-0.997947532355
4.042,1.483867241,2.682544756,3.065600815,-78.1270547207,-2.53027084195,7.87311291024,-0.0640095507644,-0.00172394179677,-0.997947796949
4.043,1.484002386,2.682828657,3.065914657,-78.1294454811,-2.53202072999,7.87297914915,-0.0640144928117,-0.00172157724233,-0.99794748403
4.044,1.483892724,2.682858371,3.06588758,-78.1335003906,-2.53390620079,7.87308737199,-0.0640150119317,-0.00172348977432,-0.997947447429
4.045,1.483879098,2.683041034,3.066040829,-78.1336768941,-2.53529514357,7.87310740089,-0.0640181934994,-0.00172372242425,-0.997947242935
4.046,1.483846235,2.68290034,3.065901806,-78.1269832824,-2.53612007986,7.8731311501,-0.0640157436729,-0.0017242996151,-0.997947399091
4.047,1.483940265,2.682855263,3.06590787,-78.1183481115,-2.53648462576,7.873040286,-0.0640149565575,-0.00172265958642,-0.997947452415
4.048,1.483954045,2.682610395,3.065700269,-78.1147014706,-2.53682051663,7.87301514603,-0.064010692152,-0.0017224255323,-0.997947726357
4.049,1.483905039,2.682638713,3.065701327,-78.1188824338,-2.53733510117,7.87306515948,-0.0640111865977,-0.00172327968711,-0.997947693167
4.05,1.48396365,2.682846882,3.065911856,-78.1249984429,-2.53769742005,7.87301328761,-0.0640148108518,-0.00172225204914,-0.997947462465
4.051,1.483979716,2.683068698,3.066113735,-78.1260579406,-2.53794072055,7.87299649776,-0.0640186733302,-0.0017219667972,-0.997947215185
4.052,1.483988953,2.682995806,3.066054421,-78.1208059716,-2.53796293798,7.87298709866,-0.0640174036971,-0.00172180707144,-0.997947296907
4.053,1.483869682,2.682731059,3.065765021,-78.1155737884,-2.53769480733,7.87310308679,-0.0640127950556,-0.00172389426223,-0.997947588933
4.054,1.483886423,2.682895888,3.065917361,-78.1160490406,-2.53790756345,7.87309368343,-0.0640156651921,-0.00172359863446,-0.997947405336
4.055,1.483942886,2.68294613,3.065988654,-78.118752753,-2.53858435788,7.87303435828,-0.0640165389281,-0.00172261158902,-0.997947350993
4.056,1.483871067,2.683094265,3.066083524,-78.1176735565,-2.53958667755,7.87310996882,-0.0640191198849,-0.00172386149483,-0.997947183267
4.057,1.483961016,2.68289129,3.06594944,-78.1141909941,-2.54042304718,7.87302016434,-0.0640155845158,-0.00172229739834,-0.997947412758
4.058,1.483987101,2.683011784,3.066067506,-78.1112648207,-2.54131543107,7.87299133745,-0.0640176825857,-0.00172183880811,-0.997947278962
4.059,1.48399425,2.682966341,3.0660312,-78.1075938238,-2.54185219855,7.87297824748,-0.0640168909184,-0.00172171503637,-0.99794732996
4.06,1.483954249,2.682994579,3.06603655,-78.1033146426,-2.54194466518,7.87302530488,-0.0640173827032,-0.00172241226968,-0.99794729721
4.061,1.484071005,2.682862089,3.065977126,-78.1023799768,-2.54170815707,7.87290329933,-0.0640150739551,-0.0017203789227,-0.997947448818
4.062,1.484020496,2.682863705,3.065954091,-78.1069494373,-2.54124372924,7.87295778687,-0.0640151028587,-0.00172125996828,-0.997947445445
4.063,1.48409917,2.683159107,3.066250664,-78.1099373462,-2.54093809437,7.8728721079,-0.0640202458084,-0.00171988073047,-0.997947117906
4.064,1.484096901,2.683142284,3.066234845,-78.1069194382,-2.54091461237,7.87287204096,-0.0640199536672,-0.00171991994628,-0.99794713658
4.065,1.484002734,2.682772755,3.065865908,-78.1046920717,-2.54123629826,7.87296613913,-0.0640135193973,-0.00172157246381,-0.997947546479
4.066,1.484027005,2.682935221,3.066019823,-78.1071115157,-2.54205776624,7.87294433117,-0.0640163484713,-0.00172114511835,-0.99794736574
4.067,1.484126312,2.682874358,3.066014633,-78.1110482638,-2.54344246746,7.87284921665,-0.0640152865313,-0.00171941334925,-0.997947436846
4.068,1.484086184,2.682876687,3.065997247,-78.1151139542,-2.54516630976,7.87289602035,-0.0640153274585,-0.00172011352653,-0.997947433014
4.069,1.483948609,2.682807289,3.06586993,-78.1183585887,-2.54739090478,7.87303620494,-0.0640141213684,-0.00172251531125,-0.997947506238
4.07,1.484020303,2.682843767,3.065936552,-78.1192004886,-2.54980005187,7.8729520961,-0.0640147560259,-0.00172126388973,-0.997947467686
4.071,1.48405412,2.682923206,3.066022433,-78.1184303614,-2.55153532386,7.87292436346,-0.0640161388313,-0.00172067223348,-0.997947380004
4.072,1.483989646,2.682881618,3.065954834,-78.1177721434,-2.55277347296,7.87299587812,-0.0640154155994,-0.00172179810635,-0.997947424455
4.073,1.483872501,2.68286629,3.065884722,-78.1152240867,-2.55447819204,7.87311795171,-0.0640151496798,-0.00172384176426,-0.997947437985
4.074,1.484085284,2.682815296,3.065943092,-78.1096043645,-2.55628847769,7.87289951856,-0.0640142587207,-0.00172013088671,-0.99794750154
4.075,1.484066046,2.683129516,3.066208739,-78.1026170481,-2.55701939414,7.87291449144,-0.0640197308959,-0.00172045935269,-0.997947149941
4.076,1.483916176,2.682927459,3.065959387,-78.0951221055,-2.55692051506,7.87306901068,-0.0640162148586,-0.00172307821539,-0.997947370975
4.077,1.484036522,2.6829491,3.066036574,-78.0891044532,-2.55689093986,7.87294701902,-0.0640165894848,-0.00172097806466,-0.997947350568
4.078,1.483981895,2.68299427,3.06604966,-78.0863701675,-2.55679560274,7.8729970891,-0.064017377335,-0.00172193068811,-0.997947298385
4.079,1.483977967,2.683111104,3.066149997,-78.0839278602,-2.55637874984,7.87299148933,-0.0640194122497,-0.0017219955846,-0.997947167733
4.08,1.483958251,2.683047231,3.066084561,-78.0792543366,-2.55627120702,7.87301664425,-0.0640182994494,-0.00172234114578,-0.997947238523
4.081,1.484110833,2.682916195,3.06604375,-78.0751789841,-2.55675566649,7.87286927652,-0.0640160151538,-0.00171968267394,-0.997947389643
4.082,1.484189597,2.682748105,3.065934793,-78.0770149026,-2.55754882849,7.87278412104,-0.0640130867484,-0.00171831280787,-0.997947579849
4.083,1.484165131,2.682959907,3.066108282,-78.0840466623,-2.55788942234,7.87282208518,-0.0640167759472,-0.00171873420304,-0.997947342474
4.084,1.48407939,2.683108836,3.066197101,-78.0881278336,-2.5581402299,7.8729038799,-0.0640193711462,-0.00172022671238,-0.997947173421
4.085,1.484053076,2.683121436,3.06619539,-78.08634022,-2.55910933621,7.87293502023,-0.064019591105,-0.00172068553425,-0.997947158519
4.086,1.484100417,2.682983261,3.066097393,-78.083983066,-2.56069702149,7.87287999952,-0.0640171832091,-0.00171986317534,-0.997947314403
4.087,1.483994731,2.682939332,3.066007799,-78.0843965088,-2.562312269,7.87299281034,-0.064016420163,-0.00172170760411,-0.997947360171
4.088,1.484091162,2.682933923,3.066049741,-78.0872328304,-2.56352983601,7.87288971563,-0.0640163250407,-0.00172002526395,-0.997947369174
4.089,1.484164959,2.682721571,3.065899648,-78.0919481732,-2.56354667351,7.87280485369,-0.0640126254767,-0.00171874335458,-0.997947608695
4.09,1.484061131,2.682847366,3.065959463,-78.0981779887,-2.56272429451,7.87292365751,-0.0640148174129,-0.0017205516047,-0.997947464977
4.091,1.48405821,2.68300896,3.066099452,-78.1015057371,-2.56272132715,7.87292697008,-0.0640176316561,-0.00172059853997,-0.997947284368
4.092,1.484036886,2.682770618,3.065880569,-78.0994433109,-2.56359157083,7.87293791539,-0.0640134811722,-0.00172097669555,-0.997947549958
4.093,1.484134595,2.682996776,3.066125763,-78.0954051603,-2.56452720374,7.87285461148,-0.0640174184318,-0.00171926588633,-0.997947300343
4.094,1.484099692,2.682938658,3.066058013,-78.0911360314,-2.56552162923,7.87288889037,-0.0640164065568,-0.00171987629453,-0.997947364202
4.095,1.484152035,2.682834348,3.065992075,-78.0883584074,-2.56619490764,7.872829057,-0.0640145892339,-0.00171896575883,-0.997947482347
4.096,1.484114529,2.682934123,3.066061227,-78.0884141016,-2.56602273073,7.87285723889,-0.0640163281361,-0.00171961812096,-0.997947369677
4.097,1.484105267,2.682810161,3.065948272,-78.0888252606,-2.56497860569,7.87286819828,-0.0640141688438,-0.00171978181929,-0.997947507907
4.098,1.484179876,2.682849664,3.066018954,-78.0883995355,-2.56377231495,7.87279891661,-0.0640148554428,-0.00171847984116,-0.997947466107
4.099,1.484099815,2.68300051,3.066112196,-78.086318675,-2.56366438841,7.87289425673,-0.064017483852,-0.00171987325849,-0.9979472951
4.1,1.484171513,2.682853309,3.066018094,-78.0822184757,-2.56458380718,7.8728091869,-0.0640149198584,-0.00171862517586,-0.997947461725
4.101,1.4840597,2.682943044,3.066042493,-78.0789014215,-2.56584808491,7.87292650554,-0.064016483786,-0.00172057439879,-0.997947358044
4.102,1.484117986,2.682713048,3.065869451,-78.078415406,-2.56671998744,7.87286914638,-0.0640124771057,-0.00171956236551,-0.997947616802
4.103,1.484267576,2.682973726,3.066169965,-78.0792464024,-2.56694278046,7.87271672435,-0.0640170152897,-0.00171694639909,-0.997947330198
4.104,1.484278857,2.682875831,3.066089765,-78.0783301618,-2.5664988366,7.87270431652,-0.0640153104458,-0.0017167525625,-0.997947439893
4.105,1.484328045,2.682870885,3.066109249,-78.0766402036,-2.56569413416,7.87265251756,-0.0640152234108,-0.00171589460873,-0.997947446952
4.106,1.484159556,2.682819256,3.06598251,-78.0762107592,-2.56472191436,7.87281451729,-0.0640143261398,-0.00171883491131,-0.997947499448
4.107,1.484217976,2.682754281,3.065953935,-78.0767702998,-2.56407138984,7.87276422776,-0.064013194526,-0.001717816943,-0.997947573789
4.108,1.484273094,2.682637601,3.065878522,-78.0797168397,-2.56400584043,7.87270463708,-0.0640111612152,-0.00171685793949,-0.997947705864
4.109,1.484209851,2.682803365,3.065992951,-78.0850631223,-2.56461800176,7.87276866951,-0.0640140493879,-0.00171795820307,-0.997947518711
4.11,1.484330221,2.682897999,3.066134028,-78.0894315121,-2.56522795691,7.87264554065,-0.0640156949942,-0.00171585505335,-0.997947416769
4.111,1.484338177,2.682898145,3.066138007,-78.0901236559,-2.56568969007,7.87264377803,-0.0640156978017,-0.00171571703278,-0.997947416826
4.112,1.484232534,2.682945011,3.066127875,-78.0887937886,-2.56623485972,7.87274043198,-0.0640165156927,-0.00171755912248,-0.997947361192
4.113,1.484195308,2.682928615,3.066095508,-78.0877140141,-2.5668302513,7.87277964459,-0.0640162302318,-0.00171820877627,-0.997947378385
4.114,1.484177513,2.682717904,3.065902517,-78.0875574065,-2.56741094546,7.8728017499,-0.0640125608589,-0.00171852394391,-0.997947613218
4.115,1.484145937,2.682964814,3.066103285,-78.087022661,-2.5678376084,7.87283436545,-0.0640168615913,-0.00171906880061,-0.997947336403
4.116,1.484190279,2.683014638,3.066168347,-78.0829005371,-2.56781641817,7.87279213531,-0.0640177286048,-0.00171829379971,-0.99794728212
4.117,1.484262536,2.68286132,3.066069167,-78.076890188,-2.56744834574,7.87271533122,-0.0640150580159,-0.00171703684181,-0.997947455597
4.118,1.484131668,2.683232127,3.066330291,-78.0722074878,-2.56686601152,7.87284835689,-0.0640215177168,-0.00171931189655,-0.99794703729
4.119,1.484147007,2.682900834,3.066047819,-78.0685526125,-2.5662808996,7.87283495447,-0.0640157478001,-0.00171905216764,-0.997947407879
4.12,1.484151447,2.682990762,3.066128658,-78.0674403351,-2.56634864254,7.87283705716,-0.0640173136656,-0.00171897270194,-0.997947307569
4.121,1.484255053,2.683183908,3.066347819,-78.0667656432,-2.56670845698,7.87272453311,-0.0640206756918,-0.00171715963492,-0.997947095014
4.122,1.484200442,2.682726877,3.065921468,-78.065545871,-2.56644056051,7.87278046504,-0.0640127172169,-0.00171812348145,-0.997947603878
4.123,1.484185336,2.683051156,3.066197909,-78.0681809473,-2.56567982793,7.87278448583,-0.0640183649869,-0.00171837992451,-0.997947241148
4.124,1.4842399,2.682915287,3.066105432,-78.0726938423,-2.56479774518,7.87273438758,-0.0640159976532,-0.00171743091191,-0.997947394643
4.125,1.484239767,2.682728986,3.065942351,-78.0774537887,-2.56364465253,7.87273180335,-0.0640127538158,-0.0017174378425,-0.997947602711
4.126,1.48413907,2.682951767,3.066088545,-78.081999916,-2.56268924549,7.87283411182,-0.0640166344174,-0.00171918902531,-0.997947350769
4.127,1.484136285,2.683086227,3.066204855,-78.0827430275,-2.56231004413,7.87284527526,-0.0640189768019,-0.00171923494095,-0.997947200427
4.128,1.484217199,2.682896665,3.066078148,-78.0814890953,-2.56262348105,7.87276618887,-0.0640156736723,-0.00171782730901,-0.997947414744
4.129,1.484208549,2.682987834,3.066153736,-78.0814901175,-2.56308843172,7.87277239336,-0.0640172617784,-0.00171797601064,-0.997947312614
4.13,1.484350428,2.683061772,3.066287114,-78.0808485883,-2.56211824315,7.87262725382,-0.0640185472808,-0.00171549931984,-0.99794723441
4.131,1.484237545,2.682771531,3.065978502,-78.0810277397,-2.56046480823,7.8727434412,-0.0640134943793,-0.00171747506209,-0.997947555143
4.132,1.484133891,2.682945986,3.066080979,-78.0838598948,-2.55949004746,7.87285872311,-0.0640165341433,-0.00171927929862,-0.997947357046
4.133,1.48423838,2.683183623,3.066339499,-78.085900297,-2.55920792682,7.87273799559,-0.0640206708174,-0.00171745065492,-0.997947094826
4.134,1.484217132,2.682828642,3.066018594,-78.0855319115,-2.55843792425,7.87276217243,-0.0640144890805,-0.00171782984965,-0.997947490727
4.135,1.484303562,2.683050961,3.066254968,-78.0851301375,-2.55703949285,7.87267858824,-0.0640183599792,-0.00171631722402,-0.997947245019
4.136,1.4841848,2.682998915,3.066151936,-78.0841771083,-2.55577533452,7.8727976027,-0.0640174546379,-0.00171839019955,-0.997947299529
4.137,1.484233156,2.682942705,3.066126159,-78.082306464,-2.55476169821,7.87274553727,-0.0640164753288,-0.00171754741106,-0.997947363801
4.138,1.484232134,2.683105168,3.066267824,-78.0800573555,-2.5536059926,7.87274916692,-0.0640193050822,-0.00171756207027,-0.997947182248
4.139,1.484271586,2.683041634,3.066231327,-78.0784183596,-2.55219028516,7.87270852286,-0.0640181976934,-0.00171687497134,-0.99794725447
4.14,1.484164694,2.682975132,3.066121393,-78.0785354754,-2.55068387508,7.87281221298,-0.0640170414021,-0.00171874116736,-0.997947325433
4.141,1.484358458,2.682963319,3.066204853,-78.0809213019,-2.54903759028,7.87262487015,-0.0640168327558,-0.00171536142937,-0.997947344633
4.142,1.48431379,2.683095003,3.066298457,-78.0837264519,-2.54722044137,7.87267097222,-0.0640191261456,-0.00171613724275,-0.997947196178
4.143,1.484245006,2.683243229,3.066394864,-78.0833754425,-2.54544156862,7.87274233031,-0.0640217085859,-0.00171733349479,-0.997947028452
4.144,1.484226155,2.683016983,3.066187765,-78.0805109998,-2.54420744381,7.87275775305,-0.064017769374,-0.00171766798386,-0.997947280582
4.145,1.484314738,2.683057768,3.066266333,-78.0793525218,-2.5430690312,7.87266506593,-0.0640184784887,-0.00171612228049,-0.997947237752
4.146,1.484214834,2.683076901,3.066234715,-78.0792292209,-2.54151044809,7.87277332798,-0.0640188128952,-0.00171786440817,-0.997947213302
4.147,1.484329008,2.683010313,3.066231718,-78.0785714076,-2.54010399653,7.87264679382,-0.0640176512005,-0.00171587392656,-0.997947291249
4.148,1.484294187,2.682917261,3.066133438,-78.0799767865,-2.53914934529,7.87267665085,-0.0640160318613,-0.00171648357255,-0.997947394079
4.149,1.48435426,2.68295848,3.066198587,-78.0838061899,-2.53827181276,7.87262891037,-0.0640167485147,-0.00171543493542,-0.99794734991
4.15,1.484299837,2.682899876,3.066120961,-78.0882884009,-2.53795657323,7.87267957243,-0.064015728991,-0.00171638567256,-0.997947413676
4.151,1.484424244,2.68284622,3.06613424,-78.0923400877,-2.53758810386,7.87255062484,-0.0640147919055,-0.00171421633026,-0.997947477516
4.152,1.484401318,2.682616047,3.065921742,-78.0971370211,-2.53691123296,7.87256749159,-0.0640107841232,-0.001714621782,-0.997947733896
4.153,1.484424281,2.682862785,3.066148752,-78.1029514528,-2.53589198191,7.87254888733,-0.0640150804143,-0.00171421556462,-0.99794745901
4.154,1.484286177,2.682889389,3.066105172,-78.1053537477,-2.53497685151,7.87268807247,-0.0640155464426,-0.0017166241631,-0.997947424975
4.155,1.484381223,2.683246254,3.066463447,-78.1017042185,-2.53463442476,7.87259373787,-0.0640217594786,-0.00171495764843,-0.997947029272
4.156,1.484386169,2.683186024,3.066413139,-78.0942971038,-2.53443150916,7.8725873103,-0.0640207103998,-0.00171487204904,-0.997947096721
4.157,1.484303453,2.682814934,3.066048387,-78.0885836266,-2.53430086532,7.87268114737,-0.0640142488213,-0.00171632493712,-0.997947508728
4.158,1.484368739,2.682953926,3.066201612,-78.0888899228,-2.53461885971,7.8726050459,-0.0640166687837,-0.00171518231476,-0.997947355459
4.159,1.484347727,2.682872517,3.066120206,-78.0916138635,-2.53486855228,7.87263189484,-0.0640152510464,-0.00171555088632,-0.99794744577
4.16,1.484227838,2.683137457,3.066293998,-78.0922227967,-2.53526090435,7.8727590412,-0.0640198673278,-0.00171763601432,-0.997947146052
4.161,1.484287088,2.682957623,3.06616532,-78.0910088339,-2.53626683672,7.87269281094,-0.0640167342896,-0.0017166062417,-0.997947348808
4.162,1.484360031,2.682872243,3.066125923,-78.0905804542,-2.53697180068,7.8726212462,-0.06401524682,-0.00171533650409,-0.99794744641
4.163,1.484363343,2.682961429,3.066205565,-78.0909288036,-2.53766662614,7.8726152434,-0.0640167999232,-0.00171527566289,-0.997947346886
4.164,1.484224637,2.683045782,3.06621223,-78.0898409669,-2.54016640863,7.87275392107,-0.0640182707921,-0.00171769413956,-0.997947248371
4.165,1.484282816,2.683203594,3.066378484,-78.0876973366,-2.54334715162,7.87269172862,-0.064021018006,-0.00171667571864,-0.997947073886
4.166,1.484310803,2.68272833,3.065976166,-78.0867341888,-2.54568547818,7.87267481298,-0.0640127404304,-0.0017161986767,-0.997947605701
4.167,1.484354671,2.682814092,3.066072446,-78.0891714329,-2.54726495593,7.87261556388,-0.0640142336656,-0.00171543073146,-0.997947511238
4.168,1.484348989,2.683056323,3.06628165,-78.0915290384,-2.54815881192,7.87262065373,-0.0640184526271,-0.00171552434654,-0.997947240439
4.169,1.484358076,2.682869221,3.066122332,-78.0911783309,-2.5475990944,7.8726108454,-0.0640151933941,-0.00171536990446,-0.997947449779
4.17,1.484392575,2.682792974,3.066072317,-78.0916311435,-2.54642249801,7.8725773222,-0.0640138656369,-0.00171477047786,-0.99794753598
4.171,1.484386018,2.682615746,3.065914071,-78.0944961627,-2.5452992779,7.87258861361,-0.0640107788059,-0.00171488845645,-0.997947733779
4.172,1.484411345,2.683111716,3.066360305,-78.0967977517,-2.5444335122,7.87257153526,-0.0640194162104,-0.00171443535519,-0.997947180496
4.173,1.484371224,2.683151898,3.066376043,-78.0927124488,-2.54388861729,7.87261653541,-0.0640201162424,-0.00171513391694,-0.997947134387
4.174,1.484415501,2.683318476,3.066543237,-78.082540693,-2.54316872502,7.87256082363,-0.0640230167581,-0.0017143577467,-0.997946949643
4.175,1.48444342,2.683254199,3.066500508,-78.0731535123,-2.54148617031,7.87253632782,-0.0640218971526,-0.00171387179477,-0.997947022306
4.176,1.484386241,2.68319276,3.066419068,-78.0698199718,-2.53939043907,7.87259518009,-0.0640208275002,-0.00171487086585,-0.997947089211
4.177,1.484417169,2.683209202,3.066448427,-78.069397962,-2.5378367988,7.87256091636,-0.0640211142737,-0.00171433061624,-0.997947071742
4.178,1.484479281,2.682836486,3.066152368,-78.0719976573,-2.53630714245,7.87249377641,-0.0640146215548,-0.00171325623438,-0.997947490092
4.179,1.484457851,2.683102326,3.066374603,-78.0792956169,-2.53439000881,7.87252024431,-0.0640192518205,-0.00171362355751,-0.997947192436
4.18,1.484462527,2.682711579,3.066034965,-78.0867937837,-2.53232350855,7.87250751413,-0.0640124471182,-0.0017135512189,-0.997947629065
4.181,1.484423392,2.683082196,3.066340307,-78.0930226896,-2.53066725091,7.87255296737,-0.0640189020492,-0.00171422593046,-0.997947213839
4.182,1.484507322,2.683176202,3.066463194,-78.0954387556,-2.52943857985,7.87246750099,-0.0640205379086,-0.00171275940393,-0.997947111415
4.183,1.484489412,2.683010589,3.066309612,-78.0938833917,-2.52874763819,7.87247918394,-0.064017653472,-0.00171307527593,-0.997947295911
4.184,1.484377398,2.683070866,3.066308127,-78.0924727107,-2.52879140874,7.87259922272,-0.0640187051333,-0.00171502818099,-0.997947225093
4.185,1.484554002,2.683062415,3.066386229,-78.0904264698,-2.52949049885,7.87241929858,-0.0640185554409,-0.00171194687732,-0.997947239987
4.186,1.484579025,2.682802765,3.066171156,-78.0892800404,-2.53019796706,7.87239884926,-0.0640140328902,-0.00171151674528,-0.997947530837
4.187,1.484531892,2.683170719,3.06647029,-78.0906650032,-2.53058917879,7.8724443828,-0.0640204418069,-0.00171233038149,-0.997947118316
4.188,1.484528685,2.683111586,3.066416997,-78.0917602999,-2.5305322682,7.87244487415,-0.0640194116497,-0.00171238742771,-0.997947184305
4.189,1.484468482,2.682921641,3.06622165,-78.0927389088,-2.53063463843,7.87251209916,-0.0640161045879,-0.00171344275192,-0.997947394639
4.19,1.484431532,2.683126124,3.066382685,-78.0941933016,-2.53139208502,7.87254972659,-0.0640196665486,-0.00171408268915,-0.997947165042
4.191,1.48440883,2.682922736,3.066193729,-78.0946945714,-2.5325354567,7.87257868346,-0.0640161252048,-0.00171448364054,-0.997947391529
4.192,1.484529117,2.683238411,3.066528179,-78.0943532684,-2.53343579768,7.87244922742,-0.0640216210549,-0.00171237678916,-0.997947042585
4.193,1.484448741,2.682983269,3.066266017,-78.0929727549,-2.53348995425,7.87253411246,-0.0640171785661,-0.0017137855905,-0.997947325157
4.194,1.484447519,2.682850146,3.066148944,-78.0935008163,-2.53337807484,7.87253053357,-0.0640148600834,-0.00171380973666,-0.997947473841
4.195,1.484526819,2.682838695,3.066177317,-78.0981645729,-2.5335252304,7.87244831465,-0.0640146597732,-0.00171242695377,-0.997947489063
4.196,1.484375137,2.682935151,3.066188281,-78.1027931797,-2.53383225686,7.87260643791,-0.0640163413246,-0.00171507125231,-0.997947376656
4.197,1.484356152,2.683050232,3.066279787,-78.1031973782,-2.53474482053,7.87263279486,-0.0640183458179,-0.00171539933056,-0.997947247506
4.198,1.484498612,2.683065393,3.066362019,-78.1020098261,-2.53545453263,7.87247050678,-0.0640186077124,-0.00171291316467,-0.997947234975
4.199,1.484497254,2.683276168,3.066545791,-78.1004089817,-2.53524597826,7.87247736192,-0.0640222789961,-0.00171293193712,-0.997946999422
4.2,1.484458643,2.683066702,3.066343815,-78.0963794907,-2.53477683368,7.87251535417,-0.0640186319532,-0.00171361123358,-0.997947232222
4.201,1.48441674,2.682807075,3.066096355,-78.0956707552,-2.53494656061,7.87255653268,-0.0640141109117,-0.00171434853074,-0.997947520972
4.202,1.484461001,2.682920906,3.066217385,-78.1000541723,-2.53547008589,7.87251659924,-0.0640160927272,-0.00171357360465,-0.997947395175
4.203,1.484490039,2.682855288,3.066174029,-78.1018264572,-2.53599741989,7.87249325123,-0.0640149491113,-0.00171306774395,-0.997947469404
4.204,1.484491242,2.682896028,3.066210258,-78.1007580715,-2.53644838986,7.87248973767,-0.0640156587349,-0.00171304583612,-0.997947423921
4.205,1.484424284,2.682840776,3.066129495,-78.0997991697,-2.53689851587,7.87256607061,-0.0640146975621,-0.0017142158396,-0.997947483568
4.206,1.484485743,2.683151543,3.06643117,-78.0957191403,-2.53740629342,7.87249213636,-0.0640201090889,-0.00171313587579,-0.997947138278
4.207,1.484572416,2.68291642,3.066267401,-78.087787173,-2.53736058086,7.87240862678,-0.0640160122012,-0.00171162915115,-0.997947403678
4.208,1.484454961,2.682978112,3.066264516,-78.0813095483,-2.53666976094,7.87252768968,-0.0640170891663,-0.00171367726223,-0.997947331078
4.209,1.484497677,2.683093929,3.066386536,-78.0777904079,-2.53615036687,7.87248305716,-0.0640191052465,-0.00171292934917,-0.997947203031
4.21,1.484563059,2.682726186,3.066096421,-78.0762960989,-2.53673368469,7.87242048522,-0.064012700059,-0.00171179703094,-0.997947615851
4.211,1.484446138,2.683055616,3.06632806,-78.0774048931,-2.53770323249,7.87252945035,-0.0640184382288,-0.00171382960393,-0.997947244274
4.212,1.484539071,2.683104507,3.066415831,-78.0777134418,-2.53870878966,7.87245518427,-0.0640192885496,-0.00171220655668,-0.997947192512
4.213,1.484545348,2.68268666,3.066053262,-78.0783280912,-2.53987408005,7.87243780527,-0.0640120119444,-0.00171210773809,-0.997947659456
4.214,1.484482033,2.682981339,3.066280445,-78.0818903158,-2.54108591714,7.87250796048,-0.0640171444147,-0.00171320529171,-0.997947328344
4.215,1.484584189,2.683045394,3.066385951,-78.0851430635,-2.5422546927,7.87239676599,-0.064018258757,-0.00171142061312,-0.997947259922
4.216,1.484522246,2.68302939,3.066341958,-78.0862963913,-2.54333557083,7.87245232038,-0.0640179806538,-0.00171250179226,-0.997947275907
4.217,1.484517232,2.683469124,3.066724303,-78.0854541291,-2.54350995026,7.8724569863,-0.0640256389942,-0.00171257878278,-0.997946784466
4.218,1.484596187,2.683054129,3.066399403,-78.0812978103,-2.54325303784,7.87237862454,-0.0640184109167,-0.00171121134508,-0.99794725052
4.219,1.484496003,2.683139675,3.066425753,-78.0772526944,-2.54355128183,7.8724940148,-0.0640199016508,-0.00171295770322,-0.997947151892
4.22,1.484598946,2.682814269,3.066190867,-78.0760179238,-2.54468436737,7.87238508247,-0.064014233407,-0.00171116872082,-0.997947518571
4.221,1.484567414,2.683144198,3.066464282,-78.0761848041,-2.54612498686,7.87242200927,-0.0640199796987,-0.00171171131513,-0.997947149023
4.222,1.484653483,2.682969608,3.066353189,-78.0776934927,-2.54701202276,7.87232946457,-0.0640169377339,-0.0017102134517,-0.997947346734
4.223,1.484556649,2.683032711,3.066361521,-78.0801695187,-2.54774689434,7.87242945924,-0.0640180378093,-0.00171190181829,-0.99794727327
4.224,1.484620414,2.683249932,3.066582458,-78.0790420073,-2.54866742269,7.87237278388,-0.0640218205579,-0.0017107846762,-0.997947032516
4.225,1.484487039,2.682766664,3.066095031,-78.0750652539,-2.54999782001,7.87250509797,-0.0640134053345,-0.0017131228118,-0.997947568336
4.226,1.48454439,2.683116624,3.066429008,-78.0746316254,-2.55118853945,7.87243999326,-0.0640194992351,-0.00171211339086,-0.997947179156
4.227,1.484575013,2.683091621,3.066421957,-78.0762826733,-2.55145464614,7.87240812439,-0.0640190640387,-0.00171157959691,-0.99794720799
4.228,1.484564411,2.683423189,3.066706947,-78.0751087162,-2.55107751582,7.87241932534,-0.0640248379669,-0.00171175684006,-0.997946837267
4.229,1.484603138,2.682830633,3.066207214,-78.0722896454,-2.55097457483,7.87237977991,-0.0640145184672,-0.00171109580292,-0.997947500411
4.23,1.484528179,2.6828594,3.066196092,-78.0728963072,-2.55087707089,7.87244953052,-0.0640150200299,-0.00171240255694,-0.997947465996
4.231,1.484490794,2.683036609,3.066333048,-78.0759054499,-2.55106458449,7.8724932024,-0.0640181072359,-0.00171305090712,-0.997947266845
4.232,1.48467845,2.683193354,3.06656105,-78.0760348282,-2.55175539206,7.87230878204,-0.064020833609,-0.00170977339639,-0.997947097565
4.233,1.484616654,2.683187776,3.066526252,-78.0728900261,-2.55241188996,7.87236478265,-0.0640207380699,-0.00171085107399,-0.997947101847
4.234,1.48458817,2.682940611,3.066296195,-78.0700303885,-2.5534782634,7.87240035126,-0.0640164332875,-0.00171135417676,-0.997947377138
4.235,1.484616503,2.683168651,3.066509444,-78.0692121747,-2.55644241863,7.87237318381,-0.0640204049273,-0.00171085479541,-0.997947123213
4.236,1.484552103,2.683204503,3.066509637,-78.0680942916,-2.56061044337,7.87244190896,-0.0640210297498,-0.0017119774658,-0.997947081204
4.237,1.484617686,2.68305956,3.066414563,-78.0661171285,-2.56417404864,7.87237420064,-0.0640185045116,-0.00171083595174,-0.997947245159
4.238,1.484611419,2.683081128,3.066430402,-78.0655384469,-2.56664288254,7.87238005459,-0.0640188803188,-0.00171094527223,-0.997947220863
4.239,1.484618898,2.683038463,3.066396691,-78.0673996469,-2.5680827371,7.87236762097,-0.0640181373011,-0.00171081566341,-0.99794726875
4.24,1.484591503,2.683236634,3.066556826,-78.0693512113,-2.56861784095,7.87239608292,-0.0640215890675,-0.00171128854233,-0.997947046503
4.241,1.48466924,2.682939188,3.066334202,-78.068910162,-2.56821355109,7.87230753054,-0.0640164078575,-0.00170993939873,-0.997947381194
4.242,1.484619006,2.682912947,3.06628692,-78.0677596468,-2.56711670691,7.87236330952,-0.0640159513133,-0.00171081679157,-0.997947408977
4.243,1.484719427,2.683020984,3.066430071,-78.0689966329,-2.56566054311,7.87226569025,-0.0640178310508,-0.00170906246788,-0.9979472914
4.244,1.484638041,2.683118713,3.066476176,-78.071029986,-2.56618578127,7.87233640825,-0.0640195341509,-0.00171048012391,-0.997947179717
4.245,1.484689901,2.683153423,3.066531655,-78.0706572172,-2.57062387358,7.87229110847,-0.0640201386725,-0.00170957381443,-0.997947142489
4.246,1.484680541,2.683131343,3.066507804,-78.0654238439,-2.57728387821,7.8722892179,-0.0640197535826,-0.00170973801134,-0.997947166912
4.247,1.484826442,2.683020523,3.066481483,-78.0584294045,-2.58272536887,7.87214847636,-0.0640178216754,-0.00170719522659,-0.997947295198
4.248,1.484690299,2.682997914,3.066395782,-78.055300315,-2.58600684487,7.87228916636,-0.0640174301081,-0.00170957077538,-0.99794731625
4.249,1.484726058,2.682951639,3.066372608,-78.0568311972,-2.58728310961,7.87224797919,-0.0640166236982,-0.00170894839019,-0.997947369046
4.25,1.484747876,2.683093097,3.066506942,-78.0602355268,-2.58645558052,7.87222800567,-0.0640190869798,-0.00170856371739,-0.997947211686
4.251,1.484731134,2.68304914,3.066460374,-78.0632673942,-2.58359018435,7.87224879574,-0.0640183219547,-0.00170885767883,-0.99794726026
4.252,1.484583066,2.683035279,3.066376557,-78.0630315306,-2.58042331858,7.87240952131,-0.0640180825607,-0.0017114413133,-0.997947271189
4.253,1.484717424,2.683216256,3.066599959,-78.0574686383,-2.57776471448,7.87226274839,-0.0640212318813,-0.001709092253,-0.997947073182
4.254,1.484669193,2.683197082,3.06655983,-78.0495974159,-2.57455511304,7.87231483866,-0.064020898759,-0.00170993433105,-0.99794709311
4.255,1.484729215,2.683294309,3.066673963,-78.0433055599,-2.57056665192,7.87224861679,-0.0640225917023,-0.00170888479932,-0.9979469863
4.256,1.484692489,2.683060467,3.066451574,-78.0397233018,-2.56648887694,7.87228832044,-0.0640185195223,-0.00170953091598,-0.997947246433
4.257,1.484750596,2.683297743,3.066687318,-78.0388936069,-2.56272745809,7.87222866636,-0.0640226507448,-0.00170851198405,-0.99794698315
4.258,1.484639,2.683159936,3.06651271,-78.0392403583,-2.55931868997,7.87233615504,-0.064020253009,-0.001710461847,-0.997947133632
4.259,1.484675297,2.683315623,3.066666508,-78.0396666074,-2.55642000996,7.87230976967,-0.0640229634977,-0.00170982553545,-0.997946960836
4.26,1.484720645,2.68293141,3.066352287,-78.039451356,-2.55433635916,7.87225629454,-0.0640162716695,-0.0017090431402,-0.997947391466
4.261,1.484779208,2.683096804,3.066525356,-78.0414813688,-2.55272007396,7.872197768,-0.0640191507555,-0.00170801699204,-0.997947208531
4.262,1.484692588,2.683123545,3.066506814,-78.0464867003,-2.55100312326,7.87228754149,-0.0640196182321,-0.00170952777501,-0.997947175955
4.263,1.48466639,2.683123161,3.066493794,-78.0525864606,-2.5494243547,7.87232035092,-0.0640196114725,-0.00170998541285,-0.997947175604
4.264,1.484738775,2.683204089,3.06659965,-78.058219619,-2.54828202641,7.87224171368,-0.0640210198856,-0.0017087202652,-0.997947087419
4.265,1.484752578,2.683208217,3.066609945,-78.0613985563,-2.54699678586,7.87222505059,-0.0640210917059,-0.00170847920519,-0.997947083224
4.266,1.48468006,2.68322895,3.066592975,-78.0612207246,-2.54576116673,7.87230163735,-0.0640214534931,-0.00170974443424,-0.997947057848
4.267,1.484773654,2.683051844,3.066483328,-78.0602972558,-2.54458946924,7.87220311868,-0.0640183681838,-0.00170811494224,-0.997947258566
4.268,1.484704037,2.682913033,3.066328166,-78.0611823219,-2.54386984779,7.87227806896,-0.0640159514605,-0.00170933370213,-0.997947411509
4.269,1.484755953,2.683230403,3.066630992,-78.0619102797,-2.54351616462,7.87223086882,-0.06402147789,-0.00170841973265,-0.997947058551
4.27,1.484790076,2.682979653,3.066428116,-78.063223028,-2.54326193398,7.87219122651,-0.0640171105343,-0.00170783049583,-0.99794733973
4.271,1.484720304,2.683046347,3.066452687,-78.0682291965,-2.543082341,7.87225538135,-0.0640182726939,-0.00170904670436,-0.997947263096
4.272,1.484733956,2.683091148,3.066498496,-78.0733388742,-2.54303219996,7.87223915264,-0.064019052971,-0.0017088074678,-0.997947213451
4.273,1.484816311,2.683075257,3.066524468,-78.0749227839,-2.54246910888,7.87215089619,-0.0640187749997,-0.00170737075071,-0.997947233742
4.274,1.484858254,2.682902471,3.066393599,-78.074429302,-2.54148610933,7.87211429238,-0.0640157653216,-0.00170664326563,-0.997947428054
4.275,1.484741159,2.683035195,3.066453027,-78.073471927,-2.54138898456,7.87224122823,-0.0640180787707,-0.00170868232244,-0.99794727616
4.276,1.484794037,2.683293916,3.066705003,-78.0706231842,-2.54187701771,7.87219221941,-0.0640225832637,-0.00170775446925,-0.997946988776
4.277,1.484784985,2.68317238,3.066594279,-78.0653487681,-2.5423646358,7.87219731122,-0.0640204671939,-0.00170791447818,-0.997947124255
4.278,1.484716386,2.682949844,3.066366353,-78.0630115514,-2.54269822197,7.87226598726,-0.0640165928083,-0.00170911698797,-0.997947370739
4.279,1.484708074,2.683240632,3.066616761,-78.0645059712,-2.54301622791,7.87227858969,-0.064021657075,-0.00170925541616,-0.997947045625
4.28,1.484674905,2.683133382,3.066506859,-78.0657932243,-2.54373768994,7.87231580119,-0.0640197897314,-0.00170983664511,-0.997947164424
4.281,1.484629747,2.683251745,3.066588563,-78.0644289157,-2.54458627331,7.87235548055,-0.064021851184,-0.00171062083377,-0.997947030832
4.282,1.484677366,2.683353538,3.066700685,-78.0588911491,-2.54424753555,7.8723007389,-0.0640236237231,-0.00170978762523,-0.997946918544
4.283,1.484833426,2.683078963,3.066535998,-78.0520224546,-2.54297767949,7.87213861951,-0.0640188391249,-0.00170707218939,-0.997947230139
4.284,1.484818882,2.683154317,3.066594887,-78.0495054606,-2.5417404647,7.87215842642,-0.0640201525401,-0.0017073242056,-0.99794714545
4.285,1.484790657,2.683197696,3.066619176,-78.0519242572,-2.5410707285,7.87218039929,-0.0640209083578,-0.00170781529973,-0.997947096123
4.286,1.484757554,2.683111786,3.066527979,-78.056122091,-2.54040362474,7.87221794137,-0.064019411861,-0.00170839443732,-0.997947191135
4.287,1.484793125,2.683448492,3.066839813,-78.0585137078,-2.53976095835,7.8721894386,-0.0640252759826,-0.00170776613631,-0.997946816003
4.288,1.484776565,2.68323977,3.066649167,-78.0591856061,-2.53921885258,7.87220441348,-0.0640216413263,-0.00170806039306,-0.997947048681
4.289,1.484674142,2.683314844,3.066665266,-78.060489717,-2.53904399408,7.87230544158,-0.0640229499226,-0.00170984568149,-0.997946961672
4.29,1.484744746,2.6832852,3.066673511,-78.0602834054,-2.53903025283,7.87224066837,-0.064022432036,-0.00170861439269,-0.997946997006
4.291,1.484786566,2.682970392,3.066418313,-78.0593580032,-2.5390914397,7.87219215547,-0.0640169497249,-0.00170789157143,-0.997947349941
4.292,1.484853268,2.682970364,3.066450587,-78.0627854887,-2.53852807283,7.87212280915,-0.0640169478175,-0.00170672814362,-0.997947352054
4.293,1.48482198,2.68306031,3.066514135,-78.0692663981,-2.53755944689,7.87216359208,-0.0640185149632,-0.00170727206258,-0.997947250592
4.294,1.484818518,2.683146825,3.066588156,-78.0746910254,-2.53695228937,7.87216582618,-0.064020021586,-0.0017073307373,-0.99794715384
4.295,1.484898606,2.683234243,3.066703421,-78.0760423878,-2.53630123132,7.87207754372,-0.064021542945,-0.00170593135301,-0.997947058634
4.296,1.484826849,2.68296434,3.066432523,-78.073673427,-2.53543684339,7.8721571712,-0.0640168437851,-0.00170718962396,-0.997947357938
4.297,1.484736358,2.683095563,3.066503522,-78.0711814562,-2.5350570128,7.87224487924,-0.0640191298227,-0.0017087653315,-0.997947208593
4.298,1.484749609,2.683203909,3.066604738,-78.0681958025,-2.53472997707,7.87223285914,-0.0640210164081,-0.00170853124292,-0.997947087966
4.299,1.484811,2.68325931,3.066682936,-78.0643001492,-2.53444742598,7.87216467596,-0.0640219809852,-0.0017074587807,-0.99794702792
4.3,1.484769444,2.683023855,3.0664568,-78.0621266743,-2.53458894837,7.8722080725,-0.0640178807551,-0.00170818951372,-0.997947289706
4.301,1.484864936,2.683233072,3.066686094,-78.0612250782,-2.53527996484,7.87211104016,-0.0640215226485,-0.00170651834042,-0.997947058933
4.302,1.484852669,2.683046715,3.0665171,-78.0600586222,-2.53594911043,7.87211858742,-0.0640182775338,-0.0017067370624,-0.997947266738
4.303,1.484842266,2.683197052,3.066643601,-78.0609642619,-2.53594793579,7.8721366913,-0.0640208961078,-0.00170691511622,-0.997947098449
4.304,1.484850401,2.683117685,3.066578097,-78.063921006,-2.5351925197,7.87212495307,-0.0640195139132,-0.00170677512561,-0.997947187359
4.305,1.484817773,2.683154045,3.066594112,-78.0667581605,-2.53369116387,7.87215828652,-0.0640201473819,-0.00170734358608,-0.997947145748
4.306,1.484781761,2.683171179,3.066591667,-78.0681839168,-2.53190688382,7.87219739579,-0.0640204466407,-0.00170797149204,-0.997947125476
4.307,1.484770726,2.682585876,3.066074215,-78.0695082333,-2.53090132788,7.87220827517,-0.0640102526723,-0.00170817791903,-0.997947779035
4.308,1.484816377,2.683137241,3.066578734,-78.0718511134,-2.53083564674,7.87216633236,-0.0640198543639,-0.00170736781239,-0.997947164504
4.309,1.484805759,2.683253857,3.066675627,-78.0710752342,-2.53113415322,7.87217994932,-0.0640218854001,-0.00170755003744,-0.997947033896
4.31,1.484807615,2.683253751,3.066676433,-78.0662204136,-2.53152407548,7.87217609188,-0.0640218835874,-0.0017075175954,-0.997947034068
4.311,1.484826599,2.68300502,3.066467995,-78.063132347,-2.53161730545,7.87214605732,-0.0640175520269,-0.00170719317187,-0.997947312499
4.312,1.484879583,2.683134804,3.066607206,-78.0638112867,-2.53140662352,7.87210159888,-0.0640198113931,-0.00170626506858,-0.997947169147
4.313,1.484823945,2.683359832,3.066777157,-78.0633414363,-2.53100535263,7.87214512445,-0.0640237313827,-0.00170723016664,-0.997946916016
4.314,1.484860077,2.683056967,3.066529657,-78.0601204381,-2.53022478912,7.87212225994,-0.0640184564593,-0.00170660719835,-0.997947255482
4.315,1.484757688,2.683255259,3.066653579,-78.0573796731,-2.52957662848,7.87222175919,-0.06402191071,-0.00170838950216,-0.997947030836
4.316,1.484779215,2.683018208,3.066456591,-78.0570771629,-2.52967999702,7.87221099462,-0.064017782077,-0.00170801948007,-0.997947296328
4.317,1.484827101,2.683085719,3.066538847,-78.0577197628,-2.53026163336,7.87215295302,-0.0640189570094,-0.00170718183655,-0.997947222389
4.318,1.484787461,2.683444836,3.066833871,-78.0546683229,-2.53061386856,7.87219376439,-0.0640252121976,-0.00170786534039,-0.997946819925
4.319,1.484699316,2.683346425,3.066705088,-78.046611194,-2.53069793759,7.87229266752,-0.0640234993512,-0.00170940532461,-0.997946927178
4.32,1.484837102,2.682993142,3.066462688,-78.0403161341,-2.5308551781,7.87214958657,-0.0640173451368,-0.0017070097573,-0.997947326085
4.321,1.48483274,2.682931709,3.066406826,-78.0423693598,-2.53056262749,7.87215779268,-0.0640162748333,-0.00170708702073,-0.997947394611
4.322,1.484787326,2.683180708,3.066602699,-78.0490167074,-2.52939520685,7.87221135306,-0.0640206119347,-0.00170787409643,-0.997947115038
4.323,1.48486425,2.683187323,3.066645733,-78.0526769678,-2.52744688083,7.87212887487,-0.0640207262277,-0.0017065318969,-0.997947110002
4.324,1.484867831,2.683352851,3.066792298,-78.0524659832,-2.52504157592,7.8721208684,-0.0640236085367,-0.00170646518224,-0.997946925205
4.325,1.484878905,2.683197223,3.066661491,-78.0512821879,-2.52259055574,7.87210959007,-0.0640208981334,-0.00170627530743,-0.997947099413
4.326,1.484937567,2.683039044,3.066551497,-78.0518923443,-2.52066206693,7.87204867069,-0.0640181427612,-0.0017052562428,-0.997947277915
4.327,1.484803734,2.68302013,3.066470144,-78.0563572877,-2.51950530011,7.87217902146,-0.0640178150917,-0.00170759165196,-0.997947294942
4.328,1.484849568,2.683133216,3.066591282,-78.062177207,-2.5188927962,7.8721333511,-0.0640197843954,-0.00170678883796,-0.997947169983
4.329,1.484886398,2.683037458,3.066525333,-78.0654045312,-2.51852157123,7.87209478506,-0.064018115691,-0.00170614886644,-0.997947278126
4.33,1.484855237,2.683353088,3.066786407,-78.0644022138,-2.5184669558,7.87212510181,-0.0640236128343,-0.00170668502225,-0.997946924554
4.331,1.484841223,2.683036749,3.066502837,-78.0606324759,-2.51850247645,7.872136015,-0.0640181044646,-0.00170693650427,-0.997947277499
4.332,1.484865839,2.682969244,3.066455694,-78.0602234152,-2.51880111339,7.87211650161,-0.064016928302,-0.00170650888275,-0.997947353681
4.333,1.484803216,2.68297525,3.066430626,-78.06374526,-2.52012743225,7.87218235593,-0.0640170340881,-0.00170760110553,-0.997947345026
4.334,1.484836421,2.683109673,3.066564318,-78.0667469382,-2.52207485778,7.87214795386,-0.0640193744879,-0.00170701894622,-0.997947195886
4.335,1.484951784,2.683058849,3.06657571,-78.0688007781,-2.5236023565,7.87203990083,-0.0640184875864,-0.00170500752491,-0.99794725622
4.336,1.484955483,2.683081497,3.066597317,-78.0700793617,-2.52467879653,7.87203733,-0.0640188813255,-0.00170494239742,-0.997947231072
4.337,1.484818339,2.683210921,3.066644151,-78.0691180916,-2.52569761099,7.87217055843,-0.0640211382352,-0.00170733231335,-0.997947082202
4.338,1.484729405,2.683135001,3.066534663,-78.0662636269,-2.5265777183,7.87225522251,-0.0640198174211,-0.00170888541402,-0.997947164277
4.339,1.484734902,2.683011321,3.066429108,-78.0631318107,-2.52723198559,7.87225351115,-0.0640176629728,-0.00170879250434,-0.997947302645
4.34,1.484905676,2.683319637,3.066781561,-78.0605496805,-2.52796592755,7.87208154608,-0.064023030292,-0.00170580548885,-0.99794696343
4.341,1.484781213,2.683365133,3.066761107,-78.0554943085,-2.52851591729,7.87220191809,-0.064023824347,-0.00170797622621,-0.997946908775
4.342,1.484902612,2.682970742,3.066474812,-78.0498395559,-2.52876920193,7.87208710398,-0.0640169541859,-0.00170586729131,-0.997947353117
4.343,1.48487216,2.68287152,3.066373253,-78.050498134,-2.52953855038,7.87211722823,-0.0640152265553,-0.00170640151442,-0.997947463027
4.344,1.484835413,2.683364046,3.066786397,-78.0549495201,-2.53087275965,7.87215557074,-0.0640238047142,-0.00170702994935,-0.997946911653
4.345,1.484870471,2.683370115,3.066808682,-78.054778064,-2.5319301228,7.87211879416,-0.0640239090363,-0.00170641848972,-0.997946906006
4.346,1.484858882,2.683317777,3.066757276,-78.0495242367,-2.532625592,7.87211853614,-0.0640229982372,-0.00170662216273,-0.997946964091
4.347,1.484849457,2.683075227,3.066540491,-78.0441927492,-2.53278367392,7.8721440341,-0.0640187743659,-0.0017067919523,-0.997947234772
4.348,1.484920716,2.682975291,3.066487558,-78.0435029146,-2.53263080609,7.87206597936,-0.0640170329649,-0.00170555178547,-0.997947348603
4.349,1.484991833,2.683131254,3.066658453,-78.0472407863,-2.53212197278,7.87199085894,-0.0640197480778,-0.00170430707985,-0.997947176555
4.35,1.484903223,2.683188437,3.066665578,-78.0500145944,-2.53203286963,7.87209529575,-0.0640207447606,-0.00170585118842,-0.997947109977
4.351,1.484881709,2.68314356,3.066615896,-78.0497420006,-2.53262344614,7.87210620088,-0.0640199635185,-0.00170622747303,-0.997947159452
4.352,1.484779848,2.683248229,3.066658157,-78.0467508095,-2.53381848316,7.87222158138,-0.0640217881514,-0.0017080031128,-0.99794703936
4.353,1.484891789,2.683210671,3.066679496,-78.0420891869,-2.53535323423,7.87210677851,-0.0640211323262,-0.00170605095434,-0.997947084772
4.354,1.484939957,2.683043849,3.066556859,-78.0396719074,-2.53663667962,7.87205341844,-0.0640182260164,-0.00170521452821,-0.997947272646
4.355,1.484946465,2.683066336,3.066579686,-78.0417184504,-2.53763352328,7.8720401611,-0.0640186180587,-0.00170510036334,-0.997947247691
4.356,1.484985196,2.683103519,3.066630973,-78.0468997518,-2.53835970603,7.87200957923,-0.0640192645521,-0.00170442294644,-0.997947207376
4.357,1.484927993,2.683456409,3.066912037,-78.0511894677,-2.53922110534,7.87206323215,-0.0640254115232,-0.00170541332737,-0.99794681133
4.358,1.484968482,2.683091,3.066611927,-78.0514167997,-2.5404728112,7.87201698792,-0.0640190473049,-0.00170471487825,-0.997947220813
4.359,1.484914645,2.683125572,3.066616105,-78.0507721741,-2.54167743944,7.87207146136,-0.0640196501518,-0.00170565381926,-0.997947180536
4.36,1.4849555,2.683227306,3.0667249,-78.0509970148,-2.54271490162,7.87203132729,-0.0640214213788,-0.00170493874622,-0.99794706813
4.361,1.484930508,2.68311235,3.066612218,-78.0518581599,-2.54384996736,7.87205689684,-0.0640194195796,-0.00170537702469,-0.9979471958
4.362,1.484972498,2.683071079,3.066596442,-78.0547373968,-2.54500423467,7.87201908855,-0.0640187005529,-0.00170464581922,-0.997947243176
4.363,1.485047568,2.683247161,3.066786854,-78.0567985558,-2.54554871612,7.87194882781,-0.0640217656572,-0.00170333203978,-0.997947048787
4.364,1.484884936,2.68288026,3.066387087,-78.056107662,-2.5463406085,7.87211488706,-0.0640153786925,-0.00170617827707,-0.99794745365
4.365,1.48506698,2.683080437,3.066650382,-78.0562248458,-2.54735024984,7.87192298692,-0.0640188619866,-0.00170299694202,-0.997947235635
4.366,1.484942918,2.683123053,3.066627591,-78.0570793476,-2.54832034475,7.87205124538,-0.0640196059468,-0.0017051604165,-0.997947184215
4.367,1.484818453,2.683084683,3.066533752,-78.0563877268,-2.54974206908,7.87217620071,-0.0640189392337,-0.00170733319346,-0.99794722327
4.368,1.484927216,2.683029167,3.066537844,-78.0544251076,-2.55184722734,7.87206702419,-0.0640179706696,-0.00170543674176,-0.997947288646
4.369,1.485007768,2.683176747,3.066705974,-78.053788318,-2.55332284921,7.87197695717,-0.0640205401474,-0.00170402738821,-0.99794712622
4.37,1.484948337,2.683070856,3.066584547,-78.0547093476,-2.55392349298,7.8720446075,-0.0640186963759,-0.0017050674694,-0.997947242723
4.371,1.484986846,2.683145791,3.066668757,-78.0544414761,-2.55478527147,7.87200675713,-0.0640200005634,-0.00170439373983,-0.997947160209
4.372,1.48494623,2.683125821,3.066631618,-78.0518415467,-2.55630993331,7.87204510767,-0.0640196534843,-0.00170510263118,-0.997947181264
4.373,1.484960199,2.683281526,3.066774615,-78.0476072423,-2.55768813638,7.87202356615,-0.0640223656238,-0.00170485532012,-0.997947007695
4.374,1.484992501,2.68318448,3.066705346,-78.0419075037,-2.55825194051,7.87200382737,-0.0640206749627,-0.00170429420671,-0.997947117115
4.375,1.484983866,2.683033716,3.066569256,-78.0381749407,-2.55850561314,7.87200627042,-0.0640180489785,-0.00170444826197,-0.997947285312
4.376,1.485055665,2.683333061,3.066865932,-78.0378438805,-2.55871342471,7.87193108116,-0.064023261566,-0.00170318893824,-0.997946953062
4.377,1.484952045,2.683240954,3.066735169,-78.0365031959,-2.55897685659,7.8720416219,-0.0640216587744,-0.00170499878761,-0.997947052797
4.378,1.484925883,2.683203055,3.066689341,-78.0319212916,-2.56062044586,7.87207522559,-0.0640209993325,-0.00170545545841,-0.997947094322
4.379,1.484963529,2.683086751,3.066605811,-78.0281368468,-2.56437636178,7.87203171529,-0.064018973046,-0.0017048020454,-0.997947225428
4.38,1.484963659,2.683354442,3.066840089,-78.0270562969,-2.5691158147,7.87203791282,-0.064023635026,-0.00170479340845,-0.997946926363
4.381,1.484945548,2.683151126,3.066653428,-78.0277808732,-2.57364489557,7.87205765188,-0.0640200942807,-0.00170511411773,-0.997947152967
4.382,1.485052032,2.683152516,3.066706208,-78.0310426257,-2.57674853777,7.87192842532,-0.0640201169941,-0.00170325618065,-0.997947154682
4.383,1.485071862,2.683115342,3.066683285,-78.0346049823,-2.57731589804,7.87191119408,-0.0640194696021,-0.00170291089027,-0.997947196803
4.384,1.485008956,2.683623152,3.067097133,-78.0343288358,-2.5768145293,7.87197701053,-0.0640283140842,-0.00170399655746,-0.997946627526
4.385,1.485014444,2.683291883,3.066809943,-78.0313357164,-2.57704585172,7.87197527409,-0.0640225443979,-0.00170390914645,-0.997946997842
4.386,1.485076417,2.683003509,3.066587646,-78.0314893081,-2.57776790382,7.87191039406,-0.0640175222902,-0.00170283384442,-0.997947321855
4.387,1.484968669,2.683231334,3.066734801,-78.0363562033,-2.57833241763,7.87201922408,-0.0640214912931,-0.00170470908422,-0.997947064037
4.388,1.485084029,2.683290458,3.066842392,-78.0397069013,-2.57980348391,7.87190170312,-0.0640225189446,-0.00170269512806,-0.997947001547
4.389,1.485040092,2.683196681,3.066739067,-78.0387068723,-2.58376931153,7.87193899629,-0.0640208864982,-0.00170346315275,-0.997947104964
4.39,1.485046054,2.683287765,3.066821647,-78.0359213904,-2.58892829997,7.87193963681,-0.0640224730659,-0.00170335719275,-0.997947003361
4.391,1.485061864,2.683057514,3.066627849,-78.0332398134,-2.59345980377,7.87192911288,-0.0640184621207,-0.00170308724672,-0.997947261132
4.392,1.485010944,2.683234436,3.066757985,-78.0320739051,-2.59505196675,7.87196775403,-0.0640215447748,-0.00170397112979,-0.997947061866
4.393,1.485004719,2.683284304,3.066798603,-78.0314384042,-2.59127380699,7.87198928827,-0.0640224125824,-0.0017040783538,-0.99794700601
4.394,1.485047972,2.683173029,3.066722189,-78.0319246209,-2.58406539302,7.87193648959,-0.0640204744466,-0.00170332638758,-0.997947131631
4.395,1.485100707,2.683295617,3.066854982,-78.0345325165,-2.57623008871,7.87188050202,-0.0640226086708,-0.00170240338554,-0.997946996289
4.396,1.48500261,2.683049797,3.066592403,-78.0367683222,-2.56868960276,7.87198798916,-0.0640183289541,-0.00170412086169,-0.99794726791
4.397,1.485089019,2.683142595,3.066715439,-78.0389893257,-2.5624351557,7.87189435998,-0.0640199441134,-0.00170261096384,-0.997947166874
4.398,1.485039674,2.683343244,3.066867099,-78.0392459102,-2.55894930887,7.87194032695,-0.0640234387615,-0.00170346681595,-0.99794694122
4.399,1.485092155,2.68325412,3.066814533,-78.0349537376,-2.55978506115,7.8718863739,-0.0640218862711,-0.0017025535322,-0.997947042377
4.4,1.48511136,2.683108381,3.066696323,-78.0308218816,-2.56352354439,7.87187281862,-0.0640193481057,-0.00170222190003,-0.997947205772
4.401,1.485112912,2.683299711,3.066864474,-78.0289506757,-2.56745852093,7.8718639547,-0.0640226799179,-0.00170219009136,-0.997946992082
4.402,1.48505162,2.683486529,3.06699825,-78.025864161,-2.5701863383,7.87191992424,-0.064025934071,-0.00170325520506,-0.997946781491
4.403,1.485100144,2.683103707,3.066686802,-78.0225069677,-2.57168065999,7.87187802834,-0.0640192659532,-0.00170241766867,-0.997947210709
4.404,1.485162834,2.683264574,3.066857906,-78.0214209288,-2.57180893842,7.87180962857,-0.0640220670971,-0.00170132058242,-0.997947032879
4.405,1.485152121,2.683112132,3.066719344,-78.0217525362,-2.56999234492,7.87181962239,-0.0640194121502,-0.00170151139053,-0.997947202875
4.406,1.485114279,2.683392754,3.066946543,-78.0221908319,-2.56699286147,7.8718669066,-0.0640243001211,-0.00170216491974,-0.99794688818
4.407,1.485178453,2.683396899,3.066981245,-78.0205360404,-2.564093329,7.8718029685,-0.0640243709371,-0.00170104451678,-0.997946885547
4.408,1.48522385,2.683181457,3.066814734,-78.0192079192,-2.56121378579,7.87175851865,-0.0640206184416,-0.00170025791103,-0.997947127626
4.409,1.485177959,2.683025839,3.066656359,-78.0221883397,-2.55829158369,7.87180444875,-0.064017909022,-0.00170106177928,-0.997947300068
4.41,1.485164347,2.683027325,3.066651066,-78.0273443867,-2.55584085493,7.87182537578,-0.0640179354418,-0.00170130006594,-0.997947297967
4.411,1.485097304,2.683019116,3.066611416,-78.0323652192,-2.55358562286,7.87188747625,-0.0640177934975,-0.00170246914011,-0.997947305079
4.412,1.485142658,2.68329383,3.066873733,-78.0368560091,-2.55089355821,7.87184388519,-0.0640225771706,-0.00170167162744,-0.997946999558
4.413,1.485059311,2.683192243,3.06674449,-78.0372425832,-2.54840159219,7.87193353359,-0.0640208089065,-0.00170312848638,-0.997947110513
4.414,1.485068309,2.683063396,3.066636116,-78.0343649912,-2.54637596459,7.87191353958,-0.0640185647796,-0.00170297425263,-0.99794725474
4.415,1.485067153,2.683290035,3.06683385,-78.0315380993,-2.54487955421,7.87192558515,-0.0640225118298,-0.00170298932192,-0.997947001502
4.416,1.485177888,2.683110744,3.066730608,-78.0292820002,-2.54414614771,7.87180323489,-0.0640193878126,-0.00170106183689,-0.997947205203
4.417,1.485044841,2.683387123,3.066907992,-78.025848408,-2.54373271011,7.87194650958,-0.064024203018,-0.00170337620949,-0.997946892343
4.418,1.485217837,2.683074364,3.066718126,-78.0209953331,-2.54307107987,7.87176047031,-0.0640187539614,-0.00170036486686,-0.997947247053
4.419,1.485175408,2.682960791,3.066598213,-78.019895391,-2.5422155833,7.87180052468,-0.0640167767622,-0.00170110831198,-0.997947372622
4.42,1.485171496,2.683050702,3.066674982,-78.0256542969,-2.54097399198,7.871798657,-0.0640183421872,-0.00170117441079,-0.997947272089
4.421,1.48497922,2.68343507,3.06691817,-78.0315940215,-2.53987003647,7.87199916477,-0.0640250386888,-0.00170451999789,-0.997946836777
4.422,1.485006511,2.683184595,3.066712231,-78.0328140529,-2.53949689162,7.87197887778,-0.0640206760881,-0.00170404950205,-0.997947117461
4.423,1.485093611,2.683064558,3.066649386,-78.032987965,-2.53960565129,7.87189666719,-0.064018585149,-0.00170253285368,-0.997947254186
4.424,1.485073369,2.683254023,3.066805352,-78.0318398826,-2.53978434523,7.87191527729,-0.0640218844947,-0.00170288166825,-0.997947041931
4.425,1.485131831,2.683337185,3.066906423,-78.0272144856,-2.54003454631,7.87186162449,-0.0640233320864,-0.00170185930225,-0.997946950806
4.426,1.485242538,2.683305605,3.066932403,-78.02202582,-2.54028028821,7.87174752312,-0.0640227809105,-0.00169992865977,-0.997946989457
4.427,1.485131253,2.68329651,3.066870555,-78.0176491721,-2.54042205945,7.87186278528,-0.0640226240543,-0.00170187058447,-0.997946996211
4.428,1.485176582,2.683301885,3.066897208,-78.0134320808,-2.54034565973,7.87181097474,-0.0640227164996,-0.00170107991194,-0.997946991628
4.429,1.485237409,2.682894191,3.066569973,-78.0125421276,-2.53969611106,7.87174729966,-0.0640156159272,-0.00170002772545,-0.997947448929
4.43,1.485239416,2.682966507,3.066634213,-78.0192353487,-2.53843806561,7.8717376828,-0.0640168750213,-0.0016999909799,-0.997947368223
4.431,1.485162778,2.683152285,3.066759635,-78.0296004632,-2.53719136586,7.87182150724,-0.0640201119839,-0.00170132379139,-0.9979471583
4.432,1.485173585,2.683176602,3.066786144,-78.0356606274,-2.53641799807,7.87180904101,-0.0640205348649,-0.00170113453331,-0.997947131494
4.433,1.485186295,2.683230502,3.066839458,-78.0350695655,-2.53554969922,7.87178684066,-0.0640214738326,-0.00170091175228,-0.997947071636
4.434,1.485128276,2.683415549,3.066973264,-78.0190600023,-2.53439739826,7.87185070546,-0.0640246965839,-0.00170192005239,-0.997946863162
4.435,1.485131614,2.683204756,3.066790451,-77.9792607594,-2.5336699971,7.87184276394,-0.0640210254402,-0.00170186633393,-0.997947098775
4.436,1.485154578,2.683280937,3.066868225,-77.9290400258,-2.53323101347,7.8718186491,-0.0640223522524,-0.00170146372169,-0.997947014342
4.437,1.485106114,2.683346133,3.066901798,-77.8856217584,-2.53351754896,7.8718806599,-0.0640234885437,-0.00170230785224,-0.997946940004
4.438,1.485212878,2.68312881,3.06676336,-77.8648825064,-2.53498499287,7.87177217085,-0.0640197022647,-0.00170045002173,-0.997947186073
4.439,1.485176141,2.683062978,3.066687971,-77.8809167918,-2.53667416102,7.87180831285,-0.064018555577,-0.00170109311579,-0.997947258538
4.44,1.485134981,2.683249295,3.06683105,-77.9203640439,-2.53781654604,7.87184709554,-0.0640218011166,-0.00170180714534,-0.997947049113
4.441,1.485166561,2.683286802,3.066879159,-77.9605140904,-2.5387998175,7.87182612219,-0.064022453749,-0.00170125500906,-0.997947008186
4.442,1.48522131,2.683130894,3.066769267,-77.9947964932,-2.54007337983,7.87177051055,-0.0640197376136,-0.00170030356093,-0.997947184055
4.443,1.485165051,2.683148713,3.066757611,-78.0232692829,-2.54142920528,7.87183274882,-0.0640200493096,-0.00170128446084,-0.997947162388
4.444,1.485221929,2.682978605,3.066636329,-78.0492704619,-2.54232272362,7.87176241348,-0.064017085807,-0.00170029651571,-0.997947354181
4.445,1.485229718,2.682877251,3.066551428,-78.0768648962,-2.54236543621,7.87175721875,-0.0640153207299,-0.00170016287928,-0.997947467634
4.446,1.485194148,2.683208447,3.066823964,-78.1030360344,-2.54157245031,7.87178783534,-0.0640210892171,-0.00170077498169,-0.997947096544
4.447,1.485303582,2.683435804,3.067075879,-78.1200256874,-2.54027795362,7.87168200727,-0.0640250469514,-0.00169886053612,-0.997946845897
4.448,1.485184609,2.683137538,3.066757305,-78.1252825908,-2.53959410842,7.87180953594,-0.0640198544937,-0.00170094341984,-0.997947175467
4.449,1.485153518,2.68323295,3.066825727,-78.1224391421,-2.53991541188,7.87182963036,-0.0640215169707,-0.00170148395542,-0.997947067893
4.45,1.48519006,2.683224743,3.066836242,-78.1146218529,-2.54035302624,7.87179149113,-0.0640213730968,-0.00170084603649,-0.997947078211
4.451,1.485102326,2.683296879,3.06685687,-78.1030386646,-2.54082233358,7.87188782918,-0.0640226306822,-0.00170237498514,-0.997946994925
4.452,1.48517858,2.68334635,3.066937079,-78.0896490013,-2.54156949473,7.87180451506,-0.0640234913401,-0.00170104404459,-0.997946941979
4.453,1.485217141,2.683152752,3.066786371,-78.078491944,-2.54218583769,7.87177056048,-0.064020118657,-0.00170037539784,-0.997947159488
4.454,1.485191722,2.683389713,3.066981383,-78.0703044352,-2.54271269327,7.87180115831,-0.0640242463169,-0.00170081364345,-0.997946893936
4.455,1.485274049,2.683158729,3.066819161,-78.0632921777,-2.54259213104,7.87170998967,-0.0640202220859,-0.00169938220928,-0.997947154545
4.456,1.485208108,2.683053553,3.066695207,-78.0581688017,-2.54159100337,7.87178432742,-0.0640183917631,-0.00170053516662,-0.997947269998
4.457,1.485196834,2.683267284,3.066876743,-78.0537902668,-2.5402433876,7.87177778672,-0.0640221141401,-0.00170072671865,-0.997947030874
4.458,1.485140342,2.683256661,3.066840091,-78.0490951231,-2.53855749959,7.8718425724,-0.064021930074,-0.00170171295983,-0.997947041001
4.459,1.485194383,2.68340296,3.066994262,-78.043709898,-2.53725357213,7.87179432569,-0.064024476472,-0.00170076632758,-0.997946879251
4.46,1.485187028,2.683166963,3.066784221,-78.037776509,-2.53679781723,7.87180200754,-0.0640203668208,-0.00170090098704,-0.997947142672
4.461,1.485235332,2.683077627,3.066729454,-78.0342070031,-2.53695685191,7.87175152436,-0.0640188100437,-0.00170006040475,-0.997947243974
4.462,1.485246575,2.683253457,3.066888734,-78.0329155056,-2.53707999181,7.87174059293,-0.0640218720416,-0.00169985936567,-0.997947047883
4.463,1.485105025,2.683461575,3.067002275,-78.0304261564,-2.53710108271,7.87188275031,-0.0640254989637,-0.00170232424449,-0.997946810995
4.464,1.485194323,2.683335385,3.066935109,-78.0271352986,-2.53702454795,7.87179513022,-0.0640233001467,-0.00170076958312,-0.997946954713
4.465,1.485252794,2.683073504,3.066734304,-78.0267845423,-2.53683848014,7.8717366921,-0.0640187380798,-0.00169975583606,-0.997947249109
4.466,1.485166854,2.683174145,3.066780735,-78.0296144946,-2.53681099096,7.87181297055,-0.0640204925639,-0.00170125251214,-0.997947134006
4.467,1.485222346,2.683033208,3.066684303,-78.0323122972,-2.53649079216,7.87174997894,-0.0640180372595,-0.00170028805924,-0.99794729316
4.468,1.485216396,2.68310075,3.066740514,-78.0345724351,-2.53602009685,7.8717665033,-0.0640192133225,-0.00170039015568,-0.997947217542
4.469,1.485060178,2.683168389,3.06672404,-78.0366457354,-2.53600670195,7.87191784171,-0.0640203936319,-0.00170311343322,-0.997947137179
4.47,1.485217198,2.683351113,3.066959948,-78.0360410647,-2.53617148372,7.87176177026,-0.0640235730688,-0.00170037016215,-0.997946937884
4.471,1.485203852,2.682874106,3.066536149,-78.034427901,-2.53587518971,7.87177994376,-0.0640152666221,-0.00170061365014,-0.997947470337
4.472,1.485192945,2.683042579,3.066678262,-78.035076938,-2.53530668183,7.87179578412,-0.0640182005214,-0.00170080055738,-0.997947281814
4.473,1.485103673,2.682697522,3.066333138,-78.0393441437,-2.53531566693,7.87187963809,-0.0640121922353,-0.00170236649197,-0.997947664556
4.474,1.485185304,2.68331534,3.066913204,-78.043380579,-2.53545370932,7.87180299932,-0.0640229512901,-0.00170092755908,-0.997946976825
4.475,1.485170082,2.683207795,3.066811739,-78.0398081416,-2.53519287773,7.87182285145,-0.0640210786267,-0.00170119483701,-0.997947096507
4.476,1.485166493,2.68332461,3.066912205,-78.0306861421,-2.53440196884,7.87181205444,-0.0640231128644,-0.00170125471832,-0.997946965901
4.477,1.485214606,2.682965439,3.066621263,-78.0237731704,-2.53292245466,7.8717787883,-0.0640168570312,-0.00170042438129,-0.997947368639
4.478,1.485242466,2.683218646,3.066856287,-78.0224970145,-2.53134706351,7.87173860566,-0.0640212656886,-0.00169993238842,-0.997947086658
4.479,1.485196434,2.68288899,3.066545578,-78.0245403468,-2.52998831187,7.8717836176,-0.0640155251499,-0.00170074354174,-0.997947453532
4.48,1.485230473,2.683350238,3.066965611,-78.026306044,-2.52890488905,7.87175688864,-0.0640235575682,-0.00170013859291,-0.997946939273
4.481,1.485206064,2.6831059,3.066740016,-78.0258491071,-2.52853220636,7.87177528464,-0.0640193035315,-0.00170057040572,-0.997947211447
4.482,1.485179387,2.68326522,3.066866487,-78.0238828832,-2.52839465034,7.8718063911,-0.0640220778748,-0.00170103186081,-0.99794703268
4.483,1.485246629,2.683406112,3.06702232,-78.0188072761,-2.52874252212,7.87173951412,-0.0640245308964,-0.00169985549663,-0.997946877311
4.484,1.485248447,2.683367168,3.066989127,-78.0094682231,-2.52987244368,7.87173823309,-0.0640238529794,-0.00169982458558,-0.997946920856
4.485,1.485315883,2.683439559,3.067085121,-78.0012633711,-2.53099525371,7.8716658505,-0.0640251120777,-0.00169864577139,-0.997946842084
4.486,1.48532103,2.683301379,3.066966719,-77.9994438816,-2.5318205166,7.87167163447,-0.0640227053071,-0.00169855977511,-0.997946996639
4.487,1.485238068,2.683715262,3.06728866,-77.9993976241,-2.53283529494,7.87175163353,-0.0640299152706,-0.00169999696474,-0.997946531614
4.488,1.485349989,2.683419394,3.067083996,-77.9949424042,-2.5336670421,7.87163531113,-0.0640247606116,-0.00169805134246,-0.997946865645
4.489,1.485363584,2.683279979,3.066968605,-77.9922276668,-2.53405853772,7.87162753711,-0.0640223327768,-0.00169781798884,-0.9979470218
4.49,1.4852542,2.683269829,3.06690675,-77.9953401673,-2.5343507768,7.87174519317,-0.0640221572628,-0.00169972593561,-0.997947029812
4.491,1.485252792,2.683168209,3.06681716,-78.0010812323,-2.53534062821,7.87174930261,-0.0640203874582,-0.00169975363369,-0.997947143303
4.492,1.485245787,2.683338127,3.06696243,-78.0081430616,-2.53711069648,7.87175621972,-0.0640233469578,-0.00169987188025,-0.997946953239
4.493,1.485046301,2.683631682,3.067122678,-78.0119830593,-2.53979856004,7.8719563477,-0.0640284620037,-0.00170334484312,-0.997946619148
4.494,1.48527408,2.683368171,3.067002418,-78.0103480548,-2.54163260783,7.87171907076,-0.0640238691529,-0.00169937705727,-0.997946920581
4.495,1.485233149,2.68330931,3.066931098,-78.0106369089,-2.54185303274,7.87175639585,-0.0640228448798,-0.00170009236886,-0.997946985075
4.496,1.485318015,2.683317435,3.066979306,-78.0152246169,-2.5413104243,7.87167768754,-0.0640229857151,-0.00169861135473,-0.997946978561
4.497,1.485322768,2.683318499,3.066982539,-78.0196819491,-2.54120760802,7.8716734721,-0.0640230035969,-0.00169852874769,-0.997946977555
4.498,1.48522176,2.683118773,3.06675888,-78.0228531829,-2.54187620502,7.87176698791,-0.0640195265297,-0.00170029587956,-0.99794719761
4.499,1.485335587,2.683216209,3.066899253,-78.0251339872,-2.54300534197,7.87165617503,-0.0640212219123,-0.00169830749754,-0.997947092233
4.5,1.485260437,2.683368197,3.066995834,-78.0237936611,-2.54388758244,7.87172484251,-0.0640238705272,-0.00169961547384,-0.997946920086
4.501,1.485317406,2.683106826,3.066794749,-78.0206345256,-2.54408532069,7.87167033664,-0.0640193179318,-0.00169862787139,-0.997947213832
4.502,1.485324118,2.68322119,3.066898057,-78.020807577,-2.5439384263,7.87167029392,-0.0640213089163,-0.00169850721329,-0.997947086312
4.503,1.485311974,2.683145703,3.066826132,-78.0237313236,-2.54393570856,7.87168442634,-0.0640199944094,-0.0016987208137,-0.997947170277
4.504,1.485260719,2.683360737,3.066989444,-78.0255054074,-2.54438068255,7.87174229012,-0.06402373987,-0.00169960984881,-0.997946928478
4.505,1.485377944,2.682974156,3.066708,-78.0251708734,-2.54560303513,7.87162214469,-0.0640170063259,-0.00169757399154,-0.997947363914
4.506,1.485285004,2.68317647,3.066839988,-78.0244963658,-2.54712066681,7.87171264246,-0.0640205306178,-0.00169919056806,-0.997947135078
4.507,1.485322478,2.683449165,3.067096719,-78.0211761309,-2.54768946182,7.8716732033,-0.0640252794432,-0.00169853072045,-0.997946831542
4.508,1.48528673,2.683411977,3.067046871,-78.014712871,-2.5476383581,7.87171654824,-0.0640246327199,-0.00169915561536,-0.99794687197
4.509,1.485303746,2.683242577,3.066906902,-78.0121986875,-2.54814965955,7.87169814854,-0.0640216821263,-0.0016988620798,-0.997947061765
4.51,1.485181428,2.683320707,3.066916022,-78.0132902328,-2.54883863872,7.87180414239,-0.0640230443914,-0.00170099495047,-0.997946970737
4.511,1.485256229,2.683281851,3.066918251,-78.0128563683,-2.5488006833,7.87173084666,-0.064022366222,-0.00169969048232,-0.997947016467
4.512,1.48525112,2.683546909,3.067147682,-78.0091025573,-2.54888659514,7.87175155842,-0.0640269822752,-0.00169977355902,-0.997946720176
4.513,1.485326744,2.683411975,3.067066247,-78.0017968143,-2.54999073012,7.87167522687,-0.0640246317427,-0.00169845709188,-0.997946873222
4.514,1.485343091,2.68316183,3.066855311,-77.9956874218,-2.55127871635,7.87164808598,-0.0640202749607,-0.00169817773413,-0.997947153203
4.515,1.485281504,2.683341701,3.066982854,-77.9961232315,-2.551936051,7.87170640743,-0.0640234087134,-0.00169924783511,-0.99794695034
4.516,1.485297342,2.683312486,3.066964964,-77.9998001447,-2.55237644382,7.87169998662,-0.0640228994375,-0.0016989722951,-0.997946983482
4.517,1.485292439,2.683273091,3.066928123,-78.0027785331,-2.55292963817,7.87169757206,-0.0640222134742,-0.00169905859175,-0.997947027343
4.518,1.485329503,2.683227813,3.066906459,-78.0059539309,-2.55319396126,7.87165430629,-0.0640214247935,-0.00169841384785,-0.997947079037
4.519,1.485228044,2.683396922,3.06700528,-78.0085981143,-2.5530455577,7.87176491977,-0.064024371144,-0.00170017991337,-0.997946887007
4.52,1.485423924,2.683050978,3.06679748,-78.0098362498,-2.55297298404,7.87156544607,-0.0640183432315,-0.00169677055526,-0.997947279519
4.521,1.485423599,2.68341658,3.067117182,-78.0108216053,-2.55301660035,7.87156647901,-0.0640247104283,-0.00169676704511,-0.997946871049
4.522,1.485359226,2.683103558,3.066812145,-78.0123877884,-2.55353599625,7.87164782236,-0.0640192599358,-0.0016978982935,-0.997947218794
4.523,1.485307908,2.683311984,3.066969642,-78.0141764817,-2.55503514451,7.87169582189,-0.0640228907372,-0.00169878774816,-0.997946984354
4.524,1.485357874,2.6832573,3.066945998,-78.014042923,-2.55714174902,7.87164271079,-0.0640219377361,-0.00169791810802,-0.997947046973
4.525,1.485272881,2.683059722,3.066731975,-78.0144041655,-2.55852482409,7.87171961269,-0.064018497803,-0.00169940489414,-0.997947265121
4.526,1.485339988,2.683278551,3.066955928,-78.0167711774,-2.55898731829,7.87165831108,-0.0640223075653,-0.00169822976733,-0.997947022717
4.527,1.485258682,2.683212768,3.066858998,-78.0175237611,-2.5593995708,7.87174163323,-0.0640211637946,-0.00169964987359,-0.997947093676
4.528,1.485223122,2.683356837,3.066967825,-78.0153401082,-2.55961368836,7.87177249851,-0.0640236729291,-0.00170026613226,-0.997946931655
4.529,1.48521753,2.683254339,3.066875439,-78.0115240036,-2.55946081099,7.87178254083,-0.0640218878534,-0.00170036616317,-0.997947046005
4.53,1.485364514,2.683270214,3.066960512,-78.0082345329,-2.55885992768,7.87162332496,-0.0640221620257,-0.00169780115271,-0.997947032783
4.531,1.485339123,2.683673297,3.067300878,-78.0037937441,-2.55785124447,7.87165459968,-0.0640291825074,-0.00169823497065,-0.997946581629
4.532,1.48528596,2.683451937,3.06708146,-77.9979621673,-2.55648085302,7.87169683607,-0.0640253279092,-0.00169916827484,-0.997946827348
4.533,1.48527771,2.683522677,3.067139356,-77.9931079404,-2.55576886281,7.8717141959,-0.0640265603311,-0.0016993095492,-0.997946748038
4.534,1.485312587,2.683328488,3.066986347,-77.9890814337,-2.55582626606,7.87168127597,-0.0640231779814,-0.00169870571022,-0.997946966066
4.535,1.485406822,2.683318552,3.067023293,-77.9879009964,-2.55573282767,7.87158478611,-0.0640230029853,-0.00169706247785,-0.997946980088
4.536,1.485400106,2.68336442,3.06706017,-77.9908197159,-2.55535237617,7.87158904514,-0.0640238019739,-0.00169717816372,-0.997946928633
4.537,1.485265802,2.683314441,3.0669514,-77.9943902861,-2.55456806831,7.87172566497,-0.0640229339069,-0.00169952302764,-0.997946980333
4.538,1.485360731,2.683157709,3.06686025,-77.9996204888,-2.55378401436,7.87163142747,-0.0640202034815,-0.00169787042954,-0.997947158312
4.539,1.48535228,2.683166639,3.06686397,-78.0086730053,-2.55277302789,7.87163974406,-0.064020358341,-0.0016980178312,-0.997947148126
4.54,1.485405589,2.683228162,3.066943614,-78.0169265653,-2.55197958568,7.87159434,-0.0640214296256,-0.00169708575181,-0.997947080986
4.541,1.48534843,2.683110644,3.066813116,-78.022050566,-2.55174735778,7.87165010121,-0.0640193836425,-0.00169808620391,-0.997947210538
4.542,1.485173895,2.683318083,3.066910079,-78.0246381503,-2.55188330484,7.87182019068,-0.0640229988639,-0.00170112591308,-0.997946973435
4.543,1.485271189,2.683320792,3.066959565,-78.0224040835,-2.55177583256,7.87172003678,-0.0640230445478,-0.00169942851895,-0.997946973396
4.544,1.485332961,2.683481154,3.067129783,-78.0165537266,-2.55124189808,7.87166247776,-0.0640258365534,-0.00169834737108,-0.997946796112
4.545,1.485323275,2.683577933,3.067209767,-78.0109254871,-2.55023857989,7.87166926119,-0.0640275219219,-0.0016985136792,-0.997946687698
4.546,1.485318074,2.683025998,3.066724358,-78.0084481578,-2.54980552991,7.87167758333,-0.0640179097024,-0.00169861732898,-0.997947304188
4.547,1.485310594,2.683181219,3.066856537,-78.0101713531,-2.54970267263,7.87168680789,-0.0640206133941,-0.00169874435969,-0.997947130528
4.548,1.485314031,2.683460884,3.067102881,-78.0116519408,-2.54965688533,7.87168459764,-0.0640254835051,-0.00169867797083,-0.9979468182
4.549,1.485449198,2.683613315,3.067301704,-78.0077635192,-2.54906319415,7.87154261023,-0.0640281362625,-0.00169631557205,-0.997946652021
4.55,1.485378687,2.683639945,3.067290856,-77.9988462384,-2.54780675614,7.87160988889,-0.064028600578,-0.00169754552432,-0.997946620139
4.551,1.485329042,2.683235235,3.06691273,-77.9910377868,-2.54664266603,7.87165304153,-0.0640215535393,-0.00169842127294,-0.997947070765
4.552,1.485305115,2.683378704,3.067026663,-77.9884769629,-2.54623103083,7.87168423569,-0.0640240522146,-0.00169883566791,-0.997946909758
4.553,1.485313222,2.682865689,3.066581757,-77.9924194406,-2.54641089989,7.87167673924,-0.064015117741,-0.00169870660774,-0.997947483135
4.554,1.485440774,2.683272874,3.066999774,-78.0010831352,-2.54665783423,7.87155395469,-0.0640222078991,-0.00169647080568,-0.997947032103
4.555,1.485353667,2.683320895,3.066999599,-78.0079437625,-2.54655213307,7.87163895244,-0.0640230449481,-0.00169798986556,-0.997946975819
4.556,1.485384106,2.683142552,3.06685831,-78.0112885966,-2.54601085854,7.87160773759,-0.064019938614,-0.00169746320929,-0.997947175996
4.557,1.48538964,2.683207082,3.066917447,-78.0132908691,-2.5455155603,7.87160543993,-0.0640210624573,-0.00169736510191,-0.997947104066
4.558,1.485404589,2.683344898,3.067045261,-78.0141967573,-2.5453860182,7.87158462983,-0.0640234620186,-0.00169710027935,-0.997946950575
4.559,1.485421788,2.683240595,3.066962337,-78.0161858708,-2.54526499406,7.87157127865,-0.0640216457151,-0.00169680328342,-0.997947067604
4.56,1.485227758,2.683372159,3.066983475,-78.0185276791,-2.54543563459,7.87176478611,-0.0640239395364,-0.001700184964,-0.997946914689
4.561,1.485442791,2.683364912,3.067081273,-78.0157402875,-2.54578049176,7.87154264432,-0.0640238102372,-0.00169643331309,-0.997946929369
4.562,1.485355132,2.683283051,3.066967199,-78.008697674,-2.5454194641,7.87162531146,-0.0640223857628,-0.00169796541842,-0.99794701815
4.563,1.485387157,2.683235634,3.066941225,-78.0036910262,-2.54452501709,7.87159241514,-0.064021560117,-0.00169740697261,-0.997947072068
4.564,1.485438826,2.682986125,3.06674796,-78.00441742,-2.54372471869,7.87154871206,-0.0640172140734,-0.00169651238899,-0.997947352393
4.565,1.485404275,2.683192103,3.06691143,-78.0091405854,-2.54334378325,7.87158225705,-0.0640208017246,-0.0016971094459,-0.997947121227
4.566,1.485421704,2.683421967,3.067120978,-78.0114139874,-2.54370036589,7.87157729959,-0.064024803944,-0.00169680061835,-0.997946864992
4.567,1.48538199,2.683121787,3.066839119,-78.0104573187,-2.54462052865,7.87160634182,-0.064019576781,-0.00169750032669,-0.997947199145
4.568,1.485275255,2.683590409,3.067197428,-78.0088431497,-2.54532797197,7.87171155797,-0.0640277395094,-0.00169935142753,-0.997946672312
4.569,1.48527132,2.683615838,3.067217772,-78.0041802847,-2.5455739272,7.87172471744,-0.0640281832585,-0.00169941977287,-0.997946643725
4.57,1.48531819,2.683634938,3.06725718,-77.99638494,-2.54567281309,7.87168207134,-0.0640285145605,-0.00169860076081,-0.997946623863
4.571,1.485302312,2.683564859,3.067188177,-77.9885301234,-2.54497069508,7.87169111509,-0.0640272947627,-0.00169887948064,-0.99794670165
4.572,1.485271599,2.683440568,3.067064558,-77.9831501835,-2.54259882278,7.87172036192,-0.0640251307483,-0.00169941870148,-0.99794683957
4.573,1.485356302,2.683414988,3.067083197,-77.9813044873,-2.53912041313,7.87163743568,-0.0640246832035,-0.0016979412584,-0.997946870798
4.574,1.485393897,2.683411013,3.067097927,-77.9817849389,-2.53551846438,7.87159368089,-0.0640246141783,-0.00169728518291,-0.997946876343
4.575,1.485230141,2.683660865,3.067237228,-77.9815270189,-2.53257491086,7.87176127159,-0.0640289676638,-0.00170013686063,-0.997946592175
4.576,1.48535547,2.683428186,3.067094342,-77.9800961651,-2.53048406967,7.87163112097,-0.0640249131089,-0.00169795606486,-0.997946856023
4.577,1.485448931,2.683373056,3.067091371,-77.9810503939,-2.5288432319,7.87154466187,-0.0640239523846,-0.00169632642984,-0.997946920431
4.578,1.485413374,2.683020034,3.066765298,-77.987372499,-2.52735466739,7.87156964046,-0.0640178050819,-0.00169695554469,-0.997947313727
4.579,1.485371944,2.683369671,3.067051125,-77.9987261616,-2.52588683149,7.87160820838,-0.0640238941903,-0.0016976699461,-0.99794692188
4.58,1.48533973,2.683691012,3.067316671,-78.0070836621,-2.52480878615,7.87164080205,-0.0640294911345,-0.00169822379944,-0.997946561846
4.581,1.485433805,2.683235312,3.066963535,-78.0112438825,-2.52454257065,7.8715491583,-0.0640215532307,-0.00169659314367,-0.997947073894
4.582,1.485343419,2.683473264,3.067127945,-78.0160179305,-2.5252927305,7.87165069802,-0.064025698946,-0.00169816443922,-0.997946805252
4.583,1.485427689,2.683513538,3.067203992,-78.019145301,-2.52696414605,7.87156794977,-0.0640263990894,-0.0016966932848,-0.997946762834
4.584,1.485295169,2.683366014,3.067010744,-78.0182929294,-2.53015959846,7.87170589713,-0.0640238318039,-0.0016990094977,-0.997946923603
4.585,1.485356283,2.683364893,3.06703936,-78.0151972076,-2.53539970338,7.87164031134,-0.064023811761,-0.00169794334189,-0.997946926703
4.586,1.485455398,2.683375407,3.067096561,-78.0126299486,-2.54080085009,7.87153788393,-0.064023993072,-0.00169621386888,-0.997946918012
4.587,1.485407068,2.683469121,3.067155145,-78.0110536982,-2.54417061518,7.87158389942,-0.0640256260015,-0.00169705474743,-0.997946811819
4.588,1.485401223,2.683182771,3.066901788,-78.0102730778,-2.54592343383,7.87159312863,-0.0640206384612,-0.00169716325889,-0.99794713161
4.589,1.485379733,2.683475304,3.067147316,-78.0102320711,-2.54730416897,7.87161773518,-0.0640257340413,-0.00169753091702,-0.997946804078
4.59,1.48548362,2.68318819,3.066946437,-78.0108732837,-2.54799234103,7.8715071627,-0.0640207324718,-0.0016957252309,-0.997947128023
4.591,1.485549838,2.683196467,3.066985751,-78.0142663156,-2.54794193581,7.87143682294,-0.0640208754016,-0.00169457020909,-0.997947120816
4.592,1.485515162,2.68315183,3.066929905,-78.0189104524,-2.54712511258,7.87147312974,-0.0640200980645,-0.00169517637716,-0.997947169654
4.593,1.485411338,2.683333828,3.067038845,-78.0203018207,-2.5455596217,7.87157205601,-0.0640232691824,-0.00169698284892,-0.997946963146
4.594,1.485376593,2.683614299,3.067267404,-78.0161439234,-2.54309069651,7.87160328144,-0.0640281542966,-0.00169758240419,-0.99794664871
4.595,1.485536883,2.683177185,3.066962608,-78.0107125104,-2.5403535815,7.87144355644,-0.064020539351,-0.00169479694129,-0.997947141989
4.596,1.485483557,2.683307124,3.067050459,-78.010500923,-2.53800855878,7.87149572511,-0.0640228029693,-0.00169572358142,-0.997946995196
4.597,1.485452937,2.683406377,3.067122465,-78.0138027425,-2.53635348706,7.87153340719,-0.0640245324599,-0.00169625542418,-0.997946883336
4.598,1.485473886,2.683599209,3.067301318,-78.0154367335,-2.5353311378,7.87151655797,-0.0640278899555,-0.00169588592597,-0.997946668554
4.599,1.485460659,2.683339368,3.067067579,-78.0145444109,-2.53412520486,7.87152549236,-0.0640233647412,-0.00169612231326,-0.997946958478
4.6,1.485517957,2.683271979,3.067036373,-78.012223889,-2.53235644682,7.87147093728,-0.0640221911766,-0.00169512430349,-0.997947035464
4.601,1.485470025,2.683464379,3.067181486,-78.0092109783,-2.530463566,7.87151519615,-0.0640255421433,-0.00169595651403,-0.997946819066
4.602,1.485438148,2.683268834,3.066994966,-78.0074586574,-2.52867624641,7.87155109775,-0.0640221375807,-0.00169651649638,-0.997947036536
4.603,1.485452905,2.683254163,3.066989278,-78.0090070029,-2.52703809329,7.87153040802,-0.0640218819029,-0.00169626012922,-0.997947053375
4.604,1.485355517,2.683346977,3.067023314,-78.0112037905,-2.52591858989,7.87163331751,-0.064023499559,-0.00169795685299,-0.997946946709
4.605,1.485349727,2.683322304,3.066998923,-78.0115620756,-2.52550476946,7.87163845795,-0.0640230701722,-0.00169805877726,-0.997946974083
4.606,1.485321861,2.683282869,3.066950926,-78.0119250074,-2.5270029623,7.8716579169,-0.0640223835094,-0.00169854549071,-0.997947017308
4.607,1.485489328,2.683238816,3.066993493,-78.0135883842,-2.53183266657,7.87149721754,-0.0640216132073,-0.0016956248626,-0.997947071692
4.608,1.485449231,2.683193649,3.066934557,-78.0161671944,-2.5388393239,7.87153845323,-0.064020827834,-0.00169632512996,-0.997947120886
4.609,1.485444153,2.683441052,3.067148547,-78.0166599895,-2.54536351686,7.8715365331,-0.0640251360611,-0.00169640774053,-0.997946844353
4.61,1.485500674,2.683439341,3.067174424,-78.0132435687,-2.54965838686,7.87148203977,-0.0640251055808,-0.00169542201359,-0.997946847983
4.611,1.485421446,2.683317895,3.0670298,-78.0103527159,-2.55177528944,7.871559917,-0.0640229916398,-0.00169680707164,-0.997946981251
4.612,1.485415316,2.683328015,3.067035686,-78.0106512247,-2.55284327159,7.8715765218,-0.0640231685536,-0.00169691354898,-0.99794696972
4.613,1.485556002,2.68315764,3.06695477,-78.012696697,-2.55354561965,7.87142865459,-0.0640201992883,-0.00169446381472,-0.997947164371
4.614,1.485490032,2.683326006,3.067070115,-78.0151419344,-2.5534759967,7.87151279097,-0.0640231317315,-0.00169561053755,-0.997946974297
4.615,1.485477732,2.683691066,3.067383548,-78.0146812566,-2.55267842008,7.8715266263,-0.0640294895161,-0.00169581661634,-0.997946566044
4.616,1.485565132,2.683342339,3.067120778,-78.0106147375,-2.55105784315,7.87143099067,-0.0640234158925,-0.0016942995634,-0.997946958293
4.617,1.485420243,2.683405513,3.067105874,-78.00752388,-2.54815202669,7.87158173021,-0.0640245180615,-0.00169682584534,-0.99794688329
4.618,1.485563349,2.683420324,3.067188142,-78.0063879024,-2.54437703225,7.87143170283,-0.0640247734754,-0.0016943286427,-0.997946871147
4.619,1.485494766,2.683359132,3.067101389,-78.0065273222,-2.54033909043,7.87149351629,-0.064023709151,-0.00169552663759,-0.997946937395
4.62,1.485610129,2.683483344,3.067265935,-78.0068368554,-2.53633484657,7.87138472826,-0.0640258705933,-0.00169351132061,-0.997946802146
4.621,1.485596395,2.683347661,3.067140577,-78.0062369088,-2.53257264328,7.87139407773,-0.0640235073407,-0.00169375429677,-0.997946953352
4.622,1.485586618,2.683438104,3.067214968,-78.0049729144,-2.52885232472,7.87139979203,-0.0640250824863,-0.00169392257642,-0.997946852011
4.623,1.485648205,2.683157906,3.066999664,-78.0054121794,-2.52547353286,7.87133732127,-0.0640202019411,-0.00169285461598,-0.997947166932
4.624,1.485561529,2.683216549,3.067008984,-78.0099234887,-2.52267047512,7.8714170568,-0.0640212244319,-0.00169436597209,-0.997947098771
4.625,1.485479738,2.68334897,3.06708522,-78.0158232171,-2.52033413123,7.87149934483,-0.0640235322875,-0.0016957898027,-0.997946948295
4.626,1.485526855,2.683234593,3.067007975,-78.0205675977,-2.51864086986,7.87146123608,-0.0640215391089,-0.00169497051184,-0.997947077557
4.627,1.485606513,2.683383927,3.067177206,-78.0253292833,-2.51774915662,7.8713892228,-0.0640241393706,-0.0016935771394,-0.997946913104
4.628,1.485608268,2.683661202,3.067420638,-78.0258198415,-2.51758974805,7.87138664359,-0.0640289677429,-0.00169353926467,-0.997946603388
4.629,1.485592429,2.68342546,3.06720672,-78.0206858983,-2.51780547651,7.87139852915,-0.0640248629813,-0.00169382171788,-0.997946866265
4.63,1.485583792,2.683255085,3.067053481,-78.0171785221,-2.51789859877,7.87141512963,-0.064021895858,-0.00169397626264,-0.997947056359
4.631,1.485588779,2.683148285,3.066962462,-78.0196637839,-2.51804509902,7.87140574304,-0.0640200356097,-0.00169389204418,-0.997947175842
4.632,1.485682783,2.683352119,3.067186321,-78.0239216174,-2.51817930185,7.87131213482,-0.0640235836479,-0.00169224712574,-0.997946951013
4.633,1.485590664,2.683437108,3.067216055,-78.0239439558,-2.51809963328,7.87141241345,-0.0640250654196,-0.0016938524665,-0.997946853225
4.634,1.485591064,2.683309215,3.067104359,-78.0191405548,-2.51841217289,7.87140359296,-0.0640228379294,-0.00169384805297,-0.997946996139
4.635,1.485501378,2.68345844,3.067191475,-78.0134890621,-2.51931938337,7.87149093372,-0.0640254384805,-0.00169540961802,-0.997946826646
4.636,1.48560746,2.68362173,3.067385713,-78.0082247363,-2.52022716461,7.87138817848,-0.0640282808568,-0.00169355455533,-0.997946647433
4.637,1.485476461,2.683368741,3.06710093,-78.0051884177,-2.52121510338,7.87152530246,-0.0640238763435,-0.0016958464979,-0.997946926125
4.638,1.485578276,2.683263743,3.067058384,-78.0060663602,-2.5228424834,7.87141889676,-0.0640220460004,-0.00169407262065,-0.997947046563
4.639,1.485567937,2.683649106,3.067390523,-78.0067065879,-2.52448765144,7.87142289286,-0.06402875776,-0.00169424319042,-0.997946615666
4.64,1.485563085,2.683535476,3.067288759,-78.002897353,-2.52545474341,7.87143878692,-0.0640267794319,-0.00169433117987,-0.997946742445
4.641,1.485560765,2.683532549,3.067285074,-77.9979297444,-2.52622433026,7.87142916101,-0.0640267276924,-0.00169437093581,-0.997946745697
4.642,1.48559007,2.683344891,3.06713509,-77.9960146782,-2.52703275257,7.87140738023,-0.0640234591569,-0.00169386482449,-0.997946956255
4.643,1.485540705,2.683509081,3.067254827,-77.9961821262,-2.52774406869,7.87145503185,-0.0640263201104,-0.00169472149949,-0.997946771252
4.644,1.485562792,2.68339815,3.067168473,-77.9962576286,-2.52801375494,7.87142255145,-0.0640243878006,-0.00169433934605,-0.997946895872
4.645,1.485485111,2.683357924,3.067095656,-77.9972348001,-2.52782313862,7.87150746625,-0.0640236879731,-0.00169569534214,-0.997946938467
4.646,1.485578961,2.683042114,3.066864822,-78.0023969398,-2.52783262179,7.87141869091,-0.0640181865816,-0.00169406524533,-0.997947294164
4.647,1.485554983,2.683474875,3.067231816,-78.0121559382,-2.52809865353,7.87144309775,-0.0640257241557,-0.00169447377614,-0.997946809908
4.648,1.48564088,2.683429431,3.067233661,-78.0192128508,-2.52815002885,7.87135549409,-0.0640249313663,-0.00169297565704,-0.997946863313
4.649,1.485669625,2.68371253,3.067495261,-78.0195608121,-2.52787589241,7.8713319952,-0.0640298609449,-0.00169246754301,-0.997946547898
4.65,1.485600415,2.683495675,3.067272018,-78.0158426823,-2.52759638795,7.87139130753,-0.0640260852273,-0.00169368049961,-0.997946788089
4.651,1.485581086,2.683407026,3.067185099,-78.0135698595,-2.52779162377,7.87141667275,-0.0640245419466,-0.00169401942972,-0.997946886526
4.652,1.485755924,2.683430066,3.067289942,-78.0157587996,-2.52844651772,7.87123038009,-0.0640249399433,-0.00169096910015,-0.997946866165
4.653,1.485671417,2.683420704,3.067240817,-78.0181462392,-2.52880514596,7.8713272807,-0.0640247785251,-0.0016924438266,-0.997946874021
4.654,1.485652207,2.683904914,3.067655142,-78.0150056596,-2.52936142323,7.87134229944,-0.0640332112742,-0.00169276760203,-0.997946332421
4.655,1.485508499,2.683271297,3.067031196,-78.0061227425,-2.53058467828,7.87148192302,-0.0640221786438,-0.00169528987385,-0.997947035986
4.656,1.485584753,2.683117938,3.066933962,-78.0004652937,-2.53192893463,7.87140138671,-0.0640195076031,-0.0016939627892,-0.997947209594
4.657,1.485670196,2.683482933,3.067294668,-78.001268358,-2.5326824537,7.87131848791,-0.0640258627993,-0.00169246351124,-0.997946804424
4.658,1.485634731,2.683562356,3.067346977,-78.0016505673,-2.53296012106,7.87135448363,-0.0640272456139,-0.00169308020285,-0.997946714659
4.659,1.485652718,2.683339907,3.067161074,-78.0006063516,-2.53330339707,7.87134140087,-0.0640233714323,-0.00169277161207,-0.997946963738
4.66,1.485644625,2.683449159,3.067252735,-78.0011130206,-2.53397991539,7.87135255897,-0.0640252746184,-0.00169291038801,-0.997946841402
4.661,1.485535438,2.68338092,3.06714015,-78.001071042,-2.53483443477,7.87145058917,-0.0640240880702,-0.00169481662223,-0.997946914291
4.662,1.48576752,2.683360676,3.067234853,-77.9985018357,-2.53543370184,7.87123315562,-0.0640237320379,-0.00169076819533,-0.997946944
4.663,1.485590604,2.68341438,3.067196143,-77.995438597,-2.53596621361,7.8714033287,-0.0640246691882,-0.00169385342324,-0.997946878644
4.664,1.485568203,2.683608882,3.06735546,-77.9922723829,-2.53689378651,7.87143358568,-0.0640280575082,-0.00169423967929,-0.9979466606
4.665,1.485450783,2.683484841,3.06719007,-77.987460955,-2.53817290272,7.87154406623,-0.0640258988492,-0.00169629179973,-0.997946795611
4.666,1.485681179,2.683463056,3.067282598,-77.982474167,-2.53941661933,7.87132143047,-0.0640255157436,-0.00169227205681,-0.997946827015
4.667,1.485569588,2.683451517,3.067218454,-77.9792632127,-2.54043112352,7.871427189,-0.064025317005,-0.00169421905029,-0.997946836462
4.668,1.485637239,2.683215885,3.067045075,-77.9787515639,-2.54125830806,7.87135971208,-0.0640212120863,-0.00169304477042,-0.997947101806
4.669,1.485577896,2.683493824,3.067259492,-77.9807071608,-2.54191422118,7.87142534194,-0.0640260537976,-0.00169407350995,-0.997946789438
4.67,1.485650219,2.683350017,3.067168709,-77.9821675429,-2.54196722288,7.87133963851,-0.0640235481253,-0.0016928155104,-0.997946952328
4.671,1.485571421,2.683292051,3.067079829,-77.9841061188,-2.54110442925,7.87141076557,-0.0640225392546,-0.0016941908974,-0.997947014718
4.672,1.485635777,2.683487994,3.067282425,-77.98712686,-2.5399428409,7.87135907862,-0.0640259506014,-0.00169306390344,-0.997946797772
4.673,1.485587309,2.683450091,3.067225789,-77.9892591918,-2.53944827815,7.87139901339,-0.0640252914698,-0.00169390976261,-0.997946838625
4.674,1.485696747,2.683263995,3.067115989,-77.9913897794,-2.53901397095,7.87129576254,-0.0640220491481,-0.00169200511082,-0.997947049869
4.675,1.485560414,2.683504363,3.067260245,-77.9933873659,-2.53851900085,7.87143330054,-0.0640262368423,-0.00169437796243,-0.997946777178
4.676,1.485651916,2.683325694,3.067148252,-77.9946703527,-2.53835273656,7.87133509999,-0.0640231239337,-0.00169278564816,-0.997946979593
4.677,1.485624727,2.68372116,3.067481067,-77.995238823,-2.53867769451,7.87136624139,-0.0640300118631,-0.00169325131371,-0.997946536885
4.678,1.485721932,2.68342905,3.067272588,-77.9938330507,-2.53895101264,7.87127247753,-0.0640249230226,-0.00169156165362,-0.997946866246
4.679,1.48564417,2.68331048,3.067131189,-77.9945707483,-2.53909318888,7.87135013334,-0.0640228596029,-0.00169292182532,-0.99794699632
4.68,1.485579873,2.683758643,3.067492137,-77.9943393331,-2.53931612631,7.87141398272,-0.064030665467,-0.00169403310269,-0.997946493622
4.681,1.485575771,2.68354152,3.067300191,-77.9880499669,-2.53922973562,7.87141700793,-0.0640268844778,-0.001694109457,-0.997946736082
4.682,1.485671937,2.683493804,3.067305023,-77.9809934026,-2.5390115229,7.87133151568,-0.0640260514887,-0.00169243289918,-0.99794679237
4.683,1.48568619,2.683268657,3.067114954,-77.9779581865,-2.5393164756,7.87131483464,-0.0640221299389,-0.00169218915626,-0.997947044374
4.684,1.485707186,2.683424876,3.067261793,-77.9803824687,-2.53933675405,7.87128989597,-0.0640248507481,-0.00169181939671,-0.997946870446
4.685,1.485638617,2.683412502,3.067217755,-77.9833210952,-2.53905372498,7.87136964907,-0.0640246361136,-0.00169301586333,-0.997946882188
4.686,1.485744219,2.683715151,3.067533683,-77.9797306611,-2.53918624865,7.87125499273,-0.0640299049817,-0.00169116604143,-0.997946547279
4.687,1.48583218,2.683329755,3.067239124,-77.9737405143,-2.53932288237,7.87115678114,-0.0640231927325,-0.00168964083219,-0.997946980509
4.688,1.485717885,2.683619825,3.06743753,-77.9730841402,-2.53905317478,7.87127375853,-0.0640282459456,-0.00169162821994,-0.99794665294
4.689,1.48570903,2.683446128,3.067281278,-77.9758923505,-2.53876370203,7.87128150174,-0.0640252210268,-0.0016917868122,-0.997946846746
4.69,1.485798304,2.683478665,3.067352986,-77.9906453052,-2.53840336086,7.87119095151,-0.0640257858052,-0.00169022848115,-0.997946813152
4.691,1.485538519,2.683395388,3.0671543,-78.0292130701,-2.5378567897,7.87145454028,-0.0640243392427,-0.00169476316261,-0.997946898268
4.692,1.48578742,2.683432543,3.067307365,-78.0813439485,-2.53806756986,7.87120562834,-0.0640249825898,-0.00169041978699,-0.99794686436
4.693,1.485688406,2.683407211,3.067237243,-78.1294469186,-2.53897366439,7.87129971359,-0.0640245429188,-0.00169214765391,-0.997946889639
4.694,1.485663339,2.683405538,3.067223637,-78.164471604,-2.54041616483,7.87134273008,-0.0640245144452,-0.00169258446171,-0.997946890725
4.695,1.485658128,2.683493082,3.067297703,-78.1831778597,-2.5427763471,7.87134536109,-0.064026039131,-0.00169267390929,-0.997946792754
4.696,1.485661679,2.683330762,3.067157414,-78.187843627,-2.54461667133,7.87133141552,-0.0640232126455,-0.00169261581846,-0.99794697419
4.697,1.485686989,2.683415988,3.067244234,-78.1849879874,-2.54540610063,7.87130847853,-0.0640246965709,-0.00169217245421,-0.997946879739
4.698,1.485654722,2.683561439,3.067355856,-78.1783144544,-2.54530897907,7.87133385117,-0.0640272302058,-0.00169273152958,-0.997946716239
4.699,1.48566216,2.683601152,3.067394203,-78.1665199229,-2.54462615121,7.87133207308,-0.0640279212793,-0.00169260069998,-0.997946672122
4.7,1.485733976,2.683564618,3.067397025,-78.1508161176,-2.54415711417,7.87126750569,-0.0640272841729,-0.00169134909176,-0.99794671512
4.701,1.485663383,2.68362118,3.067412318,-78.1314459013,-2.54450453844,7.87133499824,-0.0640282698354,-0.00169257860263,-0.997946649796
4.702,1.485665096,2.683481148,3.067290636,-78.1089451385,-2.54531616573,7.8713254249,-0.0640258308549,-0.00169255271443,-0.997946806322
4.703,1.485644425,2.683574649,3.067362426,-78.0863904968,-2.5459740346,7.87134485147,-0.064027460034,-0.00169291048279,-0.99794670119
4.704,1.485648434,2.683577892,3.067367205,-78.062170605,-2.54620915405,7.87134315979,-0.0640275159832,-0.00169284116658,-0.997946697718
4.705,1.485643991,2.68373114,3.067499128,-78.0369582325,-2.54560436938,7.87134273357,-0.0640301850616,-0.00169291511854,-0.997946526343
4.706,1.485593858,2.683528141,3.067297245,-78.0135108686,-2.54406887416,7.87139672232,-0.064026651154,-0.00169379419172,-0.997946751587
4.707,1.485667592,2.683404465,3.067224759,-77.9944893003,-2.54227397898,7.87131585681,-0.0640244960491,-0.00169251110249,-0.99794689203
4.708,1.485668722,2.683439041,3.067255555,-77.979660931,-2.54049491461,7.87131705324,-0.0640250978653,-0.00169249050835,-0.997946853454
4.709,1.485574527,2.68328304,3.06707345,-77.9673553263,-2.53935963999,7.87142313091,-0.0640223829602,-0.00169413746603,-0.997947024836
4.71,1.485763776,2.683455015,3.067315572,-77.9578126916,-2.53900137392,7.87123020839,-0.0640253744492,-0.00169083123635,-0.997946838522
4.711,1.485760127,2.683669205,3.067501191,-77.9499792913,-2.53847134701,7.87124098532,-0.0640291051667,-0.00169088974574,-0.997946599064
4.712,1.48573567,2.683398277,3.06725232,-77.9426503346,-2.53790350394,7.87126545816,-0.0640243870055,-0.00169132334749,-0.997946901039
4.713,1.485720945,2.683445507,3.067286506,-77.9382413058,-2.53748418875,7.87127622999,-0.0640252102093,-0.00169157923701,-0.997946847792
4.714,1.485716164,2.683693931,3.06750153,-77.9352017182,-2.53699697098,7.87127490698,-0.0640295360483,-0.00169165674346,-0.997946570118
4.715,1.485542402,2.683310007,3.067081482,-77.9306444311,-2.53648233855,7.87144681203,-0.0640228527981,-0.00169469706237,-0.997946993743
4.716,1.485630485,2.683718737,3.067481735,-77.9264830091,-2.53598318713,7.87135505099,-0.0640299700554,-0.001693150747,-0.997946539738
4.717,1.485654441,2.683525816,3.067324555,-77.924326393,-2.53548982912,7.87133288959,-0.0640266091748,-0.00169273723665,-0.997946756074
4.718,1.485766835,2.683328675,3.067206525,-77.9261393746,-2.53498773936,7.8712160706,-0.0640231741647,-0.00169078079002,-0.997946979769
4.719,1.485724113,2.683751404,3.067555662,-77.9296054644,-2.53419449278,7.87126741429,-0.0640305366624,-0.00169151603354,-0.997946506156
4.72,1.485717932,2.68341141,3.067255217,-77.9304263461,-2.53323653465,7.87127238336,-0.0640246160692,-0.00169163187766,-0.99794688582
4.721,1.485761552,2.683454061,3.06731366,-77.9310127411,-2.5328000527,7.87124094359,-0.0640253583812,-0.00169086974479,-0.997946839488
4.722,1.485660083,2.68348934,3.067295375,-77.9331903721,-2.53312721581,7.87133156776,-0.0640259743451,-0.00169263988756,-0.997946796968
4.723,1.485648012,2.683208619,3.067043936,-77.9364805526,-2.53349058816,7.87134354631,-0.0640210852796,-0.00169285667539,-0.99794711026
4.724,1.485663867,2.683638154,3.067427402,-77.9392981065,-2.5334028499,7.87133338503,-0.0640285655987,-0.00169257058934,-0.997946630834
4.725,1.485700438,2.683454748,3.067284658,-77.939623883,-2.53316057356,7.87129620025,-0.0640253709304,-0.00169193691772,-0.997946836874
4.726,1.485757801,2.683552259,3.067397752,-77.9391530534,-2.53301883467,7.87124204467,-0.0640270687262,-0.00169093326342,-0.997946729648
4.727,1.485681337,2.683508296,3.067322254,-77.9395011879,-2.53264516977,7.87131356572,-0.0640263036247,-0.00169226859453,-0.997946776472
4.728,1.485688386,2.683637377,3.067438598,-77.9410101947,-2.53192207232,7.87130920397,-0.0640285513437,-0.00169214244342,-0.997946632474
4.729,1.485597024,2.683759083,3.067500829,-77.9412753116,-2.53169799946,7.87139606298,-0.0640306723276,-0.00169373374737,-0.99794649369
4.73,1.485695559,2.683372222,3.067210096,-77.9390072931,-2.53161123754,7.8712956175,-0.0640239336299,-0.00169202355667,-0.997946928939
4.731,1.485635308,2.683594348,3.067375245,-77.9389369935,-2.53135345908,7.87136031107,-0.0640278029574,-0.00169306971607,-0.997946678918
4.732,1.485603198,2.683549851,3.067320763,-77.9404210492,-2.53127998516,7.87138396928,-0.0640270283369,-0.00169363078328,-0.997946727665
4.733,1.485603179,2.68360403,3.067368154,-77.9409874388,-2.53104185222,7.87138641967,-0.064027972404,-0.00169362941893,-0.997946667097
4.734,1.485828314,2.683233831,3.067153334,-77.9440129549,-2.53016667262,7.87115216052,-0.0640215215162,-0.00168971097441,-0.997947087605
4.735,1.485697668,2.683331605,3.067175584,-77.9531413652,-2.52866818632,7.87128555972,-0.0640232260372,-0.00169198730471,-0.997946974396
4.736,1.485815075,2.683353098,3.06725126,-77.9644121326,-2.52743754777,7.87117529463,-0.0640235990659,-0.00168993852406,-0.997946953936
4.737,1.485860187,2.683502219,3.067403569,-77.9714793361,-2.52736474817,7.87114207852,-0.064026195267,-0.00168914817117,-0.997946788711
4.738,1.485708169,2.683871043,3.067652611,-77.9721443809,-2.52813955216,7.87128888104,-0.0640326206694,-0.00169179139729,-0.997946371972
4.739,1.485700182,2.683763033,3.067554246,-77.9682932689,-2.52888127095,7.87130099655,-0.0640307397928,-0.0016919333774,-0.997946492415
4.74,1.48573197,2.683650094,3.067470833,-77.9645668516,-2.5294993552,7.87127252572,-0.0640287724414,-0.00169138196595,-0.997946619578
4.741,1.48567956,2.683576981,3.067381484,-77.9612791039,-2.53040012695,7.87131958579,-0.0640275003255,-0.00169229763324,-0.997946699644
4.742,1.485580118,2.683357359,3.067141178,-77.9592237129,-2.53134896131,7.87141930127,-0.0640236768635,-0.00169403754213,-0.997946941995
4.743,1.485652901,2.68359835,3.067387267,-77.9593936123,-2.5317230033,7.871340752,-0.06402787243,-0.00169276283131,-0.997946674981
4.744,1.485708601,2.683416661,3.067255292,-77.9594829211,-2.53114634842,7.87128749868,-0.0640247071688,-0.00169179493798,-0.997946879699
4.745,1.485803914,2.683374711,3.067264761,-77.9589465488,-2.53044605712,7.87118599621,-0.0640239755613,-0.00169013336718,-0.997946929452
4.746,1.485829625,2.683500768,3.067387495,-77.9589012541,-2.52973644004,7.87115980586,-0.0640261707213,-0.00168968153364,-0.997946789383
4.747,1.485738077,2.683594489,3.067425144,-77.9588881772,-2.52892509898,7.87125747668,-0.0640278038521,-0.0016912764303,-0.997946681901
4.748,1.485689348,2.683513791,3.067330942,-77.9571700586,-2.5282260567,7.87129378147,-0.0640263991349,-0.00169212803148,-0.997946770583
4.749,1.485717103,2.683562612,3.067387097,-77.9540240663,-2.52732704528,7.87126374486,-0.0640272493529,-0.00169164265648,-0.997946716857
4.75,1.485720691,2.683718669,3.067525365,-77.9518022269,-2.52682353874,7.87127354555,-0.0640299673142,-0.00169157725904,-0.997946542582
4.751,1.485807046,2.683605173,3.067467898,-77.9512002633,-2.52712601733,7.87118013321,-0.0640279893066,-0.00169007249053,-0.997946672042
4.752,1.485741272,2.683423116,3.067276764,-77.9530323187,-2.52738136144,7.8712544624,-0.0640248193485,-0.00169122500845,-0.997946873468
4.753,1.485749194,2.683617356,3.067450534,-77.956832669,-2.52752393052,7.87124493693,-0.0640282020102,-0.00169108240131,-0.997946656684
4.754,1.485684185,2.683651175,3.067448635,-77.9583935737,-2.5277067385,7.87131097467,-0.064028791602,-0.00169221483604,-0.997946616936
4.755,1.485697692,2.683486077,3.067310737,-77.9584626449,-2.52808695118,7.87130149046,-0.0640259164777,-0.00169198402907,-0.997946801793
4.756,1.485783192,2.683488218,3.067354025,-77.9619496001,-2.52874770802,7.87121428264,-0.0640259522672,-0.00169049154311,-0.997946802026
4.757,1.485735451,2.683513939,3.067353402,-77.9682439396,-2.52916124862,7.87125329698,-0.06402640137,-0.00169132454419,-0.997946771801
4.758,1.485779646,2.683413177,3.067286657,-77.9741070163,-2.52905824994,7.87120855589,-0.0640246461961,-0.00169055536108,-0.997946885712
4.759,1.485772831,2.683466711,3.06733019,-77.9786911224,-2.52882494827,7.8712229188,-0.0640255785253,-0.00169067334171,-0.997946825697
4.76,1.48565031,2.683605882,3.067392602,-77.979552437,-2.52898023872,7.87134553673,-0.064028004314,-0.00169280759214,-0.997946666444
4.761,1.485711888,2.683350919,3.067199369,-77.9763158151,-2.52941532767,7.87127878909,-0.0640235627999,-0.00169173959254,-0.997946953211
4.762,1.485739328,2.683254563,3.067128364,-77.9751608213,-2.53002159202,7.87125380583,-0.0640218841185,-0.00169126279853,-0.997947061714
4.763,1.485760541,2.683561593,3.067407245,-77.9775247727,-2.53067608196,7.8712285887,-0.0640272310938,-0.00169088564544,-0.997946719311
4.764,1.485789879,2.683432439,3.067308465,-77.9781406674,-2.53085595202,7.87120277041,-0.0640249814569,-0.00169037656785,-0.997946864506
4.765,1.485721586,2.68355347,3.06738127,-77.9763445433,-2.53056633085,7.87127346253,-0.0640270896147,-0.00169156520395,-0.997946727237
4.766,1.485730679,2.683500779,3.067339577,-77.9741081596,-2.53030123454,7.87126645506,-0.0640261720717,-0.00169140729981,-0.997946786372
4.767,1.485744424,2.683722197,3.067539946,-77.9723709739,-2.53028867278,7.8712564539,-0.064030028052,-0.00169116252623,-0.997946539388
4.768,1.485868674,2.683540819,3.067441449,-77.9704627172,-2.5303555729,7.87113256114,-0.0640268670588,-0.00168899967046,-0.997946745861
4.769,1.485830144,2.683968481,3.067796933,-77.9671259906,-2.53019364756,7.87117326686,-0.064034316248,-0.00168966172777,-0.997946266783
4.77,1.485744214,2.683543665,3.067383653,-77.9627289221,-2.53016780745,7.8712588513,-0.0640269189343,-0.00169117015961,-0.997946738857
4.771,1.485793585,2.683425572,3.067304252,-77.9600978835,-2.53038730169,7.87119991371,-0.064024861692,-0.00169031176026,-0.997946872299
4.772,1.485761748,2.683606054,3.067446727,-77.9603885029,-2.53021407568,7.87123175186,-0.0640280053967,-0.00169086328648,-0.99794666967
4.773,1.485728073,2.683349544,3.067206006,-77.9632761612,-2.52962230813,7.87126243179,-0.064023538761,-0.00169145689479,-0.997946955233
4.774,1.485726304,2.683508007,3.067343782,-77.9674516711,-2.52909073343,7.87126264805,-0.0640262978361,-0.00169148389678,-0.997946778174
4.775,1.485823856,2.683397383,3.067294255,-77.9709619084,-2.52884875307,7.87117142585,-0.0640243705906,-0.00168978433293,-0.9979469047
4.776,1.485828318,2.683515683,3.067399911,-77.9730738269,-2.52895785025,7.87116842156,-0.0640264301597,-0.00168970360338,-0.9979467727
4.777,1.48575572,2.683649127,3.067481491,-77.9724196219,-2.52917768714,7.87123490381,-0.0640287558781,-0.0016909675312,-0.997946621343
4.778,1.485773474,2.683484868,3.067346386,-77.970825839,-2.52949545912,7.87121874818,-0.0640258947943,-0.00169066133177,-0.997946805426
4.779,1.485673017,2.683139769,3.066995815,-77.974548329,-2.53063705044,7.87132275412,-0.0640198858824,-0.0016924224698,-0.99794718794
4.78,1.485734557,2.683500671,3.067341361,-77.9817549562,-2.53257263905,7.87125862565,-0.0640261704499,-0.00169134041115,-0.99794678659
4.781,1.485796492,2.683796336,3.067630028,-77.9829272917,-2.53480404267,7.87120273288,-0.0640313186841,-0.00169025226216,-0.99794645812
4.782,1.485735203,2.683593689,3.067423052,-77.9759182141,-2.5379481563,7.87126712242,-0.0640277906572,-0.00169132641657,-0.997946682663
4.783,1.485739117,2.683339962,3.067202973,-77.9693359629,-2.54197304979,7.87126630092,-0.0640233712196,-0.00169126453164,-0.997946966307
4.784,1.485789937,2.683988885,3.067795311,-77.9664117023,-2.54573931511,7.87121256655,-0.0640346718989,-0.00169036215853,-0.997946242776
4.785,1.485947381,2.683587983,3.067520836,-77.9623559427,-2.54848781888,7.87105130582,-0.0640276880954,-0.0016876244786,-0.997946695511
4.786,1.485799607,2.683405139,3.067289294,-77.9604863797,-2.55001303822,7.87120101971,-0.0640245056542,-0.00169020715729,-0.997946895318
4.787,1.485771983,2.683561903,3.067413059,-77.9640099303,-2.55034645938,7.87122586221,-0.064027236376,-0.0016906860667,-0.997946719311
4.788,1.485854154,2.683627069,3.067509872,-77.9681297782,-2.54981951877,7.87113817196,-0.0640283700522,-0.00168925053204,-0.997946649005
4.789,1.485872216,2.683604709,3.067499059,-77.9692060407,-2.54863255875,7.87112299753,-0.0640279798016,-0.00168893588827,-0.997946674576
4.79,1.485848391,2.683262309,3.067187973,-77.9701774487,-2.5474984635,7.87114406031,-0.0640220173723,-0.00168935987574,-0.997947056389
4.791,1.485832177,2.683556069,3.067437112,-77.9729560681,-2.54639453363,7.87116120467,-0.06402713387,-0.00168963541342,-0.997946727667
4.792,1.485739548,2.683580088,3.067413258,-77.9748430927,-2.54498012484,7.8712548244,-0.0640275530413,-0.00169125078437,-0.997946698037
4.793,1.485931955,2.683131283,3.067113832,-77.9776712161,-2.54357460269,7.87107045544,-0.0640197339199,-0.00168790505522,-0.99794720534
4.794,1.485913172,2.683381548,3.067323669,-77.9843194535,-2.54227453264,7.87108679989,-0.0640240932635,-0.00168822675092,-0.997946925128
4.795,1.48590704,2.683389158,3.067327356,-77.9912451168,-2.54054533546,7.87108938806,-0.0640242261237,-0.00168833388,-0.997946916423
4.796,1.485793553,2.683647019,3.067497972,-77.9952555081,-2.538424668,7.87120462265,-0.0640287176824,-0.00169030707274,-0.997946624912
4.797,1.485751362,2.683693717,3.067518391,-77.9939799072,-2.5367265151,7.87125064792,-0.0640295322799,-0.00169104178493,-0.997946571402
4.798,1.485772698,2.683962063,3.067763496,-77.9864474421,-2.53539065858,7.87122046917,-0.0640342049915,-0.00169066393223,-0.997946272224
4.799,1.485883392,2.683448548,3.067367856,-77.9785151678,-2.53362400749,7.87111010417,-0.0640252598557,-0.00168874493096,-0.997946849407
4.8,1.485820139,2.68379083,3.067636664,-77.9764071024,-2.53166939639,7.87117316111,-0.0640312222311,-0.00168983981931,-0.997946465008
4.801,1.485794105,2.68357206,3.067432659,-77.9774831833,-2.53012828134,7.8711983193,-0.0640274122761,-0.00169029967376,-0.997946708679
4.802,1.485916526,2.683624601,3.067537925,-77.9781951148,-2.5296876121,7.87108618218,-0.0640283261037,-0.00168816184973,-0.997946653667
4.803,1.485935919,2.68347064,3.067412628,-77.978869927,-2.530002581,7.87106495541,-0.0640256443893,-0.0016878277738,-0.997946826288
4.804,1.485843177,2.683428946,3.067331227,-77.9794417738,-2.53043561486,7.87115599264,-0.0640249194868,-0.00168944636371,-0.997946870057
4.805,1.485876592,2.683474418,3.067387194,-77.9792381285,-2.53023537465,7.87110718425,-0.064025710531,-0.00168886275959,-0.997946820293
4.806,1.485759717,2.683466098,3.067323301,-77.9789525184,-2.5296888906,7.87123547361,-0.0640255682912,-0.00169090223024,-0.997946825966
4.807,1.485833212,2.683606246,3.067481511,-77.9797173095,-2.52990187225,7.87115763603,-0.0640280072034,-0.00168961626107,-0.997946671667
4.808,1.485938464,2.683439349,3.067386487,-77.9805325977,-2.5306717355,7.87105358536,-0.0640250989241,-0.00168778369949,-0.997946861358
4.809,1.48577247,2.683606341,3.067452172,-77.9805894533,-2.53088364033,7.87122584129,-0.0640280097643,-0.00169067635184,-0.997946669707
4.81,1.485719351,2.683799069,3.067595057,-77.9790007228,-2.53086593023,7.87128538433,-0.0640313672301,-0.00169159794205,-0.997946452725
4.811,1.485819877,2.683530122,3.067408454,-77.9764105434,-2.53121359839,7.87118137666,-0.0640266816921,-0.001689850804,-0.997946756313
4.812,1.485912671,2.683387681,3.067328791,-77.9770570737,-2.53134237819,7.87108217126,-0.0640242002206,-0.00168823557701,-0.997946918251
4.813,1.485753956,2.683684756,3.067511807,-77.9803949043,-2.53103556589,7.87124875796,-0.0640293761304,-0.00169099710898,-0.997946581497
4.814,1.485919436,2.683603448,3.067520829,-77.9819734318,-2.53123249457,7.87108499191,-0.0640279575551,-0.00168811195963,-0.997946677398
4.815,1.485909006,2.683815513,3.067701303,-77.9802830266,-2.53137465679,7.87108879311,-0.0640316505405,-0.00168828889792,-0.997946440151
4.816,1.485815678,2.683434022,3.067322347,-77.9781228582,-2.53090530779,7.87117981617,-0.0640250084118,-0.00168992680304,-0.997946863538
4.817,1.485866122,2.683859735,3.06771922,-77.9772579105,-2.52993691151,7.87112096608,-0.0640324219731,-0.00168903658931,-0.997946389388
4.818,1.485931864,2.683427448,3.067372878,-77.976690957,-2.5287448138,7.87105093753,-0.0640248919581,-0.00168789933795,-0.997946874441
4.819,1.485850585,2.68381241,3.067670291,-77.9779015364,-2.52760166102,7.871137226,-0.0640315971387,-0.00168930808911,-0.997946441852
4.82,1.485786446,2.683429244,3.067304007,-77.9794098232,-2.52752018645,7.87121282967,-0.0640249253299,-0.00169043603664,-0.997946868006
4.821,1.485722174,2.683738275,3.067543237,-77.9808936066,-2.52816352316,7.87127435365,-0.0640303088894,-0.00169155050368,-0.997946520712
4.822,1.485880934,2.68387538,3.067740081,-77.982093505,-2.52805005564,7.87110457464,-0.0640326937782,-0.00168877753663,-0.997946372386
4.823,1.485895357,2.683610357,3.067515209,-77.9829136734,-2.52722460875,7.87110361786,-0.0640280780488,-0.00168853251037,-0.997946668955
4.824,1.48589391,2.683718431,3.067609057,-77.986138905,-2.52682652323,7.87110330144,-0.0640299601556,-0.00168855442657,-0.997946548161
4.825,1.485884726,2.683431679,3.067353745,-77.990598146,-2.52716782848,7.87111477029,-0.0640249668933,-0.00168872146839,-0.997946868242
4.826,1.485997402,2.683498829,3.067467073,-77.9948528972,-2.52715017185,7.8709946284,-0.0640261343656,-0.0016867544026,-0.997946796667
4.827,1.485792625,2.683515062,3.067382078,-77.9986566373,-2.52660450747,7.87120943229,-0.0640264200209,-0.00169032701603,-0.997946772295
4.828,1.485867584,2.683797944,3.067665868,-78.000643375,-2.5263933864,7.87113086396,-0.0640313453888,-0.00168901245863,-0.997946458506
4.829,1.485842699,2.683993927,3.067825277,-77.9979965205,-2.52655229591,7.87114994439,-0.0640347591081,-0.00168944131506,-0.997946238739
4.83,1.48590187,2.683878141,3.067752637,-77.99016515,-2.52594014443,7.8710895589,-0.0640327418079,-0.0016884123241,-0.997946369922
4.831,1.485876122,2.683598459,3.067495483,-77.9816379792,-2.52467456028,7.87111638857,-0.0640278707464,-0.00168886743925,-0.997946681689
4.832,1.485860189,2.6834129,3.06732543,-77.977521,-2.52347349245,7.87112654843,-0.0640246399193,-0.00168915028581,-0.997946888494
4.833,1.485828025,2.683631053,3.067500701,-77.9766071231,-2.5227229076,7.87116116501,-0.0640284397521,-0.00168970619245,-0.997946643762
4.834,1.486065906,2.683541981,3.06753801,-77.9757311709,-2.52244802217,7.87092391033,-0.0640268845671,-0.00168555854223,-0.997946750556
4.835,1.485855003,2.683457574,3.067362001,-77.9754012356,-2.52269403765,7.87113880379,-0.0640254176095,-0.00168923939181,-0.997946838449
4.836,1.485988402,2.683636744,3.067583366,-77.9757652293,-2.52299891837,7.87099329856,-0.064028536119,-0.00168690807591,-0.997946642313
4.837,1.485951192,2.683771999,3.067683668,-77.9743819113,-2.52254592126,7.87103938147,-0.0640308920786,-0.00168755401221,-0.997946490059
4.838,1.485914857,2.683476523,3.067407572,-77.9721702362,-2.52205133663,7.87108289724,-0.0640257469002,-0.00168819483648,-0.99794681909
4.839,1.485953297,2.683474025,3.067424008,-77.9741738911,-2.52251899998,7.87104448801,-0.0640257032011,-0.00168752463828,-0.997946823027
4.84,1.486067786,2.683276069,3.067306298,-77.9831363505,-2.52337252439,7.87093661059,-0.0640222535966,-0.00168553155329,-0.997947047707
4.841,1.485871117,2.683518806,3.067423374,-77.9948043573,-2.52404602819,7.8711276716,-0.0640264844803,-0.00168895676088,-0.997946770479
4.842,1.48598931,2.683486242,3.067452142,-78.0016402124,-2.52437756642,7.87100565665,-0.0640259149329,-0.0016868960726,-0.997946810506
4.843,1.486064492,2.683672676,3.06765166,-78.0022439627,-2.52382521174,7.87092971788,-0.0640291606391,-0.00168557981278,-0.997946604488
4.844,1.486017555,2.68358019,3.067548013,-77.9992563128,-2.52237762242,7.87097320438,-0.0640275513826,-0.00168640122631,-0.99794670635
4.845,1.485897634,2.68353186,3.06744764,-77.9958488682,-2.52128517791,7.87108852482,-0.0640267109876,-0.00168849370909,-0.997946756731
4.846,1.485914133,2.683430465,3.067366928,-77.9954587987,-2.52128599836,7.8710684073,-0.0640249450741,-0.001688208327,-0.99794687051
4.847,1.485922955,2.683373557,3.067321417,-77.9973924949,-2.52186661229,7.87106603233,-0.0640239536681,-0.00168805599367,-0.997946934373
4.848,1.485885863,2.683484284,3.067400316,-77.999805071,-2.52279583667,7.87110166024,-0.0640258825175,-0.00168870024319,-0.997946809534
4.849,1.485886319,2.683789792,3.067667811,-77.9992369308,-2.5235694558,7.87110735691,-0.0640312034269,-0.00168868498824,-0.997946468169
4.85,1.485951985,2.683671619,3.067596235,-77.993817358,-2.52376984885,7.87104422394,-0.0640291436874,-0.00168754257429,-0.997946602258
4.851,1.486067707,2.683626386,3.067612722,-77.9875421228,-2.52369848521,7.87091725769,-0.0640283544076,-0.00168552498852,-0.997946656309
4.852,1.485896,2.683679158,3.067575712,-77.9839268466,-2.52407998188,7.87109888285,-0.0640292767717,-0.00168851903022,-0.997946592068
4.853,1.485981064,2.683637953,3.067580868,-77.9822107025,-2.52489304812,7.87101243812,-0.0640285577474,-0.00168703614118,-0.997946640709
4.854,1.485887695,2.683538356,3.067448508,-77.9815060663,-2.52584585366,7.87111288408,-0.0640268246356,-0.00168866733206,-0.997946749145
4.855,1.485876243,2.68361568,3.067510608,-77.9820269723,-2.52684019545,7.87112148462,-0.0640281714887,-0.00168886569489,-0.997946662397
4.856,1.486001019,2.683642426,3.067594448,-77.9810417087,-2.52730554432,7.87099392235,-0.0640286349012,-0.0016866882791,-0.997946636347
4.857,1.485885993,2.683525732,3.06743664,-77.9770180427,-2.52766241594,7.8711231258,-0.0640266045647,-0.00168869770984,-0.997946763213
4.858,1.485974596,2.683370512,3.06734377,-77.9745650254,-2.52886404648,7.87102436133,-0.0640239003293,-0.00168715555857,-0.997946939317
4.859,1.485985625,2.683431786,3.067402717,-77.9770760618,-2.52972967507,7.87100433999,-0.0640249672312,-0.00168696188543,-0.997946871196
4.86,1.485837221,2.683432451,3.067331408,-77.9821746504,-2.52955545212,7.87116493459,-0.0640249802505,-0.00168955057987,-0.997946865982
4.861,1.485882853,2.683670819,3.067562048,-77.9841064323,-2.52969514709,7.87111291432,-0.0640291313576,-0.00168874856808,-0.997946601009
4.862,1.486016074,2.683282108,3.067286527,-77.9835939084,-2.53019772363,7.8709709167,-0.0640223594478,-0.00168643403084,-0.997947039392
4.863,1.485856002,2.683386469,3.067300279,-77.9863426086,-2.53043973251,7.8711409093,-0.0640241793619,-0.00168922353689,-0.997946917917
4.864,1.485983172,2.683714492,3.067648849,-77.988376406,-2.5307145934,7.87101242741,-0.0640298905908,-0.00168699716737,-0.997946555258
4.865,1.485941438,2.683367769,3.067325307,-77.9864858012,-2.53114172734,7.87105440152,-0.0640238524124,-0.00168773335853,-0.997946941414
4.866,1.485989612,2.683437187,3.067409374,-77.9861381079,-2.53098126075,7.8709964501,-0.0640250608344,-0.00168689156177,-0.99794686531
4.867,1.485914476,2.683562363,3.067482484,-77.9882445665,-2.53017242249,7.87108192973,-0.0640272417683,-0.00168819955476,-0.997946723174
4.868,1.485910839,2.683619381,3.067530604,-77.9897357262,-2.52944987986,7.87108365823,-0.0640282351123,-0.00168826141115,-0.997946659337
4.869,1.486069265,2.683603231,3.06759322,-77.9902812234,-2.52853123338,7.87091911855,-0.0640279512616,-0.00168549843589,-0.997946682219
4.87,1.486001637,2.683544423,3.067509012,-77.9907444951,-2.52713414903,7.87099306291,-0.0640269281677,-0.00168667910647,-0.997946745865
4.871,1.48605348,2.683648777,3.067625418,-77.992236424,-2.52612778429,7.87094276056,-0.0640287443957,-0.00168577274421,-0.997946630868
4.872,1.485993813,2.683840408,3.067764161,-77.9934008519,-2.52578248177,7.87100897916,-0.0640320826302,-0.00168680851291,-0.99794641493
4.873,1.485939714,2.683385453,3.067339943,-77.9932721544,-2.5257669278,7.87104883347,-0.06402416076,-0.00168776388822,-0.997946921581
4.874,1.486055928,2.683609604,3.067592334,-77.9934844069,-2.52547868244,7.87092725216,-0.0640280629392,-0.00168573102444,-0.997946674661
4.875,1.486159061,2.683729644,3.06774731,-77.9914827684,-2.52455228265,7.87083054272,-0.0640301518398,-0.00168392819778,-0.997946543679
4.876,1.485993213,2.683583105,3.067538771,-77.9865432586,-2.52382722603,7.87100582675,-0.0640276020037,-0.00168682582463,-0.997946702385
4.877,1.486088985,2.683497579,3.067510347,-77.9827723631,-2.52378595505,7.87089333262,-0.064026111051,-0.00168515660839,-0.997946800862
4.878,1.485982775,2.683583854,3.06753437,-77.9808843859,-2.52440336885,7.87101459306,-0.0640276156277,-0.00168700755103,-0.997946701203
4.879,1.486030054,2.683676175,3.067638039,-77.9784834632,-2.52579979003,7.87096222673,-0.0640292227043,-0.00168618074215,-0.99794659949
4.88,1.486167506,2.683541068,3.067586432,-77.9770911924,-2.52714423327,7.8708202029,-0.0640268673218,-0.00168378512828,-0.997946754656
4.881,1.486010579,2.683335189,3.067330301,-77.9802863463,-2.52805010415,7.87098765531,-0.0640232840501,-0.00168652837733,-0.997946979915
4.882,1.486074912,2.683433159,3.067447173,-77.987807216,-2.52917260932,7.87092200552,-0.0640249894369,-0.00168540354746,-0.997946872405
4.883,1.485989175,2.683569204,3.067524654,-77.9947618556,-2.53090036688,7.87102217544,-0.0640273601422,-0.00168689632746,-0.997946717783
4.884,1.4859663,2.683656153,3.067589639,-77.997032198,-2.53301535026,7.87103768026,-0.064028874156,-0.00168729345344,-0.997946619973
4.885,1.486081831,2.683570578,3.067570741,-77.9955744376,-2.53447284115,7.87092071999,-0.0640273823592,-0.00168527969815,-0.997946719089
4.886,1.486008694,2.683553596,3.067520455,-77.993953566,-2.5347343821,7.87099356508,-0.0640270875929,-0.00168655618786,-0.997946735844
4.887,1.485989572,2.683490616,3.067456095,-77.9926545647,-2.53427468123,7.87101004178,-0.0640259910823,-0.00168689092198,-0.997946805629
4.888,1.48603404,2.683579287,3.067555208,-77.9879684519,-2.53332757382,7.870962596,-0.064027534853,-0.00168611323496,-0.997946707897
4.889,1.485940738,2.683733658,3.067645061,-77.973782129,-2.53163196737,7.87105450555,-0.0640302251194,-0.00168773736055,-0.997946532543
4.89,1.486000985,2.68343152,3.067409925,-77.9531413202,-2.52907489905,7.87099387695,-0.0640249616865,-0.001686693285,-0.997946872006
4.891,1.48595207,2.683879705,3.067778321,-77.9330986475,-2.52596590637,7.87104022858,-0.0640327684529,-0.00168753569775,-0.997946369695
4.892,1.485922991,2.683862931,3.067749561,-77.9150932367,-2.5230416804,7.87107781402,-0.0640324766377,-0.0016880438754,-0.99794638756
4.893,1.485985047,2.683906101,3.067817387,-77.9011456791,-2.52140717315,7.87101114573,-0.0640332271616,-0.00168695992237,-0.997946341236
4.894,1.485993711,2.683803642,3.067731947,-77.8922686467,-2.52111246476,7.87100261797,-0.0640314425076,-0.00168681139342,-0.997946455997
4.895,1.485855834,2.683762238,3.06762894,-77.8873105627,-2.52123568282,7.8711401158,-0.0640307236999,-0.00168921761764,-0.997946498048
4.896,1.485963267,2.684118622,3.067992765,-77.8855201177,-2.52098701079,7.87102425881,-0.0640369284622,-0.00168733543711,-0.9979461031
4.897,1.486004426,2.683603156,3.067561744,-77.8870892985,-2.52032974904,7.87099464157,-0.0640279508665,-0.0016866294893,-0.997946680334
4.898,1.485878771,2.683433043,3.067352053,-77.8953201668,-2.5199584658,7.87112486921,-0.0640249901001,-0.00168882555537,-0.997946866577
4.899,1.486029562,2.683669148,3.067631652,-77.9096283799,-2.52018443364,7.87097185355,-0.0640290996798,-0.00168618887302,-0.99794660737
4.9,1.486055314,2.683520134,3.067513766,-77.9258501145,-2.52030951372,7.87093940002,-0.0640265043221,-0.0016857436157,-0.997946774639
4.901,1.48606996,2.683746673,3.067719044,-77.9415008849,-2.51992488461,7.87092898607,-0.0640304493699,-0.00168548264214,-0.997946521965
4.902,1.486050772,2.683603907,3.067584852,-77.9564390838,-2.51977375002,7.87094634557,-0.0640279636554,-0.00168582090088,-0.997946680879
4.903,1.485936439,2.683570676,3.067500395,-77.9710436133,-2.52052428568,7.87106797793,-0.0640273868003,-0.00168781617067,-0.997946714517
4.904,1.486060328,2.683927452,3.067872531,-77.9843547269,-2.52213461536,7.87093826373,-0.0640335981729,-0.00168564585178,-0.99794631965
4.905,1.486055215,2.683693696,3.067665555,-77.9956635256,-2.52405604853,7.87094815747,-0.0640295268491,-0.0016857410539,-0.997946580719
4.906,1.486001552,2.68397252,3.067883489,-78.003909593,-2.52570021199,7.87099225371,-0.0640343837673,-0.00168667076485,-0.99794626751
4.907,1.486131711,2.683735655,3.067739319,-78.0079366692,-2.52677077725,7.8708625242,-0.0640302571497,-0.00168440519775,-0.997946536117
4.908,1.48606333,2.683729197,3.067700543,-78.0109351208,-2.52709253106,7.87092893439,-0.064030145489,-0.00168559817184,-0.997946541267
4.909,1.48600655,2.683726079,3.067670311,-78.0142524299,-2.52691940822,7.87098462952,-0.0640300915914,-0.00168658935936,-0.997946543051
4.91,1.486069341,2.683404618,3.067419507,-78.0165163281,-2.52653585051,7.87091631911,-0.0640244929826,-0.00168550195328,-0.997946904089
4.911,1.486038566,2.683399171,3.067399832,-78.0194190875,-2.52664230513,7.87096360489,-0.0640243976638,-0.00168603863055,-0.997946909298
4.912,1.486027265,2.683735578,3.067688655,-78.0208453776,-2.5277363281,7.87096709803,-0.0640302568691,-0.00168622778778,-0.997946533057
4.913,1.485920409,2.683644884,3.06755755,-78.0178010175,-2.52935018037,7.87108661464,-0.0640286785925,-0.0016880938262,-0.997946631167
4.914,1.486031287,2.683677129,3.06763947,-78.0130824086,-2.53108622289,7.87097290855,-0.0640292385111,-0.00168615873476,-0.997946598513
4.915,1.486039651,2.683862626,3.067805802,-78.0088674794,-2.53254905984,7.87096548975,-0.0640324693836,-0.00168600858785,-0.997946391466
4.916,1.486010673,2.683754278,3.067696978,-78.0062654254,-2.53371239037,7.87099710663,-0.0640305825982,-0.00168651704629,-0.997946511669
4.917,1.486146002,2.683641258,3.067663662,-78.0049504209,-2.53452951625,7.87085684595,-0.0640286121277,-0.00168415871098,-0.99794664208
4.918,1.486043397,2.683620014,3.06759537,-78.0024942029,-2.53514392508,7.87096274206,-0.0640282445499,-0.00168594927766,-0.99794666264
4.919,1.48608617,2.683670143,3.067659946,-77.9985681808,-2.53540456081,7.87091677715,-0.0640291165063,-0.00168520199272,-0.997946607957
4.92,1.486062273,2.683636848,3.067619242,-77.9941590684,-2.535795002,7.87094147292,-0.0640285374319,-0.00168561924448,-0.997946644406
4.921,1.486016644,2.683879398,3.06780933,-77.9887881305,-2.5360769171,7.87097883317,-0.0640327617757,-0.00168640938206,-0.997946372027
4.922,1.486177232,2.683647718,3.067684443,-77.984365146,-2.53754635893,7.87081707669,-0.0640287246111,-0.00168361353535,-0.997946635783
4.923,1.486070149,2.683908516,3.067860722,-77.9818152163,-2.54231813784,7.87093081618,-0.0640332678465,-0.00168547495959,-0.997946341134
4.924,1.486136347,2.683582886,3.06760792,-77.9797116808,-2.5493735709,7.87086130433,-0.0640275962801,-0.00168432862696,-0.99794670697
4.925,1.486095465,2.683741232,3.067726639,-77.9775322491,-2.55589614017,7.87090007711,-0.064030354086,-0.0016850376685,-0.99794652883
4.926,1.486217033,2.683534656,3.067604818,-77.9768450654,-2.56065013591,7.87078065087,-0.0640267544611,-0.00168292204217,-0.997946763353
4.927,1.48615523,2.683637418,3.067664773,-77.9791605192,-2.56369613191,7.8708471433,-0.0640285450891,-0.00168399744478,-0.997946646653
4.928,1.486152948,2.683693948,3.067713121,-77.9816648477,-2.56478229122,7.87084694189,-0.0640295299756,-0.00168403585016,-0.997946583397
4.929,1.48610089,2.683633656,3.067635156,-77.9823379319,-2.56355145756,7.8708989894,-0.0640284807569,-0.00168494539007,-0.997946649181
4.93,1.486186541,2.683502431,3.067561855,-77.9823029864,-2.56048142394,7.87081568499,-0.0640261939149,-0.00168345430329,-0.997946798419
4.931,1.486119726,2.683525169,3.067549376,-77.9833014467,-2.55677454499,7.87088600904,-0.0640265912026,-0.00168461918824,-0.997946770964
4.932,1.486161461,2.683822678,3.067829861,-77.984412544,-2.55309753698,7.8708417451,-0.0640317720578,-0.00168388460539,-0.997946439795
4.933,1.486208736,2.683476487,3.067549912,-77.9828158004,-2.54933211726,7.87078856122,-0.064025742293,-0.00168306737345,-0.997946828046
4.934,1.486106061,2.68385956,3.06783529,-77.9799054036,-2.54558348852,7.87089412535,-0.064032415251,-0.00168485016713,-0.997946396896
4.935,1.486170417,2.683697322,3.067724535,-77.9762777018,-2.5420204619,7.87082372449,-0.06402958861,-0.00168373136222,-0.997946580149
4.936,1.486214313,2.683787787,3.067824941,-77.9733910717,-2.53844393213,7.87078305377,-0.0640311636452,-0.00168296274875,-0.997946480388
4.937,1.486164428,2.683730455,3.067750619,-77.9725043843,-2.53511798841,7.87082791509,-0.0640301652295,-0.00168383428664,-0.997946542979
4.938,1.486200549,2.683700931,3.06774229,-77.9734022233,-2.53242810952,7.87078701909,-0.0640296507852,-0.00168320539922,-0.997946577047
4.939,1.486132146,2.683784353,3.067782132,-77.9743137633,-2.53068428916,7.87085766268,-0.0640311051944,-0.00168439651837,-0.997946481719
4.94,1.486160175,2.683766345,3.067779956,-77.9721991935,-2.53025127516,7.87083376832,-0.0640307904336,-0.00168390804148,-0.99794650274
4.941,1.486192793,2.683516381,3.067577087,-77.9694363385,-2.53070851443,7.87079759756,-0.0640264368348,-0.00168334487199,-0.997946783018
4.942,1.486207898,2.683552646,3.06761613,-77.9713605146,-2.53097550849,7.87078464368,-0.0640270684006,-0.00168308051946,-0.997946742944
4.943,1.486255937,2.683801154,3.0678568,-77.9747244741,-2.53093907781,7.8707391497,-0.0640313953354,-0.00168223667311,-0.997946466746
4.944,1.486078102,2.683923915,3.067878046,-77.9736407613,-2.53136036841,7.87092194382,-0.0640335358164,-0.00168533620333,-0.997946324174
4.945,1.486213437,2.683698171,3.067746119,-77.9695893018,-2.53219724796,7.87078256136,-0.064029603147,-0.00168298047149,-0.997946580483
4.946,1.486169784,2.683512391,3.067562449,-77.9674065442,-2.53269128933,7.87082962986,-0.0640263679097,-0.00168374670452,-0.997946786762
4.947,1.48611041,2.683690729,3.067689698,-77.9694263391,-2.53317228449,7.87089413762,-0.0640294746308,-0.00168477862515,-0.997946585695
4.948,1.486194893,2.683836317,3.067857988,-77.972536364,-2.5339846641,7.87080767879,-0.0640320090731,-0.0016833006722,-0.997946425572
4.949,1.486242699,2.683894796,3.067932306,-77.9714881069,-2.53454113329,7.87075749734,-0.0640330262601,-0.001682464999,-0.997946361715
4.95,1.486174196,2.68360021,3.067641411,-77.9685413238,-2.53446466761,7.87082158566,-0.0640278974749,-0.00168366709472,-0.997946688762
4.951,1.486224436,2.683516941,3.067592908,-77.9698590097,-2.53423804228,7.87077941622,-0.064026446452,-0.00168279257159,-0.997946783333
4.952,1.486206501,2.683821989,3.067851077,-77.9730942988,-2.53459076293,7.87079834582,-0.0640317593158,-0.00168309807566,-0.99794644194
4.953,1.486120904,2.683469951,3.067501641,-77.9750956787,-2.53540679196,7.87087345718,-0.0640256293256,-0.00168459986916,-0.997946832708
4.954,1.486201036,2.683905248,3.067921266,-77.9765487568,-2.53595255575,7.87079255812,-0.0640332094589,-0.0016831923971,-0.997946348733
4.955,1.486172884,2.683519078,3.067569801,-77.9753490292,-2.53585212516,7.87081671899,-0.0640264848007,-0.00168369206862,-0.997946779355
4.956,1.486200071,2.683602831,3.06765624,-77.9744185895,-2.53523308954,7.8707912886,-0.0640279429872,-0.00168321581537,-0.997946686603
4.957,1.486159473,2.683632981,3.067662947,-77.9749495693,-2.53449128677,7.87084677443,-0.0640284682577,-0.00168392336962,-0.997946651708
4.958,1.486122081,2.683771776,3.067766253,-77.9748037709,-2.53337639668,7.87088619866,-0.064030885705,-0.00168457288387,-0.997946495505
4.959,1.486143628,2.683559616,3.06759109,-77.9729938449,-2.5317847595,7.87085339293,-0.0640271907486,-0.00168420145444,-0.997946733203
4.96,1.48616927,2.683504827,3.067555583,-77.9718170943,-2.53000805637,7.87083085589,-0.0640262363959,-0.00168375521068,-0.997946795186
4.961,1.486201313,2.683659298,3.067706239,-77.9725996079,-2.52831264385,7.87080073088,-0.0640289256136,-0.00168319315924,-0.997946623595
4.962,1.486184778,2.683469186,3.067531918,-77.9741057493,-2.52671688151,7.87081166713,-0.0640256148624,-0.00168348619514,-0.997946835516
4.963,1.486212544,2.683837666,3.067867719,-77.9750888109,-2.52535654691,7.87078999839,-0.0640320323587,-0.00168299280284,-0.997946424598
4.964,1.486147121,2.683587773,3.067617414,-77.975673209,-2.52462358027,7.87085661135,-0.0640276805939,-0.00168414026351,-0.997946701878
4.965,1.486204226,2.683653056,3.06770219,-77.9762969828,-2.52430142059,7.87079546757,-0.0640288169597,-0.00168314253219,-0.997946630652
4.966,1.48619943,2.683565414,3.067623197,-77.976385093,-2.5237716304,7.87079688697,-0.0640272906006,-0.00168322768972,-0.997946728439
4.967,1.486231977,2.683576347,3.06764853,-77.9764503062,-2.52319455466,7.87076397629,-0.0640274809922,-0.00168265969863,-0.997946717182
4.968,1.486193966,2.683892202,3.067906429,-77.9745684107,-2.52302707106,7.87080103409,-0.064032982016,-0.00168331604433,-0.997946363118
4.969,1.486294617,2.683820935,3.067892844,-77.9692888304,-2.52334192463,7.87069447882,-0.0640317394405,-0.00168156168772,-0.997946445805
4.97,1.486216513,2.68344618,3.067527167,-77.9666324646,-2.52414437208,7.87078150138,-0.0640252145895,-0.00168293321377,-0.997946862129
4.971,1.486108992,2.683887165,3.067860859,-77.967463777,-2.52567546179,7.8708898096,-0.0640328955814,-0.00168479824501,-0.997946366163
4.972,1.486218485,2.683610741,3.06767208,-77.9671182258,-2.5275774587,7.87077747177,-0.064028079617,-0.00168289486945,-0.997946678378
4.973,1.486198934,2.683797034,3.06782558,-77.9651238809,-2.52923333917,7.87080593936,-0.0640313241427,-0.00168323128459,-0.997946469637
4.974,1.486170681,2.6835594,3.067604008,-77.9630274153,-2.5303309283,7.87082857234,-0.0640271868247,-0.00168372968291,-0.997946734251
4.975,1.48634289,2.683668749,3.067783099,-77.9624814384,-2.53083544674,7.87065967626,-0.0640290881706,-0.00168072233658,-0.99794661733
4.976,1.486181315,2.683656852,3.067694411,-77.9631504659,-2.53156349287,7.87082554972,-0.0640288837376,-0.00168354144976,-0.997946625695
4.977,1.486185902,2.683655149,3.067695143,-77.9632207144,-2.53263346086,7.87082285068,-0.0640288534284,-0.00168346228154,-0.997946627773
4.978,1.486203277,2.683918629,3.067934059,-77.961372216,-2.53395053895,7.87080655385,-0.0640334421121,-0.00168315243542,-0.997946333872
4.979,1.486193961,2.683755103,3.067786488,-77.9577192471,-2.5354057402,7.87080725062,-0.0640305940366,-0.00168331866907,-0.997946516335
4.98,1.486265491,2.683740782,3.067808615,-77.9560795978,-2.537552311,7.87074397007,-0.064030344119,-0.00168207139018,-0.997946534474
4.981,1.486125557,2.683983921,3.067953529,-77.9565614488,-2.54045887019,7.87087395898,-0.0640345803533,-0.0016845070501,-0.997946258551
4.982,1.48617,2.683852251,3.067859868,-77.9534617517,-2.54284075968,7.87082528559,-0.0640322871567,-0.00168373480512,-0.997946406997
4.983,1.486262527,2.683931815,3.067974297,-77.9467597421,-2.54437594132,7.87074567867,-0.0640336706248,-0.0016821188051,-0.997946320953
4.984,1.486201284,2.683545079,3.067606306,-77.9436822028,-2.54425261025,7.87080238465,-0.0640269366668,-0.00168319588696,-0.997946751201
4.985,1.486267059,2.683798677,3.067860021,-77.947771698,-2.54009329819,7.87072693419,-0.0640313517926,-0.00168204288746,-0.997946469867
4.986,1.486276513,2.683465527,3.067573162,-77.9569406571,-2.53274251314,7.87072842933,-0.064025550279,-0.00168188578372,-0.997946842358
4.987,1.48634037,2.683843865,3.067935069,-77.9667692988,-2.52536400952,7.8706513259,-0.0640321379497,-0.00168076252342,-0.997946421581
4.988,1.486196416,2.683741895,3.067776124,-77.9721863681,-2.51925993263,7.87080402353,-0.0640303643322,-0.00168327636745,-0.997946531145
4.989,1.486284712,2.683702292,3.067784255,-77.9740842262,-2.5150498581,7.87071093614,-0.0640296730753,-0.0016817369803,-0.997946578093
4.99,1.486367559,2.683588739,3.06772506,-77.9781794245,-2.51196773853,7.87061676014,-0.0640276948799,-0.00168029388945,-0.997946707445
4.991,1.486181755,2.683923599,3.067927981,-77.9843329156,-2.50922282154,7.87081431521,-0.0640335293427,-0.00168352736946,-0.997946327643
4.992,1.486194269,2.683614664,3.067663781,-77.989419369,-2.50747657056,7.87080385007,-0.0640281489051,-0.00168331651249,-0.997946673221
4.993,1.486288556,2.683805951,3.067876799,-77.9931491887,-2.50753929794,7.87071784963,-0.0640314790459,-0.00168166729727,-0.997946462335
4.994,1.486315495,2.683732134,3.067825275,-77.9923027685,-2.50872439848,7.87068085066,-0.0640301927053,-0.00168119872404,-0.997946545659
4.995,1.486277239,2.683767706,3.067837859,-77.9855441088,-2.50975482301,7.87072403919,-0.0640308127164,-0.00168186524998,-0.997946504755
4.996,1.486296487,2.683559386,3.067664947,-77.9785383966,-2.51056359995,7.87070945653,-0.0640271845875,-0.00168153488056,-0.997946738095
4.997,1.486262764,2.683791128,3.067851336,-77.9752472201,-2.51236932434,7.8707452614,-0.0640312213122,-0.00168211740585,-0.997946478113
4.998,1.486274776,2.683688825,3.06776766,-77.9742004455,-2.51476931232,7.87072750153,-0.0640294388681,-0.00168191047722,-0.997946592827
4.999,1.486198067,2.683967706,3.067974469,-77.9736867628,-2.51753153868,7.87082123305,-0.0640342972962,-0.00168324194276,-0.997946278848
5,1.486295584,2.683696502,3.067784457,-77.9721737014,-2.52027126439,7.87071091171,-0.0640295723666,-0.00168154697494,-0.997946584874
5.001,1.486306736,2.683784674,3.067866993,-77.9694469564,-2.522290098,7.87068628515,-0.0640311079447,-0.00168135098122,-0.997946486679
