t_contact_s,theta_err_t1_deg,theta_err_t2_deg,total_error_deg,fn_est_N,moment_t1_est_Nm,old_gamma_t1_deg,tool_normal_x,tool_normal_y,tool_normal_z
0,9.298752265,0.532039677,9.313960485,-0.0730351342829,1.05141169877,0,-0.0262609334496,0.134223985057,-0.990602990713
0.001,9.298435292,0.53115779,9.313593693,-0.066798273803,1.05582973241,0.000312350855244,-0.0262456325459,0.134218499853,-0.990604139437
0.002,9.298397822,0.530618187,9.313525526,-0.0554014062428,1.05993931072,0.000347684779961,-0.026236261436,0.134217848787,-0.99060447589
0.003,9.29823942,0.530079555,9.313336709,-0.0431813878202,1.06374862569,0.000507817655293,-0.026226914891,0.134215107752,-0.990605094771
0.004,9.29805789,0.529611529,9.313128846,-0.040147832148,1.06690921499,0.000676957642104,-0.0262187947386,0.134211965716,-0.990605735427
0.005,9.297597351,0.528210162,9.312589462,-0.0570241914628,1.06807531529,0.00113556555321,-0.0261944790955,0.13420399526,-0.990607458543
0.006,9.297074416,0.527231943,9.312011932,-0.0993671226638,1.06625461038,0.00164908638327,-0.0261775171413,0.134194946849,-0.990609132724
0.007,9.296358665,0.525917139,9.311222974,-0.168587987794,1.063240251,0.00235809164893,-0.0261547185049,0.134182563373,-0.990611412405
0.008,9.295415978,0.52483617,9.310220793,-0.257540449485,1.06036320519,0.00329007691226,-0.0261359954622,0.134166254332,-0.990614115557
0.009,9.294443172,0.524347356,9.309221988,-0.355899338324,1.05792732943,0.00424933747437,-0.0261275600836,0.134149428034,-0.990616616841
0.01,9.293308236,0.524626356,9.308104575,-0.45668717643,1.05717486495,0.00536623529917,-0.0261324714419,0.134129800643,-0.990619145038
0.011,9.29209054,0.525193232,9.306920787,-0.564403003102,1.0578375087,0.00656282091101,-0.026142388652,0.134108742127,-0.990621734468
0.012,9.290827866,0.52742004,9.305786067,-0.681559419792,1.05746393021,0.00779502801691,-0.0261811415322,0.134086912699,-0.990623666016
0.013,9.289634131,0.529334354,9.304702959,-0.796952361343,1.05508317623,0.0089567907882,-0.0262144626667,0.134066275341,-0.990625577988
0.014,9.288385072,0.531703565,9.303591023,-0.913660606372,1.05229037135,0.0101715595626,-0.0262556894972,0.134044681608,-0.990627408313
0.015,9.287035096,0.534323569,9.302393378,-1.04484033991,1.05012258065,0.011484210042,-0.0263012784935,0.134021343792,-0.9906293566
0.016,9.285652877,0.537291035,9.301184387,-1.19762020357,1.04893259856,0.0128249813423,-0.0263529043161,0.13399744912,-0.990631216984
0.017,9.284110979,0.540974966,9.299858633,-1.36611948201,1.0492841027,0.0143310139097,-0.0264169850509,0.133970796537,-0.990633115021
0.018,9.282709044,0.544866581,9.298686293,-1.527077887,1.05036399454,0.0156866497533,-0.0264846657013,0.1339465644,-0.990634584682
0.019,9.281162166,0.549303581,9.297403163,-1.65865549377,1.05077515621,0.0171934062178,-0.0265618276038,0.13391982774,-0.990636133529
0.02,9.27985291,0.553135674,9.296323418,-1.75613832096,1.04948944058,0.0184679809325,-0.0266284695645,0.133897197804,-0.990637403407
0.021,9.278533924,0.558430291,9.29532335,-1.8270126788,1.04500520487,0.0197480292739,-0.0267205165117,0.13387440488,-0.990638005386
0.022,9.277384607,0.563084902,9.294456937,-1.87693958444,1.03623278597,0.0208600216703,-0.0268014362226,0.133854544318,-0.99063850318
0.023,9.276265584,0.567578351,9.29361331,-1.91955306895,1.02421213125,0.0219444910036,-0.0268795542617,0.133835206706,-0.990638999338
0.024,9.275122784,0.571897462,9.292737453,-1.97338325735,1.01115080533,0.0230592084885,-0.0269546460707,0.133815457856,-0.990639626854
0.025,9.274234748,0.57670405,9.292148176,-2.04036760961,0.998827468858,0.0239160675278,-0.0270381898681,0.13380011622,-0.990639422387
0.026,9.273213594,0.581659254,9.291437879,-2.10304763263,0.98824736514,0.0249062107365,-0.0271243234906,0.133782472676,-0.990639450597
0.027,9.272291323,0.586416761,9.290816488,-2.14352507167,0.979067689783,0.0258008450696,-0.0272070179878,0.133766537995,-0.990639334715
0.028,9.271199174,0.591330494,9.290037991,-2.15776908237,0.970587600753,0.0268673303254,-0.027292434681,0.133747665644,-0.990639533304
0.029,9.270062377,0.595825555,9.289190738,-2.14614611539,0.962366180812,0.027981268149,-0.0273705825054,0.133728019396,-0.990640029497
0.03,9.269196095,0.599998034,9.288594828,-2.10866901136,0.954485081017,0.0288220831944,-0.0274431109371,0.133713050636,-0.990640043483
0.031,9.268211547,0.604762634,9.287921357,-2.04589931324,0.947847550341,0.029786993315,-0.0275259315563,0.13369603876,-0.990640041747
0.032,9.267145626,0.60927887,9.28715289,-1.95862768412,0.9428288618,0.0308359598384,-0.027604442613,0.133677617619,-0.990640343059
0.033,9.266432285,0.614311583,9.286772637,-1.84963390128,0.939583981549,0.0315295345218,-0.0276919042776,0.133665297476,-0.990639564467
0.034,9.26561283,0.620087818,9.286338892,-1.72319519782,0.938532892052,0.0323308826018,-0.0277922868762,0.133651142759,-0.9906386631
0.035,9.26488055,0.625145391,9.28594736,-1.58358128366,0.938871242865,0.0330476971482,-0.0278801814435,0.133638494543,-0.990637899668
0.039,9.261508861,0.647136585,9.28409027,-1.00880542443,0.931179576231,0.0363794453534,-0.0282623720047,0.13358024741,-0.990634925606
0.04,9.26076857,0.653076566,9.283767743,-0.89486904312,0.922016202816,0.0371148771289,-0.0283655931055,0.133567461688,-0.990633699359
0.041,9.259942529,0.658635588,9.283336495,-0.787664647229,0.909543994678,0.0379380857341,-0.0284622030336,0.133553191207,-0.990632852331
0.042,9.259235602,0.664419714,9.283043546,-0.690864896088,0.896521175083,0.038633834098,-0.0285627155445,0.133540980756,-0.990631605462
0.043,9.258472456,0.669393533,9.282639706,-0.610823887341,0.883899463882,0.0393976361795,-0.0286491560016,0.133527796288,-0.990630886596
0.044,9.257705586,0.674885634,9.282272531,-0.542521660418,0.871043139644,0.0401663094159,-0.0287445993316,0.133514548254,-0.990629907389
0.045,9.257169424,0.68071689,9.282163607,-0.467628287816,0.85829015425,0.0406945117817,-0.028845919528,0.133505291089,-0.990628209864
0.046,9.256371377,0.685837983,9.281744708,-0.378086722799,0.847900856176,0.0414875354223,-0.0289349205748,0.133491502265,-0.990627472461
0.047,9.255762992,0.690751541,9.281502371,-0.289841944866,0.841322720696,0.0420939343369,-0.0290203044077,0.133480993296,-0.990626390907
0.048,9.255070646,0.695611789,9.281174949,-0.224628144352,0.838981126613,0.0427848052403,-0.0291047674568,0.133469031319,-0.990625524702
0.049,9.254470331,0.701230198,9.280999133,-0.187467793963,0.839657411126,0.0433765233581,-0.02920239401,0.133458663732,-0.990624048395
0.05,9.253972686,0.705995158,9.280864165,-0.178460499341,0.840733147624,0.0438724763011,-0.0292851895423,0.133450068682,-0.990622762126
0.051,9.253393838,0.711049579,9.280672875,-0.200482460657,0.840543917032,0.0444460245747,-0.0293730190207,0.133440070591,-0.990621508607
0.052,9.252908656,0.716035492,9.280572473,-0.236679069862,0.839144550973,0.0449236705553,-0.0294596512672,0.133431690744,-0.990620064834
0.053,9.252410093,0.720724669,9.280438383,-0.266415058339,0.836126649055,0.0454182013789,-0.0295411308029,0.133423079783,-0.990618798213
0.054,9.251707811,0.726067081,9.280154677,-0.284916562133,0.830141829191,0.0461200053778,-0.0296339691469,0.133410945968,-0.990617659528
0.055,9.251361626,0.731323708,9.280222319,-0.29611315647,0.820958505569,0.0464640932095,-0.0297252953701,0.133404971666,-0.990615727894
0.056,9.251011064,0.737036902,9.280324838,-0.304560760925,0.809029792385,0.0468081288712,-0.0298245513384,0.13339892195,-0.990613559245
0.057,9.250723747,0.742470957,9.280471592,-0.312565789434,0.795148715328,0.047087264209,-0.0299189561538,0.133393965437,-0.99061137993
0.058,9.250361491,0.748166641,9.280567926,-0.32326153125,0.780086337845,0.0474521590134,-0.030017908863,0.133387712902,-0.990609228301
0.059,9.250113122,0.754229677,9.280811127,-0.334512667879,0.763293306756,0.0476954792443,-0.0301232352848,0.133383431014,-0.990606607603
0.06,9.249928854,0.759593349,9.28106491,-0.344392345013,0.744856206657,0.0478735165026,-0.0302164098457,0.13338025567,-0.990604197434
0.061,9.24945672,0.76480166,9.281022099,-0.361173893619,0.727038307939,0.048345957673,-0.0303069032915,0.133372101471,-0.990602530868
0.062,9.249247152,0.77078276,9.28130804,-0.394652513961,0.712582541574,0.0485504983576,-0.0304108028428,0.133368489292,-0.990599832997
0.063,9.248905915,0.776155409,9.281415724,-0.451931285339,0.702721146698,0.0488859733575,-0.0305041425079,0.133362598744,-0.990597756179
0.064,9.248824833,0.781696082,9.281799909,-0.536804305764,0.696230440865,0.0489624382665,-0.030600383993,0.133361208183,-0.990594975079
0.065,9.248549219,0.78731154,9.281999899,-0.643715512614,0.691984675022,0.0492308566724,-0.0306979363234,0.13335645204,-0.990592597088
0.066,9.248225751,0.792425667,9.282112797,-0.761584408405,0.690178336018,0.0495563959078,-0.0307867845614,0.133350867441,-0.990590591541
0.067,9.248016524,0.797786959,9.282363581,-0.878992623629,0.691248268378,0.0497532954154,-0.0308799176764,0.133347259435,-0.990588178349
0.068,9.247716395,0.803400839,9.282548757,-0.98337544792,0.695695283276,0.0500475058548,-0.0309774429388,0.133342078996,-0.990585830707
0.069,9.247525928,0.808470853,9.282799196,-1.06937116234,0.702917242933,0.0502368953225,-0.0310655159944,0.133338793879,-0.990583514785
0.07,9.247343054,0.813660965,9.28307049,-1.14623290455,0.710186088299,0.0504136870056,-0.0311556733828,0.133335640248,-0.990581107762
0.071,9.247016319,0.818547417,9.283174602,-1.22410085747,0.715309807351,0.0507371159269,-0.0312405656187,0.133329997686,-0.990579193592
0.072,9.246911022,0.823982273,9.283550519,-1.29753901203,0.71885321601,0.0508360640522,-0.0313349691508,0.133328185822,-0.990576455693
0.073,9.246627772,0.829091456,9.283723272,-1.35333717827,0.721053785858,0.0511241939558,-0.0314237266698,0.133323295204,-0.99057430229
0.074,9.246393871,0.834384276,9.283964495,-1.37887521815,0.720878253853,0.0513532057867,-0.031515670437,0.133319258465,-0.990571924617
0.075,9.24611685,0.839711819,9.284168931,-1.36808199321,0.718379943194,0.0516216091347,-0.0316082196645,0.133314475919,-0.990569619441
0.076,9.245794493,0.845029115,9.284330348,-1.32729760539,0.713644319492,0.0519441492628,-0.0317005938742,0.133308908933,-0.99056741676
0.077,9.245503381,0.850079338,9.284501475,-1.26475884177,0.707220012683,0.0522326312184,-0.0317883271958,0.133303881169,-0.990565281806
0.078,9.245299823,0.855201068,9.284769123,-1.19514731305,0.700969077004,0.0524278613841,-0.0318772968824,0.133300368214,-0.990562895417
0.079,9.245015816,0.860253271,9.284953049,-1.132599201,0.695488243339,0.0527095229017,-0.0319650630574,0.13329546358,-0.99056072713
0.08,9.244718032,0.865568702,9.285150546,-1.07388281881,0.690028692852,0.0530082161134,-0.0320574020759,0.133290320103,-0.990558435196
0.081,9.244605636,0.870205578,9.285472046,-1.01742559454,0.684974609551,0.0531159233735,-0.0321379445118,0.133288382137,-0.9905560861
0.082,9.244478083,0.874923347,9.285788382,-0.972054194624,0.681555398345,0.0532323346471,-0.0322198918391,0.133286183063,-0.990553719883
0.083,9.244121576,0.879622227,9.285877394,-0.942322552293,0.678561508246,0.053586126356,-0.0323015259627,0.133280022524,-0.990551890118
0.084,9.243955104,0.884784774,9.286202133,-0.923334608911,0.673878376001,0.0537507401187,-0.0323912006224,0.133277149298,-0.990549348391
0.085,9.243730518,0.889646309,9.286443046,-0.908844061364,0.6670697498,0.0539717763831,-0.0324756511411,0.133273270935,-0.990547105057
0.086,9.243566014,0.894810614,9.286775473,-0.897311575359,0.659187523738,0.0541227650521,-0.0325653554419,0.133270431743,-0.990544541981
0.087,9.243366046,0.89983578,9.287061984,-0.892063875644,0.652629692084,0.0543220489524,-0.032652645693,0.133266979097,-0.990542132881
0.088,9.243075121,0.90443768,9.287219456,-0.900888951991,0.649013732419,0.0546150509639,-0.0327325908969,0.133261952512,-0.990540170566
0.089,9.243006039,0.909831832,9.287677568,-0.918885171931,0.648634280652,0.0546727289722,-0.0328262805096,0.133260763021,-0.990537230167
0.09,9.242705889,0.914316003,9.287819222,-0.9374013078,0.651504605385,0.0549694247232,-0.0329041801748,0.133255576526,-0.990535343262
0.091,9.242515894,0.918999103,9.288092345,-0.964266490571,0.655806882413,0.0551590739918,-0.0329855286055,0.133252294265,-0.990533079193
0.092,9.242291851,0.923581996,9.28832398,-1.00282792713,0.658656012643,0.0553810535727,-0.0330651372906,0.133248424108,-0.990530945589
0.093,9.242127296,0.92847709,9.288648269,-1.04833015875,0.65976445721,0.0555391223177,-0.0331501649695,0.133245582027,-0.990528485927
0.094,9.241972194,0.933472546,9.288994618,-1.10233484871,0.660780271196,0.0556935185973,-0.033236935284,0.133242903856,-0.990525938431
0.095,9.241772466,0.938327226,9.289285026,-1.16323878205,0.66207436474,0.0558881789961,-0.0333212623867,0.13323945379,-0.990523569344
0.097,9.241233252,0.947612831,9.289691174,-1.27272320734,0.661402843286,0.0564251214679,-0.0334825667337,0.133230133947,-0.990519383522
0.098,9.240976143,0.951690163,9.289852218,-1.30986408239,0.657328169931,0.056686955939,-0.0335533962152,0.133225690014,-0.990517584459
0.099,9.240872867,0.956798174,9.290274167,-1.33839739031,0.650412988505,0.0567890399535,-0.0336421166158,0.13322390753,-0.990514814857
0.1,9.240711082,0.961550159,9.290603856,-1.35266725433,0.642105418291,0.056941590056,-0.0337246568963,0.133221112597,-0.990512383908
0.101,9.240484186,0.965859038,9.290825134,-1.35100851423,0.634545445885,0.0571658333689,-0.0337995056279,0.133217190359,-0.990510360174
0.102,9.240231746,0.97026901,9.291033563,-1.34757471639,0.628246681644,0.0574242026082,-0.0338761116305,0.133212827145,-0.990508329972
0.103,9.239998906,0.974887817,9.291285489,-1.35230039989,0.622509973977,0.057654070387,-0.0339563441119,0.133208802526,-0.990506123971
0.104,9.23982715,0.979968862,9.291649194,-1.36632580762,0.617824547739,0.0578226883878,-0.0340445990363,0.133205834174,-0.990503493693
0.105,9.239624519,0.984572394,9.291934354,-1.38654897027,0.614953931364,0.0580223335689,-0.0341245633316,0.133202331572,-0.990501213044
0.106,9.239361904,0.988978465,9.292141131,-1.41320168194,0.612104037618,0.0582941935945,-0.034201101467,0.133197791198,-0.990499183785
0.107,9.239297227,0.993946318,9.292606875,-1.44459356227,0.608509930772,0.0583534039546,-0.0342873830369,0.133196674683,-0.990496350936
0.108,9.238950268,0.998807584,9.292783149,-1.47299308919,0.605917398389,0.0586969023237,-0.0343718315209,0.133190674676,-0.990494230865
0.109,9.238764811,1.003209495,9.293072932,-1.49163737193,0.604255100477,0.0588844447482,-0.0344482921658,0.133187469201,-0.990492005629
0.11,9.238590533,1.007710263,9.293386628,-1.49647185845,0.602172676577,0.0590612266936,-0.0345264689111,0.13318445556,-0.990489688862
0.111,9.238274416,1.012226673,9.293563204,-1.49257745928,0.598581495413,0.0593729498532,-0.0346049254534,0.133178988981,-0.990487685955
0.112,9.238157201,1.017307002,9.2940014,-1.48379426393,0.592891377011,0.0594852640938,-0.0346931637956,0.133176962725,-0.990484871659
0.113,9.237958777,1.022013358,9.294320506,-1.46683683118,0.585548055212,0.0596870114071,-0.0347749115732,0.133173531623,-0.990482466276
0.114,9.237781118,1.026783878,9.294669715,-1.44390148873,0.576611688481,0.0598660034182,-0.0348577723561,0.13317046005,-0.99047996662
0.115,9.237508129,1.03181236,9.294955254,-1.41418512838,0.566420756151,0.060135867626,-0.0349451189085,0.133165738319,-0.990477523623
0.116,9.237310447,1.036528359,9.2952835,-1.37292768688,0.556628413186,0.0603262982776,-0.0350270335231,0.133162319596,-0.990475089824
0.117,9.23707949,1.04145644,9.295604823,-1.32464957046,0.548120760881,0.0605618080227,-0.0351126328146,0.133158325611,-0.990472595955
0.118,9.236895507,1.046514222,9.295990029,-1.27543083709,0.540820272038,0.0607508569053,-0.035200481944,0.133155143031,-0.990469905628
0.119,9.236570936,1.051407524,9.296219685,-1.2225386393,0.535925534415,0.0610742950228,-0.035285483419,0.133149528321,-0.990467635901
0.12,9.236529516,1.056436693,9.296748678,-1.15904209845,0.534526691711,0.0611085128477,-0.0353728251874,0.133148811788,-0.990464616813
0.121,9.236241285,1.061339361,9.297020722,-1.0814759939,0.535848088661,0.0614055192622,-0.0354579864952,0.13314382596,-0.990462241987
0.122,9.236090008,1.065828559,9.297383996,-0.994426670871,0.538202657401,0.0615528799899,-0.0355359577885,0.133141208693,-0.990459799412
0.123,9.235820581,1.071172602,9.297730505,-0.906987659724,0.540365026187,0.0618139265346,-0.0356287830375,0.133136547138,-0.990457091264
0.124,9.235733503,1.075966508,9.298197527,-0.825968604181,0.541487628799,0.0619048512832,-0.0357120413606,0.13313504052,-0.990454295305
0.125,9.235430669,1.080988781,9.298479251,-0.757235534193,0.54038255831,0.0622090836328,-0.0357992798806,0.133129800962,-0.990451850246
0.126,9.235238412,1.085765556,9.298844841,-0.70207802648,0.537285460492,0.0623926248382,-0.0358822475602,0.133126473886,-0.990449295149
0.127,9.235022281,1.090780032,9.299217042,-0.651180939222,0.533593625766,0.0626110887442,-0.035969344403,0.133122734067,-0.990446638612
0.128,9.234886617,1.096055383,9.299702588,-0.591665718796,0.530084969126,0.0627475555526,-0.0360609658252,0.133120385952,-0.99044362262
0.129,9.234734382,1.101049057,9.300141297,-0.520297378167,0.527679606441,0.0628969522116,-0.0361476964851,0.133117749994,-0.990440815332
0.13,9.23452541,1.105811767,9.300498869,-0.446727104163,0.526574423753,0.0631061021351,-0.0362304204041,0.133114133381,-0.99043827881
0.131,9.23421574,1.110468367,9.300746224,-0.381466138874,0.525137524539,0.0634184647136,-0.036311307379,0.133108774732,-0.990436036827
0.132,9.234086134,1.115387119,9.301206113,-0.327555314203,0.52231077839,0.0635500267942,-0.0363967348607,0.133106530727,-0.99043320278
0.133,9.233918412,1.120191023,9.301616912,-0.289528585466,0.519321202552,0.063711994361,-0.0364801708964,0.133103626775,-0.990430523394
0.134,9.233807916,1.124647687,9.302044993,-0.277009175457,0.517208156238,0.0638254988457,-0.0365575719904,0.133101713318,-0.990427926627
0.135,9.23371124,1.129911248,9.302586881,-0.29188447576,0.515550382547,0.0639203627313,-0.0366489845443,0.133100037478,-0.990424773496
0.136,9.233443153,1.134549106,9.302885259,-0.328593305609,0.514397628163,0.0641892659164,-0.036729542288,0.133095397659,-0.990422412835
0.137,9.233345175,1.139559827,9.303400439,-0.380230872364,0.514380026742,0.0642812616131,-0.0368165629888,0.133093699295,-0.990419410097
0.138,9.233109238,1.14428764,9.303746579,-0.435698035953,0.514689040451,0.064521616452,-0.036898680829,0.133089613871,-0.990416903144
0.139,9.233147826,1.149110699,9.304379301,-0.481816160972,0.514175039652,0.064476551841,-0.0369824332181,0.133090277615,-0.990413690151
0.14,9.232830701,1.153935169,9.304661688,-0.510801642648,0.513631370109,0.0647969141076,-0.0370662349357,0.133084788498,-0.990411295017
0.141,9.232720667,1.158869978,9.305165799,-0.522588944357,0.514260830658,0.0649038637702,-0.0371519372089,0.13308288102,-0.990408340202
0.142,9.232651654,1.16391544,9.305727038,-0.513843012465,0.516160891033,0.0649706865661,-0.0372395583456,0.13308168323,-0.990405210448
0.143,9.232482289,1.168685662,9.306156854,-0.483882184838,0.518534415914,0.0651402376927,-0.0373224071843,0.13307874886,-0.990402486126
0.144,9.232287482,1.173798916,9.306607118,-0.441400780493,0.520489552294,0.065339707255,-0.0374112138389,0.13307537445,-0.990399588951
0.145,9.23222693,1.178696251,9.307166,-0.389754460559,0.521854103038,0.0653931077097,-0.037496261148,0.133074321581,-0.990396514198
0.146,9.232040351,1.183589874,9.307601949,-0.329153452404,0.522788340833,0.0655772943547,-0.0375812534131,0.133071089108,-0.990393727078
0.147,9.23191254,1.188582217,9.308111346,-0.261401494259,0.523509874563,0.0657010119003,-0.0376679541532,0.133068873166,-0.990390731088
0.148,9.231668858,1.193765225,9.30853293,-0.183696189849,0.523949029969,0.0659544496512,-0.037757974926,0.133064652252,-0.990387870307
0.149,9.231512005,1.199054851,9.309057226,-0.0898950143389,0.52366296903,0.0661020719679,-0.0378498403232,0.133061933173,-0.990384729046
0.15,9.23144171,1.203783785,9.309597813,0.0121546584969,0.522809196518,0.0661762263141,-0.0379319628003,0.133060711442,-0.99038175128
0.151,9.231266951,1.208853631,9.310081451,0.10408194892,0.522063844011,0.0663510575735,-0.0380200126877,0.133057682681,-0.990378781939
0.152,9.231070544,1.213969668,9.310552387,0.185355970134,0.521852330353,0.0665460517011,-0.0381088655997,0.133054278153,-0.990375824335
0.153,9.230910883,1.218559964,9.310993723,0.256739425655,0.521794084955,0.0667030198416,-0.0381885858606,0.133051510473,-0.990373125378
0.154,9.230764924,1.22277805,9.311402002,0.300518607315,0.521081575908,0.0668506954322,-0.038261841686,0.133048980078,-0.990370637878
0.155,9.230595375,1.227319043,9.311831346,0.312217684774,0.519254706937,0.0670210638658,-0.0383407073193,0.133046041128,-0.990367982672
0.156,9.230384105,1.23210244,9.312253602,0.302220577351,0.516030237701,0.0672291150401,-0.038423783227,0.133042380031,-0.990365254842
0.157,9.230132361,1.236557062,9.312594524,0.274294750223,0.511278765632,0.0674758078034,-0.0385011536259,0.133038019055,-0.990362835861
0.158,9.229926295,1.240856083,9.312962108,0.232961451731,0.505337118293,0.0676872932606,-0.0385758184456,0.133034447928,-0.990360410101
0.159,9.229770971,1.245484492,9.313425996,0.189022740099,0.49883501536,0.0678377943872,-0.0386561993528,0.133031754936,-0.990357637639
0.16,9.229492319,1.250005354,9.313755518,0.158840553636,0.492235555928,0.068121748355,-0.038734721652,0.133026927365,-0.990355218058
0.161,9.229311258,1.254140148,9.314131941,0.150178150841,0.486022554276,0.0683017599343,-0.0388065323776,0.133023788742,-0.990352828377
0.162,9.229179556,1.258712149,9.314618165,0.15339301122,0.481046139314,0.0684319371871,-0.0388859309583,0.133021503575,-0.990350020932
0.163,9.228965846,1.263189237,9.315012487,0.15866704362,0.477851580706,0.0686468505361,-0.0389636874217,0.133017800081,-0.990347462219
0.164,9.228739312,1.267334288,9.315351066,0.16389352566,0.475647533784,0.0688730523322,-0.0390356793339,0.133013874425,-0.990345154453
0.165,9.228531249,1.271547975,9.315719149,0.167144282018,0.47311696389,0.0690857125407,-0.0391088614483,0.133010268329,-0.990342751513
0.166,9.228261771,1.276014524,9.316062923,0.16546372109,0.469936707653,0.0693597378519,-0.0391864376188,0.133005599278,-0.990340312048
0.167,9.228116417,1.280269163,9.316502655,0.15214115488,0.467238358121,0.0694979787591,-0.0392603266725,0.133003076559,-0.990337724403
0.168,9.227939261,1.284292859,9.316880978,0.120885025436,0.465772384409,0.0696832614533,-0.0393302066717,0.133000004855,-0.990335364183
0.169,9.227758219,1.288836871,9.317329136,0.0814531363596,0.464780480261,0.0698581393961,-0.0394091217022,0.132996865024,-0.990332648669
0.17,9.227647297,1.293202424,9.317824164,0.045254699441,0.463718783363,0.0699708814577,-0.039484932674,0.132994937841,-0.990329887765
0.171,9.227478335,1.297266724,9.318221793,0.00700557986631,0.463234886588,0.0701380175191,-0.0395555169982,0.132992008081,-0.990327464459
0.172,9.227218015,1.301411945,9.318542019,-0.0391441458248,0.46367438125,0.0704015103586,-0.0396275123328,0.132987496751,-0.990325192033
0.173,9.2270897,1.305392526,9.318971723,-0.0922073689247,0.464635086072,0.0705308086406,-0.0396966397297,0.132985268955,-0.990322722669
0.174,9.226835614,1.308933213,9.319216791,-0.155183558249,0.465850272668,0.0707862661808,-0.0397581373118,0.132980866941,-0.990320846769
0.175,9.226578986,1.312579736,9.319475594,-0.235740253907,0.467208106493,0.0710400647585,-0.0398214725838,0.132976421185,-0.990318899007
0.176,9.226465681,1.316721764,9.319947701,-0.339123594612,0.468358630643,0.0711551267356,-0.0398934011995,0.132974452849,-0.990316268386
0.177,9.226383562,1.320585694,9.320413092,-0.463321886762,0.469046516255,0.0712359281331,-0.0399604988775,0.132973023948,-0.990313755045
0.178,9.226188304,1.324517856,9.320777767,-0.596482827559,0.469631059065,0.0714335006339,-0.040028789734,0.132969637766,-0.990311451729
0.179,9.226012073,1.327939594,9.321090191,-0.72502594905,0.47053984524,0.0716105761134,-0.0400882155151,0.132966582089,-0.990309458212
0.18,9.22580523,1.332014154,9.321466829,-0.840948858148,0.472051163099,0.0718146385078,-0.0401589787618,0.132962995524,-0.990307072703
0.181,9.225762618,1.336222203,9.322026907,-0.932448086929,0.474289025734,0.0718656913705,-0.0402320487883,0.132962248536,-0.990304207158
0.182,9.2255977,1.339988695,9.322404337,-0.99989860521,0.477175508166,0.0720274725619,-0.0402974595149,0.132959387645,-0.990301931733
0.183,9.225333925,1.344479581,9.322789892,-1.05123418315,0.480629546309,0.0722891660575,-0.0403754550542,0.132954815171,-0.990299368753
0.186,9.224908061,1.356179367,9.32406302,-1.16790361889,0.48969681839,0.0727153220098,-0.0405786327787,0.132947420979,-0.990292056828
0.187,9.224755,1.36014726,9.32448955,-1.21254669341,0.490740415892,0.0728752785358,-0.040647538614,0.132944763886,-0.990289587626
0.188,9.224533691,1.364580189,9.324918279,-1.26318086062,0.491288769722,0.0730884750371,-0.0407245242429,0.132940924902,-0.990286940039
0.189,9.224355996,1.368877912,9.325372393,-1.31593705454,0.491463858452,0.0732733367114,-0.0407991585693,0.132937839948,-0.990284282098
0.19,9.22415979,1.373086455,9.32579703,-1.36547917755,0.491625763965,0.0734630122149,-0.0408722459053,0.13293443592,-0.990281725198
0.191,9.223936193,1.377012483,9.326154742,-1.40553883346,0.492230437316,0.0736879666843,-0.0409404290499,0.132930558925,-0.990279429138
0.192,9.223711786,1.38175591,9.326634361,-1.42506347385,0.492502180113,0.0739124319739,-0.0410228050935,0.132926664442,-0.990276542862
0.193,9.223619219,1.385499515,9.327098177,-1.41792297755,0.490955844361,0.0740099738638,-0.0410878117804,0.132925053378,-0.990274064039
0.194,9.223607615,1.390210873,9.327787717,-1.38871416487,0.488220763387,0.0740171105782,-0.0411696153905,0.132924839741,-0.990270695188
0.195,9.223379392,1.394136903,9.328148,-1.34689061566,0.485576789348,0.0742437007114,-0.0412377981587,0.132920881782,-0.990268389473
0.196,9.223224084,1.398317324,9.328620147,-1.30184959836,0.483377566014,0.0743989323096,-0.0413103929872,0.132918184368,-0.990265725801
0.197,9.223136843,1.403115943,9.329254395,-1.25670689117,0.481658858871,0.0744904664726,-0.0413937170004,0.132916661644,-0.990262450692
0.198,9.223024988,1.40723735,9.329764568,-1.21077450861,0.479925767573,0.0746022567896,-0.0414652839155,0.132914715728,-0.990259717737
0.199,9.222866392,1.411343639,9.330228044,-1.16081083484,0.477718805884,0.0747586752127,-0.0415365909188,0.132911960771,-0.99025709909
0.2,9.222775648,1.415901005,9.330828812,-1.10562429418,0.475308837762,0.0748502747953,-0.0416157248646,0.132910377616,-0.990253989119
0.201,9.222742293,1.420511952,9.331496644,-1.05179366788,0.473352493404,0.0748834463244,-0.0416957846206,0.132909787141,-0.990250700594
0.202,9.222505009,1.42459741,9.331884934,-1.01121395544,0.472415717636,0.0751155931813,-0.0417667357372,0.132905671165,-0.990248262992
0.203,9.222399659,1.428908795,9.332439972,-0.993892469585,0.472195193556,0.0752255295386,-0.0418415992569,0.132903836623,-0.990245348781
0.204,9.222257878,1.433376,9.332984899,-0.996311852817,0.471716940209,0.0753712912103,-0.0419191704777,0.132901370265,-0.990242399076
0.205,9.222042888,1.438196733,9.333514068,-1.00453792357,0.470709745701,0.0755866648442,-0.0420028848888,0.132897636892,-0.990239352768
0.206,9.2219068,1.442089639,9.333980263,-1.01446264435,0.46979995,0.0757176497075,-0.0420704840422,0.132895270804,-0.990236800654
0.207,9.221732515,1.446630264,9.334510683,-1.02937700847,0.469777519341,0.0758879335486,-0.042149331931,0.132892242047,-0.990233854108
0.208,9.221662912,1.450787031,9.335087031,-1.04415457922,0.470535170891,0.0759650080599,-0.0422215073029,0.132891025087,-0.990230942645
0.209,9.221399326,1.455521286,9.335563601,-1.05623668058,0.470982263333,0.0762377967021,-0.0423037230875,0.1328864515,-0.990228047482
0.21,9.221215912,1.459850962,9.336058469,-1.06505526015,0.470051162764,0.0764245101183,-0.0423789078599,0.132883265291,-0.990225260218
0.211,9.221196176,1.46408031,9.336701241,-1.06342151601,0.467936708342,0.0764373444717,-0.0424523389928,0.132882909938,-0.990222162527
0.212,9.221026616,1.468582106,9.337240773,-1.04508765222,0.465423633247,0.0766130925674,-0.0425305109909,0.132879962108,-0.990219203664
0.213,9.220729388,1.472408429,9.337549841,-1.01599712987,0.462290308925,0.0769161988437,-0.0425969645142,0.132874808076,-0.990217038832
0.214,9.220581323,1.476807398,9.338098309,-0.985891656941,0.458676064193,0.0770621613909,-0.0426733500032,0.132872232475,-0.990214095555
0.215,9.220443275,1.481204087,9.338658348,-0.953735448619,0.455472116153,0.0771995904342,-0.0427496938324,0.132869829711,-0.990211124978
0.216,9.22025744,1.485532608,9.339162403,-0.925151825294,0.452803049399,0.0773948255375,-0.0428248578498,0.132866600672,-0.990208310395
0.217,9.219962677,1.489506405,9.339504328,-0.914445282967,0.450776540365,0.0776826129759,-0.0428938713355,0.132861488863,-0.990206009161
0.218,9.219869936,1.493323505,9.340022309,-0.929833844107,0.449024575521,0.0777808824335,-0.0429601484433,0.132859871326,-0.990203352972
0.219,9.219781944,1.497142897,9.340546877,-0.969268521813,0.446335364965,0.0778738528811,-0.0430264663704,0.132858336049,-0.990200679526
0.22,9.219579925,1.501607662,9.341064156,-1.01371927554,0.443062725683,0.0780718970825,-0.0431039960758,0.132854825201,-0.9901977787
0.221,9.219368665,1.505448218,9.341473808,-1.04568328001,0.440507461065,0.0782805028882,-0.0431706889313,0.132851157557,-0.990195365346
0.222,9.21927052,1.509487973,9.342028841,-1.0653761714,0.438803223741,0.0783811347458,-0.0432408320005,0.132849446028,-0.990192534378
0.223,9.219029215,1.513700933,9.342472381,-1.07271555056,0.437890262219,0.0786261844424,-0.0433139924639,0.132845257051,-0.990189898825
0.224,9.218767034,1.517440507,9.342820308,-1.06630071904,0.437389464449,0.0789007247942,-0.0433789354463,0.132840708188,-0.990187666156
0.225,9.218709419,1.522153195,9.343530045,-1.04498783476,0.436766822924,0.0789515001398,-0.0434607579996,0.132839694348,-0.990184214235
0.226,9.218552994,1.526371177,9.344063799,-1.00264522125,0.436276104063,0.0791078276067,-0.043533998572,0.132836972237,-0.990181362062
0.227,9.218420377,1.530629918,9.344629591,-0.940593921227,0.435742798037,0.0792494054717,-0.0436079449609,0.132834662354,-0.990178418071
0.228,9.218240396,1.535305598,9.34521906,-0.868131977137,0.434864634637,0.0794275306029,-0.0436891327127,0.132831531621,-0.990175259179
0.229,9.218020846,1.539349675,9.345667752,-0.801703359429,0.434211401011,0.0796440481289,-0.0437593578648,0.132827718427,-0.990172669698
0.23,9.217854609,1.543642471,9.346211835,-0.750926110839,0.433813938891,0.0798197138673,-0.0438338978508,0.132824826752,-0.990169760595
0.231,9.217637925,1.547876327,9.34669835,-0.710604727602,0.433891288095,0.080032440308,-0.0439074171602,0.132821062247,-0.990167008207
0.232,9.217439954,1.552530592,9.347275033,-0.681585476731,0.435169881446,0.0802310977367,-0.0439882337634,0.132817620121,-0.990163882938
0.233,9.217244255,1.556334362,9.347714603,-0.671919274682,0.43693971055,0.080427191885,-0.0440542842112,0.132814219526,-0.990161402567
0.234,9.21706225,1.560678692,9.348259437,-0.687646428508,0.438191421348,0.0806111629518,-0.044129719058,0.132811053795,-0.990158468067
0.235,9.216835992,1.565257162,9.348801832,-0.71949855794,0.438942104406,0.0808328392489,-0.0442092208733,0.132807122529,-0.990155448905
0.236,9.216669844,1.569260472,9.349309142,-0.748282646987,0.438954144924,0.0810015347644,-0.0442787335699,0.132804231897,-0.990152730514
0.237,9.216448521,1.573833184,9.349859584,-0.766182292812,0.438614307024,0.0812212146068,-0.0443581347117,0.132800385738,-0.990149692437
0.238,9.216335014,1.57784667,9.350424119,-0.771065370281,0.438525325454,0.0813362856352,-0.0444278192871,0.132798405538,-0.990146833737
0.239,9.216097638,1.582078639,9.350905223,-0.763254659221,0.438768485232,0.0815694806063,-0.0445013061759,0.132794281422,-0.990144086772
0.24,9.215915934,1.586234705,9.351430213,-0.745195923166,0.43970373201,0.0817488778709,-0.0445734708622,0.132791121241,-0.990141264575
0.241,9.215754035,1.59038764,9.35197601,-0.718380555197,0.440960042673,0.0819093939133,-0.0446455796061,0.132788304095,-0.990138393618
0.242,9.215580781,1.594542418,9.352512745,-0.69038141248,0.441727033401,0.0820914455552,-0.0447177207977,0.132785288913,-0.990135542486
0.243,9.215587817,1.598722088,9.353233191,-0.670373044011,0.442052637152,0.0820846010933,-0.0447902799245,0.132785393119,-0.990132248843
0.244,9.215331261,1.603324878,9.353768273,-0.665072937518,0.442132032949,0.0823327441707,-0.0448702044252,0.132780934954,-0.990129227963
0.245,9.215183823,1.607156081,9.354280494,-0.679185005971,0.442199648216,0.0824803896786,-0.0449367264119,0.132778368677,-0.99012655526
0.246,9.214955808,1.611643449,9.354827906,-0.704723962939,0.4428814536,0.0827070092518,-0.0450146445813,0.132774404606,-0.99012354747
0.247,9.214716968,1.615871343,9.355321961,-0.727818938502,0.44413674358,0.0829504932758,-0.0450880581165,0.132770254862,-0.990120763563
0.248,9.21474948,1.620336022,9.356126164,-0.743411844247,0.445418117532,0.0829132578338,-0.0451655628721,0.132770796986,-0.99011715842
0.249,9.214547988,1.62511205,9.356756051,-0.751537485961,0.447045131167,0.0831143763637,-0.0452484896445,0.132767290385,-0.990113842338
0.25,9.214349518,1.628614286,9.357169526,-0.762896583013,0.448757302018,0.0833176478702,-0.0453093025064,0.132763841778,-0.99011152373
0.251,9.214251209,1.633129677,9.357859685,-0.791781986054,0.449854151303,0.0834103901931,-0.045387696228,0.132762121174,-0.990108163895
0.252,9.21418198,1.637334359,9.358526239,-0.82984398337,0.450770465229,0.0834768484093,-0.0454606939134,0.13276090459,-0.990104978031
0.253,9.214055372,1.641695097,9.359165518,-0.851058627403,0.451961874834,0.0836053703122,-0.0455364041919,0.132758694246,-0.990101795269
0.254,9.213840085,1.64531961,9.359590041,-0.843989062233,0.452919056303,0.0838302019352,-0.0455993407854,0.132754952984,-0.990099400352
0.255,9.213755198,1.649727287,9.360282312,-0.827712158501,0.453386550583,0.0839053019674,-0.0456758627287,0.132753464505,-0.990096072725
0.256,9.213629753,1.653758272,9.360870133,-0.828616187783,0.45423285631,0.0840262489907,-0.0457458480466,0.132751275722,-0.990093135104
0.257,9.21349148,1.658216197,9.361522644,-0.855998266403,0.455478094961,0.0841736963489,-0.0458232460323,0.132748862495,-0.990089879571
0.258,9.213326711,1.662038457,9.362038288,-0.904076054887,0.456228985275,0.084336288017,-0.0458896109513,0.132745994814,-0.990087190336
0.259,9.213283895,1.666419808,9.362774968,-0.959520596811,0.456808335252,0.0843669866744,-0.0459656718616,0.132745232383,-0.990083764279
0.26,9.21312651,1.670809045,9.363402317,-1.00772698694,0.457747955373,0.0845323040944,-0.0460418774876,0.132742489505,-0.990080591163
0.261,9.212991633,1.674672411,9.363959767,-1.0420677069,0.458226336989,0.0846732627028,-0.0461089530011,0.132740137015,-0.990077785065
0.262,9.21282682,1.67874433,9.364526712,-1.06610763307,0.457563967047,0.0848347155085,-0.0461796505869,0.132737266309,-0.990074874949
0.263,9.21259335,1.682753503,9.365016582,-1.08617020614,0.456116041085,0.0850673143017,-0.0462492640434,0.13273320881,-0.990072169518
0.264,9.212536345,1.686968117,9.36571873,-1.10287055083,0.454340097645,0.0851284397575,-0.0463224298807,0.13273220137,-0.990068884073
0.265,9.212365447,1.691039382,9.36628482,-1.11009702521,0.45222707206,0.085298110188,-0.0463931165899,0.132729224872,-0.990065973356
0.266,9.212145811,1.695076023,9.366798448,-1.10823681667,0.449571093023,0.0855145671969,-0.0464632049645,0.132725405745,-0.990063198616
0.267,9.212005764,1.698738787,9.367324253,-1.10727936079,0.446596030289,0.0856620822352,-0.0465267967611,0.132722964439,-0.990060539509
0.268,9.211780094,1.703003329,9.367876646,-1.11404086162,0.443369933725,0.0858937802201,-0.0466008424271,0.132719039993,-0.990057583128
0.269,9.211643489,1.707805853,9.368616578,-1.12924992157,0.440051945123,0.0860304848956,-0.0466842187136,0.132716652453,-0.990053975238
0.27,9.211586608,1.712038316,9.369333116,-1.15287526662,0.43758049646,0.0860789334195,-0.0467576929356,0.132715646701,-0.990050642782
0.271,9.211352008,1.715979983,9.369823537,-1.1888292914,0.436470211374,0.0863188259456,-0.0468261328946,0.132711568078,-0.990047954887
0.272,9.211117045,1.719972317,9.370324541,-1.24492574892,0.436117429783,0.0865638421525,-0.0468954529486,0.13270748298,-0.990045221419
0.273,9.211000041,1.724221473,9.37099042,-1.3221895682,0.435664676385,0.0866834502496,-0.0469692209465,0.13270543689,-0.990041998757
0.274,9.210798609,1.728065208,9.371500433,-1.40539115694,0.434843201228,0.0868797607006,-0.0470359583809,0.132701932491,-0.990039300095
0.275,9.210831515,1.732874817,9.372420836,-1.47409535069,0.434284606729,0.0868451786335,-0.047119442812,0.13270247557,-0.990035257497
0.276,9.210548151,1.736919439,9.372891037,-1.52336322786,0.434566036796,0.0871369607515,-0.0471896725647,0.132697553419,-0.990032572252
0.277,9.21039559,1.74123915,9.373542591,-1.56216071251,0.435394269484,0.0872861133422,-0.0472646673903,0.132694890694,-0.990029351686
0.278,9.210211532,1.745725789,9.374196231,-1.59015483891,0.435677481072,0.0874706229018,-0.0473425621168,0.132691682773,-0.990026059826
0.279,9.210079196,1.750373338,9.374932832,-1.59666228496,0.43446379874,0.0876018056838,-0.0474232452405,0.132689368666,-0.990022508458
0.28,9.209940191,1.754497754,9.375567219,-1.57341033972,0.432290514297,0.0877499960124,-0.0474948485876,0.132686941764,-0.990019401246
0.281,9.209722493,1.759047187,9.376205811,-1.5220685777,0.429561221698,0.087961829177,-0.0475738345177,0.132683150847,-0.990016116915
0.282,9.209513504,1.76356016,9.376848267,-1.45956078677,0.42645281223,0.0881725989784,-0.0476521871398,0.132679510763,-0.990012836525
0.283,9.209440962,1.768045384,9.377621624,-1.3985834334,0.423714985938,0.0882499222704,-0.0477300473631,0.132678230669,-0.990009257373
0.284,9.209157264,1.772529998,9.378189597,-1.33416647596,0.421436315358,0.0885361747721,-0.0478079128747,0.132673298993,-0.990006161193
0.285,9.209150868,1.777114649,9.379050921,-1.25916171699,0.41976510502,0.088538576681,-0.0478874928313,0.132673162042,-0.990002333383
0.286,9.208950246,1.781905181,9.379762828,-1.17752263722,0.419417030731,0.0887398840478,-0.0479706614472,0.132669664205,-0.989998775676
0.287,9.208872014,1.786845137,9.380625742,-1.09638492292,0.421419337815,0.088824882647,-0.0480564137554,0.132668282806,-0.989994801923
0.288,9.208785369,1.791557809,9.381439514,-1.01011481815,0.426230467264,0.088903652948,-0.0481382210489,0.132666756397,-0.98999103199
0.289,9.208613229,1.796268421,9.382171276,-0.911963965301,0.432772112894,0.0890693457319,-0.0482199993288,0.132663752156,-0.989987454733
0.29,9.208496503,1.801488188,9.383057472,-0.806421022799,0.439659381706,0.0891897632259,-0.0483106105901,0.132661702151,-0.989983311822
0.291,9.208391036,1.806584297,9.383933732,-0.699044057535,0.446018687891,0.0893047837664,-0.0483990742762,0.132659848217,-0.989979239318
0.292,9.208133509,1.811113597,9.384554074,-0.600160994974,0.451275820392,0.0895552983759,-0.0484777106265,0.132655366901,-0.989975992237
0.293,9.208033474,1.815947602,9.385390037,-0.516104861273,0.455630838407,0.0896543475088,-0.0485616243426,0.132653607548,-0.989972115287
0.294,9.207847592,1.820295719,9.386049956,-0.441251562765,0.459638889083,0.0898457239776,-0.0486371095308,0.132650366224,-0.989968843912
0.295,9.207722211,1.824935815,9.386827954,-0.380495410696,0.463339487762,0.0899749916435,-0.0487176583459,0.132648169855,-0.989965177569
0.296,9.20748887,1.829380473,9.387464206,-0.339834874287,0.465951293338,0.0902062634138,-0.0487948230251,0.13264410686,-0.989961921571
0.297,9.207427831,1.83415377,9.388335706,-0.312451573183,0.467047842237,0.090261927675,-0.0488776783487,0.132643020998,-0.989957979684
0.298,9.207287233,1.838566207,9.389060863,-0.30020226684,0.467811643857,0.0904011432847,-0.0489542755069,0.132640562026,-0.989954524317
0.299,9.207102766,1.842930563,9.389735587,-0.304310261332,0.46890816246,0.0905902617932,-0.0490300419755,0.132637344335,-0.989951205803
0.3,9.206945287,1.847901859,9.390558173,-0.307097168446,0.469419042455,0.0907421981238,-0.0491163398889,0.13263459025,-0.989947296893
0.301,9.206647366,1.85199742,9.391072898,-0.306070870854,0.46849602285,0.0910483315757,-0.049187449733,0.132629411443,-0.989944460063
0.302,9.206629744,1.856355914,9.391916126,-0.322006921397,0.466543646981,0.0910690294643,-0.0492630998737,0.132629079435,-0.989940742812
0.303,9.206420598,1.860831398,9.392596751,-0.360116574745,0.464770342153,0.0912751222804,-0.0493407954274,0.132625433811,-0.989937361762
0.304,9.206308822,1.865025069,9.393318936,-0.41377711222,0.463794099565,0.0913851088912,-0.0494135924645,0.132623472895,-0.989933993414
0.305,9.206120392,1.869663651,9.394056357,-0.480309402671,0.462986534475,0.0915802020726,-0.0494941167523,0.132620184456,-0.989930411232
0.306,9.205996967,1.873870847,9.394773659,-0.551612591801,0.462061804863,0.0916996458044,-0.0495671489229,0.132618022263,-0.989927046766
0.307,9.205839728,1.878378539,9.395519732,-0.619406997691,0.461572375098,0.0918557372054,-0.049645398494,0.132615273424,-0.989923493843
0.308,9.205704711,1.883005978,9.396313678,-0.674076741438,0.461382345904,0.0919907128016,-0.049725723775,0.132612908073,-0.989919779077
0.309,9.205427895,1.887847026,9.397013841,-0.698958375623,0.460618104035,0.0922756506579,-0.0498097688092,0.132608088776,-0.989916199343
0.31,9.20528537,1.892287863,9.3977674,-0.688071047481,0.459169089068,0.0924237864931,-0.0498868557005,0.132605594693,-0.989912651644
0.311,9.205121986,1.897181609,9.398593982,-0.652776354102,0.457250002583,0.0925901578301,-0.0499718048137,0.13260273639,-0.989908749848
0.312,9.205021235,1.901972674,9.399463601,-0.599215909775,0.454763685893,0.0926906330874,-0.0500549676206,0.132600961799,-0.989904785899
0.313,9.204875793,1.906889563,9.400317344,-0.525807430391,0.452058248734,0.0928381184946,-0.0501403165476,0.132598412686,-0.989900807965
0.314,9.204619598,1.911686717,9.401040796,-0.440933719198,0.449392826838,0.0931105194389,-0.050223595366,0.132593950001,-0.989897184
0.315,9.204350784,1.916411439,9.401739529,-0.352734443643,0.446173371928,0.0933730011637,-0.0503056180372,0.132589268151,-0.989893646189
0.316,9.204242527,1.921482618,9.402668555,-0.26069300718,0.442549473782,0.0934757458082,-0.0503936409714,0.132587361154,-0.989889424437
0.317,9.203902564,1.926089699,9.403278361,-0.16765540476,0.439203699728,0.0938306002328,-0.0504736269994,0.132581449511,-0.98988614104
0.318,9.203782615,1.931336251,9.404237031,-0.0721934792731,0.436268937288,0.0939475596905,-0.0505646936757,0.132579338691,-0.989881776126
0.319,9.203670303,1.935575911,9.404998732,0.0298745723947,0.433834844645,0.0940544340717,-0.0506382845371,0.132577367014,-0.989878278323
0.32,9.203551627,1.941321324,9.406066714,0.128076318468,0.432312788352,0.0941738105248,-0.0507380079513,0.132575274228,-0.98987345212
0.321,9.203349521,1.946227887,9.406882873,0.212592824077,0.431599374259,0.0943857117626,-0.0508231796335,0.132571744481,-0.989869555536
0.322,9.203220944,1.950888864,9.407722525,0.284844144165,0.430726457863,0.0945176639381,-0.0509040828605,0.132569487401,-0.989865700668
0.323,9.20298863,1.955268838,9.408404538,0.34543771075,0.429681052691,0.0947375749941,-0.0509801176378,0.132565438246,-0.989862329917
0.324,9.202869019,1.960017652,9.409275603,0.386701681149,0.428876131084,0.0948624090375,-0.0510625435396,0.132563336456,-0.989858362835
0.325,9.202604491,1.965090308,9.410074885,0.410658833413,0.427380491397,0.0951362374127,-0.051150601368,0.132558724598,-0.989854434002
0.326,9.202495612,1.969534661,9.410897528,0.43125969808,0.425090244131,0.0952337606572,-0.0512277419111,0.132556809895,-0.989850701171
0.327,9.202286319,1.974286338,9.41168848,0.458384984638,0.423308920251,0.0954522207699,-0.051310224274,0.132553155528,-0.989846918389
0.328,9.202083048,1.978671244,9.412410548,0.501498580105,0.421671870313,0.0956639664434,-0.0513863397784,0.132549608044,-0.98984344494
0.329,9.201946427,1.983595243,9.413313345,0.561799036794,0.419447444505,0.0957965031674,-0.0514718062019,0.132547208248,-0.989839325725
0.33,9.201673432,1.987912964,9.413957293,0.624823781613,0.417509855791,0.0960674047139,-0.0515467609611,0.132542455124,-0.989836061691
0.331,9.201366299,1.992563734,9.414640301,0.669002946183,0.416069218096,0.0963855638348,-0.051627498089,0.132537109362,-0.989832569722
0.332,9.20123116,1.997133638,9.415476495,0.680337385193,0.414917984738,0.0965271001387,-0.0517068184468,0.132534737969,-0.989828746884
0.333,9.201083114,2.001158158,9.416186301,0.65837341353,0.414621253576,0.0966727299359,-0.0517766745076,0.132532147093,-0.989825442168
0.334,9.200952641,2.005914243,9.417070747,0.612466820518,0.415675875276,0.0968023819005,-0.051859224036,0.13252985499,-0.989821427541
0.335,9.200703886,2.010119041,9.417724277,0.556902985817,0.417863545821,0.0970564271255,-0.0519322158444,0.132525521285,-0.989818180862
0.336,9.200526709,2.0142879,9.418441881,0.500735734321,0.42061813998,0.0972380354242,-0.0520045786638,0.132522425002,-0.989814796146
0.337,9.200292347,2.01822893,9.419056603,0.445754033169,0.423792366568,0.0974655471396,-0.0520729909945,0.132518342482,-0.989811745998
0.338,9.200178448,2.022518516,9.419865425,0.39459626614,0.427277746566,0.0975864011325,-0.0521474425969,0.132516339451,-0.989808094536
0.339,9.200054925,2.026567374,9.420614945,0.349424499099,0.430412925954,0.097712692609,-0.0522177172987,0.132514172631,-0.989804679749
0.34,9.199697823,2.030890548,9.421197187,0.301293835112,0.433179725273,0.0980774434124,-0.0522927716535,0.132507962496,-0.98980154875
0.341,9.19948428,2.034566268,9.421781728,0.229873840288,0.435024783506,0.0982930794519,-0.0523565771676,0.132504241635,-0.989798673861
0.342,9.199195147,2.038380526,9.422323838,0.126692639632,0.434171146884,0.0985801088998,-0.0524227940389,0.132499210543,-0.98979584252
0.343,9.199129101,2.0424864,9.423148461,0.0105386658759,0.430944495855,0.0986464277002,-0.0524940523753,0.132498036891,-0.989792222987
0.344,9.198788038,2.046249378,9.423631884,-0.0985791643281,0.427265700972,0.0989930334226,-0.0525593822962,0.132492108379,-0.989789549627
0.345,9.198675655,2.050290119,9.424400425,-0.194138545672,0.424102347668,0.0991031780737,-0.0526295138858,0.132490133581,-0.98978608738
0.346,9.198532325,2.053996773,9.425067622,-0.277085716612,0.422038438125,0.0992403163819,-0.0526938499125,0.132487625268,-0.989783000123
0.347,9.198216963,2.058030056,9.42563966,-0.3530836746,0.420898926752,0.0995733075169,-0.0527638679284,0.132482139535,-0.989780004317
0.348,9.198170544,2.062385301,9.426546265,-0.422084905688,0.419616121996,0.0996239681928,-0.0528394512854,0.132481302019,-0.989776084275
0.349,9.198056245,2.066302964,9.427292646,-0.491944583111,0.418310109144,0.0997272312784,-0.0529074459627,0.132479294251,-0.989772720758
0.35,9.197867459,2.07014715,9.427951793,-0.576783022353,0.417723392365,0.0999196428874,-0.0529741710299,0.132475998058,-0.989769592957
0.351,9.197758185,2.074261895,9.428749548,-0.676628514709,0.418053232556,0.10003350863,-0.0530455855624,0.132474075105,-0.989766025522
0.352,9.197507348,2.078080096,9.429345592,-0.789805068784,0.41908738192,0.100290927316,-0.053111864879,0.132469705734,-0.989763055924
0.353,9.197102492,2.081006672,9.429596121,-0.918470439388,0.420905097214,0.100678451649,-0.0531626833575,0.13246268029,-0.989761267897
0.354,9.196883776,2.084095345,9.430064931,-1.06482670883,0.424057098484,0.100912497682,-0.0532162999232,0.13245887252,-0.989758896153
0.355,9.196507309,2.086628141,9.43025788,-1.23358276497,0.429342705526,0.101278439257,-0.0532602830531,0.132452340828,-0.989757404447
0.356,9.195832059,2.088619971,9.430040331,-1.42507949557,0.437861042307,0.101930722777,-0.0532949035485,0.132440646171,-0.989757105808
0.357,9.195301261,2.089844252,9.429793968,-1.6390430704,0.449292493343,0.10244923616,-0.05331619251,0.132431455957,-0.989757188956
0.358,9.194969041,2.091393721,9.429813538,-1.88547243461,0.462218251223,0.102774684781,-0.0533431077562,0.13242569711,-0.989756509248
0.359,9.194635937,2.092759671,9.429791782,-2.17506315773,0.477717944885,0.103096858378,-0.0533668386147,0.132419924653,-0.989756002301
0.36,9.194421742,2.092766306,9.429584402,-2.51593514787,0.497402389796,0.103300453475,-0.0533669716887,0.132416220534,-0.989756490695
0.361,9.194351861,2.093101185,9.429590591,-2.91310712749,0.520201460803,0.103364963842,-0.0533727878097,0.132415009163,-0.989756339141
0.362,9.19397447,2.092631017,9.429118258,-3.36895917321,0.54467452285,0.103734097947,-0.0533646601553,0.132408485729,-0.989757650111
0.363,9.193983701,2.091558354,9.428889258,-3.89349220199,0.569972639893,0.103726448696,-0.0533460452676,0.132408654023,-0.989758631078
0.364,9.194261214,2.090790229,9.428989503,-4.49037431596,0.594311158717,0.103463153629,-0.0533326935547,0.132413459486,-0.989758707739
0.365,9.19415225,2.090303803,9.428775402,-5.13870886843,0.616746790532,0.103576875671,-0.053324261475,0.132411578962,-0.989759413643
0.366,9.194407757,2.089211465,9.428782453,-5.8054723892,0.638642773552,0.103331344461,-0.0533052846505,0.132416007146,-0.989759843437
0.367,9.194627207,2.088642484,9.428870393,-6.46683283007,0.660962034883,0.103129144605,-0.0532953924719,0.132419807184,-0.989759867749
0.368,9.19483906,2.087454186,9.428813834,-7.11531695739,0.683917726759,0.102919791448,-0.0532747545994,0.132423481037,-0.989760487286
0.369,9.195171266,2.087150218,9.429070508,-7.75769760501,0.709199054698,0.102601597935,-0.0532694525228,0.132429229312,-0.989760003562
0.37,9.195453226,2.085866287,9.429061364,-8.40540318853,0.737706471131,0.102345127445,-0.0532471488376,0.132434116171,-0.989760549838
0.371,9.195672609,2.085220207,9.429132412,-9.06022916909,0.767507791568,0.102143489854,-0.0532359193328,0.13243791615,-0.989760645438
0.372,9.195812598,2.08395887,9.428990079,-9.71146253561,0.796600747175,0.102011970072,-0.0532140194943,0.132440347074,-0.989761497835
0.373,9.195715,2.083223934,9.428732488,-10.3472616232,0.825208446094,0.102130238941,-0.0532012746472,0.132438665585,-0.989762407972
0.374,9.195643929,2.08239803,9.428480727,-10.9575558774,0.854048125407,0.102222675987,-0.0531869480905,0.132437442885,-0.989763341549
0.375,9.195443037,2.08189282,9.428173225,-11.5412698135,0.883892715905,0.102434473387,-0.0531781971682,0.132433971808,-0.989764276208
0.376,9.195278908,2.081540173,9.427935282,-12.1080655828,0.916421194242,0.102628402351,-0.0531720913016,0.132431135909,-0.989764983695
0.377,9.195295667,2.081813762,9.428012035,-12.6539593157,0.951247211336,0.102639033348,-0.0531768373411,0.132431424315,-0.989764690128
0.378,9.195416172,2.081766155,9.428119054,-13.1639423717,0.986016341883,0.102558190718,-0.0531760011888,0.13243350807,-0.989764456241
0.379,9.195552568,2.081454674,9.428183313,-13.6474290131,1.01912252523,0.102453992628,-0.053170585297,0.132435869907,-0.989764431176
0.38,9.195666394,2.081247104,9.428248509,-14.1288665324,1.05017112109,0.102369739096,-0.0531669734929,0.132437839934,-0.989764361595
0.381,9.195805426,2.080722796,9.428268388,-14.6133000645,1.07884142867,0.102290479861,-0.0531578632932,0.132440249213,-0.989764528541
0.382,9.195860675,2.080705626,9.428318485,-15.0887554999,1.10514361253,0.102248314768,-0.0531575609337,0.132441205388,-0.989764416834
0.383,9.19573571,2.07984266,9.428006191,-15.5470148101,1.13012988854,0.102394158245,-0.0531425959039,0.132439050318,-0.989765508821
0.384,9.195680164,2.079466449,9.427869027,-15.9897076129,1.15354709717,0.102467463165,-0.0531360720583,0.132438093179,-0.989765987151
0.385,9.195452212,2.078467474,9.427426395,-16.4154261404,1.17528480945,0.102696687323,-0.0531187555431,0.13243415884,-0.98976744308
0.386,9.195424442,2.077396753,9.427163303,-16.833712608,1.19723616822,0.102724868345,-0.0531001770984,0.132433686664,-0.98976850315
0.387,9.195446261,2.077411506,9.427187837,-17.2527454874,1.22168728562,0.102705085385,-0.0531004306439,0.132434063564,-0.989768439118
0.388,9.195416247,2.076725097,9.427007323,-17.6480217219,1.25047889468,0.102731439607,-0.0530885217993,0.132433549906,-0.989769146676
0.389,9.19537849,2.076125083,9.426838332,-18.0001542803,1.28432932029,0.10276568404,-0.0530781128071,0.132432902369,-0.989769791573
0.39,9.195170772,2.075142097,9.42641927,-18.3141736562,1.32178041061,0.102950254136,-0.053061071296,0.132429317331,-0.989771184984
0.391,9.194962542,2.07458892,9.426094384,-18.5948493608,1.36068708671,0.103140358041,-0.0530514890848,0.132425720517,-0.989772179873
0.392,9.194736742,2.074003211,9.425745227,-18.8421718687,1.39906842114,0.103347750183,-0.0530413428433,0.132421819677,-0.989773245558
0.393,9.194491435,2.073276305,9.425346009,-19.0584268149,1.43373811292,0.103578751137,-0.053028748716,0.132417583235,-0.989774487174
0.394,9.194231526,2.072305928,9.424879056,-19.2485686096,1.46301116183,0.103824409853,-0.0530119313398,0.132413095495,-0.989775988432
0.395,9.193819942,2.071582226,9.424318439,-19.4083988636,1.48764761765,0.104232096003,-0.0529994059166,0.132405982447,-0.989777610772
0.396,9.193721537,2.071130521,9.42412316,-19.5198823589,1.50698697238,0.104323007635,-0.052991574802,0.13240428438,-0.989778257226
0.397,9.193543275,2.070648973,9.423843437,-19.5703719686,1.51978580688,0.104488785969,-0.0529832327817,0.132401205089,-0.98977911573
0.398,9.193136455,2.070187636,9.423345198,-19.5674470668,1.52611976489,0.104893404193,-0.0529752609455,0.132394171925,-0.989780483222
0.399,9.192808834,2.069728879,9.422924805,-19.5275441105,1.52694715567,0.10521798905,-0.0529673259184,0.132388509296,-0.989781665314
0.4,9.192643957,2.069677563,9.422752684,-19.4597078539,1.52366889184,0.105373843254,-0.0529664489948,0.132385658396,-0.98978209356
0.401,9.192317732,2.069679335,9.422434815,-19.3648943118,1.51646953977,0.105689825375,-0.0529665064276,0.132380015769,-0.989782845185
0.402,9.192005185,2.069557082,9.422103048,-19.2397649877,1.5034152006,0.10600912616,-0.0529644103319,0.132374610957,-0.989783680211
0.403,9.19195517,2.069805263,9.42210877,-19.0795293186,1.48415122869,0.106057745508,-0.052968722019,0.132373744013,-0.989783565424
0.404,9.191652539,2.069902882,9.421834978,-18.8815972032,1.46061080778,0.106361074062,-0.0529704405954,0.132368509028,-0.989784173566
0.405,9.191541964,2.070262762,9.421806174,-18.6508234215,1.43434535548,0.106466447461,-0.0529766949547,0.132366593827,-0.989784094957
0.406,9.191284509,2.07036841,9.421578227,-18.397278252,1.40502605742,0.106740932764,-0.0529785488916,0.132362139942,-0.989784591347
0.407,9.191141517,2.071161618,9.421613069,-18.1286361137,1.37092160034,0.106887979187,-0.0529923253311,0.132359660263,-0.989784185462
0.408,9.191050865,2.072217891,9.421756895,-17.8476742848,1.33160238571,0.106991166186,-0.0530106627664,0.132358084256,-0.989783414271
0.409,9.190985207,2.072483548,9.421751277,-17.5606449403,1.2880525411,0.107076826765,-0.0530152790311,0.132356946624,-0.989783319151
0.41,9.190916482,2.073579761,9.42192543,-17.2746853982,1.24133598681,0.107164623243,-0.0530343078147,0.132355748978,-0.989782459891
0.411,9.19081599,2.074161278,9.4219554,-16.9899643682,1.19321048028,0.10728120477,-0.0530444067277,0.132354006429,-0.989782151737
0.412,9.190627232,2.07434348,9.421811386,-16.7065800453,1.14619889579,0.107481569593,-0.0530475841256,0.132350739982,-0.989782418234
0.413,9.190572922,2.074082244,9.421700897,-16.430289866,1.10252861611,0.107550988923,-0.0530430558607,0.132349802772,-0.989782786237
0.414,9.190526658,2.074435562,9.421733554,-16.1694336062,1.06222964081,0.107617860431,-0.0530491905218,0.132349000387,-0.989782564749
0.415,9.190639394,2.0745657,9.421872176,-15.9303592949,1.02530012655,0.107503213153,-0.0530514396169,0.132350948378,-0.989782183724
0.416,9.190738779,2.074345054,9.421920543,-15.7258412865,0.993009202401,0.107412568207,-0.0530476021954,0.132352669325,-0.989782159277
0.419,9.19068699,2.073504495,9.421684999,-15.3960691457,0.923070052366,0.107458658442,-0.0530330196898,0.132351780745,-0.989783059542
0.42,9.190731224,2.073030894,9.421623932,-15.357660724,0.909296752799,0.107417489122,-0.0530247981795,0.13235254946,-0.989783397229
0.421,9.190646404,2.072192971,9.421356857,-15.341691905,0.900011164277,0.107490297979,-0.0530102641677,0.132351089173,-0.989784371006
0.422,9.190694898,2.071457492,9.421242426,-15.3421453929,0.8941972423,0.107435256682,-0.0529974969092,0.132351933409,-0.989784941815
0.423,9.19064648,2.070681329,9.421024566,-15.352716327,0.890639873305,0.107461299418,-0.0529840317534,0.132351102458,-0.98978577382
0.424,9.190756795,2.070407289,9.421071956,-15.3602370233,0.888734987675,0.10735415985,-0.0529792670765,0.132353012994,-0.989785773393
0.425,9.190683867,2.069873847,9.420883594,-15.3489835207,0.888555123656,0.10740154532,-0.0529700154773,0.132351755565,-0.989786436692
0.426,9.190773618,2.069270136,9.420838529,-15.3235293456,0.890845986058,0.10730128397,-0.052959531262,0.132353312495,-0.989786789526
0.427,9.190815866,2.068743568,9.420764101,-15.2955628049,0.895701698934,0.107240332273,-0.0529503905152,0.132354046949,-0.989787180358
0.428,9.190665219,2.068086082,9.42047277,-15.263495356,0.902679892774,0.107368811501,-0.0529389929172,0.132351446742,-0.989788137722
0.429,9.190673891,2.067556446,9.420364973,-15.2277933583,0.912641773388,0.107340475855,-0.0529298012681,0.132351601362,-0.98978860862
0.43,9.190606396,2.067423969,9.420270049,-15.1915199529,0.925810685721,0.107388993403,-0.0529275079349,0.132350435406,-0.989788887163
0.431,9.190485758,2.067232693,9.420110375,-15.1467577516,0.940128755227,0.107489885527,-0.0529241983624,0.132348350072,-0.989789342972
0.432,9.190433359,2.067348563,9.420084682,-15.0895188322,0.954279107216,0.107530386482,-0.0529262126933,0.1323474431,-0.989789356538
0.433,9.190440697,2.067386151,9.42010009,-15.0298371145,0.968327069911,0.107508735671,-0.0529268648067,0.132347569061,-0.989789304825
0.434,9.190372138,2.067295292,9.420013262,-14.9786615102,0.980921977363,0.107571621937,-0.0529252932855,0.132346384176,-0.989789547291
0.435,9.190307701,2.067798986,9.42006095,-14.9300955059,0.989919729353,0.107627878488,-0.052934039546,0.132345265759,-0.989789229123
0.436,9.19023831,2.068225099,9.420086797,-14.8625085804,0.994753726464,0.107702122221,-0.0529414401059,0.132344062002,-0.989788994267
0.437,9.190058904,2.068313255,9.419931124,-14.7654073143,0.996165090254,0.107877025999,-0.0529429844228,0.132340958611,-0.989789326612
0.438,9.189957403,2.068724924,9.419922498,-14.649137121,0.99490545938,0.107974917238,-0.0529501372532,0.13233920016,-0.989789179101
0.439,9.189837284,2.069593222,9.419996041,-14.5255752279,0.990981585076,0.108095972492,-0.0529652143579,0.132337115525,-0.989788651138
0.44,9.18953205,2.069890525,9.419763589,-14.4014065819,0.984303705055,0.108410528018,-0.0529703986142,0.132331834137,-0.989789079827
0.441,9.189502026,2.070935149,9.4199639,-14.2803696502,0.976902706521,0.108432735296,-0.0529885295382,0.132331306428,-0.989788179903
0.442,9.189224976,2.071070945,9.419723485,-14.1746536761,0.97258486528,0.108699379651,-0.0529909090943,0.132326512741,-0.989788693398
0.443,9.189143538,2.072139658,9.419879071,-14.1009854611,0.973523729427,0.108770413734,-0.0530094618579,0.132325095706,-0.989787889398
0.444,9.189011049,2.072775418,9.419889702,-14.0486505467,0.979887049102,0.108906090019,-0.0530205047208,0.132322799551,-0.989787604892
0.445,9.188799095,2.073100488,9.419754479,-14.003625484,0.990183349578,0.109113812978,-0.0530261632241,0.13231913066,-0.989787792244
0.446,9.188714533,2.073847775,9.419836483,-13.968018062,1.00235845232,0.109185613159,-0.0530391379585,0.132317662848,-0.989787293282
0.447,9.188570817,2.074294789,9.419794719,-13.9427114635,1.01614136774,0.109320893323,-0.0530469073557,0.132315172798,-0.989787209792
0.448,9.188302712,2.074581244,9.41959628,-13.9256997361,1.03181760818,0.109583943066,-0.0530518999719,0.132310534123,-0.989787562293
0.449,9.188124357,2.074761951,9.419462105,-13.9143862603,1.04815978142,0.109753996025,-0.0530550504374,0.132307447389,-0.989787806042
0.45,9.187809006,2.074563416,9.41911077,-13.9099296508,1.06280906746,0.110064415804,-0.0530516308247,0.132301995385,-0.989788718103
0.451,9.1874412,2.07476089,9.418795494,-13.913916043,1.07445053853,0.11043667895,-0.0530550880779,0.132295632207,-0.989789383318
0.452,9.18728905,2.07453071,9.418596379,-13.9248139375,1.08410720651,0.110582111684,-0.0530511065333,0.132293001908,-0.989789948293
0.453,9.187155757,2.07448637,9.418456593,-13.94131228,1.09290586143,0.110698862155,-0.0530503478014,0.132290697043,-0.98979029702
0.454,9.186954785,2.07448574,9.418260418,-13.952655027,1.10081272933,0.110901477789,-0.0530503535703,0.132287220811,-0.989790761321
0.455,9.186644625,2.074356582,9.417929427,-13.9463752032,1.10784613122,0.111209060135,-0.0530481373109,0.132281857347,-0.989791596926
0.456,9.186511061,2.073645411,9.417642527,-13.9349816054,1.11444297039,0.111333022779,-0.0530358066451,0.132279553494,-0.989792565612
0.457,9.186347783,2.07338801,9.417426582,-13.938904266,1.12016823826,0.111493453883,-0.0530313529122,0.132276731271,-0.989793181413
0.458,9.186158168,2.072818987,9.417116355,-13.9648685975,1.12427376483,0.11170002797,-0.053021494034,0.132273456317,-0.989794147247
0.459,9.186011965,2.072790168,9.416967394,-14.0118743464,1.12682905218,0.111838069136,-0.0530210059117,0.13227092779,-0.989794511297
0.46,9.185878131,2.072555821,9.416785262,-14.071389197,1.12921170793,0.111957739972,-0.0530169502043,0.132268614729,-0.989795037646
0.461,9.185613158,2.071589313,9.416314107,-14.1363111365,1.13234140962,0.112239443178,-0.0530001995804,0.132264039898,-0.989796546061
0.462,9.185421793,2.071072393,9.41601372,-14.2070368072,1.13502442463,0.112440711162,-0.0529912444264,0.132260733839,-0.989797467313
0.463,9.185328532,2.070595195,9.415817792,-14.2826407681,1.13650786646,0.112536649097,-0.0529829709737,0.132259124706,-0.989798125235
0.464,9.185145832,2.07042757,9.415602704,-14.3573743849,1.13558220948,0.112728974738,-0.0529800764413,0.132255965416,-0.989798702319
0.465,9.18500172,2.069957142,9.415358685,-14.4179851263,1.12935166769,0.112888306433,-0.0529719253938,0.132253476755,-0.989799471108
0.466,9.184815117,2.069661866,9.415111734,-14.4531079869,1.11669358464,0.113092755275,-0.0529668158523,0.132250252092,-0.989800175409
0.467,9.184814185,2.069449931,9.415064239,-14.4634446972,1.09766773194,0.113100371056,-0.0529631386827,0.132250237286,-0.989800374156
0.468,9.184650985,2.069681448,9.414955922,-14.4485774314,1.07240677726,0.113273812835,-0.0529671689707,0.132247412321,-0.989800535939
0.469,9.184565323,2.069656421,9.414866853,-14.4104246813,1.04310853447,0.11337345539,-0.0529667421604,0.132245931225,-0.989800756667
0.47,9.184594996,2.069443803,9.414849064,-14.3622629572,1.01305323544,0.113355399433,-0.0529630495149,0.132246445899,-0.989800885498
0.471,9.184522668,2.069112144,9.414705609,-14.3171389175,0.984955898174,0.113430288543,-0.0529572999938,0.132245198155,-0.989801359841
0.472,9.184596945,2.069241529,9.414806506,-14.2755973319,0.961556274564,0.113352999091,-0.0529595396414,0.132246481656,-0.989801068524
0.473,9.184612849,2.06945054,9.414867961,-14.2276237745,0.943702370863,0.113357337659,-0.0529631656241,0.132246754875,-0.989800838003
0.474,9.184593529,2.069429799,9.414844555,-14.1740706687,0.928807528657,0.113379190073,-0.0529628073249,0.132246421068,-0.989800901775
0.475,9.184605229,2.069557258,9.414883986,-14.1245521317,0.914749919913,0.113358098153,-0.0529650174149,0.132246622477,-0.989800756604
0.476,9.184602653,2.069700459,9.414912952,-14.0819519348,0.902717316891,0.113360674456,-0.0529675035749,0.132246576531,-0.989800629703
0.477,9.184512685,2.070172204,9.414928901,-14.0419002241,0.894475841428,0.113450596186,-0.052975697086,0.132245017094,-0.989800399561
0.478,9.184548346,2.069957323,9.414916443,-14.0037214956,0.890340000659,0.11339875336,-0.0529719646562,0.132245635073,-0.989800516753
0.479,9.184425874,2.070384467,9.414890891,-13.9689150166,0.889796657254,0.113508309145,-0.0529793873975,0.132243513623,-0.989800402917
0.48,9.184345621,2.070248853,9.41478278,-13.932506118,0.89203695306,0.113588499581,-0.0529770407098,0.132242126451,-0.989800713856
0.481,9.184503528,2.070600962,9.415014254,-13.8996835693,0.896190500446,0.113422374311,-0.0529831384914,0.13224485496,-0.98980002292
0.482,9.184366537,2.070900297,9.414946453,-13.8742663206,0.901575513196,0.113552929543,-0.0529883439604,0.132242483164,-0.989800061149
0.483,9.184379918,2.070844256,9.414947181,-13.8516136311,0.907521428958,0.113521646132,-0.0529873708107,0.132242715498,-0.989800082205
0.484,9.184297079,2.070756396,9.414847045,-13.8393571425,0.913759818976,0.113604898949,-0.0529858529553,0.132241283089,-0.989800354836
0.485,9.18438572,2.071055389,9.414999282,-13.8418691799,0.919116272886,0.113514529188,-0.0529910344624,0.132242814169,-0.989799872887
0.486,9.1842961,2.071004083,9.414900571,-13.8515377388,0.922511303336,0.113586705142,-0.052990150659,0.132241264527,-0.989800127243
0.487,9.184394635,2.071682399,9.415145924,-13.8607268971,0.924615221571,0.113480210786,-0.053001914221,0.132242963284,-0.989799270434
0.488,9.18421166,2.071782954,9.41498956,-13.8656145763,0.925704664525,0.11366569109,-0.0530036745413,0.132239797338,-0.989799599154
0.489,9.184201847,2.071796688,9.41498301,-13.8711531445,0.92533870785,0.113672032861,-0.0530039133052,0.132239627601,-0.989799609045
0.49,9.184321157,2.071874373,9.415116491,-13.8834443905,0.923889935627,0.113546741976,-0.0530052513104,0.132241690252,-0.989799261817
0.491,9.184237303,2.072199646,9.415106278,-13.9027976548,0.922243298646,0.11362778635,-0.0530109033757,0.132240238015,-0.989799153148
0.492,9.184112134,2.07204697,9.414950576,-13.927877416,0.92002775165,0.11376057427,-0.0530082636278,0.13223807435,-0.989799583592
0.493,9.184023162,2.072138897,9.414884017,-13.9565224544,0.916169769229,0.113850854303,-0.0530098664117,0.132236534156,-0.989799703525
0.494,9.18391653,2.072576718,9.414876371,-13.9795829296,0.910054364148,0.113961639233,-0.0530174733389,0.132234687038,-0.989799542869
0.495,9.18400728,2.072561851,9.414961623,-13.9902327426,0.901849502436,0.113879880945,-0.0530172078346,0.132236256084,-0.989799347469
0.496,9.183779031,2.072682377,9.414765506,-13.9969742469,0.89199225297,0.114108178225,-0.0530193179179,0.132232307379,-0.989799761978
0.497,9.183743555,2.072983945,9.414797296,-14.0078273589,0.881304924881,0.114142712069,-0.0530245540727,0.132231691858,-0.989799563717
0.498,9.183751962,2.07296958,9.414802333,-14.0241840303,0.871205754499,0.114141240262,-0.0530243041133,0.13223183672,-0.989799557755
0.499,9.183688836,2.073290366,9.414811393,-14.0466565672,0.862602646055,0.114215484079,-0.0530298758382,0.132230742884,-0.989799405387
0.5,9.183633836,2.073901753,9.414892401,-14.0675004453,0.855762234713,0.11426288864,-0.0530404899316,0.132229786472,-0.989798964435
0.501,9.183506146,2.073889337,9.414765112,-14.0794409148,0.851513712431,0.114399011339,-0.053040284853,0.132227577906,-0.98979927047
0.502,9.183496186,2.074526308,9.41489573,-14.085501886,0.850697991418,0.114399859306,-0.0530513400644,0.132227401075,-0.989798701617
0.503,9.183390078,2.074518232,9.41479045,-14.0905354252,0.852294943085,0.114514319401,-0.0530512082709,0.132225565949,-0.989798953834
0.504,9.183603028,2.075083391,9.41512271,-14.0913079645,0.855093269368,0.114286602833,-0.0530609986846,0.132229244728,-0.98979793759
0.505,9.183451187,2.07487257,9.41492814,-14.0824351552,0.858915114985,0.114432012027,-0.0530573524675,0.132226619427,-0.989798483765
0.506,9.183400919,2.075063185,9.414921118,-14.0729310626,0.863610320974,0.114472744333,-0.053060664216,0.132225749183,-0.989798422491
0.507,9.18325235,2.075538924,9.414881069,-14.0672169142,0.869190101378,0.114613172351,-0.0530689318987,0.132223175648,-0.989798323038
0.508,9.183206783,2.075544079,9.41483776,-14.0628335862,0.876803417119,0.114642866805,-0.0530690252532,0.132222387464,-0.989798423323
0.509,9.183172101,2.075153531,9.41471784,-14.0679294439,0.887682515877,0.11466265051,-0.0530622508678,0.132221790092,-0.989798866315
0.51,9.183078143,2.075648793,9.41473537,-14.0860511608,0.900702613457,0.114751265802,-0.0530708534927,0.132220161712,-0.989798622623
0.511,9.183008397,2.075592564,9.414654944,-14.110071942,0.914262396975,0.114817441847,-0.0530698829856,0.132218955012,-0.989798835853
0.512,9.182911957,2.075467468,9.414533298,-14.1386780369,0.927244949807,0.114906594208,-0.0530677196089,0.132217288489,-0.989799174459
0.513,9.18292974,2.075502623,9.414558394,-14.175848695,0.938563014738,0.114876656801,-0.0530683282006,0.132217595999,-0.989799100752
0.514,9.182902189,2.075775356,9.414591651,-14.2188471407,0.949125777239,0.11490311659,-0.0530730634338,0.132217116954,-0.989798910851
0.515,9.18290343,2.075465992,9.414524655,-14.2628975877,0.959650336083,0.11490115308,-0.0530676955589,0.132217141098,-0.989799195437
0.516,9.182869721,2.075111755,9.41441369,-14.3085003575,0.968936555118,0.114919803073,-0.0530615504756,0.132216560794,-0.989799602401
0.517,9.182775147,2.075143964,9.41432854,-14.3560569843,0.975608076601,0.115014736655,-0.0530621170238,0.132214924876,-0.989799790552
0.518,9.182805708,2.074709818,9.414262663,-14.40562838,0.979322590196,0.114991747018,-0.0530545806577,0.132215456777,-0.98980012349
0.519,9.182593098,2.074147357,9.413931339,-14.4617433385,0.98065786888,0.115203418369,-0.0530448372376,0.132211784195,-0.98980113627
0.52,9.182557992,2.074224309,9.413914051,-14.5236821122,0.980038541299,0.115236079295,-0.0530461753099,0.132211176422,-0.989801145743
0.521,9.18239521,2.073886335,9.413680806,-14.5841792097,0.976992680065,0.115410902057,-0.0530403239408,0.132208362987,-0.989801835113
0.522,9.182364221,2.073290376,9.413519303,-14.6413018503,0.971510747638,0.115442943689,-0.053029984471,0.132207831979,-0.989802460045
0.523,9.182372709,2.073089353,9.413483311,-14.6958002996,0.964647947481,0.115456155402,-0.0530264951898,0.132207980884,-0.989802627092
0.524,9.182320949,2.073060624,9.413426495,-14.741604528,0.957233474996,0.115498845225,-0.0530260006622,0.132207085547,-0.989802773175
0.525,9.182273109,2.072730565,9.413307147,-14.7706403706,0.950122684095,0.115558729925,-0.053020276815,0.132206260863,-0.98980318995
0.526,9.182124068,2.072199876,9.413044924,-14.789063498,0.943141115479,0.115718019467,-0.0530110801031,0.132203686836,-0.989804026347
0.527,9.182125091,2.07216333,9.413037875,-14.8104339829,0.935790447909,0.115726168746,-0.0530104454406,0.132203704768,-0.989804057943
0.528,9.182079028,2.07166883,9.412884096,-14.8391785095,0.928046067432,0.115786137102,-0.0530018672909,0.132202912198,-0.989804623181
0.529,9.182059865,2.071751669,9.412883636,-14.8666656193,0.919879062896,0.115808872756,-0.053003306927,0.132202580543,-0.989804590388
0.53,9.18207578,2.071909649,9.412933932,-14.8762756,0.913091394634,0.115792264864,-0.0530060465804,0.132202854261,-0.989804407118
0.531,9.182144547,2.071942786,9.413008307,-14.8639529931,0.909200226905,0.115725273516,-0.0530066169536,0.132204043497,-0.989804217733
0.532,9.182104335,2.071959001,9.412972651,-14.8377169097,0.907664673924,0.115760996956,-0.0530069013281,0.132203347526,-0.989804295462
0.533,9.181994821,2.072306865,9.412942401,-14.7928261974,0.907806287538,0.115876845541,-0.0530129466743,0.132201451154,-0.989804224985
0.534,9.182123143,2.072615042,9.413135425,-14.7191330584,0.908961943441,0.115753147016,-0.0530182848583,0.132203667523,-0.989803643034
0.535,9.18202658,2.072758729,9.413072871,-14.6308645977,0.910527679579,0.115844422915,-0.0530207855782,0.13220199667,-0.989803732249
0.536,9.182031324,2.073083488,9.413149015,-14.5543146332,0.912662782619,0.115841451239,-0.0530264215803,0.132202075423,-0.98980341981
0.537,9.181910656,2.073500255,9.413123106,-14.4876086886,0.915961152201,0.115949085751,-0.0530336632061,0.132199986008,-0.989803310899
0.538,9.181967486,2.074047297,9.413299055,-14.4166645314,0.921214483613,0.115882500034,-0.053043152092,0.132200963743,-0.98980267185
0.539,9.181832915,2.074509643,9.413269673,-14.3498749952,0.928419886958,0.116008955555,-0.0530511866692,0.132198632833,-0.989802552568
0.54,9.181836662,2.074938171,9.413367776,-14.2969031451,0.93646868153,0.116000810857,-0.0530586229421,0.132198693993,-0.989802145804
0.541,9.181791131,2.074959413,9.413328048,-14.2573109208,0.944230570069,0.116051752021,-0.053058995215,0.132197906824,-0.989802230983
0.542,9.18180454,2.075547961,9.413470877,-14.2313060665,0.950380918878,0.116029031984,-0.0530692072329,0.132198133324,-0.989801653257
0.543,9.181869342,2.075798285,9.41358928,-14.2207446887,0.954701471408,0.1159492143,-0.0530735465661,0.132199252914,-0.989801271056
0.544,9.181800502,2.076069496,9.413581944,-14.2338378958,0.957847544443,0.116029576974,-0.0530782580887,0.13219805982,-0.989801177762
0.545,9.181693521,2.076359393,9.413541536,-14.2689796073,0.959559436658,0.116133739396,-0.0530832975056,0.132196206762,-0.989801155002
0.546,9.181751876,2.076299772,9.413585303,-14.3149345602,0.960286466264,0.116061430038,-0.0530822587653,0.132197216535,-0.989801075845
0.547,9.18161671,2.076324421,9.413458902,-14.3654418356,0.961188416017,0.116202008635,-0.0530826972658,0.132194878842,-0.989801364547
0.548,9.181718189,2.07636376,9.413566559,-14.4126219324,0.961836449274,0.1161074718,-0.0530833713482,0.132196633892,-0.989801093995
0.549,9.181590873,2.076793068,9.413537083,-14.4569049044,0.961608006468,0.116230811904,-0.0530908320077,0.132194428177,-0.989800988439
0.55,9.181643397,2.076679965,9.41356336,-14.5086490309,0.960744943279,0.116176206432,-0.0530888651343,0.132195337302,-0.989800972516
0.551,9.181642492,2.076687148,9.413564063,-14.5694586787,0.95936697405,0.116177302921,-0.0530889899794,0.132195322174,-0.989800967841
0.552,9.181464665,2.07674888,9.413404236,-14.6336040389,0.957357707657,0.116368045895,-0.0530900758101,0.132192245991,-0.989801320443
0.553,9.181439227,2.076291072,9.413278435,-14.702268414,0.954049029039,0.116396723518,-0.0530821329332,0.132191809352,-0.989801804759
0.554,9.181429492,2.076719068,9.413363353,-14.7771434482,0.949121894858,0.116402625543,-0.0530895614491,0.132191637893,-0.989801429245
0.555,9.181416789,2.076663436,9.413338689,-14.852000617,0.944023200699,0.116421047797,-0.0530885967321,0.132191418537,-0.989801510285
0.556,9.181287608,2.076622825,9.413203732,-14.9239076745,0.939788819424,0.116552676457,-0.0530879028798,0.132189183926,-0.989801845937
0.557,9.181312706,2.076326783,9.413162907,-14.9953399458,0.935901124459,0.116529489976,-0.0530827633807,0.132189620484,-0.989802063277
0.558,9.181172029,2.076413432,9.413044808,-15.0667317008,0.932408275058,0.116669816135,-0.0530842785502,0.132187186545,-0.989802307072
0.559,9.1811528,2.076487479,9.413042387,-15.1364192655,0.929812899937,0.116690531529,-0.0530855645833,0.132186853245,-0.989802282611
0.56,9.181234542,2.076623355,9.413152091,-15.2042949863,0.928835772662,0.116600369951,-0.0530879160571,0.132188266304,-0.98980196778
0.561,9.181304353,2.07646811,9.413185935,-15.2691380443,0.929974090314,0.116522049758,-0.053085216563,0.132189475503,-0.989801951073
0.562,9.181173565,2.076743912,9.413119212,-15.3264817933,0.932406400388,0.116660276988,-0.0530900125984,0.132187210756,-0.989801996298
0.563,9.18102081,2.076744849,9.412970429,-15.3745451898,0.935605096048,0.116808535018,-0.05309004175,0.132184568484,-0.989802347604
0.564,9.181041487,2.076598211,9.412958245,-15.4199556563,0.941205067141,0.116768582647,-0.0530874950298,0.132184927359,-0.989802436272
0.565,9.181043894,2.076983828,9.413045671,-15.4663991015,0.95058558526,0.116760334363,-0.0530941873364,0.132184965831,-0.989802072174
0.566,9.181133949,2.077029022,9.413143479,-15.5100689519,0.961967294916,0.116677536255,-0.0530949641773,0.13218652341,-0.989801822492
0.567,9.18104165,2.077479135,9.413152784,-15.5472340401,0.972612957367,0.116763025182,-0.0531027829659,0.132184922954,-0.989801616782
0.568,9.180965789,2.077496681,9.413082667,-15.5775305812,0.981773303566,0.11683208698,-0.0531030931403,0.132183610916,-0.989801775359
0.569,9.180965583,2.07752489,9.413088691,-15.6052674235,0.990002486175,0.116825547605,-0.0531035829775,0.132183606868,-0.98980174962
0.57,9.180978426,2.077823842,9.413167202,-15.633592176,0.998129974252,0.116803832289,-0.0531087694541,0.132183827383,-0.989801441899
0.571,9.180834372,2.078191611,9.413107889,-15.6588334127,1.00680596185,0.116940771404,-0.0531151637667,0.132181332632,-0.989801431946
0.572,9.180789496,2.078271123,9.413081676,-15.6789778061,1.01554204532,0.116979781777,-0.0531165474463,0.132180555816,-0.989801461431
0.573,9.180721304,2.077948068,9.412943845,-15.693409345,1.02296706201,0.117056133744,-0.0531109462752,0.13217937908,-0.989801919139
0.574,9.180727671,2.078120038,9.41298802,-15.698120589,1.02947448168,0.117048128992,-0.053113929973,0.132179487959,-0.989801744495
0.575,9.180587882,2.078249264,9.412880211,-15.6968700079,1.03653761605,0.11718920712,-0.0531161840979,0.132177068843,-0.989801946583
0.576,9.180479012,2.078136593,9.412749152,-15.6963067245,1.04281936762,0.117299460739,-0.0531142374989,0.132175186285,-0.989802302435
0.577,9.18044677,2.078165901,9.412724176,-15.6982936795,1.04656167489,0.117340076668,-0.0531147491526,0.132174628279,-0.989802349493
0.578,9.180309266,2.078187541,9.412594843,-15.7042436308,1.04881995098,0.117483782192,-0.0531151358868,0.132172250318,-0.989802646281
0.579,9.180332348,2.078095819,9.412597105,-15.7183257767,1.0503703791,0.117464663891,-0.0531135422133,0.132172649809,-0.989802678455
0.58,9.180202623,2.077645476,9.412371164,-15.7451295013,1.05043968702,0.117595027753,-0.0531057377646,0.132170410461,-0.989803396243
0.581,9.180244306,2.077403011,9.412358301,-15.7853983881,1.04839765862,0.117564427764,-0.0531015267077,0.132171133318,-0.989803525645
0.582,9.180160603,2.077352821,9.412265585,-15.8351783925,1.04450099549,0.117654704191,-0.053100662972,0.132169685958,-0.989803765251
0.583,9.180142303,2.077155595,9.412204209,-15.8878918338,1.03969790963,0.117676070532,-0.0530972418033,0.132169370607,-0.989803990892
0.584,9.180195894,2.077099644,9.412244131,-15.9382822251,1.03470384104,0.117625599311,-0.0530962656219,0.132170298224,-0.989803919392
0.585,9.180145652,2.076805881,9.412130303,-15.9855169015,1.03042532279,0.117682449654,-0.0530911721157,0.13216943151,-0.989804308345
0.586,9.180069159,2.076631805,9.412017288,-16.0321721563,1.02733788939,0.117768731985,-0.0530881574659,0.132168109944,-0.989804646509
0.587,9.180005171,2.076058827,9.411828472,-16.0818107429,1.02405051495,0.117841538935,-0.0530782198639,0.132167008046,-0.989805326597
0.588,9.180071348,2.076408282,9.411970108,-16.1356173416,1.01996229009,0.117772946623,-0.0530842787449,0.132168149468,-0.989804849259
0.589,9.180044523,2.076206964,9.411899532,-16.1894832755,1.0163598374,0.117800316114,-0.0530807875064,0.132167686974,-0.989805098248
0.59,9.180064628,2.076120653,9.411900103,-16.2370871911,1.01369458135,0.117783052234,-0.0530792880784,0.132168035399,-0.989805132132
0.591,9.180034993,2.076153735,9.411878494,-16.2687913675,1.01132956248,0.117810064732,-0.0530798638284,0.132167523088,-0.989805169666
0.592,9.179967544,2.076334298,9.411852539,-16.2752191872,1.00897869406,0.117884282189,-0.0530830032168,0.132166354151,-0.989805157392
0.593,9.180039995,2.076200054,9.411893592,-16.2603134553,1.00725021265,0.117806744222,-0.0530806681529,0.132167608506,-0.989805115126
0.594,9.180015335,2.076372846,9.411907657,-16.243419851,1.0065974021,0.11782883183,-0.0530836684289,0.132167181029,-0.989805011305
0.595,9.180011475,2.076905708,9.412021461,-16.2366105692,1.00673542626,0.117825552324,-0.0530929152176,0.132167110073,-0.989804524827
0.596,9.180038393,2.077415339,9.412160188,-16.2334894399,1.00710480607,0.117811076997,-0.0531017571286,0.132167571,-0.989803988962
0.597,9.180079126,2.077496216,9.412217766,-16.2225510364,1.00730071333,0.117773705804,-0.0531031580027,0.132168274926,-0.989803819811
0.598,9.179947664,2.078040067,9.412209604,-16.1939885869,1.00758194147,0.117880032413,-0.0531126065027,0.132165997122,-0.989803617004
0.599,9.180005262,2.078661913,9.412403092,-16.1431623202,1.00837698523,0.117822453099,-0.053123393141,0.132166988077,-0.989802905817
0.6,9.179916402,2.078836843,9.412355059,-16.0808249239,1.0106358375,0.117907191857,-0.0531264355769,0.132165450168,-0.989802947876
0.601,9.17985884,2.079443198,9.412432859,-16.0210898543,1.01513988596,0.11796721094,-0.0531369626336,0.132164449163,-0.989802516454
0.602,9.179911771,2.079595795,9.412518196,-15.9642299732,1.01857347525,0.117916157452,-0.0531396065062,0.132165363556,-0.98980225242
0.603,9.179879749,2.079582301,9.412483985,-15.9149659122,1.01711236323,0.117938215969,-0.0531393747846,0.132164810263,-0.98980233874
0.604,9.17983092,2.079875314,9.412501104,-15.8867811377,1.01112690173,0.117997971804,-0.0531444636267,0.132163962915,-0.989802178666
0.605,9.179818493,2.080424051,9.412610254,-15.8804257921,1.00274028207,0.118000558336,-0.0531539877761,0.132163743653,-0.989801696527
0.606,9.179817477,2.080631336,9.412655081,-15.8877234277,0.994863487434,0.117996553208,-0.0531575848209,0.132163724424,-0.98980150592
0.607,9.179900822,2.080469479,9.412700587,-15.9084354021,0.98960331408,0.117911733884,-0.0531547687343,0.13216516793,-0.989801464409
0.608,9.179798201,2.080865225,9.412687985,-15.9451566064,0.986210581446,0.118017757387,-0.0531616454324,0.132163389784,-0.989801332519
0.609,9.179756476,2.080860643,9.412646279,-15.995944987,0.98372693475,0.118057420762,-0.0531615695372,0.132162667872,-0.989801432988
0.61,9.1797653,2.080705621,9.412620615,-16.0593027653,0.982783449107,0.118043686439,-0.0531588781255,0.13216282188,-0.989801556975
0.611,9.179796773,2.080882699,9.412690455,-16.1343915929,0.982903513541,0.118019799106,-0.0531619485183,0.132163364345,-0.989801319637
0.612,9.179793688,2.08080365,9.412669971,-16.218998536,0.983001438951,0.118015881464,-0.0531605766399,0.132163311705,-0.989801400348
0.613,9.179628594,2.080410908,9.412422147,-16.3131450297,0.983379127119,0.118175542332,-0.0531537752451,0.132160459985,-0.989802146388
0.614,9.17964853,2.080529751,9.412467858,-16.417158049,0.984039701159,0.118168127059,-0.053155835594,0.132160803763,-0.98980198984
0.615,9.17966353,2.080404746,9.412454857,-16.5242490889,0.984445090727,0.118155570642,-0.0531536653207,0.13216106378,-0.989802071671
0.616,9.179627002,2.080334823,9.412403778,-16.6174064798,0.984507178758,0.118187724263,-0.0531524548381,0.132160433011,-0.989802220896
0.617,9.179567474,2.080121069,9.41229848,-16.6787391238,0.984480179634,0.118242384554,-0.0531487502363,0.132159404328,-0.989802557178
0.618,9.179585903,2.080199616,9.412333813,-16.7124435915,0.985527667533,0.118219880883,-0.0531501117784,0.132159722348,-0.989802441605
0.619,9.179663462,2.079830762,9.412327941,-16.739632541,0.988160384003,0.118147133051,-0.0531437048796,0.132161067038,-0.989802606074
0.62,9.179596582,2.079575732,9.412206363,-16.7755607486,0.991237497949,0.118203727861,-0.0531392839172,0.132159912444,-0.989802997595
0.621,9.179557107,2.07983951,9.412226148,-16.8221508902,0.995074838465,0.118243739405,-0.0531438646423,0.132159227337,-0.989802843136
0.622,9.179517937,2.079361745,9.412082385,-16.8724502395,1.00102763421,0.118284674692,-0.0531355774898,0.132158553741,-0.989803377989
0.623,9.179577509,2.079899923,9.412259396,-16.9201944908,1.00837111175,0.118216239551,-0.0531449113455,0.132159580348,-0.989802739802
0.624,9.179551315,2.079544372,9.412155286,-16.9639598277,1.01556856345,0.118240054032,-0.0531387434367,0.132159129467,-0.989803131155
0.625,9.17955316,2.079894797,9.412234516,-17.0070674069,1.02197589805,0.118237879046,-0.0531448248635,0.132159158976,-0.989802800708
0.626,9.179485889,2.079795874,9.412147049,-17.0502345128,1.02810360247,0.118298791095,-0.053143113681,0.132157996481,-0.9898030478
0.627,9.179547579,2.079569521,9.4121572,-17.0951026734,1.0342024812,0.118238869911,-0.0531391800337,0.132159065119,-0.989803116308
0.628,9.179510866,2.079514165,9.412109163,-17.1452793928,1.04040631036,0.118272230458,-0.0531382226802,0.132158430714,-0.98980325241
0.629,9.179450208,2.079811322,9.412115663,-17.1972452415,1.04748894248,0.118331090002,-0.0531433843474,0.13215737899,-0.989803115715
0.63,9.179404764,2.079744464,9.412056569,-17.2446311814,1.05462135415,0.118374619502,-0.0531422281806,0.132156593132,-0.989803282716
0.631,9.179453318,2.080190937,9.412202587,-17.2849541933,1.06112293041,0.118321703821,-0.0531499722787,0.132157430104,-0.989802755156
0.632,9.179439275,2.080243122,9.412200426,-17.3113975561,1.06783414124,0.118333581073,-0.0531508792961,0.132157186376,-0.989802738994
0.633,9.179365213,2.080197351,9.412118079,-17.3163683557,1.0742099976,0.118417374309,-0.0531500909546,0.132155905676,-0.989802952323
0.634,9.179171026,2.080115314,9.411910563,-17.3065247109,1.0786862753,0.118615022489,-0.0531486831892,0.132152547401,-0.989803476297
0.635,9.179209495,2.080337079,9.411997095,-17.2970835289,1.0807359478,0.118576837844,-0.0531525277117,0.132153211182,-0.98980318123
0.636,9.179145767,2.080865215,9.412051692,-17.2914896919,1.08064908003,0.118647021146,-0.0531616986504,0.132152104589,-0.989802836452
0.637,9.179100286,2.080691367,9.411968903,-17.2817612951,1.07904342333,0.118702688604,-0.0531586851031,0.132151319759,-0.989803103089
0.638,9.179152702,2.080684142,9.412018425,-17.2747703649,1.07696252433,0.118648330783,-0.0531585557802,0.132152226233,-0.989802989008
0.639,9.178969242,2.080765834,9.411857563,-17.2855481684,1.07446351982,0.118828987811,-0.0531599885358,0.132149052646,-0.989803335771
0.64,9.17885148,2.080883668,9.411768768,-17.3136366407,1.0704258422,0.118944961942,-0.0531620426703,0.132147014887,-0.989803497506
0.641,9.178975468,2.080405879,9.411784064,-17.3529142751,1.06470083726,0.11883595052,-0.0531537415123,0.132149162897,-0.989803656544
0.642,9.178913382,2.080916209,9.411836332,-17.3993382284,1.05799655309,0.118902698799,-0.0531626022473,0.132148085191,-0.989803324556
0.643,9.178862155,2.080580804,9.411712222,-17.4490438265,1.05136479983,0.118947842183,-0.0531567861139,0.132147201785,-0.989803754868
0.644,9.178830844,2.080606587,9.411687385,-17.4995541765,1.04574337575,0.118995181563,-0.0531572355754,0.132146659359,-0.989803803148
0.645,9.178755162,2.080223612,9.411528919,-17.5497956069,1.04082786021,0.119072520622,-0.053150595973,0.132145353786,-0.989804334008
0.646,9.178880764,2.080520008,9.411716931,-17.6027132724,1.03619530749,0.118937019732,-0.0531557289521,0.132147524475,-0.98980376856
0.647,9.178855952,2.080384319,9.411662738,-17.6603458983,1.0324257137,0.118960227528,-0.0531533763454,0.132147095667,-0.989803952149
0.648,9.178863427,2.080622294,9.411722634,-17.7188257173,1.029516137,0.118963291069,-0.0531575063392,0.1321472236,-0.989803713276
0.649,9.178828156,2.080692634,9.411703786,-17.7682021606,1.02652828,0.11899534109,-0.0531587289347,0.132146612581,-0.989803729191
0.65,9.178741943,2.080637592,9.411607538,-17.8015048647,1.02375655234,0.119073616909,-0.0531577814509,0.132145122272,-0.989803979044
0.651,9.178817023,2.080741288,9.411703685,-17.8124954801,1.02181463516,0.118999297968,-0.0531595747032,0.132146420181,-0.989803709455
0.652,9.17872818,2.080983126,9.411670509,-17.7937586466,1.02040106103,0.119087218621,-0.0531637788069,0.132144881167,-0.989803689124
0.653,9.178741356,2.080729675,9.411627322,-17.7546437249,1.01951504467,0.119073660303,-0.0531593793212,0.132145110624,-0.989803894783
0.654,9.178776568,2.081402564,9.411810449,-17.7176850755,1.02009247115,0.119030380828,-0.0531710537313,0.132145715031,-0.989803187025
0.655,9.1786829,2.081595031,9.411761666,-17.6907597726,1.02266627011,0.119122307404,-0.0531744008288,0.132144093254,-0.989803223734
0.656,9.178687419,2.081915569,9.411836971,-17.6701472156,1.02699368802,0.119118475305,-0.0531799633609,0.132144168317,-0.989802914866
0.657,9.178823554,2.082064799,9.412002745,-17.6549137663,1.03262055812,0.118980406862,-0.05318254189,0.132146522128,-0.989802462074
0.658,9.178701644,2.082353729,9.411947775,-17.6432261018,1.03837549579,0.119096020541,-0.0531875662258,0.132144411535,-0.98980247388
0.659,9.178634734,2.082399977,9.411892756,-17.6317050697,1.04318152741,0.119167578032,-0.0531883739766,0.132143253998,-0.989802585012
0.66,9.178599058,2.082735171,9.411932132,-17.6187063831,1.0465252928,0.119208318074,-0.0531941936583,0.132142633933,-0.989802355048
0.661,9.178577295,2.082852197,9.411936805,-17.6088894049,1.0478462263,0.119223094885,-0.0531962259111,0.132142256363,-0.989802296235
0.662,9.178521684,2.082843496,9.411880648,-17.6107794631,1.04785142366,0.119272473438,-0.0531960796687,0.132141294216,-0.989802432544
0.663,9.17850169,2.08293839,9.41188215,-17.6294213905,1.04784604609,0.119288233316,-0.0531977278902,0.132140948215,-0.989802390153
0.664,9.178532769,2.083221486,9.411975114,-17.6631659146,1.04730255751,0.119268797727,-0.0532026387551,0.132141483767,-0.989802054705
0.665,9.178332922,2.083156415,9.411765821,-17.7067072187,1.04505786157,0.119461834043,-0.053201525052,0.132138027446,-0.989802575989
0.666,9.178429784,2.083430526,9.411920955,-17.7567903895,1.04179497102,0.119362923551,-0.0532062741523,0.13213970048,-0.989802097365
0.667,9.17837512,2.083382589,9.411857036,-17.8144107152,1.03893853564,0.119418580782,-0.0532054466002,0.132138755718,-0.989802267975
0.668,9.178292999,2.083650566,9.411836274,-17.879584351,1.03625113934,0.119515007854,-0.0532101037981,0.132137332486,-0.989802207624
0.669,9.178305262,2.08348589,9.411811778,-17.9486597506,1.03275506957,0.119496114225,-0.0532072454336,0.132137546503,-0.98980233271
0.67,9.178346868,2.083260358,9.411802428,-18.0265525637,1.02878298433,0.119454633271,-0.0532033283405,0.132138267403,-0.989802447027
0.671,9.178339285,2.083359743,9.411817033,-18.1168296809,1.02454790126,0.119463117531,-0.0532050536123,0.132138135871,-0.989802371849
0.672,9.17822353,2.083135455,9.411654504,-18.2103973649,1.01972450109,0.119569711468,-0.0532011704898,0.132136135688,-0.989802847593
0.673,9.178268716,2.082924922,9.411651973,-18.3010181012,1.01447793853,0.11953292708,-0.0531975138746,0.132136918422,-0.989802939634
0.674,9.178215726,2.083054437,9.411628961,-18.3864734111,1.00935046563,0.119586508863,-0.0531997653704,0.132136000546,-0.989802941158
0.675,9.178184816,2.083145823,9.411619045,-18.4628182345,1.0051688982,0.119621823464,-0.053201353582,0.132135465509,-0.989802927219
0.676,9.178226143,2.083018333,9.411631129,-18.5226085569,1.00246636142,0.119570183679,-0.0531991373943,0.132136181925,-0.989802950696
0.677,9.178171315,2.082839677,9.411538121,-18.5572696685,1.00122045181,0.119633509573,-0.0531960418737,0.132135234788,-0.989803243507
0.678,9.178239496,2.082432465,9.411514502,-18.5718541653,1.00084527644,0.119563270162,-0.0531889696692,0.132136417154,-0.989803465728
0.679,9.1782535,2.082791376,9.411607579,-18.5828357076,1.00108765181,0.119545522138,-0.0531951973619,0.132136656233,-0.989803099135
0.68,9.178190759,2.082553436,9.41149374,-18.5954445042,1.00183744652,0.119603857428,-0.0531910731076,0.132135572841,-0.989803465407
0.681,9.178166209,2.082574107,9.411474373,-18.6061382441,1.00253463923,0.119629744212,-0.0531914333754,0.132135148103,-0.989803502747
0.682,9.178101653,2.082965926,9.411498128,-18.6161858359,1.00340011028,0.119696167101,-0.0531982389291,0.132134028443,-0.989803286468
0.683,9.178106578,2.082837458,9.411474499,-18.6272099658,1.00505023916,0.11968548035,-0.053196008659,0.132134115089,-0.989803394767
0.684,9.178073449,2.083161767,9.411513969,-18.6377196156,1.00769321818,0.119711369613,-0.0532016397434,0.132133538965,-0.989803169024
0.685,9.178111336,2.083093542,9.411535815,-18.6467876028,1.01095516233,0.119676407891,-0.0532004523038,0.132134194886,-0.989803145285
0.686,9.178082016,2.083467769,9.411590059,-18.6545032202,1.01436386492,0.11970481928,-0.0532069493416,0.132133685292,-0.989802864086
0.687,9.178067036,2.083481539,9.411578499,-18.6602358072,1.01807873073,0.119711972465,-0.0532071896093,0.132133425603,-0.989802885837
0.688,9.178096824,2.083573264,9.411627853,-18.6669397865,1.02222752065,0.11967612351,-0.0532087786013,0.13213393986,-0.989802731769
0.689,9.178011261,2.083816829,9.411598338,-18.6773784086,1.02718913631,0.119767934234,-0.0532130124512,0.132132458048,-0.989802701975
0.69,9.178046855,2.083742484,9.411616589,-18.6917651614,1.03383143697,0.119723421549,-0.0532117195162,0.132133074882,-0.98980268914
0.691,9.177919343,2.084056559,9.411561784,-18.7045828442,1.04141137293,0.119856433633,-0.0532171804443,0.13213086644,-0.989802690358
0.692,9.177960793,2.083906611,9.411569002,-18.711004087,1.04807188865,0.119813619733,-0.0532145742214,0.132131584846,-0.989802734577
0.693,9.177868759,2.083829903,9.411462268,-18.7144285547,1.05264053089,0.119907337389,-0.0532132509071,0.132129993298,-0.98980301818
0.694,9.177978013,2.083803368,9.411562935,-18.7163782802,1.05578851375,0.119788655029,-0.053212781073,0.132131883073,-0.989802791169
0.695,9.177809078,2.083875267,9.411414113,-18.7212134229,1.05829142209,0.119973869265,-0.0532140428484,0.132128960695,-0.989803113447
0.696,9.17783526,2.083912056,9.411447791,-18.7312693552,1.05960379578,0.119943376092,-0.0532146793625,0.132129413071,-0.989803018839
0.697,9.177893008,2.083879925,9.41149699,-18.7414260596,1.05968820122,0.119889357368,-0.0532141172295,0.132130412836,-0.9898029156
0.698,9.177852324,2.083714286,9.411420642,-18.7564818242,1.05957936277,0.119925599429,-0.05321124625,0.132129710131,-0.989803163752
0.699,9.177803318,2.08422931,9.411486894,-18.7828451334,1.059992254,0.119969615136,-0.0532201875588,0.132128858425,-0.989802796726
0.7,9.177822588,2.083952051,9.41144429,-18.8176445995,1.06076429355,0.119954704766,-0.0532153747041,0.132129194007,-0.989803010698
0.701,9.177812403,2.083614457,9.41135961,-18.8619576039,1.06137119104,0.119964373423,-0.0532095168954,0.132129020775,-0.989803348742
0.702,9.17774781,2.083633252,9.411300781,-18.9174296077,1.06160457079,0.120029617721,-0.0532098479495,0.132127903668,-0.989803480067
0.703,9.177788966,2.083754563,9.411367775,-18.9788459495,1.06104195117,0.119986318059,-0.0532119496619,0.132128614511,-0.989803272191
0.704,9.177661031,2.083487925,9.411183982,-19.0427016222,1.06035592152,0.120110122672,-0.0532073337296,0.132126403272,-0.989803815509
0.705,9.177696791,2.083519623,9.411225871,-19.1088240387,1.06104561963,0.120081747183,-0.0532078801649,0.132127021523,-0.989803703606
0.706,9.17763839,2.083552474,9.411176192,-19.1719250615,1.06350007202,0.120144866408,-0.053208454934,0.132126011518,-0.989803807532
0.707,9.177679363,2.083629837,9.411233277,-19.2188139383,1.06692405378,0.12009550792,-0.0532097945325,0.132126719291,-0.98980364104
0.708,9.177679386,2.083396406,9.41118162,-19.2460380006,1.0705360722,0.120106022183,-0.0532057433582,0.132126721728,-0.989803858489
0.709,9.177669789,2.083427651,9.411179179,-19.2635839721,1.07352812903,0.120112007549,-0.0532062865584,0.132126555647,-0.989803851459
0.71,9.177607306,2.083564164,9.411148468,-19.2713022777,1.07568921092,0.120166007626,-0.0532086607209,0.132125474019,-0.989803868218
0.711,9.177575248,2.08350112,9.411103248,-19.266551189,1.07715665015,0.120209978011,-0.0532075696791,0.132124919117,-0.98980400094
0.712,9.177582313,2.084124516,9.41124817,-19.2546161632,1.07793141917,0.120201153871,-0.0532183864023,0.132125036483,-0.989803403754
0.713,9.177495345,2.084065876,9.411150376,-19.2378511344,1.07815152715,0.120286200981,-0.0532173767682,0.132123533218,-0.989803658702
0.714,9.177556343,2.084291329,9.411259787,-19.2233602461,1.07772326728,0.120220840909,-0.0532212836675,0.132124586589,-0.989803308028
0.715,9.177471904,2.084464415,9.411215779,-19.2160869856,1.07695670445,0.120301384452,-0.0532242939134,0.13212312393,-0.989803341407
0.716,9.17746596,2.085108021,9.411352554,-19.208874146,1.07605148884,0.120313273529,-0.053235463528,0.132123016267,-0.989802755096
0.717,9.177515672,2.085128128,9.411405486,-19.2020691083,1.07503094572,0.120253723957,-0.0532358088446,0.132123875758,-0.989802621795
0.718,9.177480888,2.085370864,9.411425349,-19.2047557998,1.07459352453,0.120279228714,-0.0532400240393,0.132123272059,-0.989802475659
0.719,9.177557957,2.085564906,9.411543499,-19.2160339748,1.07522979587,0.12020427345,-0.0532433850453,0.132124604247,-0.989802117042
0.72,9.177369811,2.085662894,9.411381745,-19.2331426209,1.07628782818,0.120400354166,-0.0532451005266,0.132121349112,-0.989802459271
0.721,9.177372586,2.086014521,9.411462382,-19.2582606512,1.07664192982,0.12039218379,-0.0532512020645,0.132121394335,-0.989802124992
0.722,9.177342602,2.086062919,9.411443871,-19.2923918069,1.07628590464,0.120422964595,-0.0532520447452,0.132120875369,-0.989802148928
0.723,9.177174666,2.086086979,9.411285446,-19.3361716912,1.07591855417,0.120589535895,-0.0532524755846,0.132117969773,-0.989802513589
0.724,9.17719161,2.086236373,9.411335084,-19.3880563149,1.07571795408,0.120574532562,-0.0532550673301,0.132118261864,-0.989802335159
0.725,9.177127379,2.086082066,9.411238245,-19.4476417334,1.07585578087,0.120632021293,-0.0532523948779,0.132117152289,-0.989802627048
0.726,9.177098787,2.086362196,9.411272462,-19.5129171394,1.07603126476,0.120673932718,-0.0532572581776,0.132116655415,-0.989802431707
0.727,9.177131742,2.086382573,9.411309114,-19.5775335621,1.07688849783,0.120627535456,-0.0532576094233,0.13211722573,-0.989802336683
0.728,9.177008574,2.086236572,9.411156645,-19.6411561467,1.07995541197,0.120766229481,-0.0532550854869,0.132115095796,-0.989802756782
0.729,9.177162861,2.086174322,9.411293295,-19.7069333144,1.08437215428,0.120599495123,-0.0532539927674,0.132117765296,-0.989802459255
0.73,9.177124125,2.086117758,9.411242984,-19.7749572134,1.08847909215,0.120640437665,-0.053253013916,0.132117095897,-0.98980260127
0.731,9.177040537,2.086238563,9.411188255,-19.8414770522,1.09184465333,0.120726326168,-0.0532551173829,0.132115648629,-0.989802681275
0.732,9.177044195,2.086349518,9.411216418,-19.9026124417,1.09430706319,0.120722984527,-0.0532570428576,0.132115711598,-0.989802569271
0.733,9.177072273,2.086436294,9.411263034,-19.9573230371,1.09622809685,0.120693857922,-0.0532585460298,0.13211619646,-0.989802423672
0.734,9.176982156,2.086299033,9.411144731,-20.0023173056,1.09817334683,0.120779374381,-0.0532561715485,0.132114639206,-0.989802759291
0.735,9.176876781,2.086126877,9.411003815,-20.0309027482,1.09914014406,0.120896854009,-0.0532531927671,0.13211281797,-0.989803162648
0.736,9.176922395,2.086098371,9.411041975,-20.0441544793,1.09785003527,0.120848411745,-0.0532526939671,0.13211360704,-0.989803084164
0.737,9.176887189,2.085908415,9.41096554,-20.0539479928,1.09510051516,0.120879489113,-0.0532494003427,0.132112998901,-0.98980334253
0.738,9.177008997,2.086026092,9.411110401,-20.0703508515,1.09233711026,0.120759071368,-0.0532514332626,0.132115105395,-0.989802951997
0.739,9.176804742,2.086316519,9.410975608,-20.0880421278,1.09024994024,0.120962643476,-0.0532564891235,0.132111570103,-0.98980315185
0.74,9.176923323,2.086266399,9.411080128,-20.097309799,1.08922158593,0.120840303547,-0.0532556098935,0.132113621946,-0.989802925289
0.741,9.176887484,2.086295303,9.411051588,-20.1030404183,1.08921704681,0.12087509865,-0.0532561149565,0.132113001552,-0.989802980921
0.742,9.176820734,2.086281097,9.410983349,-20.1096280541,1.08964661671,0.120949552506,-0.0532558730525,0.132111847194,-0.989803148013
0.743,9.176926507,2.086170267,9.411061922,-20.108846088,1.08953561399,0.12084468502,-0.053253941422,0.132113677348,-0.989803007664
0.744,9.17684214,2.086425637,9.411036266,-20.0975921939,1.08873844681,0.120919311455,-0.0532583799203,0.132112215882,-0.989802963919
0.745,9.176741251,2.086676988,9.410993616,-20.079209393,1.08759824271,0.121034367421,-0.0532627499447,0.132110469125,-0.989802961915
0.746,9.176803043,2.086739449,9.411067719,-20.0499443075,1.08620759307,0.120973459974,-0.0532638288183,0.13211153739,-0.989802761275
0.747,9.176695756,2.086798198,9.41097613,-20.0065099015,1.08503215559,0.121073149541,-0.0532648574255,0.132109681619,-0.989802953615
0.748,9.176734818,2.08690373,9.41103762,-19.9579073573,1.08366556988,0.121033961795,-0.0532666857465,0.132110355958,-0.989802765221
0.749,9.176692121,2.086787953,9.410970314,-19.9219554966,1.08115106818,0.121079626075,-0.0532646797666,0.132109618531,-0.989802971596
0.75,9.176737338,2.086924391,9.411044659,-19.9106866792,1.07838325328,0.121033709423,-0.0532670433995,0.132110399431,-0.989802740171
0.751,9.176706899,2.087189173,9.411073698,-19.9227579372,1.07658777816,0.121062789153,-0.0532716409749,0.132109871255,-0.989802563234
0.752,9.176687507,2.087513133,9.411126643,-19.9456729617,1.0752692824,0.121077585821,-0.0532772646974,0.132109532538,-0.989802305755
0.753,9.176659366,2.087148839,9.411018404,-19.9690913441,1.0744125217,0.121107541867,-0.0532709451494,0.132109049301,-0.98980271039
0.754,9.176622099,2.08700207,9.410949516,-19.9983133909,1.07401866007,0.121148415542,-0.0532684011995,0.132108405911,-0.989802933175
0.755,9.176704711,2.08707569,9.411046397,-20.0433505025,1.07379798372,0.121050125151,-0.0532696725196,0.132109833723,-0.989802674185
0.756,9.176637832,2.086939601,9.410951004,-20.1061783822,1.07374441341,0.121127643197,-0.0532673163473,0.132108677928,-0.989802955252
0.757,9.176614727,2.087397803,9.411030094,-20.1819489897,1.07371795183,0.121148086366,-0.0532752697116,0.132108274919,-0.98980258099
0.758,9.176605235,2.087174599,9.410971334,-20.258816654,1.07383311876,0.121154712589,-0.0532713963607,0.13210811285,-0.989802811094
0.759,9.176609299,2.087070277,9.41095216,-20.3276525461,1.07436588057,0.12114678158,-0.0532695860054,0.132108183562,-0.989802899088
0.76,9.176555887,2.087296553,9.410950263,-20.3846445986,1.07531949881,0.12120949558,-0.053273517166,0.132107257664,-0.98980281109
0.761,9.17651149,2.087058803,9.410854242,-20.4274746006,1.07662937476,0.121251997257,-0.0532693950845,0.132106492176,-0.989803135109
0.762,9.176552025,2.087170365,9.41091851,-20.4654755673,1.07810285882,0.121212787941,-0.0532713272055,0.132107192603,-0.98980293764
0.763,9.176537475,2.087032105,9.41087366,-20.5124228026,1.08027705022,0.121213393495,-0.0532689292398,0.132106941884,-0.989803100159
0.764,9.1765614,2.087496059,9.410999889,-20.5689383451,1.08391581823,0.121192704016,-0.0532769784868,0.132107352044,-0.989802612191
0.765,9.176630025,2.08726694,9.411015987,-20.6266546485,1.0885029229,0.121127461277,-0.0532729968824,0.132108540494,-0.989802667875
0.766,9.176528737,2.087332663,9.410931798,-20.685355955,1.09353028962,0.121227337597,-0.0532741455434,0.13210678851,-0.989802839886
0.767,9.176514009,2.087658738,9.410989765,-20.7455998676,1.09840975447,0.121234088836,-0.0532798056808,0.132106531131,-0.989802569576
0.768,9.176515397,2.087616622,9.410981777,-20.7979470442,1.10220624702,0.121237396588,-0.0532790744515,0.132106554847,-0.989802605772
0.769,9.176396829,2.087664394,9.41087676,-20.8356628623,1.10477805964,0.121362561497,-0.0532799132097,0.132104504128,-0.989802834325
0.77,9.176441675,2.087739008,9.410937041,-20.8602717973,1.10607290558,0.121318727801,-0.0532812048454,0.132105278576,-0.989802661434
0.771,9.17645071,2.087787765,9.410956666,-20.878236603,1.10691598281,0.121293515958,-0.0532820498107,0.132105435239,-0.98980259504
0.772,9.176371527,2.088255523,9.41098324,-20.8915922643,1.10833650543,0.121383294885,-0.0532901736998,0.13210406112,-0.989802341088
0.773,9.176283194,2.087978973,9.410835746,-20.8914446115,1.10942088815,0.121476349741,-0.0532853813833,0.132102536113,-0.989802802625
0.774,9.1762655,2.088317967,9.410893712,-20.8733408886,1.10953210055,0.121487026173,-0.053291265653,0.132102227486,-0.989802527022
0.775,9.176320193,2.088720134,9.411036292,-20.8433136439,1.10961793482,0.121430871436,-0.053298240553,0.132103169599,-0.989802025728
0.776,9.176177022,2.088726236,9.410898045,-20.8148033862,1.10962522412,0.121579254214,-0.0532983582064,0.132100692987,-0.989802349929
0.777,9.176185051,2.088637395,9.410886157,-20.8019164064,1.10941329833,0.121573309192,-0.0532968157115,0.132100833298,-0.989802414261
0.778,9.176117632,2.088725955,9.410840075,-20.8096329246,1.10923703064,0.12163574597,-0.053298357697,0.132099665799,-0.989802487046
0.779,9.176089368,2.088916614,9.410854834,-20.8349316984,1.10838301271,0.121668859291,-0.0533016687685,0.132099175517,-0.989802374181
0.78,9.176001795,2.088893343,9.41076428,-20.8714616102,1.10652048818,0.12175605023,-0.0533012721402,0.132097661342,-0.98980259762
0.781,9.176043444,2.089148261,9.410861477,-20.9145444306,1.10469749742,0.121711598811,-0.053305692314,0.132098379822,-0.989802263695
0.782,9.175963139,2.088969533,9.410743501,-20.9617846167,1.1034344036,0.121793171958,-0.0533025973597,0.132096992266,-0.98980261555
0.783,9.175999558,2.089110298,9.410810258,-21.0147312523,1.10276900981,0.121754757403,-0.053305037801,0.132097620988,-0.989802400217
0.784,9.175899831,2.08900191,9.41068896,-21.0744142078,1.10287353455,0.121858637349,-0.0533031651837,0.132095896832,-0.989802731165
0.785,9.175875303,2.089037803,9.410673011,-21.1356545755,1.10301085096,0.121881241044,-0.0533037899143,0.132095472398,-0.989802754165
0.786,9.175801304,2.089088602,9.410612135,-21.1946859891,1.10399828417,0.121945805454,-0.053304677633,0.132094192062,-0.989802877227
0.787,9.175927367,2.089089491,9.41073525,-21.2536296293,1.10737241602,0.121827993215,-0.0533046826899,0.132096372757,-0.989802585927
0.79,9.175779108,2.089093016,9.410591473,-21.3957223402,1.12028960382,0.121965033924,-0.0533047555088,0.132093808409,-0.989802924233
0.791,9.175728147,2.089315423,9.410591159,-21.4381451061,1.1227107638,0.122024364504,-0.0533086190968,0.132092925246,-0.989802834018
0.792,9.175776591,2.089335316,9.410642811,-21.48138939,1.12412890347,0.121975480073,-0.0533089607971,0.132093762985,-0.989802703815
0.793,9.175789745,2.089463499,9.410684096,-21.5205650193,1.12499878675,0.121953082402,-0.0533111842458,0.132093989248,-0.989802553866
0.794,9.175682494,2.089376142,9.410560127,-21.5578725591,1.12615049048,0.122057169069,-0.0533096770398,0.132092134878,-0.989802882516
0.795,9.175635288,2.089295929,9.41049629,-21.5973931568,1.12754205369,0.122113771789,-0.0533082881559,0.132091318817,-0.989803066224
0.796,9.175528543,2.089357525,9.410405885,-21.6390113255,1.128480021,0.122214386376,-0.0533093663839,0.132089471936,-0.989803254622
0.797,9.175603057,2.089126364,9.410427219,-21.6828918699,1.12906406105,0.122138401565,-0.0533053483962,0.132090763277,-0.989803298686
0.798,9.175531939,2.088879371,9.410303045,-21.7327065959,1.12976669673,0.122199868453,-0.0533010679695,0.132089534533,-0.989803693174
0.799,9.175552988,2.089327208,9.410422988,-21.7847662791,1.13071818603,0.122197484557,-0.0533088381459,0.132089895279,-0.989803226576
0.8,9.175555825,2.089003207,9.410353824,-21.8310763297,1.13138643599,0.122194329763,-0.0533032153215,0.132089946328,-0.989803522582
0.801,9.1755807,2.089091164,9.410397604,-21.8672461856,1.13168036688,0.122159648863,-0.0533047400285,0.132090375956,-0.989803383137
0.802,9.175544709,2.089465767,9.410445681,-21.8829442797,1.13186515281,0.122203112122,-0.0533112437518,0.132089750896,-0.98980311628
0.803,9.175479773,2.089508821,9.410391925,-21.8761672035,1.1317480147,0.122274121938,-0.0533119960387,0.132088627619,-0.989803225663
0.804,9.175468983,2.08946529,9.410371738,-21.8598578999,1.13133297308,0.122285094778,-0.0533112417119,0.132088440874,-0.989803291212
0.805,9.175490838,2.089647373,9.410433479,-21.837387825,1.13061548154,0.122260734887,-0.0533143996498,0.132088817162,-0.989803070904
0.806,9.175462501,2.089963167,9.410475979,-21.8041725699,1.13002152562,0.122275615433,-0.0533198815755,0.132088324976,-0.989802841294
0.807,9.175520759,2.089919864,9.410523165,-21.7666989111,1.13010471381,0.122230818169,-0.053319125639,0.132089332592,-0.989802747549
0.808,9.175377397,2.090077183,9.410418323,-21.7333074347,1.13004320556,0.12238132148,-0.053321867261,0.132086852236,-0.98980293086
0.809,9.175361198,2.0900676,9.4104004,-21.7027232365,1.12894048774,0.122393863289,-0.0533217021093,0.132086571757,-0.989802977186
0.81,9.175438816,2.090672996,9.410610556,-21.6756638827,1.12748886904,0.122304876306,-0.0533322020504,0.132087909224,-0.989802233005
0.811,9.175355692,2.090517636,9.410494995,-21.6529448749,1.12683239033,0.122393894365,-0.053329512358,0.132086472813,-0.989802569612
0.812,9.175267066,2.090689704,9.41044681,-21.6331200277,1.12668887941,0.122482881789,-0.0533325057288,0.132084939077,-0.989802613
0.813,9.175277389,2.090576865,9.410431807,-21.6240625974,1.1263171182,0.122464260036,-0.0533305465561,0.13208511833,-0.989802694642
0.814,9.175170904,2.090765631,9.410369921,-21.6364230808,1.12559783826,0.122576521353,-0.0533338312225,0.132083274868,-0.989802763659
0.815,9.175138799,2.090608331,9.41030367,-21.6700980105,1.12451322493,0.122614879819,-0.0533311035807,0.132082721308,-0.989802984499
0.816,9.175138226,2.090833251,9.410353083,-21.7226033506,1.12394530203,0.122599838279,-0.053335007115,0.13208270898,-0.989802775812
0.817,9.175062301,2.090769968,9.410264996,-21.7921947304,1.12419274636,0.122682542003,-0.053333915553,0.132081395948,-0.989803009844
0.818,9.175105634,2.090699745,9.410291644,-21.8732046633,1.12456434005,0.12263821672,-0.0533326932962,0.132082146827,-0.989802975503
0.819,9.175088331,2.090704734,9.410275881,-21.9588360301,1.12537669686,0.122653792385,-0.0533327815262,0.132081847214,-0.989803010731
0.82,9.17502709,2.090692695,9.410213496,-22.0439232555,1.12651057257,0.122720154573,-0.0533325772937,0.132080788197,-0.989803163052
0.821,9.175146867,2.09074173,9.410341174,-22.1255923227,1.12721778297,0.122589878053,-0.0533334178642,0.132082859133,-0.989802841409
0.822,9.175161193,2.090869563,9.410383544,-22.1977283281,1.12788903535,0.122574991745,-0.0533356358327,0.132083106563,-0.989802688878
0.823,9.175081915,2.090884318,9.410309526,-22.2539480262,1.12888933443,0.12265348899,-0.0533358985429,0.132081734661,-0.989802857793
0.824,9.175041681,2.091013018,9.410298894,-22.2995856222,1.1298429503,0.122699204315,-0.0533381345335,0.132081038099,-0.989802830254
0.825,9.174991052,2.091254967,9.410303297,-22.3368050644,1.13036442894,0.122741704622,-0.0533423370453,0.132080160501,-0.98980272089
0.826,9.174950086,2.09110793,9.41023068,-22.3568467693,1.13048196083,0.12278762117,-0.0533397893958,0.132079452581,-0.989802952649
0.827,9.175012733,2.091400242,9.410356722,-22.3599486807,1.13026827359,0.122735413218,-0.0533448564161,0.132080534166,-0.98980253525
0.828,9.174963012,2.091388758,9.410305692,-22.3582560812,1.12982367823,0.122770255649,-0.0533446613748,0.132079673947,-0.989802660551
0.829,9.174969569,2.091474188,9.410331071,-22.3620812844,1.12947998477,0.122761841445,-0.0533461438371,0.132079786655,-0.989802565613
0.83,9.174882022,2.091453232,9.410241057,-22.3759472017,1.12926757749,0.122853067822,-0.0533457871989,0.132078272488,-0.989802786885
0.831,9.174837518,2.09162733,9.410236361,-22.4012057231,1.12898924354,0.122903900941,-0.0533488115837,0.132077501938,-0.989802726701
0.832,9.174800955,2.091549033,9.41018331,-22.4347522741,1.12849390155,0.122933059053,-0.0533474558774,0.132076869896,-0.989802884109
0.833,9.174812248,2.091745473,9.410237984,-22.4727567987,1.12787622751,0.122913506937,-0.0533508639481,0.132077063645,-0.989802674564
0.834,9.174732252,2.091492363,9.41010373,-22.5167771871,1.12722947751,0.123002003578,-0.053346478549,0.132075682229,-0.989803095262
0.835,9.174612185,2.091775386,9.410049575,-22.5673503009,1.12600798964,0.123123724057,-0.0533513996746,0.13207360274,-0.989803107498
0.836,9.174606244,2.091864063,9.410063496,-22.6186921915,1.12409303867,0.123126611488,-0.053352939163,0.132073499796,-0.989803038253
0.837,9.174668122,2.092190772,9.410196458,-22.667086483,1.12339996744,0.123059707759,-0.0533586036702,0.132074566904,-0.989802590516
0.838,9.174652692,2.091993406,9.410137535,-22.7135647233,1.12566066357,0.123070680928,-0.0533551794589,0.132074302102,-0.989802810437
0.839,9.174641199,2.09233325,9.410201887,-22.7555203522,1.12985174049,0.123091713122,-0.0533610784977,0.132074099958,-0.989802519406
0.84,9.174646331,2.092237019,9.410185495,-22.7873435175,1.1342546379,0.123083408761,-0.0533594075935,0.132074189703,-0.989802597509
0.841,9.174482908,2.092095135,9.409994617,-22.8138244839,1.13850866948,0.123245073751,-0.0533569586873,0.132071364589,-0.989803106489
0.842,9.174545057,2.092296933,9.410100077,-22.8427131946,1.14251668188,0.123177604743,-0.0533604557004,0.132072437771,-0.989802774773
0.843,9.174514286,2.092407592,9.410094682,-22.8741186716,1.14561181899,0.123207372143,-0.053362378343,0.132071904486,-0.989802742279
0.844,9.17450408,2.092333305,9.410068213,-22.9072701447,1.14889793425,0.12320750574,-0.0533610900728,0.132071728618,-0.989802835198
0.845,9.174332614,2.092412152,9.409918571,-22.9428860129,1.15365150224,0.12338563187,-0.053362472926,0.132068762037,-0.98980315648
0.846,9.17429789,2.092436746,9.409890186,-22.9839299035,1.1593876712,0.123414233475,-0.0533629027591,0.132068161147,-0.989803213483
0.847,9.174346045,2.092588066,9.409970784,-23.0317278856,1.16654330007,0.123368969153,-0.0533655237976,0.132068992689,-0.98980296122
0.848,9.17429212,2.092960594,9.41000106,-23.0798418977,1.17417298954,0.123427608757,-0.0533719935255,0.132068057647,-0.989802737143
0.849,9.174208151,2.093194685,9.409971263,-23.1229992614,1.18012206597,0.123496379156,-0.0533760620992,0.132066602738,-0.989802711875
0.85,9.1740607,2.093061198,9.409797815,-23.163426387,1.18407143054,0.12364636479,-0.0533737584476,0.132064053817,-0.989803176191
0.851,9.17415076,2.093034079,9.409879586,-23.2068494338,1.18711660293,0.123563786387,-0.0533732797397,0.132065612077,-0.989802994094
0.852,9.174025499,2.093259647,9.409807639,-23.2536254311,1.19021861046,0.123693467984,-0.053377205237,0.13206344373,-0.989803071723
0.853,9.174087531,2.093361076,9.40989068,-23.2897500106,1.19341691485,0.123618035352,-0.0533789599936,0.132064515732,-0.989802834061
0.854,9.174050478,2.093232863,9.409826034,-23.30767559,1.19671378342,0.123652856631,-0.0533767381582,0.132063875896,-0.989803039249
0.855,9.173834669,2.093353947,9.40964257,-23.3149340673,1.20062615501,0.123869048719,-0.0533788569484,0.13206014198,-0.989803423176
0.856,9.173880248,2.093308506,9.409676897,-23.3163166428,1.20475457354,0.123837388222,-0.0533780644143,0.132060930334,-0.989803360733
0.857,9.173643502,2.093471606,9.40948237,-23.3151388803,1.20716436965,0.124065157041,-0.0533809147976,0.1320568344,-0.98980375349
0.858,9.173796725,2.093753975,9.409694578,-23.3136723577,1.20705131481,0.123913014781,-0.0533858022992,0.132059482241,-0.98980313662
0.859,9.173683561,2.093957868,9.409629623,-23.3078764279,1.20544207477,0.124031284772,-0.0533893499434,0.13205752327,-0.989803206633
0.86,9.173581968,2.093846478,9.409505789,-23.293826523,1.2034644388,0.124128203736,-0.0533874243203,0.132055767487,-0.989803544749
0.861,9.173510478,2.093872881,9.409441967,-23.2786127774,1.20146750528,0.124209517827,-0.0533878891527,0.132054530057,-0.989803684769
0.862,9.173498784,2.09401068,9.409461232,-23.2706530392,1.20004378027,0.124226266763,-0.0533902814483,0.132054327304,-0.989803582782
0.863,9.173431154,2.094026653,9.409398852,-23.2665697107,1.19997818473,0.124296966552,-0.0533905634193,0.132053156773,-0.989803723737
0.864,9.173386372,2.094176632,9.409388572,-23.2627603447,1.20056714474,0.124333469607,-0.0533931698711,0.132052381633,-0.989803686554
0.865,9.173259136,2.093813117,9.409183628,-23.2658794599,1.20106023017,0.124452900199,-0.0533868718387,0.132050183182,-0.989804319569
0.866,9.173144167,2.09390811,9.409092682,-23.2827397122,1.20127922268,0.12457908047,-0.0533885300361,0.132048194228,-0.989804495475
0.867,9.173016851,2.093738017,9.408930706,-23.3138035114,1.20019967862,0.124710534491,-0.053385588942,0.132045993972,-0.989804947638
0.868,9.173201571,2.093904594,9.409147863,-23.3565440845,1.19811126678,0.124517781347,-0.0533884640375,0.132049187581,-0.989804366512
0.869,9.173199644,2.093460682,9.409047207,-23.4074536209,1.19616984943,0.12452675559,-0.05338076147,0.132049157399,-0.989804785973
0.87,9.173105177,2.093959568,9.409066121,-23.4624909589,1.19436152065,0.124621823318,-0.0533894262034,0.132047519244,-0.989804537185
0.871,9.173020199,2.093996705,9.408991539,-23.5172059476,1.192420342,0.124700616413,-0.0533900776614,0.132046049134,-0.989804698168
0.872,9.172929549,2.093802479,9.408859938,-23.5716790567,1.19043261837,0.124789771937,-0.0533867144695,0.132044483485,-0.989805088439
0.873,9.173005194,2.09386501,9.408947602,-23.6277733542,1.1885073516,0.124723240952,-0.0533877933427,0.132045791372,-0.989804855769
0.874,9.17300923,2.093974628,9.408975931,-23.6797371803,1.18669488796,0.124718902175,-0.0533896954157,0.132045860141,-0.989804743999
0.875,9.172990964,2.093675237,9.408891498,-23.7229675707,1.18480951681,0.124729108975,-0.0533845012916,0.132045545903,-0.989805066076
0.876,9.172925228,2.093650095,9.408821815,-23.7642472454,1.18359788674,0.124796175227,-0.0533840702288,0.132044409243,-0.989805240961
0.877,9.172878288,2.094127402,9.408882275,-23.8046219599,1.18437858618,0.124843357257,-0.053392357641,0.132043593328,-0.9898049028
0.878,9.172829824,2.094137151,9.408837196,-23.8370064998,1.1866619482,0.124895346248,-0.0533925310481,0.132042755024,-0.989805005278
0.879,9.172970097,2.094226623,9.408993865,-23.8626372411,1.18924770363,0.124741862468,-0.0533940712891,0.132045180844,-0.989804598578
0.88,9.17290101,2.094030543,9.408882869,-23.8934175645,1.19088750989,0.124814980379,-0.053390675005,0.132043988055,-0.989804940906
0.881,9.172723365,2.09396565,9.408695238,-23.9326932453,1.19002366031,0.124999478024,-0.0533895629442,0.132040915428,-0.989805410786
0.882,9.172707126,2.094306082,9.408755178,-23.9666998029,1.18702986361,0.125009237101,-0.0533954717659,0.132040631627,-0.989805129909
0.883,9.172768786,2.094256027,9.408804148,-23.9897252606,1.18377307401,0.124944402426,-0.0533945981159,0.132041698691,-0.989805034691
0.884,9.172744725,2.094321685,9.408795306,-24.0097114577,1.18108942059,0.124962559465,-0.0533957394208,0.132041281652,-0.989805028756
0.885,9.172572225,2.094313093,9.408625222,-24.0321474571,1.17982781492,0.125143157584,-0.0533956045918,0.132038298192,-0.989805434023
0.886,9.172574347,2.09442893,9.408653075,-24.0539992752,1.18016457219,0.125143555103,-0.0533976150292,0.132038334708,-0.989805320695
0.887,9.172589875,2.094577828,9.408701361,-24.0718683913,1.1811657593,0.125121350499,-0.0534001979072,0.132038602126,-0.989805145679
0.888,9.172389013,2.094729381,9.40853928,-24.0864848058,1.18156582235,0.125328410534,-0.0534028437447,0.13203512651,-0.989805466568
0.889,9.172521307,2.094659901,9.408652785,-24.0976748405,1.18187724991,0.125189001866,-0.0534016277438,0.132037414601,-0.989805226951
0.89,9.172458613,2.095233912,9.408719474,-24.10663987,1.18406349649,0.125249882633,-0.0534115938598,0.132036326419,-0.989804834372
0.891,9.172367491,2.095425934,9.408673405,-24.1145711624,1.1872397269,0.125348283096,-0.0534149332094,0.132034747934,-0.989804864733
0.892,9.172263067,2.095272687,9.408537474,-24.1262302807,1.18899495119,0.125452929605,-0.0534122821522,0.132032943438,-0.989805248502
0.893,9.172376778,2.095786636,9.408762797,-24.1411147206,1.18871979664,0.125342823855,-0.0534211916976,0.132034906312,-0.989804505846
0.894,9.172403085,2.095775839,9.408786038,-24.1521669979,1.18756172879,0.125307457783,-0.0534210027524,0.132035361238,-0.989804455359
0.895,9.172290768,2.095892284,9.408702482,-24.1646070311,1.18632823127,0.125416773616,-0.053423032454,0.132033417337,-0.989804605116
0.896,9.172143807,2.096054089,9.40859526,-24.1837372014,1.18394417121,0.125571920202,-0.0534258528056,0.132030874173,-0.989804792127
0.897,9.172239115,2.096201048,9.408720913,-24.2067370439,1.17988783086,0.125473181105,-0.0534283944107,0.132032521816,-0.989804435156
0.898,9.172184364,2.096511737,9.408736763,-24.23278064,1.17558059007,0.125521210971,-0.0534337910677,0.132031571995,-0.989804270535
0.899,9.171937167,2.096404317,9.408471845,-24.2635848493,1.17209080085,0.125773312441,-0.0534319470497,0.132027297069,-0.98980494031
0.9,9.172007087,2.096598963,9.40858338,-24.3006824467,1.16945192064,0.125694825862,-0.0534353188104,0.13202850508,-0.989804597155
0.901,9.172060281,2.096412672,9.408593726,-24.343441307,1.16759572045,0.125643867934,-0.0534320821971,0.13202942673,-0.989804648943
0.902,9.171882264,2.096581003,9.408457693,-24.3911038126,1.16677446975,0.125812739541,-0.0534350180154,0.132026346337,-0.989804901343
0.903,9.171886667,2.096844282,9.408520658,-24.4347859755,1.16833792933,0.125811253902,-0.0534395855799,0.132026420235,-0.989804644894
0.904,9.172006343,2.09677875,9.408622719,-24.4640452652,1.17346094709,0.125701537567,-0.0534384388777,0.13202849112,-0.989804430574
0.905,9.171861993,2.09663718,9.408450451,-24.4856438705,1.18125504963,0.125836094963,-0.0534359938464,0.132025995213,-0.989804895497
0.906,9.171798315,2.096586981,9.408377188,-24.5111628995,1.1891445634,0.125889131561,-0.0534351278225,0.13202489469,-0.989805089044
0.907,9.171699913,2.097054993,9.408385565,-24.5430354885,1.19526221625,0.12598671899,-0.0534432579506,0.132023188726,-0.989804877649
0.908,9.171748078,2.09691253,9.408400765,-24.5799714131,1.19959420811,0.125943248112,-0.0534407816061,0.132024022893,-0.989804900089
0.909,9.17163372,2.096838705,9.408272831,-24.621636447,1.20213286335,0.126052845188,-0.0534395099081,0.132022045022,-0.989805232563
0.91,9.171580825,2.096725366,9.408196006,-24.6677062358,1.20304695168,0.126104374367,-0.0534375478091,0.132021131486,-0.989805460343
0.911,9.171538114,2.09691054,9.408195639,-24.7140936526,1.20323741781,0.126146087348,-0.0534407643181,0.132020391418,-0.989805385396
0.912,9.171438864,2.097044214,9.40812868,-24.7531119421,1.20246028442,0.126253515807,-0.0534430921179,0.132018673017,-0.989805488912
0.913,9.171373582,2.096952265,9.408044546,-24.7792605809,1.19997184393,0.126310810699,-0.0534415020676,0.132017544685,-0.989805725257
0.914,9.171364578,2.097014742,9.408049694,-24.7936664384,1.19693542346,0.126309674326,-0.0534425871496,0.132017388944,-0.989805687443
0.915,9.171241541,2.097221616,9.407975867,-24.8052334271,1.19458039428,0.12644011187,-0.0534461866046,0.132015259068,-0.989805777166
0.916,9.171209355,2.097102425,9.407917921,-24.8219674356,1.19248015372,0.126474535188,-0.0534441209128,0.132014703212,-0.989805962841
0.917,9.171212198,2.097526909,9.408015323,-24.844602144,1.19063593111,0.126466524808,-0.0534514869507,0.132014748473,-0.989805559051
0.918,9.171146866,2.097272155,9.40789484,-24.8670057184,1.18918014707,0.126526935737,-0.0534470714389,0.132013620545,-0.989805947924
0.919,9.171167489,2.097117,9.407880357,-24.8791366747,1.18742137623,0.126519862249,-0.053444377601,0.132013979234,-0.989806045541
0.92,9.171002991,2.097227832,9.407744705,-24.8797723879,1.18515703833,0.126679555556,-0.0534463145321,0.13201113319,-0.989806320538
0.921,9.170892709,2.097315849,9.40765682,-24.8730599214,1.18284299533,0.126785849459,-0.0534478510271,0.132009224996,-0.989806492066
0.922,9.170908548,2.097309312,9.407670804,-24.8539414882,1.18046254742,0.126764159359,-0.0534477361266,0.132009498333,-0.989806461816
0.923,9.170989459,2.097093041,9.407701467,-24.8248055182,1.17841618156,0.126691177104,-0.0534439767841,0.132010899641,-0.989806477914
0.924,9.170796059,2.097862645,9.407684521,-24.8019962604,1.17820699234,0.126872929852,-0.0534573474692,0.132007548691,-0.989806202794
0.925,9.170879282,2.097737401,9.40773772,-24.7895706261,1.18159810229,0.126792019224,-0.0534551674829,0.132008988436,-0.989806128513
0.926,9.17087303,2.097955378,9.407780232,-24.7820341056,1.18892371673,0.126796024811,-0.053458950788,0.132008879457,-0.98980593872
0.927,9.17079181,2.097500102,9.40759954,-24.783828885,1.19906013816,0.126877618916,-0.0534510564063,0.132007477446,-0.989806552043
0.928,9.170692328,2.097897409,9.407591153,-24.8008989276,1.20915388646,0.126975656797,-0.0534579596931,0.132005754041,-0.989806409075
0.929,9.170606396,2.09813355,9.407560049,-24.8289003951,1.2167179154,0.127050471724,-0.0534620638173,0.132004265236,-0.989806385962
0.93,9.170719523,2.098328679,9.407713847,-24.8619428185,1.22145129325,0.126937537952,-0.0534654411157,0.13200622075,-0.989805942743
0.931,9.170574991,2.098309561,9.407568691,-24.8939127589,1.2234065932,0.127086855633,-0.0534651207738,0.132003721031,-0.98980629342
0.932,9.170426832,2.09803824,9.407363751,-24.9212331736,1.22357360097,0.127222394923,-0.0534604246793,0.132001160498,-0.98980688855
0.933,9.170358618,2.098065896,9.407303423,-24.9509484055,1.22383767506,0.127295032312,-0.0534609105388,0.131999980798,-0.989807019632
0.934,9.170361472,2.097856193,9.407259438,-24.9902762926,1.22401669044,0.127290556691,-0.0534572709417,0.132000031723,-0.989807209414
0.935,9.170173744,2.098004947,9.407109612,-25.0402746251,1.22293537586,0.127474786907,-0.0534598682544,0.131996783864,-0.989807502263
0.936,9.170081543,2.098080792,9.407036649,-25.0974833703,1.22080986571,0.127567976073,-0.0534611916629,0.13199518828,-0.989807643564
0.937,9.170046399,2.097798465,9.406939426,-25.1582120686,1.21779878409,0.127601546014,-0.053456295714,0.13199458217,-0.989807988817
0.938,9.169972571,2.098276437,9.40697406,-25.2190236604,1.21355396408,0.127681933315,-0.0534645957967,0.131993301582,-0.989807711292
0.939,9.169886537,2.098137896,9.406859292,-25.2770357642,1.20854847869,0.127766571143,-0.0534621988145,0.131991814241,-0.989808039102
0.94,9.169735448,2.0984896,9.406790461,-25.3303681938,1.20376334111,0.127911948777,-0.0534683144097,0.131989198384,-0.989808057587
0.941,9.169801939,2.098621095,9.406884612,-25.3758818494,1.19978746951,0.127845845973,-0.0534705904654,0.131990347207,-0.98980778144
0.942,9.169740016,2.098464041,9.406789213,-25.4144820571,1.19730682666,0.127908464915,-0.0534678707105,0.131989278169,-0.989808070916
0.943,9.169657004,2.098558323,9.406729326,-25.4485843777,1.19767449566,0.127993402346,-0.0534695131918,0.131987841391,-0.989808173781
0.944,9.169567777,2.098628875,9.406658087,-25.4829418664,1.20130356908,0.128078586225,-0.0534707445475,0.131986297315,-0.989808313159
0.945,9.169519698,2.098452775,9.406571933,-25.5266087196,1.20710689114,0.128120226542,-0.0534676934408,0.131985467341,-0.989808588652
0.946,9.169407397,2.098644284,9.406505188,-25.5776537662,1.21411665792,0.128234821133,-0.0534710255378,0.131983522844,-0.989808667938
0.947,9.169415318,2.099156107,9.406627112,-25.6138396116,1.21996139031,0.128232301037,-0.0534799065546,0.131983656163,-0.989808170355
0.948,9.169235653,2.098795439,9.406371498,-25.6255894056,1.22216758966,0.128409465011,-0.0534736628284,0.131980551628,-0.989808921649
0.949,9.169309169,2.098993179,9.406487283,-25.6201249213,1.22217469391,0.128338454366,-0.0534770877224,0.131981821223,-0.989808567328
0.95,9.169171088,2.0991844,9.406395355,-25.5945472606,1.22329868536,0.128478624148,-0.0534804174014,0.131979431338,-0.989808706093
0.951,9.169195578,2.099189937,9.406420464,-25.5561652978,1.22631756166,0.1284471139,-0.053480511405,0.131979855047,-0.989808644518
0.952,9.169132504,2.099447714,9.406416511,-25.5274475855,1.2299402577,0.128507344378,-0.0534849898133,0.131978761622,-0.989808548329
0.953,9.169020716,2.099142972,9.40623953,-25.5224053506,1.23288359731,0.128623422825,-0.0534797111659,0.131976831081,-0.989809090962
0.954,9.168931652,2.099365256,9.406202321,-25.5430781037,1.23467002348,0.128716279104,-0.0534835759951,0.131975288528,-0.989809087813
0.955,9.168883589,2.099447748,9.406173883,-25.5815978892,1.23595699642,0.128745271089,-0.0534850115059,0.131974456197,-0.989809121223
0.956,9.16891043,2.099566337,9.406226517,-25.628263272,1.23883955261,0.128717226107,-0.0534870665286,0.13197491989,-0.98980894835
0.957,9.168747598,2.099402491,9.406031222,-25.6765186621,1.24385482141,0.128887777791,-0.0534842373689,0.131972104573,-0.9898094766
0.958,9.168654724,2.099426905,9.40594614,-25.7231571328,1.24900738845,0.128980269884,-0.0534846681903,0.131970498305,-0.989809667484
0.959,9.168641498,2.099370041,9.405920555,-25.7645861116,1.25302323555,0.128989211884,-0.0534836825172,0.131970270009,-0.989809751184
0.96,9.168575626,2.09959495,9.405906547,-25.7971309779,1.25568247053,0.129051050057,-0.0534875909371,0.131969128503,-0.989809692182
0.961,9.168595346,2.100055609,9.406028608,-25.8237729117,1.25823142941,0.129028614722,-0.0534955838425,0.13196946548,-0.989809215299
0.962,9.168426192,2.099468944,9.405732756,-25.8538049082,1.26249239488,0.12920482617,-0.0534854168395,0.131966544643,-0.989810154161
0.963,9.168309536,2.099598072,9.405647868,-25.8949244731,1.26743853952,0.129315413783,-0.0534876670763,0.13196452649,-0.989810301633
0.964,9.168313202,2.09959264,9.405650228,-25.9477707167,1.27072744285,0.12931864555,-0.0534875723689,0.131964589866,-0.989810298301
0.965,9.168200829,2.099529663,9.405526633,-26.0116374835,1.27128320639,0.1294395026,-0.0534864884728,0.131962646927,-0.989810615909
0.966,9.168088618,2.099801399,9.405477916,-26.0818915025,1.26939505171,0.12954928163,-0.0534912134434,0.131960703725,-0.989810619642
0.967,9.168001168,2.099769262,9.405385498,-26.147923556,1.26556691885,0.129639948175,-0.0534906634042,0.131959191066,-0.989810851032
0.968,9.167902601,2.099523815,9.405234625,-26.2073368791,1.26025679802,0.129741388301,-0.0534864113365,0.131957488048,-0.989811307851
0.969,9.16772677,2.099880477,9.405142856,-26.2646160918,1.254240623,0.12992620843,-0.0534926155206,0.131954443903,-0.989811378405
0.97,9.167709304,2.099654061,9.405075282,-26.3173389832,1.24787692797,0.129939369653,-0.0534886881584,0.13195414336,-0.98981163071
0.971,9.167576182,2.099771745,9.404971794,-26.3503894133,1.24127750093,0.130070878102,-0.0534907411704,0.131951840422,-0.989811826772
0.972,9.167569202,2.099958701,9.405006732,-26.3514427881,1.23391465469,0.130072574596,-0.0534939856748,0.131951718247,-0.989811667717
0.973,9.167526493,2.100066943,9.40498927,-26.3324811718,1.22612231972,0.130120633408,-0.0534958679204,0.131950978739,-0.989811664573
0.974,9.167389281,2.100122945,9.404868027,-26.3144426623,1.21947572935,0.130259221151,-0.0534968505786,0.131948604184,-0.989811928011
0.975,9.167377506,2.099937282,9.404815092,-26.308516833,1.21515259578,0.130261073017,-0.0534936299763,0.131948402765,-0.989812128921
0.976,9.167409271,2.100339017,9.404935764,-26.3180221751,1.21260907653,0.130239302915,-0.0535005991724,0.131948948175,-0.989811679545
0.977,9.167300629,2.100238616,9.404807445,-26.340340688,1.20998637403,0.130349900964,-0.0534988651209,0.131947070625,-0.98981202356
0.978,9.167226751,2.100550469,9.404805079,-26.3688327223,1.20648257903,0.130417946929,-0.0535042828184,0.131945789901,-0.989811901448
0.979,9.167130252,2.100878676,9.404784328,-26.393783252,1.20377636647,0.130494402792,-0.0535099867551,0.131944117681,-0.989811816017
0.98,9.167119371,2.101072275,9.404816971,-26.4130535695,1.20465115509,0.130503341005,-0.0535133476094,0.131943928352,-0.989811659559
0.981,9.166864958,2.101099482,9.404575067,-26.4330129862,1.20897499554,0.130767071653,-0.0535138403745,0.13193952798,-0.989812219487
0.982,9.166851153,2.101519274,9.404655407,-26.4591647651,1.21500706907,0.130765719848,-0.0535211258123,0.131939285621,-0.989811857881
0.983,9.166779383,2.101525927,9.404586938,-26.4950790206,1.22321603603,0.130816855156,-0.0535212469669,0.13193804369,-0.989812016875
0.984,9.166783921,2.101721914,9.404635158,-26.5417491093,1.23415133567,0.130814842491,-0.0535246479535,0.131938121155,-0.989811822645
0.985,9.166500349,2.101898292,9.404398178,-26.5959673669,1.24555291418,0.131096048681,-0.0535277316442,0.131933214304,-0.98981230994
0.986,9.166428016,2.102146057,9.404383053,-26.650351085,1.25418519032,0.131158292846,-0.0535320373891,0.131931961722,-0.989812244039
0.987,9.166407208,2.102074465,9.404346769,-26.7019839669,1.26049595053,0.131162349036,-0.0535307966141,0.131931602226,-0.98981235906
0.988,9.166231745,2.102024286,9.40416453,-26.753649687,1.26693321938,0.131342339292,-0.0535299402256,0.131928567589,-0.989812809855
0.989,9.166071654,2.10231835,9.404074224,-26.8038188308,1.27328500618,0.131494481565,-0.0535350566801,0.131925796667,-0.989812902462
0.99,9.16594455,2.102337862,9.4039547,-26.8451791977,1.27879347095,0.131615862537,-0.0535354060549,0.13192359722,-0.989813176713
0.991,9.165785516,2.102515455,9.403839395,-26.8675180173,1.28328954123,0.131767813143,-0.0535385006206,0.131920845354,-0.989813376103
0.992,9.16568249,2.102643285,9.403767558,-26.8654244668,1.28770246978,0.131863287917,-0.0535407269448,0.131919062693,-0.989813493268
0.993,9.165460857,2.102994175,9.403630002,-26.8396885798,1.29379586675,0.132087134434,-0.0535468346432,0.1319152261,-0.989813674195
0.994,9.165385447,2.102900316,9.403535512,-26.7947760995,1.30162182652,0.132161531464,-0.0535452121094,0.131913922451,-0.989813935709
0.995,9.165316162,2.103293357,9.403555885,-26.7426904541,1.30922945153,0.132235197955,-0.0535520387851,0.131912720551,-0.989813726566
0.996,9.165093837,2.103303273,9.403341411,-26.6947053826,1.31489666251,0.132470017928,-0.0535522283754,0.131908875563,-0.989814228724
0.997,9.164950545,2.103231337,9.40318566,-26.6561617189,1.31740776518,0.132612955682,-0.0535509923901,0.131906397131,-0.989814625882
0.998,9.164802216,2.103204065,9.403034988,-26.6359378528,1.31610563091,0.132764344789,-0.0535505315547,0.131903832144,-0.98981499263
0.999,9.164636061,2.103797632,9.403005828,-26.6371539709,1.31138199743,0.132933319359,-0.0535608448685,0.131900953473,-0.989814818221
1,9.164524118,2.103689772,9.402872591,-26.6535713027,1.30436412608,0.133053575488,-0.0535589828317,0.131899017555,-0.989815176953
1.001,9.164269942,2.103436546,9.402568207,-26.6948489901,1.29671702157,0.133311714551,-0.0535546092345,0.131894623773,-0.989815999087
1.002,9.164171028,2.103492044,9.402484215,-26.7771865242,1.28984828024,0.133415066146,-0.0535555798486,0.131892911835,-0.989816174688
1.003,9.163854861,2.103590464,9.402198081,-26.8885916174,1.28399159113,0.133729896415,-0.0535573144101,0.131887443218,-0.989816809513
1.004,9.163792319,2.103395798,9.402093573,-27.0062786527,1.27845983456,0.133799478218,-0.0535539407752,0.131886362264,-0.989817136079
1.005,9.163714212,2.103212782,9.401976503,-27.1218156696,1.27371458886,0.133874400351,-0.0535507717808,0.131885012745,-0.989817487345
1.006,9.163602548,2.103448719,9.401920451,-27.2306943511,1.27161349878,0.133986084412,-0.0535548753246,0.131883079891,-0.989817522863
1.007,9.163486265,2.103248388,9.401762298,-27.3240443365,1.27368453958,0.134102484519,-0.053551408152,0.131881070455,-0.989817978186
1.008,9.163400784,2.103295789,9.401689588,-27.3983205655,1.28034249038,0.134192270679,-0.0535522379698,0.131879591387,-0.989818130357
1.009,9.163336545,2.103127719,9.401589378,-27.4598087246,1.28936358165,0.13424811354,-0.0535493266075,0.131878481212,-0.989818435782
1.01,9.163285399,2.10350356,9.401623612,-27.5137528442,1.29806193904,0.134300948261,-0.0535558531114,0.131877593644,-0.98981820093
1.011,9.16314403,2.103119274,9.401399853,-27.5613262393,1.30584432756,0.134430783878,-0.0535491953458,0.131875151463,-0.989818886516
1.012,9.16307529,2.103862796,9.401499212,-27.5968905856,1.31230087019,0.134489616225,-0.0535621034691,0.13187395605,-0.989818347369
1.013,9.162935171,2.104028238,9.401399671,-27.6093719095,1.31723873021,0.134618247545,-0.0535649859837,0.13187153125,-0.989818514437
1.014,9.162876778,2.103877094,9.401308934,-27.6039954713,1.32106429519,0.134669980769,-0.0535623684522,0.131870522548,-0.989818790471
1.015,9.162786386,2.103748418,9.40119204,-27.5973982062,1.32457536671,0.134760630433,-0.0535601424472,0.131868960764,-0.989819118995
1.016,9.162620278,2.104280646,9.401149259,-27.5911851207,1.32894131878,0.134910809797,-0.0535693929112,0.131866082602,-0.989819001839
1.017,9.162656874,2.104283258,9.401185512,-27.5787289234,1.33438512,0.134861925428,-0.0535694348448,0.131866716111,-0.989818915172
1.018,9.162484581,2.104669685,9.401104094,-27.5639735861,1.33931393953,0.135020663401,-0.0535761543406,0.131863732523,-0.989818948965
1.019,9.162319738,2.104479733,9.40090091,-27.5539028526,1.34178682328,0.135191009691,-0.0535728720992,0.131860883058,-0.98981950622
1.02,9.162179067,2.104329824,9.400730252,-27.5530378694,1.34180493284,0.135326947297,-0.0535702817481,0.131858450789,-0.989819970434
1.021,9.162046694,2.104699253,9.400683942,-27.5634044363,1.3421262455,0.135448831281,-0.0535767033879,0.13185615802,-0.989819928293
1.022,9.161915344,2.104711045,9.400558566,-27.5818713295,1.34417794469,0.135578759609,-0.0535769192743,0.131853886413,-0.989820219211
1.023,9.161786027,2.104431218,9.400369884,-27.6088493169,1.346056694,0.135719400386,-0.0535720740318,0.131851652138,-0.989820779087
1.024,9.161796145,2.104553247,9.400407064,-27.6475051332,1.3461755158,0.135709851841,-0.0535741903691,0.131851825462,-0.989820641454
1.025,9.161568971,2.104273354,9.400122997,-27.694972185,1.3443161328,0.135937994665,-0.0535693521006,0.131847899042,-0.989821426336
1.026,9.161539464,2.104928245,9.400240862,-27.7445432829,1.34007193179,0.135968913524,-0.053580718806,0.131847383132,-0.989820879823
1.027,9.161505628,2.104646188,9.40014473,-27.7943816935,1.33450306402,0.135997981541,-0.0535758275438,0.131846799781,-0.989821222287
1.028,9.161383289,2.105025891,9.400110519,-27.8450633544,1.32893413127,0.136128876447,-0.0535824269157,0.131844680414,-0.989821147366
1.029,9.161207078,2.104720117,9.399870312,-27.8908551707,1.3232308993,0.13630278604,-0.0535771351477,0.131841635021,-0.989821839456
1.03,9.161192059,2.104759077,9.399864398,-27.9276655121,1.31740355165,0.136334013496,-0.0535778121703,0.131841375373,-0.989821837394
1.031,9.160969154,2.104808261,9.399658167,-27.9569930229,1.3118155218,0.136565890022,-0.0535786839905,0.131837519384,-0.989822303802
1.032,9.160954445,2.104660017,9.399610637,-27.9839871058,1.30831070951,0.136572660423,-0.0535761121403,0.131837266508,-0.989822476693
1.033,9.160959157,2.104838956,9.399655297,-28.0117557626,1.30891404742,0.136563385615,-0.0535792177812,0.131837346347,-0.989822297956
1.034,9.160821683,2.104685624,9.39948698,-28.0362912687,1.31316587718,0.136718806516,-0.0535765676297,0.131834969268,-0.989822758012
1.035,9.160684999,2.104486883,9.399309267,-28.0616310334,1.31890908974,0.136853676092,-0.0535731300035,0.131832606691,-0.989823258746
1.036,9.160754335,2.104952012,9.399480994,-28.0930092098,1.3247391648,0.136779918736,-0.0535811961523,0.131833802463,-0.989822662878
1.037,9.160674104,2.105106847,9.399437477,-28.121154818,1.33124016626,0.136857077171,-0.0535838897073,0.131832413494,-0.989822702061
1.038,9.1606109,2.105007817,9.3993537,-28.1401954073,1.33868832847,0.13692517881,-0.0535821758645,0.131831321228,-0.989822940315
1.039,9.160592434,2.10522342,9.39938399,-28.1581826413,1.34602475904,0.136936508169,-0.0535859191104,0.131831000132,-0.98982278044
1.04,9.160510547,2.105440753,9.399352863,-28.1748658683,1.35246689576,0.137009937898,-0.0535896968617,0.131829581339,-0.98982276488
1.041,9.160563758,2.105840425,9.399494255,-28.178819805,1.35825323498,0.136943396727,-0.0535966285158,0.131830498467,-0.989822267423
1.042,9.160485871,2.105703591,9.399387693,-28.1707871926,1.36394261295,0.137025659458,-0.0535942606585,0.131829152936,-0.989822574839
1.043,9.16039999,2.106244086,9.399425095,-28.1579357962,1.3694027501,0.137102862387,-0.0536036466229,0.131827662792,-0.989822265051
1.044,9.160261425,2.106468057,9.399340245,-28.1347659043,1.37338635897,0.137236512288,-0.0536075453857,0.131825263949,-0.98982237339
1.045,9.160219865,2.106516686,9.399310641,-28.1033536068,1.37573998141,0.137265440225,-0.0536083923355,0.131824545193,-0.989822423244
1.046,9.160056531,2.106374131,9.399119513,-28.0808123601,1.3774605931,0.137436247326,-0.053605932277,0.131821721407,-0.989822932544
1.047,9.159880687,2.106479303,9.398971712,-28.0785977747,1.37729644595,0.137608471352,-0.0536077718546,0.131818678571,-0.989823238147
1.048,9.159916523,2.10680302,9.399079192,-28.0987806298,1.37358249486,0.137563640584,-0.0536133865109,0.131819295915,-0.989822851833
1.049,9.159655381,2.106760933,9.398815262,-28.1333766609,1.36691262285,0.137823843371,-0.0536126772329,0.131814779629,-0.989823491695
1.05,9.159657768,2.107116475,9.398897289,-28.1711221285,1.35919712373,0.137827131901,-0.05361884725,0.131814817592,-0.989823152428
1.051,9.159458957,2.106992276,9.398675696,-28.2092508149,1.35252641693,0.138022269586,-0.0536167079349,0.131811380058,-0.989823726083
1.052,9.159341222,2.107008116,9.398564509,-28.2524087165,1.34739003208,0.138136766658,-0.0536169924004,0.13180934367,-0.989823981851
1.053,9.159290524,2.107088979,9.398533229,-28.3040979592,1.34240433624,0.138190869361,-0.053618400202,0.131808465592,-0.98982402252
1.054,9.159211077,2.107385802,9.398522356,-28.3608890207,1.33561785105,0.138279814632,-0.0536235576907,0.131807088834,-0.989823926461
1.055,9.159102217,2.107222306,9.398379608,-28.4195389347,1.32721090507,0.138384082207,-0.0536207289516,0.131805207721,-0.989824330194
1.056,9.158960197,2.107216651,9.398239936,-28.4835063823,1.31952009245,0.138535350641,-0.0536206421369,0.131802750632,-0.989824662081
1.057,9.158904999,2.107500522,9.398249796,-28.5503680349,1.31341030592,0.138588118047,-0.0536255726818,0.131801794337,-0.989824522309
1.058,9.158701657,2.107117029,9.397965642,-28.6136402886,1.30865815187,0.138797344762,-0.0536189345811,0.131798280134,-0.989825349851
1.059,9.15859985,2.107150675,9.397873971,-28.6750616397,1.30510806618,0.138893426472,-0.0536195268783,0.131796518765,-0.989825552296
1.06,9.158573129,2.106987875,9.39781143,-28.7394131507,1.30279694098,0.138920021294,-0.0536167042907,0.131796057774,-0.989825766575
1.061,9.158396256,2.107222952,9.397691767,-28.8010397667,1.30152765492,0.139102676307,-0.0536207982869,0.131792996741,-0.989825952378
1.062,9.15839979,2.106840321,9.397609422,-28.8498993488,1.30137300368,0.139097336024,-0.0536141582581,0.131793060576,-0.989826303559
1.063,9.158278501,2.10709926,9.397549276,-28.8842820591,1.30364823537,0.139205441265,-0.0536186615063,0.131790960521,-0.989826339245
1.064,9.158086485,2.106901286,9.39731776,-28.9028771013,1.30849011114,0.139401077656,-0.0536152410883,0.131787641198,-0.98982696647
1.065,9.158118413,2.107286536,9.397435257,-28.9120186587,1.31505043269,0.139349494431,-0.0536219244468,0.131788189797,-0.989826531393
1.066,9.158040854,2.107326144,9.397368555,-28.9239643232,1.32468410552,0.139416255502,-0.0536226175469,0.131786848321,-0.989826672452
1.067,9.158069635,2.107508345,9.397437463,-28.9445562894,1.33750799844,0.139373617124,-0.0536257772091,0.131787345099,-0.989826435134
1.068,9.157855071,2.108005632,9.397339903,-28.9665347149,1.35210170644,0.139580749251,-0.0536344247645,0.131783629384,-0.989826461308
1.069,9.157762777,2.107704797,9.397182482,-28.9727285554,1.36692667055,0.139664898402,-0.0536292119644,0.13178203559,-0.989826955947
1.07,9.157722491,2.107815325,9.397168013,-28.9590105998,1.38033086681,0.139693361283,-0.0536311331075,0.131781337228,-0.989826944834
1.071,9.1576042,2.108155438,9.397129032,-28.9279194987,1.39158699594,0.139811744755,-0.0536370445219,0.131779288846,-0.989826897233
1.072,9.15756703,2.108273875,9.39711938,-28.8851330451,1.39997674084,0.139843578005,-0.0536391035203,0.131778644647,-0.989826871422
1.073,9.157346793,2.10866956,9.396993541,-28.8474945304,1.40525881873,0.140064160675,-0.0536459879738,0.131774832309,-0.989827005867
1.074,9.157107823,2.108687928,9.396764787,-28.8269267488,1.40808167142,0.140291495316,-0.0536463261577,0.131770698495,-0.989827537861
1.075,9.156971754,2.108851587,9.396668917,-28.8244510217,1.40840462971,0.140429864828,-0.0536491777799,0.131768343943,-0.989827696752
1.076,9.156713474,2.108681618,9.396379079,-28.8355627162,1.40613424265,0.14068649291,-0.0536462490822,0.131763877334,-0.989828450081
1.077,9.156452782,2.109099356,9.396218795,-28.8521596118,1.40188389904,0.140945245869,-0.0536535195811,0.131759364659,-0.989828656719
1.078,9.156423954,2.109098885,9.396190597,-28.8716576594,1.39587487342,0.140981438251,-0.0536535135763,0.131758866183,-0.989828723398
1.079,9.156088264,2.108942141,9.39582829,-28.89823939,1.38716034985,0.141330994747,-0.0536508214447,0.13175306137,-0.989829641998
1.08,9.156023964,2.109342156,9.395855425,-28.9322915561,1.37541920232,0.141392734343,-0.0536577687052,0.13175194552,-0.989829413944
1.081,9.155927672,2.109104331,9.395708201,-28.9734733892,1.36242560248,0.141503184999,-0.0536536495457,0.131750281966,-0.989829858659
1.082,9.155719072,2.109402415,9.395571843,-29.0249248184,1.34897465822,0.141722179472,-0.0536588389074,0.131746671346,-0.989830057937
1.083,9.155564071,2.109184364,9.395371847,-29.0881642362,1.33565462717,0.141873692886,-0.0536550675256,0.131743992185,-0.989830618971
1.084,9.155491717,2.109254195,9.395317016,-29.160294662,1.32459179023,0.141968454302,-0.0536562851332,0.131742740228,-0.989830719599
1.085,9.155399564,2.109524127,9.39528782,-29.2331255606,1.31569804927,0.142064861935,-0.053660977545,0.131741144499,-0.989830677609
1.086,9.155342808,2.108982651,9.39511095,-29.3037756151,1.30813904712,0.142116111067,-0.0536515856137,0.131740166624,-0.989831316871
1.087,9.155172092,2.109299091,9.39501563,-29.3745634842,1.30338099374,0.142281589057,-0.0536570907642,0.131737211674,-0.989831411742
1.088,9.155100765,2.109133721,9.394908997,-29.4417222934,1.30300577364,0.142360520333,-0.0536542272315,0.131735978717,-0.989831731059
1.089,9.155103648,2.109286175,9.394946033,-29.5001258722,1.30612003247,0.142352001311,-0.0536568724162,0.131736027513,-0.989831581178
1.09,9.155084759,2.108971724,9.394857034,-29.5426606332,1.31132549238,0.142357318183,-0.0536514172513,0.131735703044,-0.98983192006
1.091,9.154792693,2.109335292,9.394654045,-29.5613944803,1.31840100818,0.142649154118,-0.0536577497059,0.131730648297,-0.989832249523
1.092,9.154914932,2.10921202,9.394745487,-29.5536215888,1.3270882493,0.142518602108,-0.0536556008326,0.131732764339,-0.989832084396
1.093,9.154747726,2.109173542,9.394573911,-29.5234256287,1.3368479109,0.142673572765,-0.0536549470982,0.13172987217,-0.989832504735
1.094,9.154586455,2.10905299,9.394389691,-29.4822394355,1.34671997065,0.142819442859,-0.0536528682957,0.131727083305,-0.989832988563
1.095,9.154522823,2.109413168,9.394408552,-29.4474521438,1.35757186787,0.142871592275,-0.0536591242034,0.131725979876,-0.989832796292
1.096,9.154394875,2.109688511,9.3943457,-29.4303875188,1.37009948066,0.142988906226,-0.0536639121411,0.131723764725,-0.989832831513
1.097,9.154510154,2.109912692,9.394508381,-29.4330694545,1.38285749634,0.142862892304,-0.0536677930516,0.131725756882,-0.989832355989
1.098,9.154302721,2.11000865,9.3943278,-29.4525697963,1.39668685762,0.143048662259,-0.0536694751573,0.131722167528,-0.989832742446
1.099,9.15426447,2.110026086,9.394294443,-29.4873646545,1.41272112816,0.143085038005,-0.0536697808229,0.13172150666,-0.989832813817
1.1,9.154123916,2.110273502,9.394213055,-29.5347108049,1.42914045703,0.143215172392,-0.0536740864997,0.131719072559,-0.989832904264
1.101,9.153944808,2.110457719,9.394079909,-29.5866954701,1.44288505564,0.143387992963,-0.0536772973518,0.13171597351,-0.98983314254
1.102,9.153763619,2.110504295,9.393913815,-29.6348005638,1.45159199785,0.143568977347,-0.0536781207227,0.131712838988,-0.989833514992
1.103,9.153628588,2.110646263,9.393814134,-29.6704199417,1.45479503032,0.143697321614,-0.0536805954742,0.131710502505,-0.989833691687
1.104,9.153549366,2.111070649,9.3938323,-29.6906522849,1.45428181543,0.143772083769,-0.0536879669879,0.131709128812,-0.989833474676
1.105,9.15325318,2.111042629,9.393537393,-29.7064660259,1.45117588108,0.144071374478,-0.0536875044258,0.131704005866,-0.98983418142
1.106,9.153031695,2.111183908,9.393353326,-29.7306768628,1.44545961574,0.144307593857,-0.0536899745752,0.131700173321,-0.989834557377
1.107,9.152684525,2.111486593,9.393083075,-29.7665949038,1.43695324057,0.144668121144,-0.0536952554603,0.131694165737,-0.989835070227
1.108,9.15264794,2.111670339,9.393088733,-29.8092696994,1.42563636708,0.144707971757,-0.0536984471353,0.131693531588,-0.989834981456
1.109,9.152395858,2.111543795,9.392814655,-29.8490665282,1.4115717414,0.144968856516,-0.0536962716547,0.13168917172,-0.989835679526
1.11,9.152155408,2.111673527,9.392609525,-29.8790558371,1.39640486867,0.145219204031,-0.0536985427269,0.131685012513,-0.989836109661
1.111,9.152067701,2.111633387,9.392515039,-29.9001827933,1.38306944373,0.145319282342,-0.053697853799,0.131683494795,-0.989836348947
1.112,9.15195119,2.112082957,9.392502595,-29.9157742733,1.37215950173,0.145436196984,-0.0537056645722,0.131681475779,-0.989836193786
1.113,9.151863618,2.112033213,9.39240608,-29.9281420496,1.36373726425,0.145532535152,-0.0537048093284,0.131679961553,-0.989836441631
1.114,9.151691181,2.112394271,9.392319257,-29.9380390522,1.35956043148,0.145711901359,-0.0537110885655,0.131676975934,-0.989836498102
1.115,9.15155654,2.112084469,9.392118393,-29.9469851836,1.35972430047,0.145842438537,-0.0537057238167,0.1316746498,-0.989837098633
1.116,9.151500564,2.112380453,9.392130416,-29.9644644851,1.36294744395,0.145901941781,-0.0537108649491,0.13167367909,-0.989836948806
1.117,9.151339172,2.112063027,9.39190177,-29.9959389279,1.36704757467,0.146056403582,-0.053705368764,0.131670890285,-0.989837618005
1.118,9.151109664,2.112206467,9.3917104,-30.0382762111,1.37017739697,0.146283917054,-0.0537078772626,0.131666919392,-0.98983801011
1.119,9.151079102,2.112969675,9.391852298,-30.085207292,1.37327953945,0.146299728832,-0.0537211241982,0.131666384695,-0.989837362376
1.12,9.151065522,2.112887296,9.391820532,-30.1297265412,1.37779160151,0.146305948647,-0.0537196958709,0.131666150212,-0.989837471085
1.121,9.151013565,2.113439142,9.391894073,-30.17052604,1.38391838346,0.146338953188,-0.0537292765392,0.131665247369,-0.989837071178
1.122,9.150944584,2.113354571,9.39180783,-30.2125990013,1.39118853985,0.146405688496,-0.0537278144876,0.131664054473,-0.989837309213
1.123,9.150717181,2.113385986,9.391593329,-30.2624306518,1.39966479426,0.146608758599,-0.0537283780956,0.131660121047,-0.989837801821
1.124,9.150582534,2.113425869,9.39147111,-30.3226074172,1.40956710372,0.146731912292,-0.0537290816939,0.131657791543,-0.989838073478
1.125,9.150570687,2.113865837,9.391558586,-30.3926602913,1.420437052,0.146726683506,-0.0537367177855,0.131657582983,-0.989837686697
1.126,9.150355766,2.11395111,9.391368374,-30.4644582119,1.43217415496,0.146936544716,-0.0537382150042,0.131653864891,-0.989838099947
1.127,9.150208712,2.113907814,9.391215348,-30.5286426323,1.44519975192,0.147062906158,-0.0537374754125,0.131651321571,-0.989838478372
1.128,9.150042556,2.114134918,9.39110458,-30.5864941239,1.45851386261,0.147223122311,-0.0537414298399,0.131648445744,-0.98983864617
1.129,9.149863593,2.114151443,9.390933931,-30.6428051201,1.4699663736,0.14739785351,-0.0537417316863,0.13164534975,-0.989839041544
1.13,9.149601343,2.114020539,9.390648943,-30.7017697456,1.47838695288,0.147654153617,-0.0537394810753,0.131640814989,-0.989839766832
1.131,9.149424114,2.114499827,9.390584174,-30.7613937251,1.48313116041,0.147832407319,-0.0537478134633,0.131637744935,-0.989839722711
1.132,9.149152498,2.114662906,9.390356257,-30.8093509286,1.48238230265,0.148100258492,-0.053750665269,0.13163304556,-0.989840192809
1.133,9.148832204,2.114669359,9.390045644,-30.8341402423,1.47570124954,0.148424406805,-0.0537508044743,0.131627505187,-0.989840922016
1.134,9.14868156,2.115269123,9.390033958,-30.8295435455,1.46511921471,0.14858076962,-0.0537612239611,0.131624894621,-0.989840703302
1.135,9.148431127,2.11506963,9.389745024,-30.7952673462,1.45258507768,0.148838999352,-0.0537577835689,0.131620565,-0.98984146588
1.136,9.148200368,2.115456607,9.389607374,-30.7439123086,1.4385966149,0.149075257298,-0.0537645175086,0.131616570113,-0.989841631337
1.137,9.147989992,2.115311398,9.389369692,-30.6925434877,1.42381551729,0.149302731021,-0.0537620143163,0.131612931678,-0.989842251084
1.138,9.147862517,2.115755322,9.389345516,-30.6462115175,1.41050501659,0.149446981232,-0.05376972927,0.131610723538,-0.989842125626
1.139,9.147588021,2.115487471,9.389017725,-30.6042094238,1.40085045155,0.149720620445,-0.0537651032875,0.131605977145,-0.989843007981
1.14,9.147338506,2.115675315,9.388816953,-30.573514356,1.39328170419,0.14998122373,-0.0537683832078,0.131601659767,-0.989843403834
1.141,9.147366385,2.115318492,9.388763715,-30.5643808415,1.38508264507,0.149962566834,-0.0537621891754,0.131602145099,-0.989843675749
1.142,9.14721984,2.115381612,9.38863516,-30.5810095623,1.37667881519,0.150113291188,-0.0537632958874,0.131599610414,-0.989843952628
1.143,9.147134926,2.115469846,9.38857231,-30.6174763576,1.37046739435,0.150193286761,-0.0537648343763,0.131598140138,-0.989844064536
1.144,9.146895274,2.115299795,9.388300505,-30.6652606629,1.36793025963,0.150436824531,-0.0537619036517,0.131593996875,-0.989844774549
1.145,9.146819145,2.115579917,9.388289453,-30.7187267126,1.36865154212,0.150514589445,-0.0537667706713,0.131592677115,-0.989844685646
1.146,9.146710769,2.11529237,9.388119071,-30.7785849906,1.37120421579,0.150605630477,-0.0537617895288,0.13159080551,-0.989845205015
1.147,9.146659401,2.115091557,9.38802378,-30.8517426627,1.37519133306,0.150652619066,-0.0537583092931,0.131589918271,-0.989845511982
1.148,9.146581527,2.115159132,9.387963133,-30.9376225447,1.38185644198,0.150719227311,-0.0537594880829,0.131588570452,-0.98984562714
1.149,9.146461797,2.115443926,9.387910652,-31.0290366728,1.39243757808,0.150825827183,-0.0537644397913,0.131586497147,-0.989845633815
1.15,9.146426934,2.11571851,9.387938564,-31.1175725966,1.40652529186,0.150835684234,-0.0537692075012,0.131585892382,-0.989845455236
1.151,9.146493511,2.115724363,9.388004747,-31.1948362171,1.42130380662,0.15075585978,-0.0537693040201,0.131587043977,-0.989845296904
1.152,9.146275147,2.116090568,9.387874539,-31.2587437874,1.43451799168,0.150953115728,-0.0537756763871,0.131583263462,-0.989845453294
1.153,9.146037639,2.116129142,9.387651838,-31.311815081,1.44612619504,0.151182875171,-0.053776365507,0.13157915501,-0.989845961996
1.154,9.146000325,2.116501388,9.387699402,-31.3568205687,1.45685284782,0.151198878553,-0.0537828281445,0.131578506687,-0.989845697053
1.155,9.145812727,2.11657856,9.387534034,-31.3990271108,1.4669259236,0.151375200441,-0.0537841829661,0.131575260328,-0.989846054966
1.156,9.145690441,2.116698689,9.387441983,-31.4370964247,1.4757297702,0.15149173882,-0.0537862782338,0.131573144984,-0.989846222296
1.157,9.145463764,2.116684923,9.38721804,-31.4635717839,1.48275290967,0.151707539562,-0.0537860571789,0.131569223583,-0.989846755543
1.158,9.145158701,2.116753213,9.386936232,-31.4810461546,1.48701318112,0.15200612474,-0.053787268002,0.131563946112,-0.98984739121
1.159,9.145032788,2.116946422,9.386857134,-31.4980405211,1.48823507329,0.152126088258,-0.0537906308836,0.131561766686,-0.989847498141
1.16,9.14479749,2.117031177,9.386647012,-31.5154728283,1.48795009969,0.152367306125,-0.0537921205426,0.131557696081,-0.989847958208
1.161,9.144469169,2.117070934,9.386336118,-31.5303322111,1.48598987564,0.152707107309,-0.0537928378001,0.131552016236,-0.989848674104
1.162,9.144241292,2.117674729,9.38625032,-31.543952886,1.48239133343,0.152919766829,-0.0538033345267,0.131548070516,-0.989848627992
1.163,9.144017962,2.117585085,9.386012523,-31.5589830631,1.47842820793,0.153168180556,-0.0538017975438,0.131544207932,-0.989849224852
1.164,9.143727063,2.117762416,9.385769135,-31.5801165538,1.47432901003,0.153463935816,-0.0538048984231,0.131539174656,-0.989849725179
1.165,9.143382985,2.117754819,9.385432216,-31.6070523912,1.46902287376,0.153824021458,-0.0538047944712,0.131533222972,-0.989850521719
1.166,9.143291936,2.118243162,9.38545372,-31.6300820366,1.4609701975,0.153912411298,-0.0538132764889,0.13153164434,-0.9898502704
1.167,9.143079311,2.118109319,9.385216373,-31.6411576388,1.45097540473,0.15414404811,-0.0538109719061,0.131527966929,-0.989850884335
1.168,9.142953292,2.11809363,9.385090065,-31.639471948,1.44071363286,0.154284815834,-0.0538107091197,0.131525787538,-0.989851188208
1.169,9.142766699,2.118279917,9.384950331,-31.6251702953,1.4311677047,0.154468487996,-0.0538139575984,0.131522558805,-0.989851440618
1.17,9.142667592,2.118356272,9.384871016,-31.6024980386,1.42506830078,0.154561262869,-0.0538152912034,0.131520843136,-0.989851596076
1.171,9.142354983,2.118193843,9.384529812,-31.5864455645,1.42332325861,0.154879820668,-0.0538124977416,0.131515437124,-0.989852466221
1.172,9.142290991,2.118382468,9.384510048,-31.5878067686,1.42365922576,0.154941570657,-0.0538157765549,0.13151432878,-0.989852435224
1.173,9.142224017,2.118487471,9.384468506,-31.6059165318,1.42599859628,0.154999840225,-0.0538176044585,0.131513169989,-0.989852489803
1.174,9.142155242,2.118355162,9.384371639,-31.6378530063,1.43251566447,0.155054771544,-0.0538153134651,0.131511981225,-0.9898527723
1.175,9.141936056,2.118164055,9.384114972,-31.680299035,1.44320746061,0.155270875618,-0.053812015518,0.131508191512,-0.989853455089
1.176,9.14194988,2.118509158,9.384206342,-31.7277658816,1.45699746617,0.155244982051,-0.0538180023232,0.131508427214,-0.989853098292
1.177,9.14182249,2.118411087,9.3840601,-31.7774506875,1.47336988606,0.155363201955,-0.0538163111074,0.13150622515,-0.989853482797
1.178,9.141721736,2.118599658,9.384004519,-31.831480908,1.49108975924,0.155440653112,-0.0538195916319,0.13150448038,-0.989853536235
1.179,9.141533445,2.118569866,9.383814363,-31.8916608076,1.50918314304,0.155623124089,-0.0538190906959,0.131501223262,-0.989853996182
1.18,9.141482687,2.118688243,9.383791642,-31.9493072693,1.52753925511,0.155649100567,-0.0538211491766,0.131500344759,-0.989854000967
1.181,9.141218298,2.118967468,9.38359713,-31.987145754,1.54566099169,0.155899578643,-0.0538260158367,0.131495769105,-0.989854344198
1.182,9.140942905,2.118870954,9.383307056,-32.0007843748,1.56159267537,0.15616731237,-0.0538243637171,0.131491006321,-0.989855066728
1.183,9.140804685,2.119170443,9.38324004,-31.9989978315,1.57361409802,0.156302461638,-0.0538295728182,0.131488612672,-0.98985510143
1.184,9.140723072,2.119436194,9.383220559,-31.9919312156,1.58233227279,0.156373022693,-0.0538341906826,0.131487199367,-0.989855038031
1.185,9.140284916,2.119470837,9.382801552,-31.9894243565,1.5875188882,0.156808003946,-0.0538348275302,0.13147961983,-0.989856010192
1.186,9.140051887,2.119619537,9.382608139,-31.9950664501,1.58786515682,0.157030012141,-0.0538374274022,0.131475588168,-0.989856404296
1.187,9.139727308,2.119154337,9.382186865,-32.0104222474,1.58319068766,0.157376505283,-0.0538293809527,0.131469976632,-0.989857587227
1.188,9.139407906,2.119299785,9.381908572,-32.0380086936,1.57473763479,0.157694104645,-0.0538319312925,0.131464451053,-0.989858182409
1.189,9.139326906,2.119288492,9.381827114,-32.075482957,1.56414860144,0.157786821698,-0.053831742452,0.13146304993,-0.989858378763
1.19,9.138970004,2.119366862,9.381497142,-32.1191037809,1.55136238385,0.158148859098,-0.0538331314841,0.131456875625,-0.989859123212
1.191,9.138620081,2.119120027,9.381100505,-32.1678489917,1.53502749585,0.158516409303,-0.0538288765981,0.131450824675,-0.989860158172
1.192,9.138321629,2.119308876,9.38085243,-32.2229084696,1.51575586786,0.158823073013,-0.0538321784706,0.131445661234,-0.989860664288
1.193,9.138221675,2.119205834,9.380731781,-32.2808696489,1.49571686817,0.158938230119,-0.0538303989262,0.131443932572,-0.989860990615
1.194,9.138043391,2.119388045,9.380599272,-32.3297716753,1.47629777521,0.159124216352,-0.0538335753549,0.131440846932,-0.989861227608
1.195,9.137854027,2.11896211,9.380318579,-32.3612353781,1.45764969914,0.159329985951,-0.053826198894,0.13143757499,-0.989862063216
1.196,9.137605646,2.119030685,9.38009211,-32.3838141709,1.43976303645,0.159577814478,-0.053827409265,0.131433278196,-0.989862567933
1.197,9.13753238,2.119134142,9.38004411,-32.4072683233,1.42368746825,0.159654420058,-0.053829210541,0.13143201012,-0.989862638354
1.198,9.13750799,2.119266996,9.380050366,-32.4250649517,1.41202529233,0.15968568689,-0.0538315181553,0.131431586986,-0.989862569044
1.199,9.137330025,2.119494735,9.37992846,-32.4331334323,1.40846677821,0.159853713993,-0.0538354849886,0.131428506833,-0.98986276228
1.2,9.137241152,2.119688726,9.379885723,-32.4415084102,1.41421294061,0.159937137936,-0.0538388585466,0.131426968217,-0.989862783084
1.201,9.137210866,2.119746336,9.379869238,-32.4606301403,1.42639627016,0.159960878014,-0.0538398606756,0.13142644337,-0.989862798263
1.202,9.137046616,2.119638745,9.379684924,-32.4953115186,1.44219718523,0.160108217136,-0.0538380072123,0.131423603155,-0.989863276172
1.203,9.136903727,2.119712222,9.379562336,-32.5386876614,1.46002494265,0.160235015076,-0.0538392941456,0.131421131528,-0.989863534329
1.204,9.136770417,2.119717571,9.379433684,-32.5783290143,1.47850702641,0.160350461052,-0.0538393980535,0.131418825298,-0.989863834865
1.205,9.136662561,2.120456635,9.379495673,-32.6069753325,1.49768072193,0.160431192941,-0.0538522322323,0.131416953647,-0.989863385209
1.206,9.136527875,2.120578905,9.379392118,-32.6213103269,1.51722791742,0.160552783703,-0.0538543650447,0.131414622934,-0.989863578603
1.207,9.136424827,2.120662787,9.379310703,-32.633658729,1.53548077927,0.160635776426,-0.0538558296528,0.131412839669,-0.989863735664
1.208,9.136234015,2.12066806,9.379126025,-32.6584804718,1.55187411007,0.160816529807,-0.0538559363836,0.131409538399,-0.989864168123
1.209,9.136038614,2.120776484,9.378960201,-32.6963856296,1.56630493069,0.160985830653,-0.053857833693,0.131406157442,-0.989864513727
1.21,9.135664651,2.121040971,9.378655736,-32.742480765,1.57691118512,0.161364881659,-0.0538624545269,0.131399686737,-0.989865121275
1.211,9.135341194,2.120872313,9.378302517,-32.787820596,1.58327360678,0.161673876917,-0.0538595546098,0.13139409314,-0.989866021573
1.212,9.135002458,2.120884264,9.37797526,-32.8276246303,1.58608385441,0.1620064806,-0.0538597895826,0.131388233951,-0.989866786515
1.213,9.134679771,2.121074023,9.377703852,-32.8655215159,1.58394655418,0.162325858059,-0.0538631092499,0.131382650668,-0.989867346954
1.214,9.134573543,2.121731448,9.377749099,-32.9022238807,1.57709075725,0.162439273306,-0.0538745264547,0.131380807095,-0.989866970318
1.215,9.13421968,2.122078562,9.377482956,-32.9343729392,1.56911275927,0.162803135282,-0.0538805787929,0.131374683991,-0.989867453569
1.216,9.133826299,2.121725555,9.3770199,-32.9662168768,1.56067438641,0.163200341034,-0.0538744849499,0.131367881868,-0.989868688001
1.217,9.133572865,2.121951894,9.376824256,-33.0063664278,1.55027991226,0.163467461285,-0.0538784344982,0.131363496534,-0.989869055014
1.218,9.133230201,2.122379287,9.376587212,-33.0468214453,1.53757926962,0.163828210448,-0.0538858791529,0.131357564973,-0.989869436922
1.219,9.133108168,2.122303857,9.376451273,-33.0753172407,1.52246705528,0.163963981421,-0.05388457959,0.131355455025,-0.989869787658
1.22,9.13283352,2.122542408,9.376237752,-33.0914826254,1.50533584922,0.164251953134,-0.0538887424476,0.13135070263,-0.98987019167
1.221,9.13261005,2.122575213,9.37602751,-33.0956548032,1.48759104835,0.164486629954,-0.0538893298842,0.131346836613,-0.989870672682
1.222,9.132429142,2.122387125,9.37580872,-33.0960237621,1.47018168289,0.164686433991,-0.0538860807985,0.131343708167,-0.989871264671
1.223,9.132246159,2.122695675,9.375700338,-33.1057241626,1.4548471958,0.164871788544,-0.0538914498624,0.13134054127,-0.989871392581
1.224,9.132292344,2.122846104,9.375779383,-33.1278290973,1.44296331016,0.164823785494,-0.0538940568541,0.131341338036,-0.989871144927
1.225,9.132174916,2.122674547,9.375626162,-33.1557477736,1.43434548777,0.164944155062,-0.0538910894677,0.131339308505,-0.98987157577
1.226,9.131997199,2.122625915,9.375442049,-33.1813541433,1.42862692502,0.165132009901,-0.0538902604098,0.131336234751,-0.989872028736
1.227,9.131872686,2.122257195,9.375237296,-33.2085455336,1.4262790633,0.165238950095,-0.0538838713506,0.131334084113,-0.989872661891
1.228,9.13175638,2.122733065,9.375231744,-33.241707954,1.42833326948,0.165346081358,-0.0538921394398,0.131332067974,-0.989872479276
1.229,9.131739442,2.122691527,9.375205841,-33.2765074709,1.43542134151,0.16534154134,-0.0538914193693,0.131331775949,-0.989872557224
1.23,9.131589067,2.122624308,9.375044152,-33.3156056748,1.44775555021,0.165475650451,-0.0538902650806,0.131329174961,-0.989872965149
1.231,9.131603563,2.123009104,9.375145401,-33.3634039725,1.46601375664,0.165433225487,-0.0538969422453,0.131329422658,-0.989872568749
1.232,9.131473286,2.123020861,9.375021171,-33.4169021239,1.49053116886,0.165539081616,-0.0538971563967,0.131327169528,-0.989872856015
1.233,9.131307643,2.122912675,9.374835332,-33.4730014592,1.51853259526,0.165680362798,-0.0538952926008,0.131324304465,-0.9898733376
1.234,9.131115667,2.123313359,9.374739086,-33.5239255541,1.54643635061,0.16585242667,-0.0539022619549,0.131320980378,-0.989873399112
1.235,9.130810288,2.123912651,9.374577402,-33.5570985392,1.57147279757,0.166136068696,-0.053912687337,0.13131569288,-0.989873532805
1.236,9.130664342,2.123998779,9.374454764,-33.5675197476,1.59133996327,0.166253148781,-0.0539141932914,0.131313167828,-0.989873785751
1.237,9.130439569,2.123828193,9.374197188,-33.5614913257,1.60581438749,0.166466549155,-0.0539112513155,0.131309281521,-0.989874461519
1.238,9.130119198,2.124175455,9.373963833,-33.5532793589,1.61565565097,0.166773836996,-0.0539173038521,0.131303736659,-0.989874867387
1.239,9.129613618,2.124015089,9.373435065,-33.5536101283,1.62102212233,0.167268023003,-0.0539145630645,0.131294992434,-0.989876176525
1.24,9.129310559,2.123915077,9.373117226,-33.5598225129,1.6217719912,0.167564659886,-0.0539128523622,0.13128975047,-0.989876964967
1.241,9.128903389,2.123827339,9.372700766,-33.5654955142,1.61903338717,0.167979589992,-0.0539113627645,0.131282707934,-0.989877980138
1.242,9.128442381,2.12449068,9.372402091,-33.5685393745,1.61441270009,0.168454487023,-0.0539229125289,0.131274728222,-0.989878409318
1.243,9.128121386,2.124219625,9.372028012,-33.5725823125,1.6084574487,0.168772521542,-0.0539182343531,0.131269178443,-0.989879400127
1.244,9.127678151,2.124749568,9.371716447,-33.5844069806,1.60114118355,0.1692350389,-0.0539274678127,0.131261506843,-0.989879914453
1.245,9.127567386,2.124539291,9.371560893,-33.6033127406,1.5925837556,0.169361735257,-0.053923827013,0.131259591978,-0.989880366708
1.246,9.127181043,2.124728888,9.371227595,-33.6246172414,1.58276697626,0.169764681067,-0.0539271495971,0.13125290799,-0.989881071988
1.247,9.126763749,2.12467818,9.370809672,-33.6511766088,1.57132497548,0.170184381741,-0.0539263038779,0.131245689891,-0.989882075116
1.248,9.12626379,2.124652101,9.37031682,-33.6896715106,1.55899790459,0.170707926874,-0.0539258921464,0.131237041049,-0.989883244233
1.249,9.125978217,2.125024385,9.370123107,-33.7384463666,1.54813701956,0.171008362674,-0.0539323758943,0.131232098211,-0.989883546297
1.25,9.125877967,2.124516078,9.369910204,-33.7920596156,1.54010857003,0.17111733576,-0.0539235628454,0.131230368517,-0.989884255733
1.251,9.125731682,2.124501504,9.369764425,-33.8519553864,1.53450594679,0.171276692855,-0.0539233220364,0.131227838034,-0.989884604318
1.252,9.125545166,2.124193117,9.369512846,-33.9184772477,1.53012592183,0.171470711573,-0.053917985833,0.131224614702,-0.989885322298
1.253,9.125420317,2.124393921,9.369436776,-33.985098957,1.52745501415,0.171603674667,-0.0539214810692,0.131222453367,-0.989885418426
1.254,9.125242164,2.124054215,9.369186243,-34.0473764944,1.52825594663,0.171774341378,-0.0539156002741,0.131219373796,-0.989886146982
1.255,9.125089237,2.124118912,9.369051966,-34.1084877853,1.53394618443,0.171919008856,-0.0539167355128,0.131216728431,-0.989886435816
1.256,9.12492054,2.124466423,9.368966456,-34.1634185975,1.54434463386,0.172075897507,-0.0539227794583,0.131213807461,-0.98988649379
1.257,9.124789008,2.124469366,9.368839017,-34.2026325007,1.55706383883,0.172194176129,-0.0539228417261,0.13121153168,-0.98988679206
1.258,9.124678682,2.124559129,9.36875192,-34.2314468041,1.57116604058,0.172290563417,-0.0539244085344,0.131209622672,-0.98988695975
1.259,9.124405911,2.1248679,9.368556283,-34.2595616782,1.58614823836,0.172537821514,-0.0539297891326,0.131204901745,-0.989887292373
1.26,9.124335741,2.125031477,9.368525044,-34.2928027667,1.59999082988,0.172585415427,-0.0539326333515,0.131203686872,-0.989887298439
1.261,9.124157604,2.125270657,9.368405806,-34.3275927185,1.61231676232,0.172745107899,-0.0539367986313,0.131200602747,-0.989887480268
1.262,9.124043164,2.126149378,9.368493734,-34.3493107533,1.62248980431,0.172842271253,-0.0539520570241,0.131198616221,-0.989886912048
1.263,9.123873791,2.126075369,9.368311984,-34.3502854891,1.62985247962,0.172977354538,-0.0539507868589,0.131195687359,-0.98988736946
1.264,9.123481886,2.126293424,9.367979795,-34.3386894449,1.63590379718,0.173356927482,-0.0539546027938,0.131188905833,-0.989888060249
1.265,9.123075037,2.126585949,9.367649969,-34.3237828886,1.64097639567,0.17375435673,-0.0539597125024,0.131181865803,-0.98988871471
1.266,9.122748396,2.127136341,9.367456822,-34.299974169,1.64423545743,0.174066037516,-0.0539692909195,0.131176211533,-0.989888941834
1.267,9.122339996,2.12723795,9.367082165,-34.2652952405,1.64564935792,0.174460103993,-0.0539710875158,0.131169145493,-0.98988978022
1.268,9.12192671,2.127387246,9.366713586,-34.2320536349,1.64505956941,0.174883499438,-0.0539737125981,0.13116199495,-0.989890584574
1.269,9.121526925,2.127519443,9.366354276,-34.2077180675,1.64069749419,0.175294318708,-0.0539760390692,0.131155078703,-0.98989137411
1.27,9.121229654,2.127485766,9.366057126,-34.1997912312,1.63233062227,0.175577326418,-0.0539754800442,0.131149936231,-0.989892085927
1.271,9.120840032,2.128371818,9.365879003,-34.2092850595,1.62313344954,0.175973426024,-0.05399088765,0.131143189188,-0.989892139569
1.272,9.120457591,2.128472576,9.365529466,-34.2234091516,1.61345357419,0.176380685949,-0.0539926680941,0.131136572954,-0.98989291897
1.273,9.120294554,2.128624896,9.365405314,-34.2376317009,1.60018103151,0.176546569125,-0.053995324514,0.131133751254,-0.989893147876
1.274,9.119976988,2.128389526,9.365042564,-34.255433237,1.58271121655,0.176874655661,-0.0539912654888,0.131128259886,-0.989894096714
1.275,9.11962638,2.128526029,9.364732156,-34.2728819893,1.5627050531,0.177238874047,-0.0539936635897,0.131122194513,-0.989894769356
1.276,9.119271214,2.128593536,9.364401631,-34.2807127844,1.54206958069,0.17760368915,-0.0539948638128,0.131116049511,-0.989895517841
1.277,9.119021369,2.128600749,9.364159966,-34.2794182637,1.52306309146,0.177854222825,-0.053995009865,0.131111728093,-0.989896082256
1.278,9.118734466,2.128363179,9.363826573,-34.2827378123,1.50632207643,0.17815710902,-0.0539909100506,0.131106766459,-0.989896963032
1.279,9.118650637,2.128449963,9.363764664,-34.3021752771,1.49124912393,0.178247009725,-0.053992423489,0.131105315449,-0.989897072663
1.28,9.118556658,2.128191307,9.363614353,-34.3413938001,1.479150821,0.178343963305,-0.0539879424814,0.131103691921,-0.989897532087
1.281,9.118428377,2.128244602,9.363501543,-34.3956579793,1.47099807812,0.178469714752,-0.0539888780939,0.131101473168,-0.989897774912
1.282,9.118389911,2.128416388,9.363503131,-34.4573676712,1.4669438258,0.178505725144,-0.0539918623055,0.131100805616,-0.989897700559
1.283,9.118131739,2.128055593,9.36316971,-34.5249015129,1.46907619543,0.178753159683,-0.0539856222749,0.131096343441,-0.989898631843
1.284,9.118165156,2.127908874,9.363168908,-34.6009117789,1.47888089969,0.178706660139,-0.0539830737754,0.131096922008,-0.989898694203
1.285,9.118062649,2.128104584,9.363113563,-34.6855456038,1.49470087174,0.178777900185,-0.0539864781504,0.131095147361,-0.989898743567
1.286,9.117860626,2.127756379,9.362837689,-34.7749715429,1.5137297085,0.178966323876,-0.0539804521225,0.131091655993,-0.989899534558
1.287,9.117815437,2.12803521,9.362857054,-34.8642046042,1.53409237445,0.178993034992,-0.0539852948403,0.131090871119,-0.989899374406
1.288,9.117622905,2.128106099,9.362685673,-34.9476866659,1.55483785841,0.179170532103,-0.0539865404351,0.131087540584,-0.989899747528
1.289,9.11761715,2.128077346,9.362673533,-35.0211573963,1.57559037901,0.179152189642,-0.0539860417099,0.131087440692,-0.989899787955
1.29,9.117323951,2.128362432,9.362452813,-35.0822494577,1.59611812066,0.179426512459,-0.0539910127957,0.131082367262,-0.989900188671
1.291,9.11708419,2.128808467,9.362320739,-35.1301593635,1.6150316805,0.179647336732,-0.0539987732887,0.131078216008,-0.989900315068
1.292,9.116898226,2.128860363,9.362151446,-35.1648176288,1.62957634109,0.179815815906,-0.0539996896038,0.131074998747,-0.989900691093
1.293,9.116560692,2.129111186,9.361879795,-35.1830815927,1.63771069367,0.180142415863,-0.0540040692444,0.131069157815,-0.989901225565
1.294,9.116225313,2.129159456,9.361564183,-35.1845732933,1.63834733413,0.180471534174,-0.0540049346247,0.131063355405,-0.989901946612
1.295,9.115825268,2.129120345,9.361165726,-35.1769886223,1.63223018306,0.180870846393,-0.0540042890333,0.131056435814,-0.989902897964
1.296,9.115431616,2.129605625,9.360892781,-35.1656813592,1.62207906695,0.181268546764,-0.0540127421278,0.131049622626,-0.989903338765
1.297,9.115061995,2.129645084,9.36054183,-35.158391028,1.61018274093,0.181626103777,-0.0540134572878,0.131043228225,-0.989904146253
1.298,9.11465897,2.129796314,9.360183784,-35.1632726907,1.59811763025,0.182043988062,-0.0540161147792,0.131036255344,-0.989904924288
1.299,9.114423838,2.130112451,9.36002676,-35.1799318471,1.58790446214,0.182287751081,-0.0540216200952,0.131032184718,-0.989905162695
1.3,9.113938155,2.130356205,9.3596093,-35.2006578866,1.58136070757,0.182786675623,-0.0540258905066,0.13102378159,-0.989906041911
1.301,9.113601373,2.130558365,9.359327376,-35.212068476,1.57757156989,0.183139799322,-0.0540294260913,0.131017953442,-0.98990662034
1.302,9.113308757,2.131124141,9.359171256,-35.2085056288,1.57360465743,0.183442400506,-0.0540392686142,0.131012887257,-0.989906753599
1.303,9.112921551,2.130688327,9.358694992,-35.204119477,1.5681611688,0.183852127631,-0.0540317373487,0.131006192998,-0.989908050657
1.304,9.112778554,2.13104798,9.358637639,-35.2168128087,1.56253644415,0.183993973384,-0.0540379902156,0.131003716446,-0.989908037088
1.305,9.112487191,2.13118087,9.358384193,-35.2498267191,1.55924210842,0.184286037247,-0.0540403208706,0.130998674394,-0.989908577106
1.306,9.11226994,2.131097298,9.358153619,-35.2956045637,1.55873267766,0.184528584071,-0.0540388880056,0.130994917308,-0.98990915251
1.307,9.111981472,2.131268008,9.357911608,-35.3435620359,1.55956709809,0.184817173937,-0.0540418737598,0.130989925467,-0.989909650072
1.308,9.111746275,2.130970113,9.35761475,-35.3908853626,1.5609231765,0.18504948018,-0.0540367241802,0.130985859747,-0.989910469177
1.309,9.111565266,2.130884158,9.357418923,-35.436713014,1.56369752015,0.185224241748,-0.0540352468411,0.130982729286,-0.98991096404
1.31,9.111318522,2.131089167,9.357225349,-35.4746924486,1.56908919791,0.18546777752,-0.0540388252803,0.130978459155,-0.989911333706
1.311,9.1112135,2.130912619,9.35708288,-35.508859718,1.57589699312,0.185561257423,-0.0540357698203,0.13097664352,-0.989911740728
1.312,9.111136334,2.131527385,9.357147765,-35.5450040867,1.58250016674,0.185622555003,-0.0540464450143,0.130975303927,-0.989911335192
1.313,9.111079121,2.131043501,9.35698184,-35.5833468376,1.58862272776,0.185673773979,-0.054038052015,0.130974318069,-0.98991192383
1.314,9.110937358,2.130935435,9.356819191,-35.6301778278,1.5937075771,0.185794257982,-0.0540361884406,0.130971866667,-0.989912349898
1.315,9.110648454,2.131261405,9.356612123,-35.6876964914,1.59848788735,0.186063114349,-0.0540418689782,0.130966866303,-0.989912701367
1.316,9.110487668,2.131540595,9.356519164,-35.7475473811,1.60395196512,0.186189900386,-0.0540467273446,0.13096408237,-0.989912804439
1.317,9.110256307,2.131603467,9.35630821,-35.803895628,1.61028646139,0.186414033302,-0.0540478374856,0.130960079702,-0.989913273367
1.318,9.110086597,2.131708495,9.356166892,-35.8515428326,1.61833322782,0.186566317951,-0.0540496733487,0.130957143013,-0.989913561633
1.319,9.109888903,2.131704821,9.355973561,-35.8863858124,1.62737350906,0.186750707975,-0.0540496255975,0.13095372337,-0.989914016624
1.32,9.109612657,2.132014138,9.355775064,-35.9087200238,1.63577389351,0.187022870905,-0.0540550167219,0.130948942248,-0.989914354725
1.321,9.109271172,2.132288805,9.355505162,-35.912900196,1.64285382588,0.187357774444,-0.0540598109591,0.130943032874,-0.989914874613
1.322,9.108994086,2.132236209,9.355223381,-35.9019341722,1.64812783581,0.187628402006,-0.054058920803,0.130938240227,-0.98991555717
1.323,9.108709789,2.132504879,9.355007808,-35.8937729188,1.6513240659,0.187901312319,-0.0540636069515,0.130933319328,-0.989915952136
1.324,9.108315679,2.13291084,9.354716626,-35.8965583463,1.65274815191,0.188294603383,-0.0540706840225,0.130926498465,-0.989916467753
1.325,9.10809381,2.13293457,9.354506012,-35.903687216,1.65199961869,0.188531983106,-0.054071114544,0.130922660081,-0.989916951895
1.326,9.107685826,2.133103436,9.354147282,-35.9100178727,1.64848334269,0.18894684525,-0.0540740781474,0.130915601727,-0.989917723499
1.327,9.107439379,2.133426534,9.353981014,-35.9189844307,1.64267285701,0.189191661886,-0.054079705175,0.130911335663,-0.989917980281
1.328,9.107113513,2.13354052,9.353689736,-35.93093107,1.63532216819,0.189527169124,-0.0540817100529,0.130905696918,-0.989918616429
1.329,9.10700566,2.133610558,9.353600703,-35.9391901418,1.62802693681,0.189644268292,-0.0540829339244,0.130903831259,-0.989918796276
1.33,9.106661317,2.133865625,9.353323626,-35.9349313685,1.62276787205,0.190007432782,-0.0540873889175,0.13089787248,-0.989919340825
1.331,9.106458013,2.133782189,9.353106648,-35.919834132,1.61894593,0.190208380747,-0.0540859580073,0.130894356454,-0.989919883927
1.332,9.106332142,2.133911286,9.353013549,-35.9122492237,1.61569947667,0.190343927085,-0.0540882085356,0.130892177256,-0.98992004911
1.333,9.1058725,2.133937759,9.352572071,-35.9261641623,1.61322741534,0.190818222247,-0.0540887052063,0.130884225548,-0.989921073355
1.334,9.105878628,2.133921086,9.352574233,-35.9654949972,1.61024646264,0.190815903766,-0.0540884157255,0.130884332363,-0.989921075049
1.335,9.105727486,2.134003474,9.352445877,-36.0283130023,1.60538962144,0.190955881137,-0.0540898575744,0.130881717244,-0.989921342026
1.336,9.105506577,2.13403571,9.352238151,-36.1034908399,1.59856130709,0.191179061508,-0.0540904351545,0.130877894961,-0.98992181582
1.337,9.105334786,2.133830599,9.352024091,-36.1836977645,1.59195796187,0.191346168776,-0.0540868899697,0.130874924496,-0.989922402248
1.338,9.105280197,2.134090746,9.352030303,-36.2681603263,1.58905468481,0.191387399921,-0.0540914085634,0.130873978669,-0.989922280397
1.339,9.104965661,2.133792503,9.35165601,-36.3506619466,1.59124703318,0.191691755097,-0.0540862592884,0.13086853958,-0.989923280817
1.34,9.104932927,2.133760511,9.35161684,-36.4237340276,1.59728593047,0.191714420515,-0.0540857069007,0.130867974138,-0.98992338575
1.341,9.104783946,2.13377999,9.351476233,-36.488254762,1.60420360142,0.19185407736,-0.0540860562239,0.13086539636,-0.989923707443
1.342,9.104654403,2.13347631,9.35128082,-36.5487032852,1.60906353847,0.19196798993,-0.0540807972328,0.130863157664,-0.98992429071
1.343,9.104582659,2.133740477,9.351271241,-36.6071720988,1.61021501349,0.192016701829,-0.0540853876689,0.13086191437,-0.989924204274
1.344,9.104535972,2.133822224,9.351244439,-36.6597826786,1.6084714818,0.192055831732,-0.054086810235,0.130861106862,-0.989924233297
1.345,9.104351178,2.134332367,9.351180943,-36.692775872,1.60637159679,0.192223594822,-0.0540956780784,0.130857905887,-0.989924171884
1.346,9.104138742,2.133883136,9.350871589,-36.7050802789,1.60540643566,0.192422056351,-0.0540878999848,0.130854233874,-0.989925082293
1.347,9.103987187,2.134440265,9.350851188,-36.7153432336,1.60592706075,0.192564115164,-0.0540975805052,0.130851607676,-0.989924900461
1.348,9.103758666,2.134536186,9.350650597,-36.7307411251,1.60745440238,0.19279183356,-0.0540992638894,0.130847653954,-0.989925331074
1.349,9.103564591,2.134853814,9.35053416,-36.750534433,1.60887457226,0.192982842019,-0.0541047917336,0.130844294139,-0.989925473055
1.35,9.10335589,2.135311387,9.350435454,-36.7702592157,1.61029961258,0.193181988087,-0.0541127491856,0.130840680103,-0.989925515787
1.351,9.10312984,2.135470113,9.350251627,-36.7738989574,1.61169850095,0.193408356828,-0.05411552245,0.130836767972,-0.989925881254
1.352,9.102815668,2.135617271,9.349979369,-36.7538585647,1.61229659676,0.193732255001,-0.0541181023111,0.130831332176,-0.989926458644
1.353,9.102548874,2.135650949,9.349727321,-36.7170454398,1.6106542917,0.194005054259,-0.0541187079874,0.130826716508,-0.98992703554
1.354,9.102362469,2.135950393,9.349614248,-36.6700297441,1.60514521482,0.194183529213,-0.0541239199181,0.130823489403,-0.989927177076
1.355,9.102068154,2.135911533,9.34931884,-36.6238544785,1.59563614681,0.194492105337,-0.0541232701176,0.130818398906,-0.989927885323
1.356,9.101779065,2.136310906,9.349128646,-36.5952159459,1.58351215137,0.194789397602,-0.0541302239445,0.130813393999,-0.989928166488
1.357,9.101523347,2.136264599,9.348869112,-36.5898901401,1.57150332225,0.195048140566,-0.0541294414151,0.130808970604,-0.989928793794
1.358,9.10145867,2.136597135,9.348882139,-36.606799147,1.56272472916,0.195113360252,-0.0541352180567,0.13080784893,-0.989928626126
1.359,9.101140692,2.136798843,9.348618678,-36.641383914,1.55827619752,0.195438969822,-0.0541387441031,0.130802347325,-0.989929160254
1.36,9.100956505,2.136438018,9.348356899,-36.6896492174,1.5570369749,0.195632964482,-0.0541324979651,0.130799164045,-0.989929922444
1.361,9.100842747,2.136468769,9.348253179,-36.7526425547,1.55762992252,0.195748179125,-0.0541330406991,0.130797195934,-0.989930152809
1.362,9.10071656,2.136433201,9.348122203,-36.8292268382,1.5597267564,0.195864862527,-0.0541324334126,0.130795012536,-0.989930474502
1.363,9.100649872,2.136546933,9.348083274,-36.9157700655,1.56313699147,0.19592586992,-0.0541344131074,0.130793857795,-0.989930518815
1.364,9.100591404,2.136489396,9.348013203,-37.0080813813,1.5675559923,0.195988855133,-0.0541334188379,0.130792847771,-0.989930706634
1.365,9.100684669,2.136224973,9.34804357,-37.1038429755,1.57417657845,0.195880358888,-0.0541288230816,0.130794463116,-0.989930744512
1.366,9.100367334,2.136427205,9.34778085,-37.2000778825,1.58402053837,0.196190064724,-0.0541323578161,0.130788971294,-0.989931276819
1.367,9.100387195,2.136339516,9.347780144,-37.2915649358,1.59642720775,0.196162377696,-0.0541308347766,0.130789315447,-0.989931314633
1.368,9.100304183,2.136105806,9.34764592,-37.3801294143,1.6107190306,0.196238518696,-0.0541267855488,0.130787881377,-0.98993172551
1.369,9.100190426,2.135986622,9.347507937,-37.4677838875,1.62647186274,0.196331266282,-0.0541247272677,0.130785914579,-0.989932097897
1.37,9.100078208,2.136172109,9.347441076,-37.5494424914,1.64216490325,0.196426896318,-0.0541279551576,0.130783971589,-0.989932178104
1.371,9.099850217,2.136382357,9.34726717,-37.6195412871,1.65595096652,0.196655399199,-0.0541316223594,0.130780026172,-0.989932498818
1.372,9.099771482,2.1362176,9.347152864,-37.6779740899,1.66690881515,0.196728159246,-0.054128769286,0.130778665451,-0.98993283459
1.373,9.099713817,2.136329605,9.347122324,-37.7253355646,1.67486068367,0.196768378674,-0.0541307186484,0.130777667399,-0.989932859849
1.374,9.099412027,2.136580126,9.346885785,-37.7483988549,1.67963493993,0.197075139876,-0.0541350909538,0.130772444273,-0.989933310757
1.375,9.099288992,2.1367666,9.346808635,-37.7325769643,1.68147754385,0.197190024382,-0.0541383361819,0.13077031395,-0.989933414703
1.376,9.099071087,2.137104015,9.346673644,-37.6849994872,1.68141648293,0.197402336531,-0.0541442095008,0.130766542488,-0.989933591683
1.377,9.098736723,2.137431331,9.346422987,-37.6182184021,1.67921599612,0.197739635365,-0.054149917039,0.13076075472,-0.98993404402
1.378,9.098551393,2.137487027,9.346255306,-37.5398884526,1.67493000489,0.197932671472,-0.0541508995838,0.130757548413,-0.989934413791
1.379,9.098341404,2.138050462,9.346179758,-37.4617302693,1.6698189414,0.198152523738,-0.0541606947542,0.130753911694,-0.989934358289
1.38,9.09816938,2.138111317,9.346026219,-37.4000261357,1.66483399826,0.198328263356,-0.0541617647608,0.130750935487,-0.98993469285
1.381,9.097950912,2.138301211,9.345856989,-37.369006854,1.66169639679,0.198548963006,-0.0541650776671,0.130747153657,-0.989935011085
1.382,9.09762643,2.138593655,9.345608032,-37.3673795975,1.66024372215,0.198888861538,-0.0541701797953,0.130741538082,-0.989935473574
1.383,9.097479191,2.138488269,9.345440584,-37.3881922682,1.65778819321,0.199040363434,-0.0541683624238,0.130738992016,-0.989935909278
1.384,9.097288208,2.139082542,9.345390675,-37.4257887035,1.65444032958,0.199238994479,-0.054178691425,0.130735683802,-0.989935780935
1.385,9.097117875,2.138905838,9.345184419,-37.471944696,1.65169014259,0.199422350799,-0.0541756389146,0.13073273828,-0.989936336988
1.386,9.09686458,2.138963237,9.344950985,-37.5264100546,1.64986282312,0.19967614671,-0.0541766561706,0.130728356277,-0.989936860002
1.387,9.096822886,2.138837979,9.344881728,-37.5909653287,1.65057863228,0.19971989817,-0.0541744856815,0.130727635332,-0.989937073991
1.388,9.096620994,2.138985512,9.344718965,-37.6635622795,1.65484659752,0.199922412145,-0.0541770621883,0.130724141599,-0.989937394352
1.389,9.096606804,2.138959175,9.344699122,-37.7429660769,1.66126599629,0.199939411755,-0.0541766064341,0.130723896669,-0.989937451638
1.39,9.096557748,2.138960103,9.344651582,-37.8278757812,1.66870244839,0.199989579257,-0.0541766264676,0.130723048516,-0.989937562542
1.391,9.096376033,2.139114807,9.344510104,-37.9085317947,1.67598665757,0.2001598006,-0.0541793264627,0.130719903249,-0.989937830108
1.392,9.096233374,2.13874071,9.344285602,-37.9754164004,1.68220173757,0.200292734799,-0.0541728453764,0.130717437946,-0.989938510333
1.393,9.096088127,2.138790522,9.344155613,-38.0296825813,1.68768935722,0.200427043731,-0.0541737225436,0.130714925706,-0.989938794059
1.394,9.096187115,2.13884399,9.344264211,-38.0713061544,1.69313702769,0.200320010828,-0.0541746418275,0.130716637676,-0.989938517696
1.395,9.095986387,2.139119984,9.34413199,-38.1053766112,1.69787114769,0.200518983635,-0.0541794475921,0.130713162903,-0.989938713508
1.396,9.095833263,2.13880725,9.343911344,-38.1426714316,1.70142152233,0.200654001445,-0.0541740336022,0.130710516491,-0.989939359235
1.397,9.095833861,2.139017305,9.343960009,-38.1885028863,1.70483249904,0.20065052564,-0.0541776784883,0.130710524631,-0.989939158688
1.398,9.095656937,2.138669575,9.343708186,-38.2418596962,1.7080652971,0.20082274599,-0.0541716580135,0.130707466923,-0.989939891892
1.399,9.095541326,2.13903471,9.343679228,-38.2982236438,1.71093023738,0.200914248775,-0.0541780043132,0.130705463738,-0.989939809078
1.4,9.095433259,2.138937522,9.343551781,-38.3518088574,1.71412773808,0.201024239647,-0.054176326406,0.130703595762,-0.98994014754
1.401,9.095261021,2.138829217,9.343359324,-38.4022141159,1.71737766651,0.201199656511,-0.0541744615442,0.130700616676,-0.989940642926
1.402,9.095154849,2.139303271,9.343364501,-38.4523894323,1.72094001353,0.201296570345,-0.0541826969466,0.130698775952,-0.989940435236
1.403,9.09504333,2.138990636,9.343184367,-38.4981145807,1.72487381303,0.201408467346,-0.0541772800582,0.130696849181,-0.989940986089
1.404,9.094832996,2.139639983,9.343128303,-38.529207583,1.72749567744,0.201619818441,-0.0541885659786,0.130693205758,-0.989940849387
1.405,9.094657755,2.139528513,9.342932192,-38.5438761342,1.72750150647,0.201812308603,-0.0541866465387,0.130690174762,-0.989941354605
1.406,9.094516762,2.139542372,9.342798119,-38.5481913747,1.72499032338,0.201952628793,-0.0541868987501,0.130687735715,-0.989941662795
1.407,9.094438574,2.14020983,9.342874883,-38.5433903635,1.71962245,0.202036339145,-0.0541984877554,0.130686377958,-0.989941207619
1.408,9.094128295,2.14004962,9.342536156,-38.5367780543,1.71056723919,0.20236351011,-0.0541957333624,0.130681011518,-0.989942066847
1.409,9.09407193,2.140606787,9.342608933,-38.5354054338,1.69822879074,0.202430710959,-0.0542054063259,0.130680031637,-0.989941666593
1.41,9.093865589,2.140676801,9.342424125,-38.5354421428,1.68481271836,0.20264243498,-0.0542066390948,0.13067646146,-0.989942070375
1.411,9.093707245,2.140868976,9.34231403,-38.5327040591,1.67192250376,0.20280287312,-0.0542099863801,0.130673720181,-0.989942248937
1.412,9.093731844,2.141007161,9.342369641,-38.5200385232,1.66103708822,0.202785410468,-0.0542123830075,0.1306741449,-0.989942061629
1.413,9.09361015,2.141169834,9.342288468,-38.49851843,1.65251157231,0.202909207174,-0.0542152154512,0.130672038053,-0.989942184617
1.414,9.093661218,2.141201798,9.342345502,-38.4813712344,1.64568314368,0.20285060875,-0.0542157664574,0.130672921267,-0.989942037856
1.415,9.093459022,2.141487486,9.342214172,-38.4780519461,1.64139823916,0.203068455011,-0.0542207410505,0.130669421178,-0.98994222741
1.416,9.093448095,2.141640199,9.342238543,-38.4895092364,1.64065578771,0.203069501633,-0.0542233916084,0.130669230825,-0.989942107357
1.417,9.09326484,2.141296332,9.341981344,-38.517085713,1.6444893018,0.203237507009,-0.0542174388438,0.130666063982,-0.989942851405
1.418,9.09325527,2.141427601,9.342002118,-38.5627554011,1.65393424794,0.203246852801,-0.0542197179293,0.130665896698,-0.989942748662
1.419,9.093231488,2.141499164,9.341995374,-38.6211923581,1.66803336386,0.203261599086,-0.0542209621632,0.13066548554,-0.989942734783
1.42,9.093135848,2.141365871,9.341871726,-38.6860266371,1.68401894497,0.203356828374,-0.054218656168,0.130663831811,-0.989943079364
1.421,9.093104844,2.141509835,9.341874549,-38.7551348123,1.69870873782,0.203372151013,-0.054221157749,0.130663294206,-0.989943013309
1.422,9.093125395,2.141353469,9.341858708,-38.8298554548,1.7117721516,0.203333002269,-0.0542184423007,0.130663651166,-0.98994311492
1.423,9.093043575,2.141516468,9.341816432,-38.9106157246,1.72559824605,0.203407910324,-0.0542212775595,0.130662234564,-0.989943146609
1.424,9.0928934,2.141380389,9.341639061,-38.9942400873,1.74123814174,0.20354260334,-0.0542189284096,0.130659637577,-0.989943618046
1.425,9.092788798,2.141248223,9.341506949,-39.0797448917,1.75776051736,0.203638140323,-0.0542166434983,0.130657829275,-0.989943981858
1.426,9.092735707,2.141384075,9.341486412,-39.157635592,1.77246515132,0.203689903538,-0.0542190052347,0.130656908944,-0.989943973979
1.427,9.092443741,2.141289764,9.341180601,-39.2090894934,1.78307399914,0.203979402312,-0.0542173927401,0.130651859333,-0.989944728749
1.428,9.092421589,2.141515844,9.341210867,-39.2266308765,1.78915531867,0.203995248535,-0.054221317823,0.130651474666,-0.989944564539
1.429,9.092141033,2.14187267,9.341019596,-39.21774769,1.79131525592,0.204264505647,-0.0542275329552,0.130646618022,-0.989944865065
1.43,9.092020507,2.141477849,9.340811757,-39.2024414995,1.78954384802,0.204405239197,-0.0542206916409,0.130644535934,-0.989945514576
1.431,9.091793359,2.141759768,9.340655297,-39.1989498856,1.78333796546,0.204638528008,-0.0542256018699,0.130640604213,-0.98994576449
1.432,9.091483228,2.141916043,9.340389265,-39.2114037344,1.7733752645,0.20495312164,-0.0542283401174,0.130635238026,-0.989946322643
1.433,9.091427246,2.142005642,9.340355322,-39.2406474114,1.76036114803,0.205010348685,-0.0542298994611,0.130634268765,-0.989946365127
1.434,9.091179523,2.142304039,9.340182639,-39.2864359352,1.74473936982,0.205275190593,-0.0542350983115,0.130629981213,-0.989946646097
1.435,9.090837656,2.142560481,9.33990871,-39.334475447,1.72798870598,0.205627410114,-0.0542395766597,0.130624064795,-0.989947181429
1.436,9.09068727,2.142420617,9.33973025,-39.3710567863,1.71305928793,0.205788891976,-0.0542371612761,0.130621463747,-0.989947656972
1.437,9.090470304,2.142747312,9.339594016,-39.3950516544,1.70192791499,0.206006382412,-0.0542428487847,0.130617707534,-0.989947840966
1.438,9.090201932,2.142845291,9.339355283,-39.4034783745,1.69302865815,0.206288807674,-0.0542445705083,0.130613064883,-0.989948359185
1.439,9.090139497,2.142711227,9.339263754,-39.4010454642,1.68356693324,0.206364697889,-0.0542422499829,0.130611985887,-0.989948628697
1.44,9.090061129,2.142677102,9.339179648,-39.4028742149,1.67375297532,0.206444729274,-0.0542416637929,0.13061063045,-0.989948839649
1.441,9.090007098,2.142945602,9.339188664,-39.4088504207,1.66589304187,0.206494564948,-0.054246327752,0.130609692863,-0.98994870779
1.442,9.089879597,2.143082319,9.339095937,-39.4111759146,1.66198943463,0.206623248766,-0.0542487106957,0.130607486214,-0.989948868343
1.443,9.089835733,2.143004561,9.3390354,-39.416267564,1.66254204101,0.206661195431,-0.0542473650793,0.130606728058,-0.989949042107
1.444,9.089698455,2.143433987,9.339000336,-39.4275145493,1.66777562905,0.206792907018,-0.0542548281292,0.130604349927,-0.989948946868
1.445,9.089688014,2.143483063,9.339001437,-39.4404086374,1.67790499301,0.206794912455,-0.054255680924,0.130604168992,-0.989948924
1.446,9.089495411,2.143625711,9.338846717,-39.4604191731,1.69213488692,0.206976940667,-0.0542581727614,0.130600835249,-0.989949227244
1.447,9.08948074,2.143700957,9.338849711,-39.4916508852,1.70916868569,0.206975646878,-0.054259479624,0.13060058079,-0.989949189185
1.448,9.08941085,2.143662337,9.338772822,-39.5310145116,1.72792084146,0.207021751349,-0.0542588145204,0.130599372294,-0.989949385071
1.449,9.089220667,2.144072336,9.33868184,-39.5747430852,1.74812443825,0.207200339532,-0.0542659452317,0.130596078781,-0.989949428706
1.45,9.089173106,2.143999299,9.338618781,-39.6208378202,1.76888221898,0.207234594808,-0.0542646815251,0.130595256401,-0.989949606467
1.451,9.089075005,2.144055013,9.338536092,-39.6659080088,1.78785765854,0.20732157397,-0.0542656563692,0.130593559648,-0.989949776866
1.452,9.0887938,2.143771951,9.338197413,-39.7048814201,1.80344590824,0.20758427665,-0.0542607678289,0.130588697005,-0.989950686292
1.453,9.088613034,2.143857621,9.338041143,-39.7368907264,1.815221006,0.207758619482,-0.0542622688455,0.130585569443,-0.989951016583
1.454,9.088540818,2.143763525,9.337949253,-39.7611354538,1.82272862179,0.207826135592,-0.0542606418992,0.130584320139,-0.989951270556
1.455,9.088255512,2.143820924,9.337684746,-39.7820272589,1.82578533012,0.208098266299,-0.054261661688,0.130579383952,-0.989951865778
1.456,9.087915906,2.143902459,9.337372931,-39.8061648968,1.82459419345,0.208437115309,-0.0542631043083,0.130573508502,-0.989952561686
1.457,9.087813921,2.144026434,9.337302138,-39.8358582657,1.81994907216,0.208549375635,-0.0542652638547,0.130571743735,-0.989952676079
1.458,9.08761827,2.144301253,9.337174823,-39.8701848912,1.81246513215,0.208746858452,-0.0542700495049,0.130568356672,-0.989952860475
1.459,9.087312451,2.144519462,9.336927294,-39.9077160275,1.80188373846,0.209059926737,-0.0542738610345,0.130563063629,-0.98995334962
1.46,9.087162582,2.144672802,9.336816653,-39.948751505,1.78923526003,0.209213533806,-0.0542765346184,0.130560470502,-0.989953545037
1.461,9.08690692,2.144583783,9.33654738,-39.9917953272,1.77612490395,0.209492975132,-0.0542750105078,0.13055604784,-0.989954211874
1.462,9.086645612,2.1446225,9.336301952,-40.0335002323,1.76403524497,0.209749498302,-0.054275704392,0.130551527007,-0.989954770032
1.463,9.086421618,2.144495093,9.336054682,-40.0660718309,1.75382124336,0.209991061949,-0.0542735118747,0.130547652587,-0.989955401174
1.464,9.086390224,2.144883937,9.336113453,-40.0853783213,1.74469009195,0.2100296638,-0.0542802619854,0.130547106789,-0.989955103057
1.465,9.086113877,2.144952447,9.335860238,-40.1016276572,1.73568141905,0.210323994332,-0.0542814735331,0.13054232505,-0.98995566719
1.466,9.086157297,2.144613957,9.335824733,-40.1298031494,1.72644181677,0.210288927435,-0.0542755959562,0.130543079551,-0.989955889959
1.467,9.085986327,2.145036651,9.335755447,-40.1751477598,1.71602301539,0.210458129982,-0.0542829458746,0.130540118725,-0.989955877396
1.468,9.085908239,2.145096401,9.335693177,-40.2311282303,1.70524597275,0.210541680668,-0.0542839884805,0.130538766809,-0.989955998494
1.469,9.085945769,2.144925131,9.335690351,-40.294151652,1.6964781017,0.210518236364,-0.0542810136883,0.130539417861,-0.989956075762
1.47,9.085788724,2.144948589,9.335542897,-40.3652261003,1.69115662787,0.210659323123,-0.0542814331597,0.13053670082,-0.989956411037
1.471,9.085785396,2.145214849,9.335600838,-40.434907992,1.68922015317,0.210654065015,-0.0542860543429,0.130536640825,-0.989956165548
1.472,9.085651559,2.145622476,9.33556426,-40.4874826519,1.69008306319,0.210786725491,-0.0542931393333,0.130534322527,-0.989956082695
1.473,9.085584654,2.145335867,9.335433278,-40.518086741,1.69296773419,0.210848470674,-0.0542881707005,0.130533167328,-0.989956507504
1.474,9.085568352,2.145971762,9.335563566,-40.5303875994,1.69764326978,0.210845514886,-0.054299207676,0.130532879814,-0.989955940097
1.475,9.085459844,2.14632096,9.335538241,-40.5289406431,1.70536634693,0.210930928813,-0.0543052770303,0.130530999985,-0.989955855041
1.476,9.085259891,2.146191678,9.335313922,-40.5205083651,1.71744530257,0.211119893585,-0.0543030492799,0.130527542184,-0.989956433168
1.477,9.085364708,2.146790805,9.335553687,-40.5143693936,1.73381946856,0.211000601484,-0.0543134376191,0.130529349746,-0.989955624939
1.478,9.085158622,2.146992754,9.335399566,-40.5171039344,1.75346988639,0.211181617056,-0.0543169599629,0.130525783185,-0.989955901939
1.479,9.084993611,2.146821528,9.335199601,-40.5316132412,1.77380584101,0.211341057767,-0.0543140013126,0.130522929996,-0.989956440459
1.48,9.084963827,2.146822655,9.335170874,-40.5565768461,1.79063408168,0.211364398034,-0.0543140236999,0.130522414674,-0.989956507175
1.481,9.08492702,2.147142315,9.335208572,-40.5811085831,1.80125142943,0.211393739579,-0.0543195738229,0.130521775019,-0.989956286987
1.482,9.084652473,2.147092275,9.334929876,-40.5902263991,1.80590744219,0.211642825713,-0.0543187283838,0.130517026035,-0.9899569595
1.483,9.084513289,2.147258485,9.334832655,-40.5798334377,1.80645198795,0.211780616421,-0.0543216236231,0.130514616989,-0.989957118243
1.484,9.084356499,2.147380831,9.334708213,-40.5514751645,1.80354914583,0.211944770187,-0.0543237597181,0.130511903759,-0.989957358732
1.485,9.084056209,2.147248009,9.334385423,-40.5136372962,1.79658931816,0.212242231098,-0.0543214801677,0.130506709668,-0.989958168573
1.486,9.0837924,2.147370672,9.334156907,-40.4863802621,1.78495429053,0.212514788164,-0.0543236299811,0.130502144646,-0.989958652403
1.487,9.083762895,2.146908458,9.33402187,-40.4839584298,1.77096271195,0.212547731223,-0.054315611106,0.13050163814,-0.989959159174
1.488,9.08349511,2.147267213,9.33384379,-40.5060910223,1.75838438693,0.212834540373,-0.0543218588279,0.130497002797,-0.989959427408
1.489,9.083372857,2.146997618,9.333662799,-40.5442104558,1.7479682076,0.212955775283,-0.0543171904359,0.130494890277,-0.989959962036
1.49,9.083102219,2.146815889,9.333357616,-40.5923090338,1.73809403882,0.213249483997,-0.0543140591241,0.130490209127,-0.98996075089
1.491,9.082994555,2.146982342,9.333291127,-40.6454415361,1.72777334419,0.213370846168,-0.054316956136,0.130488345544,-0.989960837586
1.492,9.082892139,2.146987717,9.333192694,-40.6960451817,1.71818937722,0.213484913062,-0.0543170582422,0.130486573577,-0.989961065547
1.493,9.082929969,2.146603973,9.333141242,-40.7449671067,1.71073275579,0.213445270688,-0.0543103955168,0.130487231112,-0.989961344425
1.494,9.082869416,2.146715428,9.333107947,-40.7954751823,1.70543611171,0.213511285732,-0.0543123345694,0.130486182502,-0.989961376262
1.495,9.082742065,2.146982587,9.333045465,-40.8373033599,1.70264901986,0.213641841327,-0.0543169814172,0.130483977539,-0.989961411943
1.496,9.08274626,2.146627112,9.332967779,-40.8652777936,1.70288845585,0.213641299447,-0.0543108115647,0.130484053065,-0.989961740495
1.497,9.082692459,2.146246458,9.332827876,-40.8932757114,1.70535265628,0.213692397239,-0.054304210852,0.130483125331,-0.989962224879
1.498,9.082602514,2.146730844,9.332851748,-40.9300752266,1.70822487939,0.213772950326,-0.0543126237982,0.130481564896,-0.989961969026
1.499,9.082463614,2.146524383,9.332669083,-40.9710788802,1.71189113622,0.21390811506,-0.0543090526229,0.130479163684,-0.989962481434
1.5,9.082501079,2.146431984,9.332684293,-41.0154566595,1.71717221077,0.213873775036,-0.0543074463507,0.130479812415,-0.989962484048
1.501,9.082473764,2.14645035,9.332661934,-41.0664108964,1.724261082,0.21386844864,-0.0543077669529,0.130479340629,-0.989962528643
1.502,9.082398858,2.146450874,9.332589156,-41.1244988387,1.73422048575,0.213940637246,-0.0543077816933,0.130478044772,-0.989962698631
1.503,9.082366439,2.146758913,9.332628459,-41.1812020274,1.74715358164,0.213954191854,-0.0543131299924,0.130477481033,-0.989962479518
1.504,9.082197094,2.146538424,9.332412939,-41.2213132069,1.76173627995,0.214114354696,-0.0543093181314,0.130474553641,-0.989963074471
1.505,9.082213586,2.146651287,9.332454949,-41.2429617751,1.77660462298,0.214075476935,-0.0543112752475,0.130474837556,-0.989962929683
1.506,9.082080499,2.146556855,9.33230371,-41.2560117998,1.79015522937,0.214200984588,-0.0543096470167,0.130472536232,-0.989963322316
1.507,9.081993126,2.146710534,9.332254029,-41.2667150437,1.80212835447,0.21428250681,-0.0543123216533,0.130471023194,-0.989963374991
1.508,9.081965648,2.146817435,9.332251879,-41.2830755178,1.81279298953,0.214301784095,-0.0543141784913,0.130470546627,-0.989963335926
1.509,9.081827569,2.146797313,9.332112874,-41.3084553266,1.82131306333,0.21443348616,-0.0543138413246,0.130468158195,-0.989963669201
1.51,9.081595421,2.147228169,9.331986081,-41.3324147528,1.82656369856,0.214672770636,-0.0543213372476,0.130464139062,-0.98996378759
1.511,9.081348014,2.146986086,9.331689611,-41.3487703703,1.82828782336,0.214916396535,-0.0543171565678,0.130459860827,-0.989964580788
1.512,9.081253042,2.147343609,9.331679451,-41.3564607761,1.82660399616,0.215013746717,-0.0543233683923,0.130458214239,-0.98996445693
1.513,9.081205948,2.14740237,9.331647143,-41.3498544079,1.8214324699,0.215064958636,-0.0543243924063,0.130457399148,-0.98996450815
1.514,9.080946696,2.147716779,9.331467209,-41.3271949096,1.81310351856,0.215333781783,-0.0543298700627,0.130452912072,-0.989964798844
1.515,9.080780997,2.147980347,9.331366624,-41.2925585493,1.80253560459,0.215510806944,-0.0543344570813,0.130450042874,-0.989964925181
1.516,9.08059886,2.148146695,9.331227673,-41.2561471246,1.79186078951,0.215697595926,-0.0543373589767,0.130446890545,-0.98996518129
1.517,9.080579422,2.14829189,9.331242183,-41.2302410626,1.78326990494,0.215727038065,-0.0543398800448,0.1304465535,-0.989965087322
1.518,9.080382848,2.14810645,9.331008198,-41.2146420259,1.77669098905,0.21593559756,-0.0543366785212,0.130443154178,-0.989965710969
1.519,9.08031635,2.148011482,9.330921624,-41.208410841,1.77073665904,0.216006931391,-0.0543350355816,0.130442004674,-0.989965952609
1.52,9.08026341,2.148287937,9.330933751,-41.2198581135,1.7643605828,0.21606445587,-0.0543398378788,0.130441086623,-0.989965809985
1.521,9.080157194,2.147975492,9.330758457,-41.2539120228,1.75770273545,0.216181209704,-0.0543344245469,0.13043925129,-0.989966348939
1.522,9.079989048,2.147739379,9.330540475,-41.3129311847,1.75251472979,0.216357592447,-0.0543303404522,0.130436344196,-0.989966956125
1.523,9.079938049,2.147809053,9.330506884,-41.3931840783,1.75140502891,0.216404816422,-0.0543315538168,0.130435461956,-0.989967005776
1.524,9.079850437,2.147835623,9.330427741,-41.4832160789,1.75555046503,0.216477909652,-0.0543320222475,0.1304339459,-0.989967179817
1.525,9.079884271,2.147731346,9.330436662,-41.5748116104,1.76416218156,0.216449303362,-0.0543302096302,0.130434532052,-0.989967202068
1.526,9.079722505,2.14766801,9.330264662,-41.667902402,1.77461598198,0.21660720729,-0.0543291232543,0.13043173344,-0.989967630419
1.527,9.079643895,2.147588963,9.330169967,-41.7639745573,1.78538525623,0.216672320459,-0.0543277582521,0.130430374957,-0.989967884313
1.528,9.079618293,2.147561105,9.33013864,-41.8603124931,1.7976703903,0.216690590176,-0.0543272768614,0.130429931749,-0.989967969125
1.529,9.079498382,2.147534838,9.330015903,-41.9489445098,1.8129776157,0.216793239409,-0.0543268311573,0.130427857376,-0.989968266884
1.53,9.07939577,2.147537772,9.329916722,-42.0224691401,1.83140123128,0.216882676646,-0.0543268897556,0.130426082766,-0.98996849747
1.531,9.079351341,2.147304192,9.329819723,-42.0812852304,1.8502705521,0.216918904501,-0.0543228404355,0.130425315256,-0.989968820796
1.532,9.079363471,2.147518646,9.329880887,-42.1247197527,1.86633440723,0.21689305426,-0.0543265609656,0.130425523497,-0.989968589196
1.533,9.079372433,2.147502514,9.329885895,-42.1472787189,1.87811262563,0.216878768378,-0.0543262799215,0.130425678864,-0.989968584149
1.534,9.079254174,2.147485787,9.329766962,-42.1544980896,1.88596940414,0.216986907812,-0.0543259996441,0.130423633157,-0.989968869044
1.535,9.078958103,2.147683153,9.329524273,-42.1601831727,1.89001190388,0.21727796386,-0.0543294489623,0.13041850947,-0.98996935476
1.536,9.078922009,2.14812576,9.329591049,-42.1724496834,1.89079574374,0.217305026259,-0.0543371328895,0.130417881294,-0.989969015792
1.537,9.07881978,2.148169776,9.329501701,-42.1935644511,1.89027362702,0.217415266501,-0.054337905128,0.130416112814,-0.989969206382
1.538,9.078609185,2.148179826,9.329299078,-42.22685847,1.88934807995,0.217632689425,-0.0543380967826,0.130412469374,-0.989969675833
1.539,9.078412033,2.148795964,9.32924912,-42.2704403791,1.88745907147,0.217833360265,-0.0543488054336,0.130409053818,-0.989969537931
1.54,9.078206817,2.148811501,9.329053,-42.3172052673,1.88381901924,0.218039370122,-0.0543490919113,0.130405503593,-0.989969989869
1.541,9.078102798,2.149014491,9.328998536,-42.3658766703,1.877561876,0.218156147305,-0.0543526231492,0.130403701674,-0.989970033358
1.542,9.077929322,2.148977502,9.328821205,-42.4140624293,1.86871717235,0.218350730219,-0.054351996088,0.13040070116,-0.989970463023
1.543,9.077672792,2.149055281,9.328589493,-42.4565949919,1.85889830759,0.218611157967,-0.0543533667498,0.130396262858,-0.98997097238
1.544,9.077627979,2.149858614,9.328730985,-42.4895093119,1.85038571217,0.218655733237,-0.0543673113172,0.130395480878,-0.989970309669
1.545,9.077564129,2.150111817,9.328727209,-42.5033185101,1.84370880395,0.218739895561,-0.054371710795,0.130394373701,-0.989970213881
1.546,9.077451589,2.150122787,9.328620227,-42.4958358839,1.83769419336,0.218865210419,-0.054371910003,0.130392427332,-0.989970459305
1.547,9.07732676,2.149954193,9.328459902,-42.4766401074,1.83243093484,0.218991628144,-0.0543689947769,0.130390269131,-0.989970903675
1.548,9.077298868,2.150474227,9.328552629,-42.4556389504,1.83008313848,0.219015783939,-0.0543780214957,0.130389781777,-0.989970472078
1.549,9.077260143,2.150285002,9.328471326,-42.4422905092,1.8311733833,0.219074904164,-0.0543747411935,0.130389114071,-0.9899707402
1.55,9.077229395,2.149890931,9.328350578,-42.4520800167,1.83326120188,0.219095968675,-0.054367904671,0.130388585297,-0.989971185321
1.551,9.07717819,2.14977384,9.328273766,-42.4955641658,1.83437463161,0.219146704281,-0.054365876656,0.130387700532,-0.989971413226
1.552,9.077291636,2.149894658,9.328412003,-42.5614015855,1.83413162748,0.219036751544,-0.0543679643218,0.130389661768,-0.989971040263
1.553,9.077181262,2.150044297,9.328339088,-42.6316077294,1.83339721864,0.21914401513,-0.0543705704104,0.130387750574,-0.989971148859
1.554,9.077271029,2.149947099,9.328404036,-42.6993602586,1.8339791187,0.219030817235,-0.0543688757381,0.130389305024,-0.989971037196
1.555,9.077243037,2.149934127,9.328373808,-42.7652683994,1.83698289385,0.219050289987,-0.054368653261,0.130388820516,-0.989971113229
1.556,9.077125192,2.150197231,9.328319779,-42.8290116978,1.84183126069,0.219167089995,-0.0543732291844,0.130386780183,-0.98997113064
1.557,9.077059554,2.149993048,9.328208845,-42.8912097188,1.84749725394,0.219228976391,-0.054369690562,0.130385646266,-0.989971474334
1.558,9.077230771,2.15009883,9.328399834,-42.9567946316,1.85366305605,0.219035551506,-0.0543715121842,0.130388607193,-0.989970984311
1.559,9.076902975,2.150375946,9.328144742,-43.021074699,1.86114286206,0.219351301632,-0.0543763486162,0.130382934024,-0.989971465865
1.56,9.076871854,2.150026061,9.328033808,-43.0730534563,1.8693849307,0.219389711977,-0.0543702795876,0.130382398852,-0.989971869685
1.561,9.076832531,2.150004229,9.327990512,-43.115893625,1.87660870131,0.219411946275,-0.0543699037073,0.130381718398,-0.989971979946
1.562,9.076755323,2.150307159,9.32798521,-43.1485239352,1.88271713215,0.219480673037,-0.0543751671195,0.130380380442,-0.989971867073
1.563,9.076669623,2.150326337,9.327906239,-43.1636997541,1.88768968591,0.219559387597,-0.0543755063329,0.130378897072,-0.989972043802
1.564,9.076623841,2.1503577,9.32786892,-43.1691918401,1.89019848581,0.219617762554,-0.0543760544977,0.130378104784,-0.989972118037
1.565,9.076519215,2.150765641,9.327861164,-43.1706308771,1.88958643301,0.219710762672,-0.0543831429946,0.130376291564,-0.98997196746
1.566,9.076542339,2.151054763,9.327950334,-43.1564714766,1.88721949792,0.219683199763,-0.0543881579503,0.130376688958,-0.98997163962
1.567,9.07640336,2.150870946,9.327772713,-43.1246937526,1.88401677302,0.219831004209,-0.0543849797278,0.130374286897,-0.989972130565
1.568,9.076302121,2.150964015,9.327695663,-43.094786697,1.87872128242,0.219946199928,-0.0543866036709,0.130372533899,-0.989972272211
1.569,9.076176219,2.151223914,9.327633092,-43.0829273554,1.87091087248,0.220066172305,-0.0543911235405,0.130370353937,-0.989972310974
1.57,9.076087443,2.151349171,9.327575598,-43.0912482262,1.86225751456,0.220154091109,-0.0543933045273,0.130368817494,-0.989972393478
1.571,9.076103774,2.151515723,9.327629904,-43.1159542055,1.85425297061,0.220143827509,-0.0543961942232,0.130369098027,-0.989972197758
1.572,9.075878881,2.151576483,9.327425091,-43.1540528651,1.84762916097,0.220378809731,-0.0543972670587,0.130365207312,-0.989972651167
1.573,9.075849818,2.151422472,9.327361287,-43.2037290885,1.84236505948,0.220416950541,-0.054394596234,0.130364705919,-0.989972863947
1.574,9.075776304,2.151312353,9.327264356,-43.262672967,1.83964519953,0.220482939175,-0.0543926915778,0.13036343487,-0.989973135975
1.575,9.075784669,2.151168486,9.327239313,-43.330011741,1.8402073491,0.220486751497,-0.0543901938378,0.130363580315,-0.989973254054
1.576,9.075745574,2.151457327,9.327267893,-43.4026103851,1.8425813789,0.220521138113,-0.0543952096511,0.130362901957,-0.989973067795
1.577,9.075643627,2.151154544,9.327098859,-43.4775485234,1.84530745912,0.220617735375,-0.0543899632847,0.130361140992,-0.989973587937
1.578,9.075529581,2.151479976,9.32706295,-43.5531509194,1.84785987129,0.220726490928,-0.0543956203051,0.130359165456,-0.989973537259
1.579,9.075605116,2.151379201,9.327113203,-43.6217400984,1.85059262904,0.220652544235,-0.0543938656053,0.130360472598,-0.989973461548
1.58,9.075626909,2.151443965,9.327149347,-43.6778157027,1.85406025976,0.220631596676,-0.0543949876579,0.130360849159,-0.98997335031
1.581,9.075452176,2.15162102,9.327020168,-43.7252442512,1.85814058559,0.220791557672,-0.0543980742911,0.130357824386,-0.989973579008
1.582,9.075610418,2.151248319,9.327088173,-43.7719082194,1.86273572245,0.220636034973,-0.054391593564,0.130360565788,-0.98997357411
1.583,9.075452059,2.151466038,9.326984304,-43.8191019491,1.8671918744,0.220787840961,-0.0543953855256,0.130357823647,-0.989973726847
1.584,9.075395681,2.151848387,9.32701765,-43.8509815454,1.87140591797,0.220821520907,-0.054402024606,0.130356845323,-0.989973490855
1.585,9.075369455,2.151788448,9.326978303,-43.8564835467,1.87608588035,0.220838707891,-0.0544009869526,0.130356392069,-0.98997360756
1.586,9.075262065,2.151967686,9.326915164,-43.8400060132,1.88176715047,0.220949365455,-0.0544041058533,0.130354532993,-0.989973680961
1.587,9.07527592,2.152287505,9.327002441,-43.8020075816,1.88752384319,0.220931232754,-0.0544096557338,0.130354770425,-0.989973344687
1.588,9.075150375,2.152422727,9.326911489,-43.743858427,1.89158176583,0.221049232467,-0.0544120120389,0.130352596821,-0.989973501387
1.589,9.075125574,2.152642343,9.326938042,-43.6800918234,1.89464879407,0.221074591395,-0.0544158260721,0.130352166388,-0.989973348425
1.59,9.075159135,2.15257399,9.326954921,-43.6270373701,1.89903412791,0.221036825398,-0.0544146368889,0.130352747927,-0.989973337217
1.591,9.074921691,2.152622347,9.326735048,-43.5852717601,1.90387817943,0.221279553686,-0.0544154956686,0.130348638821,-0.989973831063
1.592,9.074749035,2.152923862,9.32663665,-43.5524017171,1.90680533186,0.221444139356,-0.0544207425032,0.130345649439,-0.989973936252
1.593,9.074656066,2.153008128,9.326565644,-43.5365717654,1.90709328536,0.221552139447,-0.0544222120949,0.130344040889,-0.989974067254
1.594,9.074610649,2.15342241,9.326617099,-43.5354484288,1.90499558675,0.22160037562,-0.054429405481,0.130343251999,-0.989973775651
1.595,9.074395404,2.153209812,9.326358584,-43.538428422,1.90166719958,0.221822385012,-0.0544257334264,0.130339529883,-0.989974467595
1.596,9.07440786,2.153305705,9.326392844,-43.549307509,1.89762623493,0.221809585936,-0.0544273964336,0.130339744756,-0.989974347877
1.597,9.074194211,2.152813875,9.326071422,-43.5785343736,1.89269161619,0.222037514733,-0.0544188791124,0.130336052243,-0.989975302258
1.598,9.074027662,2.153332074,9.326029007,-43.6272226871,1.88651343327,0.222209476227,-0.0544278848928,0.130333166214,-0.989975187129
1.599,9.074054766,2.153199512,9.326024771,-43.6915821733,1.8793972807,0.222186093024,-0.0544255825682,0.130333636306,-0.989975251817
1.6,9.073928221,2.1529777,9.325850435,-43.7730584242,1.87253246356,0.222307846315,-0.0544217439624,0.130331449491,-0.989975750742
1.601,9.073811462,2.153002241,9.325742495,-43.8681486945,1.8669142519,0.222435763731,-0.0544221787785,0.13032942919,-0.989975992812
1.602,9.073778586,2.153139156,9.325742118,-43.9656892618,1.86279415339,0.222466319717,-0.0544245577132,0.130328859243,-0.989975937064
1.603,9.073769861,2.152894104,9.325677054,-44.061759119,1.86084824873,0.222472545221,-0.0544203053875,0.130328710447,-0.989976190418
1.604,9.073757668,2.153148816,9.325723995,-44.1573431774,1.86203983756,0.222482226707,-0.0544247276075,0.130328497645,-0.989975975328
1.605,9.073638398,2.15310849,9.325598637,-44.2457479246,1.86628552796,0.222605461911,-0.0544240370587,0.130326434447,-0.989976284905
1.606,9.073702223,2.152946022,9.325623229,-44.324180663,1.87277778536,0.222533488747,-0.0544212125483,0.130327539895,-0.98997629465
1.607,9.073715602,2.152820473,9.325607263,-44.3952700974,1.88018412072,0.222518214488,-0.0544190319975,0.130327772538,-0.989976383891
1.608,9.073601024,2.153038489,9.325546111,-44.4528097416,1.88735001085,0.222624074291,-0.0544228251617,0.130325788161,-0.989976436609
1.609,9.073503865,2.152996048,9.325441779,-44.4976038278,1.894428866,0.222711439628,-0.0544220966278,0.130324107648,-0.98997669789
1.61,9.073485851,2.153058035,9.325438563,-44.5355784185,1.90154960927,0.222731881111,-0.0544231739239,0.13032379503,-0.989976679821
1.611,9.073454125,2.152827455,9.32535446,-44.5605391886,1.90746102423,0.222747212894,-0.0544191752135,0.13032324836,-0.989976971604
1.612,9.073279296,2.152770161,9.325171127,-44.5702390078,1.91153427792,0.22293143726,-0.0544181947487,0.130320224838,-0.98997742352
1.613,9.073279041,2.152968042,9.325216563,-44.5718468423,1.91538921793,0.222916937913,-0.0544216290729,0.130320218435,-0.989977235575
1.614,9.073271943,2.15306517,9.325232082,-44.5714174146,1.9204510822,0.222913562059,-0.0544233158097,0.130320094404,-0.989977159176
1.615,9.073228576,2.153546496,9.32530103,-44.5685090224,1.92642515982,0.222950108528,-0.054431671776,0.130319340343,-0.989976799041
1.616,9.073083295,2.153711373,9.325197754,-44.5608647726,1.9320726567,0.223104477469,-0.0544345452707,0.130316825987,-0.989976972028
1.617,9.073043796,2.153742489,9.32516651,-44.5521882439,1.93663436446,0.223141555578,-0.0544350877962,0.130316142309,-0.989977032193
1.618,9.072898316,2.153824727,9.325043958,-44.5467801681,1.94084658898,0.223277974357,-0.0544365271215,0.130313625068,-0.989977284404
1.619,9.072897769,2.154137832,9.325115749,-44.5505652298,1.9468947085,0.223283522392,-0.0544419610563,0.130313612808,-0.989976987204
1.62,9.072804157,2.153908916,9.32497179,-44.569006735,1.95560458863,0.223385103431,-0.054437996256,0.130311995233,-0.989977418158
1.621,9.072595685,2.154048609,9.324801224,-44.5989042742,1.9644807149,0.223598947755,-0.0544404372028,0.130308387011,-0.989977758877
1.622,9.072610732,2.154285209,9.324870522,-44.6354174026,1.97026598564,0.223584245706,-0.0544445427733,0.130308645601,-0.989977499059
1.623,9.072356693,2.154389024,9.324647341,-44.6776093058,1.97134366108,0.223847582778,-0.0544463646573,0.130304249706,-0.989977977474
1.624,9.07227642,2.154505408,9.32459613,-44.7243477032,1.96729963729,0.223937655925,-0.0544483909958,0.130302860037,-0.989978048941
1.625,9.07198659,2.154480089,9.324308293,-44.7741351283,1.95926936517,0.22422682242,-0.0544479755651,0.130297846693,-0.989978731642
1.626,9.071936975,2.154697782,9.324310323,-44.8273926798,1.95021674899,0.224277907739,-0.0544517573732,0.130296986283,-0.989978636883
1.627,9.071847333,2.154446024,9.324164934,-44.8862298346,1.94251730235,0.224378964777,-0.0544473959676,0.13029543781,-0.989979080566
1.628,9.071809028,2.154782277,9.324205366,-44.9497469769,1.93708435336,0.224419410881,-0.0544532346167,0.130294771617,-0.989978847112
1.629,9.071603415,2.154844929,9.324019798,-45.0105844784,1.93373611704,0.224629275249,-0.0544543386856,0.130291214054,-0.9899792546
1.63,9.071466398,2.154703246,9.323853747,-45.0633451479,1.93143070473,0.224764807185,-0.0544518909241,0.130288845141,-0.989979701007
1.631,9.071434381,2.154778977,9.323840098,-45.1109556099,1.92924011073,0.224804412226,-0.0544532078792,0.130288290179,-0.989979701607
1.632,9.071311482,2.155006467,9.323773103,-45.1579582574,1.92592130803,0.224928751909,-0.0544571654885,0.130286162089,-0.989979763983
1.633,9.071254471,2.1548367,9.323678399,-45.2029726747,1.92044015318,0.224987168531,-0.0544542243997,0.130285177174,-0.989980055382
1.634,9.071241764,2.154681782,9.323630233,-45.2377910781,1.91368045711,0.224995772883,-0.0544515365323,0.130284959115,-0.989980231923
1.635,9.071292258,2.154768024,9.323699291,-45.2581658421,1.90793141679,0.224940983574,-0.0544530295064,0.130285832108,-0.989980034915
1.636,9.071098686,2.15439821,9.323425498,-45.2652027653,1.90489082219,0.225130571098,-0.0544466277096,0.130282486025,-0.989980827373
1.637,9.071093218,2.154462647,9.323435068,-45.2623101634,1.90489131266,0.225127018644,-0.0544477459548,0.13028239099,-0.989980778378
1.638,9.070973518,2.154898546,9.323419346,-45.2559492496,1.9071058381,0.225252370654,-0.0544553205858,0.130280316038,-0.989980634817
1.639,9.071081693,2.154887266,9.323521985,-45.2523216931,1.9100277498,0.225128437374,-0.0544551155841,0.13028218769,-0.989980399784
1.64,9.071008801,2.155109113,9.323502344,-45.2587392504,1.91332593454,0.22518765873,-0.0544589714556,0.130280925474,-0.989980353788
1.641,9.070928642,2.155106227,9.323423689,-45.2793004528,1.91839331652,0.225265018118,-0.0544589285875,0.130279538314,-0.989980538695
1.642,9.070660487,2.154980422,9.323133716,-45.3132146415,1.92602771726,0.225539567092,-0.0544567666411,0.130274900564,-0.989981267929
1.643,9.070687937,2.155324116,9.323239871,-45.3565993065,1.93705852515,0.225491552586,-0.0544627287769,0.130275372541,-0.989980877837
1.644,9.070753558,2.155406444,9.323322747,-45.4049699536,1.95265196354,0.225421617635,-0.054464152418,0.130276506552,-0.989980650287
1.645,9.07053642,2.155673277,9.323173185,-45.4545864642,1.97155514759,0.225648834522,-0.0544688011867,0.130272747813,-0.989980889146
1.646,9.070389016,2.155327057,9.322949728,-45.5059582012,1.99047865798,0.225787119669,-0.0544628044009,0.130270201205,-0.989981554179
1.647,9.070348967,2.155876495,9.323037802,-45.5600422922,2.00601414335,0.225817669481,-0.0544723433425,0.130269503855,-0.989981121121
1.648,9.070081978,2.155729588,9.322744078,-45.6047698826,2.01558770221,0.226098116191,-0.0544698152553,0.130264885339,-0.989981867952
1.649,9.07009602,2.155921755,9.322802177,-45.6335949836,2.01940576295,0.226075379451,-0.0544731488163,0.130265126888,-0.989981652747
1.65,9.069958081,2.156267739,9.322747994,-45.6559729383,2.01986640249,0.226216219529,-0.054479164731,0.13026273752,-0.989981636104
1.651,9.069701681,2.156130583,9.322466823,-45.6725552584,2.01731706052,0.226471864362,-0.0544768059879,0.130258302943,-0.9899823494
1.652,9.069483716,2.156677255,9.322381223,-45.6799417495,2.01113661558,0.226698005431,-0.0544863102947,0.130254527829,-0.98998232306
1.653,9.069352716,2.156520896,9.322217604,-45.6863035298,2.0012655868,0.226848098064,-0.0544836076173,0.130252263402,-0.989982769739
1.654,9.069173257,2.156747763,9.322095498,-45.6972198872,1.98936296143,0.227021658696,-0.0544875600434,0.130249155971,-0.98998296105
1.655,9.068990213,2.157161868,9.322013238,-45.7090171914,1.97915047966,0.227204280967,-0.054494760836,0.130245986378,-0.989982981709
1.656,9.068730848,2.157158283,9.321760084,-45.7189230536,1.97084657325,0.227480337946,-0.0544947199072,0.130241498789,-0.989983574356
1.657,9.068526568,2.157216863,9.321574905,-45.725657847,1.96164243472,0.227692882155,-0.0544957538676,0.130237964635,-0.989983982385
1.658,9.068446215,2.157432417,9.32154662,-45.7284594289,1.9506760996,0.227770747317,-0.0544995007766,0.1302365725,-0.989983959263
1.659,9.068295173,2.1572256,9.321351813,-45.7299142198,1.93874172688,0.227922360204,-0.0544959236742,0.130233961414,-0.989984499675
1.66,9.068112351,2.157208903,9.321170091,-45.7341697374,1.92534141054,0.228122978444,-0.054495649029,0.13023079856,-0.989984930867
1.661,9.068105615,2.157144878,9.321148721,-45.7428917815,1.91112910607,0.228122222048,-0.054494538638,0.130230682778,-0.989985007221
1.662,9.067920418,2.157371629,9.321021031,-45.7585890692,1.89799782259,0.228315993281,-0.0544984892969,0.130227476561,-0.989985211512
1.663,9.067961891,2.157373132,9.321061726,-45.7833063914,1.88644151563,0.228264980352,-0.0544985114372,0.130228194658,-0.989985115831
1.664,9.067869549,2.157449997,9.320989682,-45.8188109633,1.87744906149,0.228356635509,-0.0544998534456,0.130226596067,-0.989985252239
1.665,9.067913739,2.157438499,9.321030011,-45.8650350839,1.87259745117,0.228301499617,-0.0544996498967,0.130227360946,-0.989985162829
1.666,9.06775984,2.157256569,9.320838182,-45.9193389448,1.8727187478,0.228441840654,-0.0544965056903,0.130224699435,-0.98998568602
1.667,9.067638031,2.157590876,9.320797061,-45.9800752017,1.8776592584,0.228562422618,-0.054502316556,0.130222589201,-0.98998564371
1.668,9.067640285,2.157839456,9.320856798,-46.0362502133,1.8861016139,0.228541632969,-0.0545066307453,0.13022262674,-0.989985401251
1.669,9.067566944,2.158054976,9.320835347,-46.076015198,1.89880255319,0.228593817081,-0.0545103765152,0.130221356391,-0.98998536211
1.67,9.067388597,2.158048343,9.320660311,-46.1070079619,1.91689440032,0.228767564497,-0.0545102761907,0.130218270376,-0.989985773559
1.671,9.067223552,2.158338726,9.320566989,-46.1366529946,1.93758417347,0.228925925029,-0.0545153289777,0.13021541232,-0.989985871263
1.672,9.067047733,2.158635287,9.320464629,-46.1585182012,1.95717644248,0.229083556061,-0.0545204903959,0.130212369047,-0.989985987312
1.673,9.066965321,2.158657333,9.320389563,-46.1748299244,1.97441464116,0.229159273276,-0.0545208797887,0.130210942966,-0.989986153438
1.674,9.06675094,2.158706688,9.320192443,-46.1944542325,1.988169936,0.229373743244,-0.0545217532026,0.130207233127,-0.989986593277
1.675,9.066424411,2.158644376,9.31986036,-46.2134207163,1.99671973499,0.229690250677,-0.0545206988461,0.13020158466,-0.989987394238
1.676,9.066218045,2.15873231,9.319679974,-46.2176983266,2.00011184883,0.229890511252,-0.0545222416563,0.130198014258,-0.989987778838
1.677,9.066121973,2.159078847,9.319666791,-46.2041019393,1.99995073315,0.229981550195,-0.0545282636387,0.130196348864,-0.989987666189
1.678,9.065785064,2.159140371,9.319353302,-46.1868933468,1.99835133814,0.230316439285,-0.0545293589292,0.13019051986,-0.989988372433
1.679,9.065408225,2.159263427,9.319015228,-46.1821234568,1.99592546013,0.23069845381,-0.054531525968,0.130183998852,-0.989989110606
1.68,9.065189111,2.159229171,9.31879414,-46.1962949728,1.99170104233,0.230918325953,-0.0545309485045,0.130180209038,-0.989989640769
1.681,9.065028282,2.159562179,9.318714856,-46.22320203,1.98678404932,0.231088803663,-0.0545367412018,0.13017742377,-0.989989687926
1.682,9.064855404,2.159512849,9.318535252,-46.2524128248,1.98249222573,0.231263634108,-0.054535899638,0.13017443363,-0.989990127466
1.683,9.064741683,2.159048752,9.318317084,-46.2841614822,1.97733500595,0.231388369005,-0.0545278552425,0.13017246954,-0.989990828835
1.684,9.064562082,2.159233402,9.318185157,-46.3215377945,1.97107051527,0.231573259259,-0.0545310737001,0.130169361153,-0.989991060272
1.685,9.064377973,2.159295604,9.318020474,-46.365047903,1.96509629769,0.231766541272,-0.0545321684203,0.130166175434,-0.989991418842
1.686,9.064307856,2.159352198,9.31796538,-46.412959027,1.95940841463,0.231848030386,-0.0545331566355,0.130164961632,-0.989991523999
1.687,9.064176981,2.159087389,9.317776704,-46.4612136478,1.95310805724,0.231974758621,-0.0545285718158,0.130162699886,-0.989992073915
1.688,9.063954783,2.15918784,9.31758383,-46.507247361,1.94548409376,0.232212643343,-0.0545303330156,0.130158855022,-0.989992482416
1.689,9.063731436,2.159240791,9.317378834,-46.5489081803,1.93569969984,0.23244544788,-0.0545312702975,0.130154990117,-0.989992938918
1.69,9.063633044,2.159288438,9.317294163,-46.5904306779,1.92442229386,0.232543340874,-0.0545321052841,0.130153287927,-0.989993116711
1.691,9.063506751,2.159683859,9.317262956,-46.6363062889,1.91416068906,0.232664821522,-0.0545389781805,0.130151099687,-0.989993025788
1.692,9.063483954,2.159555811,9.3172111,-46.6850568748,1.90675165256,0.232689549827,-0.0545367575614,0.130150705562,-0.989993199934
1.693,9.063378166,2.159409751,9.31707434,-46.7395298478,1.90285870751,0.232793773981,-0.0545342313371,0.130148877332,-0.989993579445
1.694,9.063442107,2.159515023,9.317160939,-46.8009077986,1.9028375749,0.23271919559,-0.0545360533904,0.130149982598,-0.989993333771
1.695,9.06331996,2.159860757,9.317122259,-46.8637427614,1.90540384019,0.232833265151,-0.0545420629399,0.130147865887,-0.989993280975
1.696,9.063203182,2.159817282,9.316998584,-46.9200369253,1.90910733703,0.232947047286,-0.0545413180596,0.130145846452,-0.989993587492
1.697,9.063053585,2.159955118,9.316885016,-46.9582308529,1.91454723038,0.233083416215,-0.0545437220392,0.130143257127,-0.98999379544
1.698,9.06302007,2.160246866,9.316920055,-46.9705997658,1.92324111825,0.233095590636,-0.054548788349,0.130142674527,-0.989993592887
1.699,9.062839074,2.160685023,9.316845596,-46.9578997675,1.93545776816,0.233270605991,-0.0545564067469,0.130139540486,-0.989993585073
1.7,9.062830181,2.160506917,9.316795642,-46.9295320109,1.95068798444,0.233265904326,-0.0545533164134,0.130139388055,-0.989993775407
1.701,9.06252562,2.160919693,9.316595115,-46.9000649603,1.96755517544,0.233567866115,-0.0545605050059,0.130134114746,-0.989994072443
1.702,9.062448899,2.160772599,9.31648637,-46.880525749,1.9839621491,0.233622012668,-0.0545579582503,0.13013278891,-0.989994387076
1.703,9.062107095,2.16106531,9.316221781,-46.8814594418,1.99881278604,0.233955709215,-0.0545630662806,0.130126873163,-0.989994883158
1.704,9.061923732,2.160757239,9.315971961,-46.9079845876,2.01063711796,0.234145339608,-0.0545577347577,0.13012370378,-0.989995593572
1.705,9.061816114,2.160891655,9.315898455,-46.9472563895,2.01759706895,0.234247918791,-0.0545600763515,0.130121840105,-0.989995709484
1.706,9.06155115,2.161204756,9.315713351,-46.9796793625,2.01962264469,0.234501788103,-0.0545655315273,0.130117253501,-0.989996011664
1.707,9.061459113,2.161182757,9.315618721,-47.0033697242,2.0188161938,0.234599842279,-0.0545651581117,0.130115662073,-0.989996241409
1.708,9.060988531,2.161091878,9.315139895,-47.0223329907,2.01704268318,0.235077001961,-0.0545636192231,0.130107521182,-0.989997396153
1.709,9.06084017,2.161231999,9.315028091,-47.032316076,2.01425979338,0.235225907173,-0.0545660634143,0.130104953609,-0.989997598871
1.71,9.060585086,2.161296445,9.314794921,-47.0425704249,2.00918659746,0.23548998402,-0.0545672028772,0.130100539936,-0.989998116098
1.711,9.060417237,2.161603775,9.314702968,-47.0658554219,2.0025011592,0.235658119427,-0.0545725496158,0.130097632931,-0.9899982034
1.712,9.060186959,2.161406048,9.314433092,-47.1068826854,1.99702705735,0.235905640542,-0.054569136719,0.130093650843,-0.989998914812
1.713,9.060035509,2.161450204,9.314296023,-47.1701628708,1.99351997663,0.23606273921,-0.054569915686,0.130091030458,-0.98999921621
1.714,9.059784102,2.161496582,9.314062242,-47.2514956936,1.98901629899,0.236329149801,-0.0545707411865,0.130086680448,-0.989999742311
1.715,9.059565902,2.161301953,9.313804833,-47.3382883957,1.98184331818,0.236559340546,-0.0545673810535,0.130082907359,-0.990000423302
1.716,9.05939628,2.161243701,9.313626324,-47.4195670108,1.9725716182,0.236741017197,-0.0545663842837,0.130079972598,-0.990000863856
1.717,9.059343097,2.161323774,9.313593174,-47.4860169549,1.96293852068,0.236785844424,-0.054567778401,0.130079052054,-0.990000907968
1.718,9.059078104,2.161082972,9.313279535,-47.5364305599,1.95606075717,0.237059063987,-0.0545636216797,0.130074469416,-0.990001739188
1.719,9.058934207,2.161216012,9.313170438,-47.5814500781,1.95334226542,0.237208687037,-0.0545659420711,0.13007197873,-0.990001938541
1.72,9.058821893,2.160825802,9.312970645,-47.6313818944,1.95324142905,0.2373271525,-0.0545591791954,0.130070038979,-0.990002566121
1.721,9.058809333,2.160700723,9.312929408,-47.6919439698,1.95465481216,0.237329501322,-0.0545570100408,0.130069822915,-0.990002714048
1.722,9.058577662,2.160571231,9.312674015,-47.7646023404,1.9571873163,0.237559850895,-0.0545547809799,0.130065815478,-0.990003363386
1.723,9.058646803,2.161064294,9.312855673,-47.8406896666,1.96084480212,0.237488883621,-0.0545633326783,0.130067008351,-0.990002735383
1.724,9.058585035,2.161193702,9.312825621,-47.9053216865,1.96607420311,0.237537086341,-0.0545655835955,0.130065938098,-0.990002751932
1.725,9.058410431,2.16150715,9.312728531,-47.9477027085,1.97266452384,0.237701427839,-0.0545710371168,0.130062914425,-0.990002848581
1.726,9.058505624,2.161516299,9.312823248,-47.9678879765,1.9797385242,0.237586620535,-0.0545711881888,0.130064561757,-0.990002623832
1.727,9.058223741,2.161670445,9.312584843,-47.9763082565,1.98705342303,0.237865254061,-0.0545738866302,0.130059683319,-0.990003115992
1.728,9.058202421,2.161766779,9.312586467,-47.9756676789,1.99446225715,0.23787678257,-0.0545755602755,0.13005931431,-0.990003072208
1.729,9.058150847,2.1624437,9.312693462,-47.9600579685,2.00216298698,0.237906680959,-0.0545873115373,0.130058416274,-0.990002542308
1.73,9.058073016,2.162901007,9.312723959,-47.9306959415,2.01193110177,0.237982534265,-0.0545952544353,0.130057066164,-0.990002281681
1.731,9.057866787,2.162908456,9.312525099,-47.8950576793,2.02392464388,0.238180112025,-0.0545954004499,0.130053498289,-0.990002742336
1.732,9.057688051,2.16349526,9.31248756,-47.8552506859,2.03713599857,0.238341610614,-0.0546055981325,0.130050400683,-0.990002586832
1.733,9.057448354,2.163324219,9.312214686,-47.8100172279,2.04957689794,0.238585446346,-0.0546026496054,0.130046255149,-0.990003294024
1.734,9.057152185,2.163342356,9.311930834,-47.7708864679,2.05868769775,0.238879345677,-0.054602989306,0.130041131527,-0.99000394831
1.735,9.056878309,2.163726031,9.311753597,-47.7485205153,2.06359356583,0.23915598527,-0.0546096695323,0.130036390091,-0.99000420264
1.736,9.056576535,2.164107496,9.311548732,-47.737210894,2.06536319695,0.239443003428,-0.0546163150877,0.130031166086,-0.990004522198
1.737,9.056426217,2.16404063,9.31138699,-47.7317286292,2.06470681044,0.239603648716,-0.0546151663643,0.130028565428,-0.990004927147
1.738,9.056255475,2.164346531,9.311292023,-47.7370089354,2.06127113769,0.239781566932,-0.0546204891399,0.130025609547,-0.990005021719
1.739,9.056005789,2.164110715,9.310994363,-47.7559969779,2.05427358211,0.240042086002,-0.0546164171464,0.130021291397,-0.990005813499
1.74,9.055578039,2.163765681,9.310498136,-47.7916792757,2.04345357706,0.240466771331,-0.0546104642883,0.13001389369,-0.990007113428
1.741,9.055365531,2.164110359,9.310371558,-47.8405703303,2.02953540112,0.240704921958,-0.0546164637312,0.130010214819,-0.990007265596
1.742,9.055171941,2.164036857,9.310166185,-47.893258221,2.01356537044,0.240907707636,-0.0546152034429,0.130006865517,-0.990007774955
1.743,9.054924881,2.163600086,9.309824377,-47.9533664187,1.99657260738,0.241160248561,-0.0546076440662,0.130002594802,-0.990008752767
1.744,9.054931539,2.163700461,9.309854181,-48.0254083659,1.98080845702,0.241161213359,-0.0546093856347,0.130002708989,-0.990008641708
1.745,9.054775015,2.163764753,9.309716885,-48.1035365147,1.96876613345,0.241329929408,-0.0546105146898,0.130000001215,-0.990008934995
1.746,9.054598565,2.163640659,9.309516426,-48.1827797036,1.96044804099,0.241513113576,-0.0546083752351,0.12999694891,-0.990009453808
1.747,9.054474925,2.163412737,9.309343201,-48.2644297089,1.95397109787,0.241640096167,-0.0546044296366,0.129994811538,-0.99000995209
1.748,9.054288147,2.1633961,9.30915767,-48.3509886718,1.94773697269,0.241825022472,-0.054604156856,0.129991580909,-0.990010391333
1.749,9.054119045,2.163192191,9.308945812,-48.4413919743,1.94232090204,0.241988603973,-0.0546006322102,0.129988656629,-0.990010969692
1.75,9.054147684,2.163055868,9.30894199,-48.5318890724,1.93921030229,0.241957512731,-0.0545982635093,0.129989153384,-0.990011035102
1.751,9.053994628,2.16318156,9.308822331,-48.6164401552,1.93900084976,0.242096519785,-0.0546004577187,0.129986504408,-0.9900112619
1.752,9.05396341,2.163078162,9.308767941,-48.6906521094,1.94256881807,0.242123212983,-0.0545986655574,0.129985965445,-0.990011431503
1.753,9.053873524,2.163376363,9.308749813,-48.7550869452,1.95079938308,0.24220639558,-0.0546038479829,0.129984407391,-0.990011350248
1.754,9.053783104,2.163009949,9.308576719,-48.813889346,1.96344277304,0.242284126431,-0.0545974967872,0.129982846319,-0.990011905488
1.755,9.053642536,2.163650309,9.30858882,-48.8641538292,1.97912416326,0.242406273355,-0.0546086208159,0.129980408509,-0.990011612021
1.756,9.05341801,2.163432806,9.308319889,-48.8922717216,1.99662193169,0.242624756914,-0.054604865195,0.129976526259,-0.990012328872
1.757,9.053428439,2.163948382,9.308449877,-48.8979619484,2.0153202028,0.242602017555,-0.0546138113125,0.129976702139,-0.990011812311
1.758,9.053270637,2.164398865,9.308401134,-48.8879214502,2.03385785734,0.242749483656,-0.0546216420276,0.129973968846,-0.990011739145
1.759,9.053211379,2.164328578,9.308327158,-48.8665106652,2.04910976959,0.242793546338,-0.054620427546,0.129972943572,-0.990011940753
1.76,9.052851121,2.164754986,9.308075932,-48.8407968204,2.05863443513,0.2431542922,-0.0546278572664,0.129966707698,-0.990012349469
1.761,9.052711571,2.164749353,9.3079389,-48.8131376584,2.06262352517,0.243287087848,-0.054627770881,0.129964293867,-0.990012671115
1.762,9.052241812,2.164886861,9.307514004,-48.7912923265,2.06236099881,0.243759888036,-0.054630195649,0.129956164938,-0.990013604411
1.763,9.051938512,2.16515626,9.30728169,-48.7849885085,2.05984977094,0.244060223416,-0.0546348950836,0.129950914918,-0.990014034219
1.764,9.051722873,2.165248005,9.30709331,-48.7933842929,2.05627583526,0.244291729737,-0.0546365052464,0.129947183997,-0.990014435079
1.765,9.051215644,2.165421048,9.306640261,-48.809411979,2.05083960595,0.244812365643,-0.0546395496191,0.12993840654,-0.990015419134
1.766,9.050963431,2.165444861,9.306400512,-48.8238971876,2.04271918875,0.245077216158,-0.0546399835328,0.129934043227,-0.990015967856
1.767,9.050651846,2.165871831,9.30619684,-48.831485351,2.03154011301,0.245415203725,-0.0546474192038,0.129928649151,-0.990016265373
1.768,9.050469653,2.165802775,9.306003578,-48.8374843138,2.01782847519,0.245629462805,-0.0546462356214,0.129925497032,-0.99001674438
1.769,9.050135944,2.165629382,9.305638679,-48.8506543067,2.00309852822,0.245994397527,-0.0546432538022,0.129919725665,-0.990017666356
1.77,9.049866707,2.165542255,9.305356558,-48.868711735,1.98846152487,0.246280163439,-0.0546417636067,0.129915067736,-0.990018359853
1.771,9.049699982,2.165743244,9.305241187,-48.8833138446,1.97533278569,0.24649380948,-0.0546452658101,0.129912181708,-0.990018545265
1.772,9.049363623,2.165623222,9.304886132,-48.8957140859,1.96565741883,0.246845134618,-0.0546432099339,0.12990636364,-0.99001942218
1.773,9.049121493,2.16544866,9.304610024,-48.9203742448,1.96093319109,0.247110548849,-0.0546402005145,0.129902175523,-0.990020137816
1.774,9.048789573,2.165405009,9.304277059,-48.9583733871,1.96133635582,0.247469820324,-0.0546394707392,0.129896433163,-0.990020931541
1.775,9.048713585,2.165088804,9.304129571,-48.9991639975,1.96504864044,0.247576800997,-0.054633988599,0.129895120906,-0.990021406261
1.776,9.048605923,2.165217281,9.304054763,-49.0443284963,1.97060087539,0.24769043323,-0.0546362271121,0.129893257278,-0.990021527241
1.777,9.048525349,2.165085814,9.303945807,-49.0974044706,1.97720148456,0.247784053643,-0.0546339530901,0.129891864783,-0.990021835432
1.778,9.048320503,2.165338779,9.303805455,-49.1549328716,1.98342825822,0.247994638495,-0.0546383591069,0.129888318393,-0.990022057562
1.779,9.048239961,2.165153402,9.303683983,-49.2126141302,1.98902518332,0.248084630837,-0.0546351488432,0.129886926376,-0.990022417356
1.78,9.048155463,2.165042827,9.303576071,-49.2735568667,1.9956666267,0.248151430349,-0.0546332368431,0.129885465595,-0.990022714517
1.781,9.047968684,2.165321894,9.303459368,-49.3405885187,2.0050898074,0.248333567271,-0.0546380954459,0.129882231723,-0.990022870649
1.782,9.047905284,2.165434607,9.303423943,-49.4090344324,2.01792764892,0.248396667256,-0.0546400560712,0.129881134264,-0.990022906419
1.783,9.04777109,2.165641051,9.303341489,-49.4744010644,2.03414160773,0.248522023648,-0.0546436502056,0.129878810248,-0.990023012935
1.784,9.047404418,2.165690357,9.302996368,-49.5350367952,2.05174841678,0.248880478617,-0.0546445362069,0.129872466522,-0.99002379623
1.785,9.047411497,2.165884203,9.30304838,-49.5919076479,2.06607155718,0.24887518158,-0.0546478990868,0.129872587097,-0.990023594793
1.786,9.047132617,2.165910464,9.302783278,-49.6455874499,2.07587829783,0.249140935049,-0.0546483777686,0.129867762081,-0.99002420131
1.787,9.046867841,2.166236555,9.302601708,-49.6940141591,2.08409465936,0.249410301057,-0.0546540584171,0.129863178441,-0.990024488982
1.788,9.046596401,2.166645918,9.302433067,-49.7347825731,2.09205207497,0.249669969148,-0.0546611850132,0.129858478715,-0.990024711994
1.789,9.046079133,2.166508028,9.301897909,-49.7639562503,2.09871284819,0.250191553129,-0.0546588352072,0.129849530639,-0.990026015379
1.79,9.045691422,2.166736853,9.301574162,-49.779035943,2.10264796868,0.250590335676,-0.0546628379116,0.129842821052,-0.990026674374
1.791,9.04530011,2.167397767,9.301347599,-49.7839252691,2.10266441681,0.250982406344,-0.0546743399246,0.129836045392,-0.990026927851
1.792,9.044960553,2.167222141,9.300976465,-49.7875399622,2.09826135622,0.251331855747,-0.0546713190204,0.129830172108,-0.990027864904
1.793,9.044695446,2.167778705,9.300848361,-49.7911396534,2.08956702842,0.25161258382,-0.054681000186,0.129825581123,-0.990027932285
1.794,9.04437261,2.168215969,9.300636343,-49.779352793,2.07734410494,0.2519441216,-0.0546886145214,0.129819991615,-0.990028244657
1.795,9.043965004,2.168028399,9.300196242,-49.7491147619,2.06264675815,0.252372514181,-0.0546853934757,0.129812941706,-0.990029346992
1.796,9.043585224,2.168456595,9.299926758,-49.7165299525,2.0450221161,0.252765601422,-0.0546928556444,0.129806366635,-0.990029796886
1.797,9.043347815,2.16875133,9.299764623,-49.6930494055,2.02521968965,0.253020882031,-0.0546979894939,0.129802257625,-0.990030051999
1.798,9.043043673,2.168884474,9.299499918,-49.6863331059,2.00571812403,0.25333966303,-0.0547003252497,0.129796994067,-0.990030613036
1.799,9.042793529,2.168898128,9.299259857,-49.6998796899,1.98773695663,0.253592666952,-0.0547005827542,0.129792666116,-0.990031166211
1.8,9.042644035,2.169080364,9.299156992,-49.7301168111,1.97215144628,0.253741843718,-0.0547037571819,0.129790077984,-0.990031330114
1.801,9.042237577,2.168800869,9.298696554,-49.77279683,1.9603454504,0.254158957968,-0.0546989402697,0.129783048079,-0.990032517832
1.802,9.042022653,2.168710387,9.298466454,-49.8256597302,1.95297164633,0.254382944404,-0.0546973878824,0.129779330707,-0.990033090902
1.803,9.041743851,2.168512621,9.298149217,-49.8870311796,1.94977417739,0.254648389243,-0.0546939786561,0.129774508771,-0.990033911324
1.804,9.041612942,2.16854376,9.29802918,-49.9519588911,1.95014082972,0.254775220179,-0.0546945290736,0.129772243078,-0.990034177903
1.805,9.041405796,2.168566946,9.297833154,-50.0101284603,1.95356970994,0.254972809057,-0.0546949486037,0.129768659272,-0.990034624479
1.806,9.041298332,2.168227108,9.297649397,-50.0554510799,1.96001448129,0.255068743739,-0.0546890599025,0.129766802997,-0.990035193095
1.807,9.041192016,2.168101499,9.297516721,-50.0939772572,1.96970177571,0.255150207776,-0.0546868889195,0.129764963917,-0.990035554069
1.808,9.040953385,2.168365306,9.297346192,-50.1320469937,1.98234760309,0.255379165095,-0.0546914866536,0.129760833837,-0.990035841417
1.809,9.040920021,2.168176787,9.297269782,-50.1727833768,1.99758215444,0.255394422882,-0.0546882177442,0.129760258228,-0.990036097435
1.81,9.040644662,2.168563463,9.297092201,-50.2169352291,2.01513129092,0.255647695186,-0.0546949509752,0.129755490893,-0.990036350303
1.811,9.040611665,2.168707751,9.297093771,-50.2622075741,2.03525538917,0.255656477479,-0.0546974572635,0.129754918793,-0.990036286819
1.812,9.040225866,2.168623042,9.296698855,-50.3083436476,2.05644753705,0.256040871232,-0.0546960188655,0.129748244309,-0.990037241026
1.813,9.039881743,2.168734428,9.296390211,-50.3533232248,2.07499466288,0.256374846611,-0.0546979805588,0.129742289792,-0.990037912992
1.814,9.039635701,2.168855995,9.29617932,-50.3941031094,2.08893242554,0.256600661813,-0.0547001099854,0.129738032136,-0.99003835329
1.815,9.039296857,2.169198718,9.295929795,-50.4239145891,2.09791121506,0.256927416054,-0.0547060852549,0.129732166512,-0.990038791769
1.816,9.038865314,2.169472845,9.29557414,-50.427922398,2.10209527066,0.257359126928,-0.0547108783684,0.129724697686,-0.990039505575
1.817,9.038251712,2.16922484,9.294919602,-50.406534712,2.10246369621,0.257968303535,-0.0547066244977,0.129714083282,-0.990041131385
1.818,9.037877191,2.16948962,9.294617224,-50.3764474961,2.09926416246,0.2583417484,-0.0547112501425,0.129707601671,-0.990041724968
1.819,9.037546501,2.169708318,9.294346719,-50.3457086371,2.09279844949,0.258673651903,-0.0547150726471,0.129701878376,-0.990042263528
1.82,9.03698459,2.170306991,9.293940118,-50.3150419369,2.08271104663,0.259261398818,-0.0547255087167,0.129692151162,-0.990042960999
1.821,9.036682553,2.170306852,9.293646399,-50.2842199766,2.06918828245,0.259561224614,-0.0547255308051,0.129686925531,-0.990043644303
1.822,9.036093068,2.170542806,9.293128322,-50.2565809011,2.05555121644,0.260158721107,-0.054729674225,0.129676725274,-0.990044751353
1.823,9.035676266,2.170731551,9.292767136,-50.2398585611,2.04390099026,0.260595029316,-0.0547329838614,0.129669511858,-0.990045513182
1.824,9.035183884,2.170483379,9.292230406,-50.2399515282,2.0345697383,0.261094635111,-0.0547287171291,0.129660995419,-0.99004686444
1.825,9.034803828,2.170748305,9.291922751,-50.2588105933,2.02798155406,0.261480061551,-0.0547333458537,0.129654417241,-0.990047470045
1.826,9.034350207,2.170672093,9.291463878,-50.2946632325,2.02397245839,0.261934850742,-0.0547320603126,0.129646569271,-0.990048568834
1.827,9.034164397,2.170831608,9.291320478,-50.34495726,2.02166120174,0.262139546547,-0.0547348439612,0.129643353091,-0.990048836096
1.828,9.033914751,2.17097872,9.291112115,-50.4046421675,2.01970756913,0.262399489542,-0.0547374178343,0.12963903329,-0.990049259449
1.829,9.033549,2.170953216,9.290750529,-50.468829245,2.01754663657,0.262758414111,-0.0547370053754,0.129632705444,-0.990050110814
1.83,9.03334925,2.171045918,9.290577972,-50.5311436958,2.01572085844,0.262955711816,-0.0547386303929,0.129629248201,-0.990050473639
1.831,9.032969224,2.170766822,9.29014325,-50.5868029404,2.0149296752,0.263333951634,-0.0547338172453,0.129622675386,-0.99005160031
1.832,9.032715527,2.1706789,9.289876031,-50.6407479428,2.01531813085,0.263581143859,-0.0547323122458,0.129618287242,-0.990052258019
1.833,9.032465387,2.170751094,9.289649685,-50.6979275872,2.01763522087,0.263812235636,-0.0547335854117,0.129613958506,-0.990052754346
1.834,9.032134586,2.171103481,9.289410396,-50.7554870199,2.02363273665,0.264129661145,-0.0547397281039,0.129608231951,-0.99005316442
1.835,9.031863173,2.171029291,9.289129161,-50.8037681986,2.03288999479,0.264396191948,-0.0547384633808,0.129603537294,-0.990053848913
1.836,9.031611173,2.171185654,9.288920687,-50.8359403708,2.04418857094,0.264620483375,-0.054741197059,0.129599175052,-0.990054268801
1.837,9.03133272,2.171015123,9.288610087,-50.8594628215,2.05667750492,0.264885455022,-0.0547382603905,0.129594358752,-0.990055061615
1.838,9.031184706,2.171333801,9.288540665,-50.8847281007,2.06858432915,0.265023686401,-0.0547438032759,0.129591795287,-0.990055090688
1.839,9.030853813,2.171430593,9.288241567,-50.9115860802,2.07857415382,0.265339819137,-0.0547455098807,0.129586070311,-0.990055745667
1.84,9.030640843,2.171784485,9.288117241,-50.9372252659,2.08683372204,0.265526188578,-0.0547516694096,0.129582382366,-0.990055887754
1.841,9.030139571,2.171761646,9.287624525,-50.9585488174,2.09382654405,0.266024006696,-0.0547513141452,0.129573709262,-0.990057042532
1.842,9.029775264,2.171968241,9.287318632,-50.9657152795,2.09928748017,0.266383255911,-0.0547549290055,0.12956740437,-0.990057667752
1.843,9.029240912,2.172021837,9.286811633,-50.9500021547,2.10316710533,0.26690134891,-0.0547559025893,0.129558158867,-0.990058823809
1.844,9.028801434,2.172201725,9.286426421,-50.9115617422,2.1049934093,0.267330752646,-0.0547590606026,0.129550553719,-0.990059644321
1.845,9.028445111,2.172514791,9.286153221,-50.8565888511,2.10338232194,0.267684169124,-0.0547645233617,0.129544386048,-0.990060149195
1.846,9.027950067,2.172211652,9.285600997,-50.798565024,2.09876640954,0.268187723528,-0.0547593033098,0.129535823622,-0.990061558237
1.847,9.027614024,2.172858779,9.28542569,-50.7551916053,2.09277742871,0.26852602558,-0.0547705614072,0.129530003866,-0.990061696917
1.848,9.027101457,2.172849299,9.284925137,-50.7355638742,2.08524649104,0.269041662546,-0.0547704387401,0.129521136051,-0.990062863841
1.849,9.026645534,2.172849373,9.284481891,-50.7415617991,2.07467731043,0.269519395997,-0.0547704769963,0.129513247613,-0.990063893667
1.85,9.026255578,2.173257538,9.284198301,-50.7651713144,2.05955039251,0.269923497755,-0.054777592139,0.129506496517,-0.990064383138
1.851,9.025732044,2.172891318,9.28360359,-50.7944270173,2.04155629104,0.270459458014,-0.0547712796595,0.129497441232,-0.990065916815
1.852,9.025245055,2.172777487,9.283103485,-50.8252991195,2.02262740223,0.270961447727,-0.054769344365,0.129489016609,-0.990067125752
1.853,9.024955021,2.173032152,9.282881118,-50.8540563297,2.00378979636,0.271251786305,-0.054773787594,0.129483996245,-0.990067536539
1.854,9.024513474,2.172967855,9.282436788,-50.8820869494,1.98633579606,0.271715158188,-0.0547727075795,0.129476357233,-0.990068595311
1.855,9.024275668,2.172510344,9.282098498,-50.9216251111,1.97131882329,0.271946961482,-0.0547647871466,0.129472246256,-0.99006957106
1.856,9.023829889,2.17282881,9.281739649,-50.9811489262,1.96021104827,0.272394904592,-0.0547703507965,0.129464531509,-0.99007027213
1.857,9.023504661,2.172756219,9.281406464,-51.0566698717,1.95357278194,0.272722475483,-0.0547691174675,0.129458904972,-0.990071076083
1.858,9.023226768,2.172726773,9.2811294,-51.1418636201,1.95039996708,0.273000521497,-0.0547686293332,0.129454097179,-0.990071731727
1.859,9.022865788,2.172503078,9.280726084,-51.2320156965,1.95061435805,0.273346563647,-0.0547647769841,0.129447852522,-0.990072761306
1.86,9.022662544,2.17267269,9.280568194,-51.3244073995,1.95430327952,0.273539545102,-0.0547677364936,0.129444334572,-0.99007305755
1.861,9.022486811,2.172607625,9.280382112,-51.4182608491,1.96120682335,0.273705498174,-0.054766621607,0.129441295212,-0.990073516589
1.862,9.022226687,2.172528018,9.28011058,-51.5045120456,1.97038988327,0.273944843823,-0.0547652618266,0.129436794853,-0.990074180168
1.863,9.022013634,2.172923565,9.279996057,-51.5709105654,1.98058695019,0.274134925421,-0.0547721436821,0.12943310556,-0.99007428179
1.864,9.021722115,2.173084177,9.279750253,-51.6142235641,1.99170213382,0.274413844971,-0.054774955342,0.129428060085,-0.990074785827
1.865,9.021476618,2.173265493,9.279554045,-51.6327092581,2.00308675826,0.274650784045,-0.0547781221189,0.129423811461,-0.990075166017
1.866,9.021184011,2.173327949,9.279284204,-51.6265480352,2.01354644803,0.274921340986,-0.054779229974,0.12941874786,-0.990075766629
1.867,9.020855923,2.173726727,9.279058652,-51.5960676762,2.02418853892,0.27524089603,-0.0547861769498,0.129413068275,-0.990076124636
1.868,9.020407944,2.173772517,9.278633866,-51.5442382492,2.03682060403,0.275679972435,-0.0547870086804,0.129405316682,-0.990077091793
1.869,9.020099391,2.173825358,9.278346281,-51.4950087193,2.05127572874,0.275972274126,-0.054787950849,0.129399977504,-0.990077737485
1.87,9.019684272,2.17418567,9.278027145,-51.4671891884,2.06534761498,0.27636976887,-0.0547942376478,0.129392791835,-0.99007832869
1.871,9.019131124,2.17407995,9.277464625,-51.4550826008,2.07630009032,0.276931486839,-0.0547924482557,0.129383222594,-0.990079678271
1.872,9.018590313,2.174647111,9.277071806,-51.4535955111,2.08212524401,0.277461008988,-0.0548023352943,0.129373860258,-0.99008035448
1.873,9.018135119,2.174820906,9.276670038,-51.4621074568,2.08331842397,0.277918115013,-0.0548053887857,0.129365983043,-0.990081214745
1.874,9.017705505,2.175379266,9.276383322,-51.4804264741,2.08073440369,0.278343913852,-0.0548151136419,0.129358545387,-0.990081648174
1.875,9.017087821,2.175195677,9.275739809,-51.5096853609,2.07576334677,0.278969349855,-0.0548119789892,0.129347859042,-0.990083217876
1.876,9.016687744,2.175538251,9.275431233,-51.5477372368,2.0703158444,0.279386998789,-0.054817956991,0.129340934661,-0.990083791511
1.877,9.01607785,2.17544953,9.274817543,-51.5872882418,2.06479109978,0.280001148823,-0.0548164670576,0.129330382903,-0.990085252389
1.878,9.015707295,2.175729809,9.274523073,-51.6207650721,2.05952520915,0.280389324147,-0.0548213614589,0.129323969142,-0.990085819176
1.879,9.015321192,2.175735982,9.274149193,-51.6429237089,2.05374285361,0.280790122038,-0.0548214994701,0.129317288063,-0.990086684187
1.88,9.014765822,2.175988093,9.273668476,-51.6578472407,2.04579356646,0.281355629047,-0.0548259208347,0.129307676802,-0.990087694664
1.881,9.014371627,2.175898274,9.273264211,-51.6734428889,2.03546381939,0.281761228599,-0.0548243936361,0.129300856993,-0.990088669889
1.882,9.013825823,2.175649565,9.272675288,-51.6949638341,2.02462908812,0.282324643606,-0.0548201228191,0.129291415403,-0.99009013935
1.883,9.013417548,2.175859234,9.27232761,-51.7288487143,2.01328879507,0.282740784921,-0.0548237941326,0.129284349479,-0.990090858748
1.884,9.013047665,2.175839035,9.271963316,-51.7747065359,2.00154087953,0.283119733488,-0.0548234745787,0.129277949554,-0.990091712113
1.885,9.012692152,2.17567259,9.271578671,-51.829408459,1.9913527372,0.283462683727,-0.0548206151693,0.129271800312,-0.990092673337
1.886,9.012438839,2.17571171,9.271341612,-51.895690601,1.98490549037,0.283716360784,-0.0548213145368,0.129267416966,-0.990093206917
1.887,9.011983462,2.175566723,9.270864926,-51.9714556264,1.98320524457,0.284179584915,-0.0548188351305,0.129259539123,-0.990094372704
1.888,9.011703058,2.175713318,9.270626756,-52.047367509,1.98651238166,0.284450014455,-0.0548214022504,0.129254685705,-0.990094864182
1.889,9.011469366,2.175429405,9.270332962,-52.113952951,1.99511811359,0.28467262078,-0.0548164948126,0.129250645019,-0.990095663387
1.89,9.01118229,2.175436371,9.270055537,-52.1700966958,2.00855228015,0.284943041251,-0.0548166392263,0.12924567721,-0.990096303895
1.891,9.01085094,2.175592037,9.269769974,-52.2169716555,2.02459898041,0.28526951997,-0.0548193670793,0.129239942936,-0.99009690139
1.892,9.010526508,2.175674329,9.26947392,-52.2517634709,2.04008568908,0.285576737813,-0.0548208220323,0.129234328471,-0.990097553687
1.893,9.01025761,2.175876306,9.269259943,-52.2784789526,2.05359991744,0.285835602172,-0.0548243492768,0.129229674673,-0.990097965815
1.894,9.00990963,2.17621357,9.269000865,-52.3002832431,2.06701155062,0.286168821292,-0.0548302307976,0.129223651048,-0.99009842632
1.895,9.009700836,2.175947581,9.26873546,-52.3185119507,2.08180976403,0.286357191572,-0.0548256321546,0.12922004025,-0.990099152235
1.896,9.009248001,2.176212283,9.26835743,-52.3418936528,2.09718996155,0.286800878503,-0.0548302626794,0.129212203167,-0.990099918618
1.897,9.008810986,2.176927356,9.268100566,-52.368607738,2.11037051958,0.287230798358,-0.0548427088574,0.129204636103,-0.990100216794
1.898,9.008087989,2.176813345,9.267371016,-52.3860485914,2.11811051044,0.287956179069,-0.0548407886188,0.129192126857,-0.990101955488
1.899,9.007470985,2.176773561,9.26676193,-52.385608223,2.11913155072,0.288571922978,-0.0548401484115,0.129181451516,-0.990103383848
1.9,9.0069133,2.176745412,9.266213238,-52.3712545831,2.11450745653,0.289122539877,-0.0548397062169,0.129171802182,-0.990104667267
1.901,9.006458001,2.177181202,9.265873068,-52.3503536218,2.10713871847,0.289587072897,-0.0548473057172,0.129163920788,-0.990105274515
1.902,9.005745993,2.177363314,9.26522379,-52.3246752196,2.09918071743,0.290317387806,-0.0548505250299,0.129151599311,-0.990106703492
1.903,9.005130225,2.17740968,9.264636165,-52.3028494924,2.09083312723,0.290936773669,-0.0548513793849,0.129140944897,-0.990108045887
1.904,9.004494574,2.177141641,9.263955325,-52.2975038721,2.08081199882,0.291585035882,-0.0548467797011,0.129129948173,-0.990109734949
1.905,9.003866052,2.177242295,9.263368064,-52.313393788,2.06877953083,0.292237914198,-0.054848578109,0.129119072693,-0.990111053643
1.906,9.00333852,2.177367905,9.262884837,-52.3459561496,2.05580962346,0.292788051819,-0.054850801563,0.129109943078,-0.990112121008
1.907,9.002865798,2.17728153,9.262405057,-52.3893668234,2.04183791427,0.293284000385,-0.0548493407195,0.129101764757,-0.990113268348
1.908,9.002265949,2.176861339,9.261723247,-52.4445231438,2.0260632809,0.293896441345,-0.0548420973818,0.129091389448,-0.990115022371
1.909,9.001792597,2.176950092,9.261284018,-52.5110648574,2.00831027035,0.294397097458,-0.054843676505,0.129083197538,-0.990116002931
1.91,9.001394139,2.176852653,9.260873821,-52.584070247,1.98876768995,0.294807943713,-0.0548420182057,0.129076303846,-0.990116993504
1.911,9.001026408,2.177157036,9.260587949,-52.6606070944,1.9694314278,0.295168189607,-0.054847330671,0.129069939352,-0.99011752892
1.912,9.000561664,2.177035579,9.260107676,-52.7385033416,1.95287105212,0.295645415486,-0.0548452606258,0.129061898084,-0.990118691799
1.913,9.000243602,2.176560468,9.25968684,-52.8146099704,1.94152154513,0.295965778376,-0.0548370415316,0.129056399253,-0.990119863798
1.914,8.999871277,2.17687832,9.259399669,-52.8844724838,1.93677486379,0.296337983044,-0.0548425879214,0.129049954388,-0.99012039663
1.915,8.999636063,2.176763919,9.259144152,-52.9471632865,1.93888867251,0.296557174691,-0.0548406218283,0.12904588521,-0.990121035888
1.916,8.999284242,2.176589744,9.258761244,-53.003457762,1.94686499196,0.29689821774,-0.0548376276757,0.12903979923,-0.99012199491
1.917,8.998893685,2.176750999,9.258419544,-53.0454348233,1.95766340765,0.297277896835,-0.0548404584931,0.129033039643,-0.990122719057
1.918,8.998684274,2.176668989,9.258196722,-53.0647045718,1.96784660387,0.297468237831,-0.0548390521464,0.129029416767,-0.990123269077
1.919,8.998381465,2.177035818,9.257988655,-53.0637632028,1.97653631818,0.297754599698,-0.0548454431691,0.129024174492,-0.990123598224
1.92,8.998122059,2.177207069,9.257776797,-53.0472482529,1.984685544,0.2979831048,-0.0548484363117,0.129019684996,-0.990124017443
1.921,8.997582822,2.177365097,9.257289852,-53.0135261628,1.99426993618,0.298512946239,-0.0548512231264,0.129010352635,-0.990125079086
1.922,8.997213084,2.177508787,9.256964287,-52.9629068153,2.00617075656,0.298851481192,-0.0548537466534,0.129003953753,-0.990125773018
1.923,8.996781921,2.177934715,9.256645427,-52.8997557845,2.01921649788,0.299267685687,-0.0548611738516,0.128996490737,-0.990126333849
1.924,8.99621997,2.177891408,9.256089063,-52.8300924215,2.03183103614,0.299816665458,-0.0548604685905,0.12898676741,-0.99012763966
1.925,8.995746629,2.178112008,9.255680922,-52.7662180168,2.04104581662,0.30028436965,-0.0548643356777,0.128978574735,-0.990128492636
1.926,8.995085555,2.178257104,9.255072564,-52.7206354659,2.04558609669,0.300933828753,-0.0548669078956,0.128967135014,-0.990129840225
1.927,8.994469191,2.178600892,9.254554439,-52.6981088514,2.0468007114,0.301537069389,-0.054872923938,0.128956467607,-0.990130896236
1.928,8.993957103,2.178664743,9.254071776,-52.6919475762,2.04522864808,0.302048575317,-0.0548740741946,0.128947606143,-0.990131986581
1.929,8.993144928,2.178598084,9.253266737,-52.6941713464,2.03934426864,0.302878923402,-0.0548729841361,0.128933553548,-0.990133876999
1.93,8.992562045,2.178606394,9.252702197,-52.7065180093,2.02900607227,0.303464565112,-0.054873175453,0.128923467529,-0.990135179728
1.931,8.991991195,2.178537206,9.252131106,-52.7282804631,2.01602497996,0.304045301731,-0.0548720217327,0.128913590882,-0.990136529635
1.932,8.991165547,2.17839706,9.251295674,-52.7547697336,2.00144043619,0.304898670635,-0.0548696569032,0.128899305073,-0.990138520563
1.933,8.990670183,2.178319064,9.250795873,-52.7894805838,1.98508600619,0.305400381337,-0.0548683433998,0.128890734061,-0.990139709115
1.934,8.990230005,2.17809052,9.250314257,-52.8394953133,1.96801798043,0.305850072688,-0.0548644128377,0.128883119419,-0.990140918119
1.935,8.989497233,2.178249663,9.249639566,-52.9017836166,1.95189018454,0.306606821993,-0.0548672346264,0.128870438679,-0.990142412282
1.936,8.989001147,2.177662433,9.249019153,-52.9637539388,1.93764989872,0.307118031995,-0.0548570842149,0.128861859807,-0.99014409123
1.937,8.988709417,2.177682793,9.248740419,-53.0231034268,1.92656610567,0.307422356205,-0.0548574613879,0.128856811387,-0.990144727345
1.938,8.988212882,2.177554599,9.248227659,-53.0805212754,1.91983458246,0.307930682204,-0.0548552768786,0.128848221306,-0.990145966242
1.939,8.987741025,2.17755372,9.247768862,-53.1331634248,1.91680835169,0.308402565119,-0.0548552998328,0.128840055708,-0.990147027529
1.94,8.987473273,2.17717982,9.247420602,-53.18918344,1.91613705316,0.308678964366,-0.054848832573,0.128835425921,-0.990147988229
1.941,8.987114728,2.177314904,9.247103943,-53.2588482644,1.91736529063,0.309024989155,-0.0548512066314,0.128829221425,-0.990148664009
1.942,8.986799136,2.177100038,9.246746632,-53.3354684794,1.92113337044,0.309319333788,-0.0548475032647,0.128823762287,-0.990149579435
1.943,8.986451221,2.177501082,9.246502934,-53.4074603905,1.92740169454,0.309661947899,-0.0548544911814,0.128817738852,-0.990149975991
1.944,8.986131038,2.177736956,9.246247308,-53.4734157021,1.93595791521,0.30996060236,-0.0548586113806,0.12881219682,-0.990150468721
1.945,8.985955327,2.177416538,9.246001078,-53.535598856,1.94863720776,0.310122050961,-0.0548530648996,0.12880915823,-0.9901511713
1.946,8.985640325,2.177769528,9.245778072,-53.5899979001,1.96652349933,0.31040792272,-0.054859216497,0.128803705423,-0.990151539833
1.947,8.985422809,2.177557395,9.245516712,-53.6286082698,1.98831928118,0.310623294353,-0.0548555532188,0.128799943411,-0.990152232164
1.948,8.985088748,2.177708188,9.245227566,-53.6544018402,2.01195513569,0.310938894809,-0.0548581967329,0.128794160808,-0.990152837896
1.949,8.984554272,2.17833779,9.244856462,-53.6727740836,2.03628167043,0.311444370485,-0.0548691670855,0.128784908298,-0.990153433513
1.95,8.984160455,2.178704322,9.244560108,-53.6824417558,2.06019716342,0.311818122146,-0.0548755611765,0.128778090166,-0.990153965946
1.951,8.98353046,2.178903665,9.243994846,-53.687525738,2.08238204276,0.312433095383,-0.0548790723664,0.128767187302,-0.990155189296
1.952,8.982954933,2.179070064,9.243474762,-53.6871699868,2.10093949314,0.312992728783,-0.0548820063774,0.128757227911,-0.990156321818
1.953,8.982263861,2.179213627,9.242837016,-53.6800981563,2.11423167657,0.313671806655,-0.0548845546087,0.128745268569,-0.99015773566
1.954,8.981598798,2.179191654,9.242185523,-53.6724146186,2.1222493267,0.31433519931,-0.0548842280138,0.128733760552,-0.990159250025
1.955,8.98094008,2.179790536,9.241686616,-53.660160147,2.12452307152,0.315011627627,-0.0548946746175,0.128722357573,-0.990160153389
1.956,8.980192994,2.180259707,9.241071291,-53.6410011828,2.12031144232,0.315754783737,-0.0549028785106,0.128709426606,-0.99016137949
1.957,8.979517671,2.180559437,9.240485759,-53.6249760159,2.11117188084,0.316446773064,-0.0549081358543,0.128697738308,-0.990162607237
1.958,8.978700732,2.180439997,9.239663707,-53.6136695775,2.09889273837,0.31728491169,-0.0549061293998,0.128683603099,-0.990164555641
1.959,8.978025061,2.180741966,9.239078392,-53.6077014087,2.08387500796,0.317987260491,-0.0549114247357,0.128671908893,-0.990165781723
1.96,8.977328782,2.181077942,9.238481101,-53.6155191481,2.06655861624,0.318706535286,-0.054917313098,0.128659858138,-0.990167021076
1.961,8.976731895,2.181166445,9.237921983,-53.6382751478,2.04695739383,0.319319443007,-0.054918897706,0.128649529374,-0.990168275227
1.962,8.976046939,2.181006749,9.237218688,-53.6733432391,2.02498744151,0.320031198507,-0.0549161814715,0.128637677738,-0.990169965652
1.963,8.975496268,2.18102585,9.236688097,-53.7291311309,2.00224996075,0.32061100207,-0.0549165576376,0.128628149436,-0.990171182609
1.964,8.974959968,2.181010431,9.236163323,-53.8015259051,1.98102728321,0.321166724852,-0.0549163337388,0.128618869295,-0.990172400519
1.965,8.974462109,2.180791253,9.235627788,-53.8761101036,1.96274324128,0.321674020856,-0.0549125712452,0.128610255999,-0.990173727975
1.966,8.974079667,2.180778405,9.235253127,-53.9553415792,1.94891422152,0.322067927308,-0.0549123792291,0.12860363812,-0.990174598174
1.967,8.973620349,2.180599859,9.234764638,-54.0462140096,1.94102125551,0.32254152058,-0.0549093181115,0.12859569176,-0.990175799969
1.968,8.973340317,2.18024826,9.234409506,-54.148972311,1.93862174187,0.322810665627,-0.0549032382076,0.128590849156,-0.990176766011
1.969,8.973025545,2.180463154,9.234154374,-54.2604855871,1.94014117551,0.323121399237,-0.0549069933751,0.128585400009,-0.990177265434
1.97,8.972673405,2.180423064,9.233802725,-54.3714067105,1.94446734494,0.323463547017,-0.0549063264395,0.128579307374,-0.990178093593
1.971,8.972535041,2.180540403,9.233695983,-54.468967036,1.95111775082,0.323579353874,-0.0549083740747,0.12857691218,-0.990178291072
1.972,8.972221631,2.180425704,9.233364351,-54.5410049884,1.95966060709,0.323869690242,-0.0549064090606,0.128571489903,-0.990179104116
1.973,8.971923192,2.180245862,9.233031885,-54.5883951233,1.97125879155,0.324136540897,-0.0549033123524,0.128566327109,-0.990179946185
1.974,8.971677553,2.180550142,9.23286505,-54.6206795273,1.98838514943,0.324356288473,-0.0549086130762,0.128562074049,-0.990180204471
1.975,8.971434891,2.181008654,9.232737554,-54.6397694226,2.01205837563,0.324569009496,-0.0549165907249,0.12855787144,-0.990180307698
1.976,8.971084448,2.181545226,9.232523801,-54.6451085102,2.04076344048,0.324886799956,-0.0549259318957,0.128551802961,-0.990180577451
1.977,8.970619048,2.181598036,9.23208406,-54.6350291364,2.07181816566,0.32532801369,-0.0549268858143,0.128543748936,-0.99018157013
1.978,8.970228477,2.181864395,9.231767499,-54.6118997176,2.10224859607,0.325703233398,-0.054931541129,0.128536987978,-0.990182189554
1.979,8.96960919,2.182125812,9.23122755,-54.5870859937,2.12930072629,0.326288046218,-0.0549361278558,0.128526269966,-0.990183326352
1.98,8.969146366,2.182569763,9.230882802,-54.5667162227,2.15079077141,0.326734344839,-0.0549438707677,0.128518257168,-0.990183936771
1.981,8.968500054,2.182737486,9.230294478,-54.5473936122,2.16505217161,0.327375000894,-0.0549468344743,0.128507072451,-0.990185223941
1.982,8.967567741,2.183043466,9.229460979,-54.5293412112,2.17118254694,0.328312801825,-0.0549522210664,0.128490937494,-0.990187018892
1.983,8.966717483,2.182876259,9.228595299,-54.5199447432,2.16839058956,0.329160571698,-0.0549493879493,0.128476224892,-0.990189085176
1.984,8.966081991,2.183245083,9.228065093,-54.5294094883,2.15722443866,0.329804334834,-0.0549558413861,0.128465225742,-0.990190154098
1.985,8.965276062,2.183545288,9.227353082,-54.5572424,2.14056844394,0.330625972751,-0.0549611170589,0.128451276844,-0.990191670884
1.986,8.964516244,2.184124985,9.226752053,-54.5878434945,2.12183613471,0.331406618656,-0.0549712393886,0.128438124714,-0.990192815042
1.987,8.963543147,2.183628569,9.225689105,-54.6061605755,2.10190497423,0.33241054446,-0.0549627030117,0.128421289719,-0.990195472432
1.988,8.962675442,2.184042575,9.224944068,-54.6098907465,2.0791504947,0.333299053726,-0.0549699593518,0.128406271491,-0.99019701727
1.989,8.962001037,2.184097762,9.224301904,-54.6034185227,2.05411036545,0.334003633038,-0.0549709723416,0.128394600231,-0.990198474464
1.99,8.961365041,2.183894194,9.223635794,-54.6014474455,2.02891925911,0.334665658786,-0.0549674905823,0.128383596735,-0.99020009446
1.991,8.960915202,2.184121263,9.223252515,-54.6254982894,2.00505967247,0.335135916343,-0.0549714680394,0.12837581054,-0.990200883139
1.992,8.960392355,2.183730417,9.222651987,-54.6825693799,1.98470467433,0.335678347217,-0.0549647275569,0.128366765519,-0.990202429928
1.993,8.959958475,2.184201228,9.222341941,-54.7668648546,1.96850843176,0.336133343156,-0.0549729340636,0.128359254261,-0.99020294807
1.994,8.959570528,2.184303417,9.221989236,-54.8659619703,1.95600255805,0.33652767541,-0.0549747392969,0.128352540199,-0.990203718163
1.995,8.959414297,2.184327043,9.221843047,-54.9718175201,1.94861105143,0.336669343911,-0.0549751621535,0.128349836917,-0.990204045088
1.996,8.959019807,2.184444,9.221487488,-55.0792995044,1.94886415408,0.337064942103,-0.0549772236202,0.128343008665,-0.990204815687
1.997,8.958519311,2.18441119,9.220993466,-55.1825046141,1.95723503757,0.337556771986,-0.0549766951281,0.128334348867,-0.99020596741
1.998,8.958383003,2.184241375,9.22082081,-55.2814130689,1.97249753962,0.33766966629,-0.0549737590664,0.128331991555,-0.99020643593
1.999,8.958027492,2.184064894,9.220433613,-55.3788583036,1.99310512601,0.338004728452,-0.0549707253156,0.128325840929,-0.990207401461
2,8.957741168,2.184552475,9.220270948,-55.4700606603,2.01828146998,0.338264768014,-0.0549792105928,0.128320882295,-0.990207572971
2.001,8.957515977,2.184965351,9.220150002,-55.5421360446,2.04866158005,0.338452862954,-0.0549863942693,0.128316982276,-0.990207679482
2.002,8.956998285,2.185154049,9.219691779,-55.5826145711,2.08319977218,0.338923009564,-0.0549897120617,0.128308022216,-0.990208656295
2.003,8.956671464,2.185605533,9.219481291,-55.5858650307,2.11925688589,0.339225687912,-0.054997573961,0.128302362416,-0.990208953028
2.004,8.956394881,2.18580795,9.219260581,-55.56167469,2.1541780919,0.339478458114,-0.0550011092124,0.128297575176,-0.990209376945
2.005,8.955805216,2.186427034,9.218834539,-55.52606424,2.18391899931,0.340046936331,-0.0550119018723,0.128287365559,-0.990210100176
2.006,8.955318071,2.186698431,9.218425667,-55.4860658792,2.20517213878,0.340497881997,-0.0550166520217,0.128278933642,-0.990210928633
2.007,8.954535013,2.18683682,9.217697792,-55.4468253362,2.21709726515,0.341272840372,-0.0550191177803,0.128265382397,-0.990212547061
2.008,8.953502482,2.186632098,9.21664617,-55.4148233347,2.22119572163,0.342291527911,-0.0550156491003,0.128247515789,-0.990215053939
2.009,8.952643354,2.186714663,9.215831164,-55.3891903075,2.22027944358,0.343133135455,-0.0550171519993,0.128232648972,-0.990216895798
2.01,8.951790001,2.186987519,9.215066936,-55.3647924916,2.21437424048,0.343990011616,-0.05502195635,0.12821787973,-0.990218541352
2.011,8.951086868,2.186965086,9.214378568,-55.3462853429,2.2023341064,0.344703195392,-0.0550216243863,0.128205711753,-0.990220135285
2.012,8.950079324,2.18717693,9.213450105,-55.3409068446,2.18549949438,0.345731628701,-0.0550253834917,0.128188274485,-0.990222183884
2.013,8.949168064,2.187016118,9.212526719,-55.3480032368,2.16607251109,0.346651486129,-0.0550226664617,0.128172506588,-0.990224375952
2.014,8.948203717,2.186716937,9.211518915,-55.3675863741,2.14504944939,0.347634072956,-0.055017552339,0.128155820699,-0.990226819752
2.015,8.947391826,2.186286088,9.210627956,-55.3983288383,2.12234020648,0.348480871392,-0.0550101412413,0.128141774627,-0.990229049239
2.016,8.946721968,2.185996489,9.209908502,-55.4397228597,2.09803441744,0.349180412265,-0.0550051693282,0.128130184813,-0.990230825155
2.017,8.946105206,2.185873154,9.209280092,-55.493575395,2.07213204157,0.349824123172,-0.0550030785184,0.128119512605,-0.990232322156
2.018,8.945479317,2.185900229,9.208678516,-55.5591089332,2.04510256247,0.350469551915,-0.0550035993546,0.128108682221,-0.990233694437
2.019,8.945054439,2.18585278,9.208254519,-55.6350669249,2.02005481619,0.350918378035,-0.0550028104406,0.128101329521,-0.990234689464
2.02,8.944560519,2.185502448,9.207691558,-55.7198359642,2.00078041561,0.351423758426,-0.0549967707722,0.128092784655,-0.990236130286
2.021,8.944240962,2.185401559,9.207357186,-55.8109767955,1.98836498765,0.351736052578,-0.0549950453483,0.128087256224,-0.990236941232
2.022,8.943991699,2.185086032,9.207040159,-55.905384258,1.98114515943,0.351998458201,-0.0549895895389,0.128082944614,-0.990237801915
2.023,8.943896083,2.184941358,9.20691294,-56.0014869089,1.97744193028,0.352087877607,-0.0549870867066,0.128081291266,-0.99023815475
2.024,8.94361485,2.184915999,9.206633723,-56.0963021203,1.97710958561,0.352351314579,-0.0549866691102,0.128076424588,-0.990238807402
2.025,8.943415512,2.184956902,9.206449787,-56.1768318467,1.98038090057,0.352534887939,-0.0549873957516,0.128072974961,-0.990239213217
2.026,8.943115031,2.185099498,9.206191735,-56.2328188658,1.98771329316,0.352799711872,-0.054989894408,0.128067774005,-0.990239747119
2.027,8.942893001,2.185307074,9.206025322,-56.2651347103,2.0005288352,0.352988320697,-0.0549935157779,0.128063930084,-0.990240043138
2.028,8.942592998,2.185375514,9.205750142,-56.2721947073,2.01968295338,0.353254908669,-0.0549947277441,0.128058737556,-0.990240647346
2.029,8.942304098,2.185966561,9.205609832,-56.2493814259,2.04307981453,0.353498786098,-0.0550050094809,0.128053734017,-0.990240723328
2.03,8.942012255,2.18661055,9.205479285,-56.1940913426,2.06623609345,0.353759227136,-0.0550162102212,0.128048678512,-0.990240754839
2.031,8.941644653,2.186935058,9.205199295,-56.1099877306,2.08555363289,0.354094167488,-0.0550218718031,0.128042314354,-0.990241263207
2.032,8.941227129,2.187585078,9.204948183,-56.006635544,2.10052261365,0.354477688212,-0.055033187333,0.128035083397,-0.990241569372
2.033,8.940495572,2.18721183,9.204148883,-55.9029450194,2.11293055516,0.35516402252,-0.0550267682901,0.128022427058,-0.990243562434
2.034,8.939694383,2.187394995,9.203414178,-55.8269293531,2.12348129544,0.355956543656,-0.0550300130013,0.128008560769,-0.990245174711
2.035,8.939169953,2.187535012,9.202938057,-55.7829983966,2.13132848212,0.356455589524,-0.0550324858732,0.127999484427,-0.990246210538
2.036,8.938405158,2.188025036,9.202311684,-55.7547541778,2.13805364222,0.357191945154,-0.0550410523447,0.127986245661,-0.99024744558
2.037,8.937667238,2.188171544,9.201629766,-55.7350380376,2.14313847018,0.357932933296,-0.055043655291,0.127973473919,-0.990248951519
2.038,8.936859569,2.188303601,9.200876676,-55.7283374223,2.14249208531,0.35874158409,-0.0550460132291,0.127959495922,-0.990250626776
2.039,8.936228232,2.188453939,9.200299216,-55.7319223344,2.13533870276,0.359372662569,-0.0550486733951,0.127948569579,-0.990251890733
2.04,8.935559724,2.188679488,9.199703554,-55.7369633977,2.12488786941,0.36004993731,-0.0550526419196,0.127936998806,-0.990253165082
2.041,8.934952174,2.188791894,9.199140194,-55.7455620237,2.11247862752,0.360679762922,-0.0550546429378,0.127926483859,-0.990254412269
2.042,8.934414317,2.189097235,9.198690444,-55.763453785,2.09594041357,0.361248639333,-0.0550599852663,0.127917173584,-0.990255317948
2.043,8.93368587,2.188766462,9.197904209,-55.7964600458,2.07353730828,0.361989489246,-0.0550543040729,0.127904569681,-0.990257261856
2.044,8.933138887,2.189077363,9.197446932,-55.8478900046,2.04665447085,0.362556922695,-0.0550597445705,0.127895101474,-0.990258182267
2.045,8.932577001,2.188874858,9.196852996,-55.9129361747,2.01889155826,0.363140602943,-0.0550562760074,0.127885380074,-0.99025963062
2.046,8.932067114,2.188653466,9.196305069,-55.9874286843,1.99350953828,0.363679594495,-0.0550524743838,0.127876557106,-0.990260981361
2.047,8.931592579,2.188673517,9.195848942,-56.0694506056,1.97203569261,0.364161724911,-0.0550528615565,0.127868345509,-0.9902620202
2.048,8.931190008,2.18816861,9.195337777,-56.157901869,1.95727339593,0.364574629368,-0.0550441309952,0.127861382395,-0.990263404623
2.049,8.930834198,2.187698764,9.194880388,-56.2522801645,1.95105725139,0.364951501222,-0.0550360051285,0.127855228133,-0.990264650878
2.05,8.93056699,2.187817832,9.194649185,-56.3496718453,1.95032904992,0.365218305961,-0.0550380932318,0.127850603919,-0.990265131857
2.051,8.930536719,2.18729656,9.194495762,-56.4493077428,1.95186944758,0.36523946838,-0.0550290491371,0.127850084008,-0.990265701602
2.052,8.930252999,2.186939663,9.194135289,-56.5580178867,1.95645299332,0.365519615714,-0.0550228779742,0.127845176143,-0.990266678141
2.053,8.930001429,2.187037467,9.193914205,-56.6744682448,1.9659014811,0.365745184588,-0.0550245955007,0.12784082187,-0.990267144842
2.054,8.929611106,2.187072415,9.1935434,-56.7789363639,1.98095385682,0.366106933722,-0.0550252340701,0.127834066676,-0.990267981413
2.055,8.929426008,2.1868497,9.193310635,-56.8558727564,2.00112608211,0.36626102539,-0.0550213828742,0.127830865916,-0.990268608583
2.056,8.92922809,2.18725404,9.193214591,-56.9055637755,2.0253614137,0.366427922686,-0.0550284172351,0.127827437046,-0.990268660331
2.057,8.92898473,2.18732439,9.192994958,-56.9289979338,2.05234317172,0.366639458019,-0.0550296574506,0.127823225008,-0.990269135109
2.058,8.928639109,2.187302089,9.192653957,-56.9335210728,2.08156250292,0.366948504307,-0.0550292985144,0.127817243985,-0.990269927063
2.059,8.928323373,2.188000721,9.192513552,-56.9300318286,2.11065375093,0.367230952323,-0.0550414503457,0.127811774368,-0.990269957677
2.06,8.927789954,2.188686247,9.192158667,-56.9098953222,2.13652089333,0.367738643332,-0.0550533906953,0.127802538105,-0.990270485992
2.061,8.92722054,2.188966507,9.191672369,-56.8619019854,2.15758021464,0.368282249023,-0.0550583012535,0.127792681564,-0.990271484999
2.062,8.926463374,2.189227979,9.190999266,-56.7900373227,2.17171368756,0.369017615869,-0.0550629005321,0.12777957642,-0.990272920378
2.063,8.925655122,2.189675233,9.190320831,-56.7085764431,2.17915349568,0.369799159462,-0.055070729523,0.127765585777,-0.990274290205
2.064,8.924947121,2.19004828,9.189722117,-56.6303436324,2.18245887794,0.370506431133,-0.0550772613801,0.127753329987,-0.990275508107
2.065,8.92411647,2.190362217,9.188990228,-56.5548294435,2.18236755091,0.371336003624,-0.055082777384,0.127738952335,-0.990277056026
2.066,8.923315506,2.190402916,9.188222057,-56.4839124589,2.1802338796,0.372140945211,-0.0550835491326,0.127725090574,-0.990278801072
2.067,8.922583942,2.191131861,9.187685401,-56.4306174331,2.17634950437,0.37288700979,-0.0550962598772,0.127712424486,-0.990279727541
2.068,8.921884763,2.191499533,9.187094096,-56.4006779091,2.17001969973,0.373605856995,-0.0551026980279,0.127700321275,-0.990280930149
2.069,8.921266099,2.19167957,9.186536243,-56.3958518222,2.16124929532,0.374247626162,-0.0551058722956,0.127689613831,-0.990282134222
2.07,8.920554776,2.191576516,9.185820874,-56.4208065288,2.14932516978,0.374986866823,-0.0551041422629,0.127677304122,-0.990283817659
2.071,8.919921178,2.191606964,9.185212839,-56.4708748839,2.1336208283,0.375649855117,-0.055104722255,0.127666338868,-0.990285199074
2.072,8.919363593,2.1916267,9.184676069,-56.5322296469,2.11528140638,0.376229109013,-0.0551051092598,0.127656689271,-0.990286421505
2.073,8.918769329,2.191216806,9.184001167,-56.6032541119,2.09727693216,0.37685057667,-0.0550980439147,0.12764640839,-0.990288139877
2.074,8.91826591,2.191311093,9.183534785,-56.6880300992,2.08168056731,0.377372478714,-0.0550997208202,0.127637695436,-0.990289169621
2.075,8.917930569,2.191025375,9.183140956,-56.7843154246,2.06878105294,0.377737245263,-0.0550947889506,0.127631894001,-0.990290191744
2.076,8.917471218,2.190708652,9.182619306,-56.8902071277,2.05859418635,0.37821177871,-0.0550893292715,0.127623947081,-0.990291519671
2.077,8.917144349,2.19020759,9.182182346,-57.0050364186,2.05152950427,0.378545594704,-0.0550806596019,0.127618293641,-0.990292730492
2.078,8.916944735,2.190129747,9.181969925,-57.1276197551,2.04866013495,0.378743623962,-0.0550793251693,0.127614839907,-0.990293249787
2.079,8.916553185,2.189638331,9.18147247,-57.2531259557,2.05053921576,0.379138580565,-0.0550708280557,0.127608067792,-0.990294595023
2.08,8.916348604,2.189308648,9.181195172,-57.3754886333,2.05652473421,0.379325830604,-0.0550651218647,0.127604529226,-0.990295368299
2.081,8.916092987,2.189057595,9.180887065,-57.4912017265,2.06633223499,0.379562427515,-0.0550607854,0.127600107274,-0.990296179198
2.082,8.915898978,2.189180419,9.18072794,-57.5889642151,2.08073636994,0.379738224071,-0.0550629327234,0.127596749387,-0.990296492464
2.083,8.915654316,2.18924448,9.180505611,-57.6512567458,2.10046757186,0.379962425668,-0.0550640651707,0.127592514595,-0.990296975127
2.084,8.915386988,2.189235107,9.18024376,-57.6779596286,2.12483301543,0.380198744208,-0.0550639239663,0.127587888065,-0.990297579062
2.085,8.914965731,2.189575677,9.179915884,-57.6815837104,2.15110832445,0.380581241575,-0.055069868743,0.127580595019,-0.990298188088
2.086,8.914600706,2.189775082,9.17960896,-57.6668570687,2.17616365554,0.380924901475,-0.0550733598251,0.127574276076,-0.990298807997
2.087,8.914269041,2.19041789,9.179440237,-57.6308156325,2.19774052757,0.381241207829,-0.0550845427367,0.127568531592,-0.990298926031
2.088,8.913711596,2.190749467,9.178978028,-57.575675338,2.21450980368,0.381762479372,-0.05509034271,0.127558881134,-0.990299846503
2.089,8.913029561,2.191354006,9.17846002,-57.5194281054,2.2260862132,0.382435246073,-0.0551008912526,0.127547073457,-0.990300780488
2.09,8.912317106,2.191274563,9.177749201,-57.482399374,2.23186232506,0.383133294263,-0.0550995700025,0.127534744026,-0.990302441909
2.091,8.911749716,2.192045169,9.177382253,-57.4674010389,2.23266812981,0.383692453863,-0.0551129910284,0.127524918403,-0.990302960415
2.092,8.910804316,2.191876227,9.176423866,-57.464276859,2.23091078485,0.38463314014,-0.0551101346966,0.127508558476,-0.990305225963
2.093,8.910081259,2.192297171,9.175822302,-57.4615817465,2.2262296319,0.38537833322,-0.0551174991511,0.12749604181,-0.990306427632
2.094,8.909267337,2.192393589,9.175054994,-57.4443966847,2.21687324429,0.386214445255,-0.0551192391227,0.127481954395,-0.990308144358
2.095,8.908606482,2.193168402,9.17459847,-57.4101661839,2.20358196979,0.38688994431,-0.0551327404431,0.127470511103,-0.990308865824
2.096,8.907977535,2.192831253,9.173907164,-57.3807932124,2.18705971992,0.387548013996,-0.0551269395452,0.12745962873,-0.990310589452
2.097,8.907282554,2.193523144,9.17339775,-57.3750246999,2.16665831516,0.388282675359,-0.0551390046881,0.127447596292,-0.990311466338
2.098,8.906632419,2.193618669,9.17278932,-57.3932044377,2.14229919987,0.388961838923,-0.0551407157685,0.127436343544,-0.990312819168
2.099,8.906005251,2.193859907,9.172238049,-57.4335609958,2.11511692348,0.389610083676,-0.0551449531941,0.127425487915,-0.990313980093
2.1,8.905442231,2.193620404,9.171634086,-57.4927531148,2.08770179507,0.390203809648,-0.055140842246,0.127415745725,-0.990315462496
2.101,8.904829198,2.193819206,9.1710864,-57.5610707032,2.06230764838,0.390851322933,-0.0551443423565,0.127405134479,-0.990316632807
2.102,8.904422766,2.193577667,9.17063399,-57.6307150354,2.04078601866,0.391267968598,-0.0551401831511,0.12739810231,-0.990317769067
2.103,8.903972405,2.193358043,9.17014417,-57.7006691653,2.02439491935,0.391744219773,-0.0551364079309,0.127390310036,-0.990318981657
2.104,8.903767561,2.192947502,9.169847084,-57.7756288149,2.0132668464,0.391968529921,-0.0551292993353,0.127386767526,-0.990319833091
2.105,8.903368927,2.19270947,9.169403092,-57.8585375128,2.00781935524,0.392368992102,-0.0551251998413,0.127379871004,-0.990320948383
2.106,8.903201763,2.192802874,9.169263115,-57.9464277304,2.00913592344,0.392527766627,-0.0551268351463,0.127376977094,-0.990321229578
2.107,8.902993124,2.192170911,9.168909415,-58.0345413563,2.01622882182,0.392724172621,-0.0551158834438,0.127373370851,-0.990322302985
2.108,8.902864387,2.192040065,9.168753129,-58.124031841,2.02794707676,0.392828986379,-0.0551136226371,0.127371143845,-0.990322715238
2.109,8.902615227,2.192367948,9.168589592,-58.2077010375,2.0448037365,0.393044592136,-0.0551193330639,0.127366829918,-0.990322952253
2.11,8.902324782,2.192089119,9.168240902,-58.2714690708,2.06644308593,0.393310059327,-0.0551145178425,0.127361804847,-0.990323866515
2.111,8.902113288,2.192175454,9.168056185,-58.3154647048,2.08957639254,0.39349427195,-0.0551160330605,0.127358144041,-0.990324252983
2.112,8.901687796,2.192468103,9.167713019,-58.3434956163,2.11183846651,0.393882567218,-0.055121147058,0.127350777401,-0.990324915693
2.113,8.901354004,2.192579473,9.167415549,-58.3582308394,2.13350781464,0.394192335873,-0.055123106602,0.127345000012,-0.99032554955
2.114,8.901025455,2.19317923,9.167240004,-58.3684316282,2.15411866096,0.394478604329,-0.055133543226,0.127339309305,-0.990325700321
2.115,8.900436763,2.193571484,9.166762265,-58.3721406275,2.17263656749,0.395026621794,-0.0551403989989,0.127329117829,-0.990326629023
2.116,8.899860329,2.193818338,9.166261658,-58.3617174029,2.18842200201,0.39558479865,-0.0551447297586,0.127319139944,-0.990327670715
2.117,8.899217442,2.19408913,9.165702275,-58.3429388173,2.20097625287,0.396212358822,-0.0551494822112,0.127308011081,-0.990328836764
2.118,8.898491595,2.194585105,9.165116281,-58.3192928063,2.21032558852,0.396912177902,-0.0551581488142,0.127295445312,-0.990329969365
2.119,8.897650172,2.195137694,9.164431683,-58.2803377228,2.21583086711,0.397764456384,-0.0551678077792,0.127280878971,-0.990331303571
2.12,8.896971867,2.195578444,9.163878715,-58.2176960201,2.21698392106,0.39844390426,-0.0551755129648,0.127269135945,-0.990332383498
2.121,8.89618854,2.195806044,9.163172743,-58.1434756859,2.21502335223,0.399231016066,-0.0551795271985,0.127255576899,-0.99033390224
2.122,8.895211025,2.196371284,9.162359193,-58.0746708997,2.20944867003,0.400223569797,-0.0551894160402,0.127238654928,-0.990335525491
2.123,8.894643042,2.196744481,9.161897246,-58.0093474715,2.19881602056,0.40081805899,-0.0551959398687,0.127228821282,-0.990336425291
2.124,8.893989424,2.197137659,9.161356983,-57.9456618989,2.18228435706,0.401513123095,-0.0552028167475,0.127217506662,-0.990337495514
2.125,8.893244473,2.197103465,9.160625573,-57.8975633572,2.16067510071,0.402286058943,-0.0552022833473,0.127204613642,-0.990339181383
2.126,8.892529882,2.197350417,9.159991078,-57.8787125105,2.13657738333,0.403033756582,-0.0552066282586,0.127192244816,-0.990340527826
2.127,8.891787839,2.196896563,9.159161833,-57.8927143279,2.11198021035,0.403809762028,-0.0551988104323,0.12717940507,-0.99034261256
2.128,8.891101205,2.19685556,9.158485409,-57.9378630006,2.08817193795,0.404527847419,-0.0551981547454,0.127167522218,-0.990344175025
2.129,8.890508221,2.196816373,9.157900339,-58.0078155907,2.06600525672,0.405145495827,-0.0551975227427,0.127157259656,-0.990345527985
2.13,8.890057077,2.196655118,9.157423684,-58.0934608435,2.04605287145,0.405613474642,-0.0551947607948,0.127149452255,-0.990346684334
2.131,8.889622801,2.195837467,9.156805978,-58.1906389401,2.02910283939,0.406075030236,-0.0551806039081,0.127141942808,-0.990348437335
2.132,8.889281138,2.195209396,9.156323686,-58.3009901304,2.01628061099,0.406427947457,-0.0551697308031,0.127136034607,-0.990349801589
2.133,8.888942987,2.195119199,9.155973773,-58.4237267776,2.0092032283,0.4067590643,-0.0551681928163,0.127130182907,-0.990350638459
2.134,8.888759777,2.194961334,9.155758059,-58.5537728533,2.01059020202,0.406926491038,-0.0551654678682,0.127127013223,-0.990351197134
2.135,8.888516506,2.194991268,9.155529059,-58.6837925196,2.02152115354,0.407159622961,-0.055166006754,0.127122802744,-0.990351707587
2.136,8.888306805,2.194885698,9.155300164,-58.8064473243,2.04117717482,0.407337142307,-0.0551641916271,0.127119173669,-0.99035227452
2.137,8.887897012,2.194659014,9.154847977,-58.9193825603,2.06831704252,0.407712542104,-0.0551602908032,0.127112083244,-0.990353401878
2.138,8.887738325,2.194649371,9.154691605,-59.0188402483,2.1006858723,0.407846015934,-0.0551601354495,0.127109336954,-0.990353763014
2.139,8.887336054,2.194447284,9.154252619,-59.0924108479,2.1349228479,0.408207439154,-0.0551566606173,0.127102376478,-0.990354849881
2.14,8.88700697,2.19503364,9.154073714,-59.1324556222,2.16860430835,0.4084969205,-0.0551668643212,0.127096676449,-0.990355013072
2.141,8.886613458,2.195513717,9.153806816,-59.1466752195,2.19999974343,0.408847352467,-0.0551752291643,0.127089861712,-0.990355421622
2.142,8.886017331,2.19587633,9.153315075,-59.1450064768,2.22818381894,0.409422072421,-0.0551815708329,0.127079541494,-0.990356392605
2.143,8.88533538,2.196353958,9.152767643,-59.1245882275,2.25259176471,0.41007624392,-0.0551899162773,0.127067735656,-0.99035744239
2.144,8.884514014,2.19695681,9.152114974,-59.0788886857,2.27213634241,0.410858919196,-0.0552004453019,0.127053514988,-0.990358680059
2.145,8.883590751,2.197053687,9.151241967,-59.0127289231,2.28574813434,0.411755651946,-0.0552022020312,0.127037534405,-0.990360632165
2.146,8.882598773,2.197146552,9.150301302,-58.9427455316,2.29179100285,0.412749893334,-0.0552038939,0.127020365539,-0.990362740028
2.147,8.881564299,2.19735879,9.149348067,-58.8718644111,2.28943884287,0.413785853724,-0.0552076616966,0.127002459975,-0.990364826339
2.148,8.880523599,2.197560345,9.148386244,-58.7957848927,2.28014494836,0.414828030458,-0.0552112440398,0.126984446204,-0.990366936521
2.149,8.879602144,2.198397056,9.147692816,-58.7258246049,2.26585419289,0.415765385295,-0.0552258405161,0.12696849128,-0.99036816829
2.15,8.878521553,2.198533973,9.146676807,-58.6756920686,2.24726811327,0.416885404325,-0.0552283046081,0.126949788077,-0.990370428515
2.151,8.877521742,2.198972261,9.14581168,-58.6480122967,2.22570147687,0.417902087941,-0.0552359929694,0.126932480586,-0.990372218135
2.152,8.876513854,2.199236731,9.144896959,-58.6364676411,2.20317826493,0.4189514465,-0.0552406647967,0.126915034276,-0.990374193438
2.153,8.875602118,2.198865028,9.143922592,-58.6432870409,2.18107786634,0.419904822875,-0.0552342867969,0.126899256929,-0.990376570882
2.154,8.874630708,2.199094871,9.143034969,-58.6754810805,2.15927072102,0.420920452585,-0.0552383551444,0.126882442396,-0.990378498319
2.155,8.874018475,2.199334368,9.142498321,-58.7287977677,2.13682358584,0.421560659662,-0.0552425607097,0.1268718437,-0.99037962154
2.156,8.873267553,2.199150254,9.14172516,-58.7992255635,2.11368345299,0.422330330329,-0.0552394266833,0.126858848732,-0.990381460972
2.157,8.872724929,2.198693083,9.141088498,-58.8881052935,2.08987628769,0.422910047425,-0.0552315351612,0.126849460212,-0.990383103636
2.158,8.872128263,2.198776909,9.140529514,-58.9923136952,2.06557273233,0.423536180002,-0.0552330388571,0.126839132953,-0.99038434245
2.159,8.871784899,2.198433098,9.140113532,-59.1025797835,2.0431477523,0.423893110702,-0.0552270988498,0.12683319267,-0.99038543446
2.16,8.871555919,2.198106972,9.139812836,-59.2146611365,2.02636083232,0.424114016986,-0.0552214567749,0.126829231488,-0.990386256342
2.161,8.87102015,2.197586668,9.139167668,-59.3285422583,2.01620806395,0.424656587149,-0.0552124700281,0.12681996232,-0.990387944348
2.162,8.870636494,2.19732838,9.138733163,-59.44174092,2.01153351445,0.425029056594,-0.0552080174761,0.12681332407,-0.990389042571
2.163,8.870363841,2.197011325,9.138392278,-59.5527846666,2.01296508619,0.425254526399,-0.0552025362924,0.126808607553,-0.990389952007
2.164,8.870057006,2.19706589,9.138107562,-59.6491525536,2.02270535587,0.425530285844,-0.0552035085735,0.126803297122,-0.990390577742
2.165,8.869855404,2.19687614,9.137866253,-59.7139731841,2.040565671,0.425686854487,-0.0552002311295,0.126799809019,-0.990391207007
2.166,8.869426915,2.196881751,9.137451682,-59.7552414958,2.06541134955,0.426083132527,-0.0552003632078,0.126792392162,-0.990392149197
2.167,8.869035314,2.197171142,9.137141151,-59.7785731395,2.09532432571,0.426418995116,-0.055205417624,0.126785612079,-0.990392735451
2.168,8.868747396,2.197769157,9.137005507,-59.7763502845,2.12737890526,0.426665309215,-0.0552158207816,0.12678062513,-0.990392793909
2.169,8.868285529,2.198026374,9.136619077,-59.7537270506,2.16023553387,0.427072127304,-0.0552203221366,0.126772628874,-0.990393566514
2.17,8.867675614,2.198882668,9.136233129,-59.714738339,2.19325109231,0.427638562551,-0.0552352346623,0.126762065602,-0.990394087006
2.171,8.866959958,2.199103815,9.135591742,-59.6620794559,2.22435062584,0.428314722171,-0.0552391302158,0.126749676887,-0.990395455312
2.172,8.865979917,2.199543536,9.134746392,-59.6095881483,2.25013335977,0.429261562944,-0.0552468417806,0.12673271158,-0.990397196224
2.173,8.865096003,2.1995614,9.13389279,-59.5717708028,2.26828681763,0.430122075484,-0.0552472227978,0.126717412706,-0.990399132517
2.174,8.864080478,2.19993391,9.132996876,-59.5543074773,2.27973758462,0.431121609042,-0.0552537704683,0.126699832246,-0.990401016436
2.175,8.86293283,2.200217849,9.131951431,-59.5460205173,2.28546304179,0.432279509988,-0.0552587913956,0.126679967037,-0.99040327742
2.176,8.86195992,2.201116337,9.131223727,-59.5279581201,2.28422474001,0.433255332522,-0.0552744649449,0.126663120351,-0.990404557475
2.177,8.86083452,2.200831009,9.130062734,-59.487715798,2.27455099418,0.434409123975,-0.0552696040951,0.126643644153,-0.990407319369
2.178,8.859873401,2.201204544,9.129220018,-59.4295642637,2.25695594217,0.435390592442,-0.0552761648758,0.126627005987,-0.990409080608
2.179,8.858813227,2.201317887,9.128218459,-59.3658823668,2.23395126637,0.436489665818,-0.0552782174014,0.126608654913,-0.990411312123
2.18,8.857638448,2.201498803,9.127121992,-59.311520133,2.20768392936,0.437703152209,-0.0552814527855,0.126588319644,-0.990413730876
2.181,8.856554001,2.20109564,9.12597232,-59.2804367456,2.17868745551,0.438836225344,-0.0552745429839,0.126569553222,-0.990416514955
2.182,8.855629398,2.200792573,9.125001917,-59.2828545496,2.14771189294,0.439809780485,-0.0552693576348,0.126553551844,-0.990418849085
2.183,8.854919032,2.201244507,9.12442154,-59.3183808382,2.11653045457,0.440554162094,-0.0552772591586,0.126541252494,-0.990419979623
2.184,8.854299889,2.201110493,9.123788354,-59.3731419029,2.08716444605,0.441216989061,-0.0552749823031,0.126530537169,-0.990421475683
2.185,8.853564352,2.200989466,9.123045345,-59.4368854169,2.06065311089,0.441989650461,-0.0552729413001,0.126517807723,-0.990423215746
2.186,8.853064978,2.200205751,9.122371668,-59.5097396965,2.0372928502,0.442530375926,-0.0552593785964,0.126509169716,-0.990425075942
2.187,8.852775979,2.200012344,9.122044554,-59.5984840465,2.01716819346,0.44282202762,-0.0552560452958,0.126504169248,-0.990425900621
2.188,8.852445945,2.199995661,9.121720239,-59.7054095734,2.00226730365,0.443160896495,-0.0552557823737,0.126498457192,-0.990426644857
2.189,8.852161804,2.199659979,9.121363529,-59.8252954099,1.99454907702,0.443448412301,-0.0552499788705,0.126493541677,-0.990427596419
2.19,8.851643555,2.199629043,9.120853115,-59.9519887926,1.99423382903,0.443948281083,-0.0552494841993,0.126484570859,-0.99042876969
2.191,8.851430158,2.199350012,9.120578727,-60.0772717628,2.00251150996,0.44412901822,-0.0552446578092,0.12648088008,-0.990429510242
2.192,8.851163593,2.199432793,9.120339991,-60.1912531505,2.02089773806,0.444371450688,-0.0552461166516,0.126476265321,-0.990430018177
2.193,8.850898006,2.199503831,9.120099376,-60.2867542949,2.04876404888,0.444587984692,-0.0552473707245,0.126471667359,-0.990430535365
2.194,8.850383777,2.199744802,9.119658447,-60.3677143984,2.08326815126,0.445055353924,-0.0552515947702,0.126462765348,-0.990431436423
2.195,8.850145457,2.200233436,9.119545043,-60.4430545584,2.12271878311,0.445234060643,-0.0552600947065,0.126458636859,-0.99043148935
2.196,8.849717722,2.200625155,9.119224464,-60.5148497109,2.16553832312,0.445616231607,-0.0552669285829,0.126451229829,-0.990432053742
2.197,8.849015989,2.201057231,9.118647756,-60.5739520894,2.20758870106,0.44627580743,-0.0552744849026,0.126439080694,-0.990433183103
2.198,8.848187392,2.201383289,9.117922378,-60.6121094262,2.24510857675,0.447052009258,-0.0552802111104,0.126424736169,-0.990434694639
2.199,8.847300053,2.201677044,9.117132226,-60.6342872079,2.2751069254,0.447901523492,-0.0552853816482,0.126409375537,-0.990436366635
2.2,8.846290974,2.202108974,9.116257342,-60.6430061482,2.29404639686,0.448883973091,-0.0552929599962,0.126391905499,-0.990438173133
2.201,8.845264976,2.202296946,9.115307145,-60.6289200029,2.30266150934,0.449889105376,-0.0552963052614,0.126374145895,-0.990440252551
2.202,8.844308522,2.202867121,9.114516816,-60.5865677737,2.30455403597,0.450823226197,-0.0553062784479,0.126357586184,-0.990441808476
2.203,8.842952124,2.20328974,9.113302801,-60.5177026847,2.30006604081,0.452182901634,-0.055313723557,0.126334104843,-0.990444388111
2.204,8.841938972,2.203901885,9.11246774,-60.428439375,2.28763829307,0.453225175396,-0.0553244307091,0.126316564064,-0.990446027308
2.205,8.840846999,2.204250611,9.111492546,-60.3297278624,2.26833454664,0.454334604891,-0.0553305710404,0.126297659644,-0.990448095095
2.206,8.839682587,2.204721937,9.110476775,-60.2313184887,2.24451175475,0.455524954345,-0.0553388462025,0.126277501867,-0.990450203
2.207,8.838616367,2.204779499,9.109456182,-60.1431283915,2.21593929114,0.456645303404,-0.0553399314257,0.126259045824,-0.990452495245
2.208,8.837576403,2.204914026,9.108479705,-60.0769379016,2.18223729107,0.457729188186,-0.0553423495863,0.126241043489,-0.990454654833
2.209,8.836804314,2.205175154,9.107793802,-60.0390138844,2.14544242052,0.458547698881,-0.0553469451953,0.126227677754,-0.990456101514
2.21,8.835932651,2.204706554,9.106834621,-60.0342169829,2.10935977975,0.459457926004,-0.0553388814533,0.126212592774,-0.990458474457
2.211,8.835130282,2.20478821,9.106075892,-60.0678082259,2.07649332425,0.460312206001,-0.0553403641235,0.126198704357,-0.990460161297
2.212,8.834505152,2.204834792,9.105480643,-60.1334717524,2.04724405345,0.460972121973,-0.0553412227104,0.126187883465,-0.990461492
2.213,8.834002422,2.204425669,9.104893812,-60.2206955106,2.02243570397,0.461506534191,-0.0553341615035,0.12617918486,-0.990462994704
2.214,8.833556006,2.203860319,9.104323809,-60.3263625668,2.00332162446,0.461970821831,-0.0553243852332,0.126171462046,-0.990464524637
2.215,8.833280978,2.203304004,9.103922307,-60.4507614753,1.99192078697,0.462269400506,-0.0553147515177,0.126166705117,-0.990465668655
2.216,8.833158507,2.202946871,9.10371705,-60.5903522305,1.98994058727,0.462401237561,-0.0553085620473,0.126164587609,-0.990466284029
2.217,8.833018209,2.202367082,9.103440637,-60.7386988671,1.99755355183,0.462534532476,-0.0552985097614,0.126162164373,-0.990467153973
2.218,8.832793206,2.202219317,9.10318657,-60.8888211574,2.01338057869,0.462732294218,-0.0552959634888,0.126158270154,-0.990467792154
2.219,8.832549228,2.202053781,9.102909794,-61.0312133016,2.03568989051,0.462947492465,-0.0552931100093,0.12615404899,-0.990468489105
2.22,8.832302063,2.202060032,9.102671482,-61.1624423316,2.06265129946,0.463152248492,-0.0552932380258,0.126149769879,-0.990469026971
2.221,8.831959992,2.202053076,9.102337889,-61.2826798339,2.09212723055,0.463450707375,-0.055293145496,0.126143849385,-0.990469786174
2.222,8.831636326,2.202676718,9.102174736,-61.3848780206,2.1229200326,0.463723880368,-0.0553039959469,0.126138242406,-0.990469894462
2.223,8.831233825,2.202524624,9.101747392,-61.458790475,2.15439406764,0.464079351115,-0.0553013884423,0.126131276557,-0.99047092714
2.224,8.830644884,2.203246988,9.101350799,-61.5032534775,2.18535682488,0.464607646179,-0.0553139742566,0.12612107668,-0.990471523199
2.225,8.82997637,2.203853184,9.100848946,-61.5250956743,2.214265728,0.465220213001,-0.0553245495609,0.12610950078,-0.990472406495
2.226,8.829239911,2.204256408,9.100232069,-61.5332746349,2.23952391505,0.465909889221,-0.0553316082324,0.12609674984,-0.990473635596
2.227,8.828454691,2.20486228,9.09961702,-61.5285713484,2.26045109614,0.466656430474,-0.0553421874567,0.126083153626,-0.990474775378
2.228,8.827573753,2.204952315,9.098784153,-61.5019758986,2.27680689453,0.467507303556,-0.055343821334,0.126067904257,-0.990476625144
2.229,8.826492034,2.205381005,9.09783859,-61.4472227336,2.28807423472,0.468573379797,-0.0553513488813,0.126049175976,-0.990478588064
2.23,8.825476286,2.205503864,9.096882926,-61.365711599,2.29319853035,0.469588267578,-0.0553535637079,0.126031592885,-0.99048070177
2.231,8.82453176,2.205897282,9.096061983,-61.2609419471,2.29105049519,0.470546972392,-0.0553604684119,0.126015241126,-0.990482396381
2.232,8.823702883,2.206646289,9.095439539,-61.1345493512,2.28171892695,0.471392610858,-0.0553735360715,0.126000888028,-0.990483491896
2.233,8.822764249,2.206861573,9.094581189,-60.999532939,2.2660928129,0.472356044197,-0.0553773477636,0.125984638277,-0.990485345814
2.234,8.821927777,2.207233692,9.093860032,-60.8747842613,2.24481038783,0.473239937015,-0.055383873895,0.125970156567,-0.990486822813
2.235,8.820873163,2.207243643,9.092839373,-60.7733697995,2.2190438544,0.474338633105,-0.0553841318806,0.125951900857,-0.990489129979
2.236,8.819979808,2.20735185,9.09199901,-60.705576093,2.1897521753,0.475275844552,-0.0553860824009,0.125936436756,-0.990490987225
2.237,8.819176639,2.206987185,9.091131339,-60.677857064,2.1578921154,0.476121602922,-0.0553798170457,0.12592253652,-0.990493104802
2.238,8.818476596,2.206663852,9.090373745,-60.6949279427,2.12569378978,0.476868843482,-0.0553742611916,0.125910421704,-0.990494955517
2.239,8.81806969,2.20683994,9.090021759,-60.7617031274,2.09588805851,0.477321916947,-0.0553773504211,0.12590337643,-0.990495678367
2.24,8.817469053,2.206189708,9.089281244,-60.8861077792,2.06992162066,0.47796648003,-0.0553661127239,0.125892984756,-0.990497627433
2.241,8.817118697,2.205693284,9.088820879,-61.0629111782,2.04981943248,0.478339681494,-0.0553575243385,0.125886923527,-0.990498877831
2.242,8.81695649,2.205558427,9.088630794,-61.2624296931,2.03754819191,0.47853219681,-0.0553551970779,0.125884116599,-0.990499364636
2.243,8.816735332,2.204534847,9.088167901,-61.4595475295,2.03240431735,0.478767830787,-0.0553374473856,0.125880295925,-0.990500842006
2.244,8.816540377,2.204209328,9.087899812,-61.6534931935,2.0329026008,0.478953471084,-0.0553318135078,0.125876924439,-0.990501585212
2.245,8.816405592,2.204156624,9.087756268,-61.8441440116,2.03997110547,0.47906441151,-0.0553309093513,0.12587459173,-0.990501932167
2.246,8.816084907,2.20393827,9.0873922,-62.0255200147,2.05454498344,0.479374190082,-0.0553271447476,0.125869041525,-0.99050284777
2.247,8.815735885,2.203646061,9.086982731,-62.1915639425,2.07557308203,0.479687942382,-0.0553221012797,0.125863002901,-0.990503896817
2.248,8.815321922,2.203724542,9.086600159,-62.3349882574,2.10146881778,0.480064859455,-0.0553234972305,0.125855836561,-0.990504729447
2.249,8.815114488,2.204170436,9.08650707,-62.4495370376,2.13251047253,0.480214852952,-0.0553312534244,0.125852242349,-0.990504752886
2.25,8.814585425,2.204194417,9.085999628,-62.5336118243,2.16886662047,0.480699209377,-0.0553317122717,0.125843083717,-0.990505890895
2.251,8.814192179,2.204899366,9.085789178,-62.5827930875,2.2079709347,0.481042994616,-0.0553439791775,0.125836271675,-0.990506071006
2.252,8.813638075,2.205336273,9.085357681,-62.587134271,2.24578305192,0.48153866675,-0.0553516081373,0.125826676253,-0.990506863691
2.253,8.812755957,2.205813864,9.084617898,-62.5505564413,2.27839175752,0.482385172255,-0.0553599679066,0.125811403619,-0.990508336498
2.254,8.812096586,2.206409249,9.084122853,-62.4888314451,2.30324888837,0.483015622814,-0.0553703558592,0.125799984989,-0.99050920615
2.255,8.811161483,2.206979541,9.083354302,-62.4144020269,2.32022987313,0.483907570094,-0.0553803296013,0.125783794243,-0.990510704737
2.256,8.810184878,2.207159184,9.082450619,-62.3410576009,2.3307190581,0.484860428145,-0.0553835266186,0.125766887823,-0.990512672764
2.257,8.808967026,2.207409633,9.081330154,-62.2740119132,2.335538108,0.48607330389,-0.0553879718575,0.125745803881,-0.990515101036
2.258,8.807829758,2.208109492,9.080397159,-62.200543399,2.33394596725,0.487220870953,-0.0554002106102,0.125726112437,-0.990516916219
2.259,8.80698025,2.208819781,9.079745918,-62.1100514124,2.3242542457,0.488081297919,-0.0554126080909,0.125711401932,-0.990518089834
2.26,8.805942411,2.209397884,9.078879929,-62.0036360754,2.30515430712,0.489145218327,-0.0554227258064,0.12569343243,-0.990519804198
2.261,8.804908476,2.209522698,9.077907458,-61.8947471095,2.27870002552,0.490204863982,-0.0554249755922,0.12567553314,-0.990521949505
2.262,8.803889784,2.209932345,9.077019131,-61.8042318518,2.24869061186,0.49127789818,-0.0554321680942,0.125657895965,-0.990523784632
2.263,8.80299734,2.210449051,9.076279369,-61.7357143343,2.21703005121,0.492209308419,-0.0554412086608,0.125642443721,-0.990525238809
2.264,8.802017251,2.210445708,9.075327978,-61.6879325967,2.18485789501,0.49323914263,-0.0554412288719,0.125625478334,-0.990527389492
2.265,8.801340071,2.210447618,9.074671659,-61.6695974393,2.15416523744,0.493952409167,-0.0554413164816,0.125613755506,-0.990528871288
2.266,8.800625587,2.210195525,9.07391729,-61.6843820865,2.12622179028,0.494707845437,-0.055436998449,0.125601389205,-0.990530681116
2.267,8.800046749,2.210043035,9.073318743,-61.7338844725,2.10247494268,0.495313014756,-0.0554343981188,0.125591370891,-0.990532096937
2.268,8.799682085,2.209469591,9.072825396,-61.8154544236,2.08457479788,0.495717403495,-0.0554244743273,0.12558506193,-0.990533452169
2.269,8.799355207,2.209139793,9.072428048,-61.9191259325,2.07323641623,0.496065982291,-0.0554187756435,0.125579406356,-0.990534488044
2.27,8.799252651,2.208778312,9.072240563,-62.036459651,2.06746756003,0.496177996016,-0.0554125099426,0.12557763371,-0.990535063314
2.271,8.798928505,2.208253852,9.071798493,-62.1615549223,2.06710173413,0.496492949998,-0.0554034323015,0.12557202671,-0.990536281919
2.272,8.798753355,2.207630065,9.071476787,-62.2930684174,2.07280554525,0.49666467077,-0.0553926184401,0.125568998847,-0.990537270551
2.273,8.798569144,2.207816858,9.071343576,-62.4345858895,2.0849175098,0.496819520107,-0.0553958758496,0.125565809407,-0.990537492701
2.274,8.798396406,2.207122574,9.071007076,-62.5871799089,2.10454153073,0.496957584016,-0.0553838389082,0.125562824359,-0.99053854419
2.275,8.798153162,2.207129504,9.070772829,-62.7422643421,2.13117359372,0.497157386784,-0.0553839781646,0.125558613278,-0.990539070201
2.276,8.797860625,2.206620327,9.070365199,-62.881414413,2.16213060041,0.497405182848,-0.0553751642399,0.125553553489,-0.990540204329
2.277,8.797386107,2.207103603,9.070022526,-62.9955754259,2.19427186098,0.49783010056,-0.0553835902004,0.125545335137,-0.990540774911
2.278,8.79709399,2.207287122,9.069783851,-63.0828896316,2.2253694996,0.498069916056,-0.0553867998018,0.125540277227,-0.990541236497
2.279,8.796549708,2.207797388,9.069380137,-63.136878318,2.25277921854,0.49856100026,-0.0553957002025,0.125530850885,-0.990541933426
2.28,8.795928791,2.208298455,9.068899898,-63.1528397303,2.27484102692,0.499125504261,-0.0554044477245,0.125520098981,-0.99054280671
2.281,8.79510785,2.20903109,9.068282111,-63.138124589,2.29249553037,0.499903975395,-0.0554172299086,0.125505882666,-0.990543893043
2.282,8.794305852,2.209020682,9.06750174,-63.1129371055,2.30666570197,0.500669208303,-0.0554171136833,0.125491998736,-0.990545658596
2.283,8.793286394,2.209746234,9.066689805,-63.0940662029,2.31680869181,0.501659672759,-0.055429789633,0.125474346328,-0.990547185567
2.284,8.792343035,2.209832728,9.065795979,-63.0767709702,2.32202696566,0.502590548031,-0.055431366638,0.12545801526,-0.990549165867
2.285,8.791395777,2.211068741,9.06517869,-63.041938641,2.32235837474,0.503536956129,-0.0554528974882,0.125441607586,-0.990550038739
2.286,8.790336007,2.210955415,9.064123287,-62.9781288856,2.31915840398,0.504600945511,-0.0554510148729,0.125423262901,-0.990552467097
2.287,8.78941729,2.211471244,9.063358172,-62.8906225822,2.31321048647,0.505538718147,-0.0554600421838,0.125407355117,-0.990553975815
2.288,8.788525083,2.212277082,9.062689612,-62.7859255954,2.3026802848,0.506468070032,-0.0554741014137,0.125391904603,-0.990555144519
2.289,8.787793661,2.212529748,9.062042005,-62.6700942342,2.28587506914,0.507237023772,-0.0554785461559,0.125379241143,-0.990556498544
2.29,8.786850487,2.2126664,9.061160747,-62.5649439333,2.26330400747,0.508219783492,-0.0554809942903,0.125362912403,-0.990558428093
2.291,8.78603656,2.213284335,9.06052239,-62.4948507649,2.23601217758,0.509078614544,-0.0554917855501,0.125348817774,-0.990559607302
2.292,8.785264847,2.213091288,9.059726899,-62.4678028732,2.2056250826,0.509896340784,-0.0554884961632,0.125335459536,-0.990561481876
2.293,8.784479355,2.213036501,9.058951821,-62.484957112,2.17510170644,0.510723634268,-0.0554876087535,0.125321862358,-0.990563251938
2.294,8.783919589,2.212846094,9.0583625,-62.5498384589,2.14719948837,0.511315276848,-0.0554843481516,0.125312173256,-0.990564660355
2.295,8.783404664,2.212401034,9.057754459,-62.669061728,2.12338145549,0.511876235999,-0.0554766642543,0.125303263465,-0.990566217821
2.296,8.783075152,2.21220869,9.057387947,-62.832435866,2.10385156326,0.512235740637,-0.055473352653,0.125297560455,-0.990567124676
2.297,8.782688234,2.211449171,9.056827261,-63.0136372712,2.08879676781,0.51264324202,-0.0554601997504,0.125290868209,-0.990568707656
2.298,8.782401808,2.210805188,9.056392279,-63.1956747504,2.07989461025,0.512934741453,-0.0554490443877,0.125285914099,-0.990569958764
2.299,8.78228799,2.210623442,9.056237538,-63.368950747,2.07807791337,0.513045105788,-0.0554458987872,0.125283945222,-0.990570383858
2.3,8.781998721,2.210138106,9.055838558,-63.5233058603,2.08252234234,0.513318067242,-0.0554374977752,0.125278941,-0.990571486962
2.301,8.781645629,2.209937909,9.055447284,-63.6540726954,2.09285979934,0.513640142509,-0.0554340514093,0.125272830704,-0.990572452591
2.302,8.78148857,2.210066139,9.05532627,-63.7591484401,2.1088526149,0.513750955313,-0.0554362899302,0.125270111,-0.990572671261
2.303,8.781189887,2.209678458,9.054942006,-63.8377639766,2.13086212397,0.514012379033,-0.0554295848536,0.125264942956,-0.990573700029
2.304,8.780901013,2.210166923,9.054781081,-63.8968818727,2.15980942898,0.514252536541,-0.0554380867738,0.125259938326,-0.990573857108
2.305,8.780405141,2.21008185,9.054279443,-63.9364428306,2.19478690278,0.514696880022,-0.0554366490381,0.125251354532,-0.99057502297
2.306,8.780064247,2.211090982,9.054195244,-63.9464508362,2.23212897581,0.514985584211,-0.055454193511,0.125245446307,-0.99057478799
2.307,8.779557461,2.211549924,9.053815896,-63.9228202976,2.26880621717,0.515439864614,-0.0554621994888,0.125236669789,-0.990575449407
2.308,8.778884664,2.211858592,9.053238888,-63.8677002856,2.30299866057,0.516073769422,-0.055467611406,0.125225020303,-0.990576619134
2.309,8.778075936,2.212597249,9.052635181,-63.7837267142,2.33159431272,0.516838232318,-0.0554804978777,0.125211014642,-0.990577667913
2.31,8.777146681,2.212873696,9.051801692,-63.68273636,2.35192932234,0.517742222709,-0.0554853707304,0.125194925735,-0.990579428519
2.311,8.776194976,2.212753409,9.050849457,-63.5882410574,2.36350658538,0.518679078661,-0.0554833595244,0.125178451399,-0.990581623149
2.312,8.775126011,2.213343266,9.049957178,-63.5172282224,2.36783808371,0.51973484171,-0.0554936840135,0.125159941282,-0.990583383735
2.313,8.774102774,2.213902751,9.049101883,-63.4644194284,2.36454759202,0.520761748871,-0.0555034778958,0.125142223537,-0.990585073494
2.314,8.772944623,2.214026486,9.048009209,-63.416408081,2.35159371581,0.521951186948,-0.0555057185814,0.125122172799,-0.99058748078
2.315,8.771984863,2.214388947,9.047167338,-63.3667944037,2.3303383662,0.522936572813,-0.0555120873038,0.125105554651,-0.990589222816
2.316,8.770794419,2.214750092,9.04610152,-63.3165637021,2.30337966137,0.524159535817,-0.055518450789,0.125084943767,-0.990591469005
2.317,8.769837298,2.214839769,9.045195489,-63.2776109565,2.27106004865,0.525159905221,-0.0555200845007,0.125068374033,-0.99059346961
2.318,8.768860925,2.214822913,9.044244714,-63.2655592873,2.23490851918,0.526183499174,-0.0555198699961,0.125051470893,-0.990595615609
2.319,8.768012032,2.214896124,9.043439602,-63.2859188939,2.19904872362,0.527078798084,-0.0555212092643,0.125036775127,-0.990597395609
2.32,8.767121587,2.214373882,9.042448374,-63.3388542652,2.16554369708,0.528010956758,-0.0555122148902,0.125021363427,-0.990599844884
2.321,8.766380045,2.214417094,9.041739996,-63.4239532996,2.13583714914,0.528784853911,-0.0555130248478,0.125008525314,-0.99060141968
2.322,8.765855282,2.214127922,9.041160395,-63.5317624957,2.11195337621,0.529360370115,-0.0555080475324,0.124999443293,-0.990602844654
2.323,8.765524373,2.213619284,9.040715008,-63.6499549657,2.09433671414,0.529720131313,-0.0554992448777,0.124993718045,-0.990604060292
2.324,8.765140392,2.213178048,9.040234685,-63.7708140703,2.08258574319,0.53012950602,-0.0554916171602,0.124987073842,-0.990605325948
2.325,8.765008139,2.212719041,9.039994095,-63.892674488,2.07682822848,0.530274663935,-0.0554836602718,0.124984787692,-0.990606060091
2.326,8.764820688,2.212258339,9.039699588,-64.01122282,2.0776979671,0.530475278805,-0.0554756784168,0.124981545974,-0.990606916123
2.327,8.764623747,2.212191279,9.039492225,-64.1173363015,2.08606560382,0.530647755471,-0.0554745301241,0.124978137192,-0.990607410497
2.328,8.764367227,2.21175639,9.039137083,-64.2113884562,2.10162807767,0.530881757771,-0.05546700174,0.124973699689,-0.990608391901
2.329,8.763929302,2.211783404,9.038719082,-64.3031310812,2.1239637734,0.531284789275,-0.0554675058199,0.124966118195,-0.990609320116
2.33,8.763578312,2.211829573,9.03839006,-64.3967999157,2.1518852665,0.53158920283,-0.0554683353865,0.124960040818,-0.990610040313
2.331,8.763343734,2.212206303,9.038254816,-64.4878681261,2.18363351758,0.531770268646,-0.0554748930252,0.124955977354,-0.990610185677
2.332,8.762960654,2.212322811,9.037911908,-64.5716724819,2.21876891301,0.532094934319,-0.055476946159,0.124949345245,-0.990610907253
2.333,8.762368789,2.21279048,9.037452544,-64.6405461757,2.25628005606,0.532654504938,-0.0554851115264,0.12493909497,-0.990611742787
2.334,8.761873794,2.213030487,9.037031389,-64.6814332933,2.29367091036,0.533083707626,-0.0554893170576,0.124930523678,-0.990612588223
2.335,8.761061643,2.214145888,9.036517201,-64.6906575946,2.3274607616,0.53384789888,-0.0555087435408,0.124916455653,-0.990613273936
2.336,8.760177765,2.214520352,9.035752036,-64.6770231829,2.35470177021,0.534705801568,-0.0555153139615,0.124901150704,-0.990614835579
2.337,8.759228786,2.215010791,9.034952227,-64.6551283405,2.37390131351,0.535614567391,-0.055523903788,0.124884718437,-0.990616425873
2.338,8.758054519,2.215733467,9.033991021,-64.6344312915,2.38392706986,0.536764982575,-0.0555365415552,0.124864384344,-0.990618280709
2.339,8.756742363,2.216048985,9.032796351,-64.6096403738,2.38423976938,0.5380651992,-0.0555421238977,0.124841665016,-0.990620831171
2.34,8.755636543,2.216773748,9.031902187,-64.5696475899,2.37555751816,0.539171100625,-0.0555547923024,0.124822515514,-0.990622533901
2.341,8.754531374,2.217326221,9.030966457,-64.5112925696,2.35905733544,0.540297786328,-0.0555644708984,0.124803378498,-0.990624402228
2.342,8.753324372,2.217567864,9.029855746,-64.4364580494,2.33465390984,0.541523372427,-0.0555687623838,0.124782481039,-0.990626794042
2.343,8.752387623,2.218419346,9.029156854,-64.3541944292,2.30371011171,0.542493559154,-0.0555836169935,0.124766256763,-0.990628004195
2.344,8.751239523,2.219197148,9.028235108,-64.2740014119,2.26821130115,0.543687533967,-0.055597210783,0.124746374966,-0.990629745206
2.345,8.750233621,2.219496262,9.027333609,-64.2035930109,2.22925853065,0.544735239288,-0.0556024835526,0.12472895799,-0.990631642368
2.346,8.749195302,2.219916752,9.026430569,-64.1532774873,2.18872958892,0.54581708254,-0.055609865454,0.124710978802,-0.990633491575
2.347,8.74830553,2.219842516,9.02554987,-64.1310005138,2.1489267582,0.546744393452,-0.0556086480772,0.124695575356,-0.990635498933
2.348,8.747624134,2.22015655,9.024966653,-64.1400960617,2.11155407958,0.54747118787,-0.0556141539436,0.124683776837,-0.990636674909
2.349,8.74697659,2.219816835,9.02425544,-64.1774391182,2.07974653848,0.548155832188,-0.0556083083452,0.124672568837,-0.990638413662
2.35,8.746539214,2.219836852,9.023836428,-64.2410298739,2.05702152857,0.548614971493,-0.055608691403,0.124664996091,-0.990639345166
2.351,8.746054816,2.219182112,9.023205865,-64.3278978956,2.04433319046,0.549119594313,-0.0555973646616,0.1246566147,-0.99064103562
2.352,8.745988891,2.21880501,9.023049227,-64.4347762402,2.04274518127,0.549199412532,-0.0555908239878,0.12465547673,-0.990641545873
2.353,8.745820228,2.218619828,9.022840207,-64.5564603724,2.05416268115,0.549358249214,-0.0555876236358,0.124652557317,-0.990642092813
2.354,8.745492316,2.218274142,9.022437366,-64.684627661,2.07770440708,0.549668944136,-0.055581649011,0.124646883435,-0.990643141976
2.355,8.745119565,2.218138316,9.022042662,-64.8236110177,2.10987509502,0.550014110852,-0.0555793210463,0.124640430932,-0.990644084447
2.356,8.744652755,2.217894,9.021530115,-64.9833225866,2.14710320768,0.550451214403,-0.0555751179395,0.124632351026,-0.99064533681
2.357,8.744353875,2.217832934,9.021225395,-65.1414496842,2.18633276932,0.550703543246,-0.0555740814297,0.124627176761,-0.990646045914
2.358,8.743841866,2.217848493,9.020732926,-65.2621663708,2.22668469394,0.55115707091,-0.0555743923473,0.124618312706,-0.990647143565
2.359,8.74336614,2.218374543,9.020401159,-65.338452734,2.26812864764,0.551581265642,-0.0555835623869,0.124610073005,-0.990647665569
2.36,8.742736611,2.218667228,9.019862955,-65.381579135,2.30827774632,0.552162331139,-0.0555886926245,0.124599171573,-0.990648748899
2.361,8.742055338,2.219361396,9.019373401,-65.3968344045,2.34445541972,0.552789419733,-0.0556007968724,0.124587371833,-0.99064955366
2.362,8.741154003,2.2199371,9.018641473,-65.3766637073,2.37483701381,0.553642352348,-0.0556108619692,0.124571763143,-0.990650951576
2.363,8.740026014,2.220350118,9.01764988,-65.3215039732,2.39767027294,0.554729881188,-0.0556181219381,0.124552231173,-0.990652999906
2.364,8.738875297,2.220701701,9.01662118,-65.249882946,2.41241311143,0.555855834677,-0.0556243164088,0.124532306788,-0.990655156949
2.365,8.737619629,2.220866805,9.015444866,-65.1786915819,2.41968092086,0.557089866924,-0.0556272834437,0.124510565983,-0.990657723079
2.366,8.736083577,2.221159708,9.014028329,-65.1115850074,2.42020000752,0.558613308015,-0.0556324904232,0.124483970567,-0.99066077296
2.367,8.734770229,2.221489223,9.012836697,-65.0464431746,2.41483129306,0.559936687594,-0.0556383147405,0.124461230131,-0.990663303109
2.368,8.733313216,2.221892773,9.011524134,-64.9778239207,2.40403964296,0.56141952313,-0.0556454366917,0.124436000878,-0.990666072428
2.369,8.731963217,2.222335097,9.010324906,-64.898143485,2.38767468011,0.562800255858,-0.055653222741,0.12441262504,-0.990668570981
2.37,8.730654016,2.222446661,9.009083678,-64.8094005046,2.36542149527,0.564151630762,-0.0556552642306,0.124389957756,-0.99067130269
2.371,8.72923435,2.222050419,9.007610138,-64.731820182,2.337446534,0.565628303574,-0.0556484991965,0.124365381748,-0.990674768206
2.372,8.728064928,2.221679307,9.006385309,-64.6890087817,2.30500755061,0.566852198701,-0.0556421508572,0.124345138256,-0.990677665863
2.373,8.726731196,2.221163683,9.004965601,-64.6924528292,2.26988895167,0.568248111698,-0.0556333074365,0.124322050314,-0.990681060135
2.374,8.725490674,2.221090297,9.003745311,-64.738125011,2.23406646918,0.569535223668,-0.0556321325614,0.124300573877,-0.990683820985
2.375,8.724712655,2.220965834,9.002960633,-64.8136727805,2.19982501383,0.570367333926,-0.0556300335793,0.124287104596,-0.990685628742
2.376,8.723952193,2.220403364,9.002084923,-64.9101446061,2.16933204962,0.571173873769,-0.0556203310991,0.124273942036,-0.990687824746
2.377,8.723365041,2.220060811,9.001431422,-65.0242372911,2.14339129731,0.571808192255,-0.0556144316344,0.124263779161,-0.990689430741
2.378,8.723144052,2.219897614,9.00117701,-65.1524130951,2.12303719692,0.572053733983,-0.0556116160168,0.124259954554,-0.990690068517
2.379,8.722736839,2.219031676,9.000568846,-65.2889282886,2.11041653755,0.572486145429,-0.0555966174159,0.124252910625,-0.990691793815
2.38,8.722345037,2.218600801,9.000082914,-65.4333042741,2.10605484878,0.572877951297,-0.0555891698185,0.124246130063,-0.990693062135
2.381,8.722063786,2.218308625,8.999738321,-65.5815428508,2.11007323812,0.573149712992,-0.0555841205843,0.124241262288,-0.990693955914
2.382,8.721634091,2.218497309,8.999368396,-65.7216813688,2.12383668048,0.573541472992,-0.0555874297562,0.124233822118,-0.990694703274
2.383,8.721224371,2.218509808,8.998974403,-65.8404090244,2.14647338187,0.573916153142,-0.0555876797398,0.124226727648,-0.990695578873
2.384,8.720730202,2.218208318,8.998421162,-65.9339392781,2.17522148059,0.57435201883,-0.0555824859819,0.124218174202,-0.990696942788
2.385,8.720199482,2.218344483,8.99794039,-66.0048325866,2.208954428,0.574824005177,-0.0555848916892,0.124208984702,-0.990697959993
2.386,8.719599636,2.218570175,8.997414709,-66.0472971498,2.24631017288,0.575371699699,-0.0555888572685,0.124198597621,-0.990699039717
2.387,8.718991091,2.219379314,8.997024519,-66.0535617244,2.28572741273,0.575913156635,-0.0556029512101,0.12418805539,-0.990699570362
2.388,8.718179864,2.220133888,8.996424547,-66.0200545078,2.32713003715,0.57665984873,-0.0556161146083,0.12417400513,-0.990700592634
2.389,8.717127345,2.220719884,8.99554923,-65.9513458623,2.36820399355,0.57765442718,-0.0556263702254,0.124155777498,-0.990702301324
2.39,8.715903107,2.220947251,8.994419028,-65.8605018597,2.40349407496,0.578837827026,-0.0556304146114,0.124134579365,-0.990704730571
2.391,8.714577597,2.221510279,8.993273631,-65.763598925,2.42911412974,0.580125591482,-0.0556402936277,0.124111626322,-0.990707051523
2.392,8.713051992,2.220959706,8.991659304,-65.6821512843,2.44307456482,0.5816258413,-0.055630858604,0.124085216076,-0.990710889575
2.393,8.711724141,2.221722673,8.990561114,-65.62780199,2.44583486576,0.582937904858,-0.055644208446,0.124062220508,-0.990713019753
2.394,8.710127754,2.222137586,8.989116805,-65.5824368212,2.43830366024,0.584562319353,-0.0556515387352,0.12403457684,-0.990716069308
2.395,8.708536741,2.222358989,8.987629924,-65.5254766348,2.42044721295,0.586172326102,-0.0556555085383,0.124007028967,-0.990719294824
2.396,8.706850313,2.223035671,8.98616325,-65.4533392761,2.39160141388,0.587896533393,-0.0556673894054,0.123977824658,-0.990722282353
2.397,8.705583094,2.223095384,8.9849502,-65.3680853189,2.35476366091,0.589196457059,-0.0556685272854,0.123955884157,-0.990724963778
2.398,8.703963059,2.222908833,8.983334382,-65.2803542503,2.31429044053,0.590900577535,-0.0556654180245,0.123927835856,-0.990728647378
2.399,8.702654647,2.222843922,8.982050601,-65.2086242861,2.27154660466,0.592262118568,-0.0556643957161,0.123905182055,-0.990731538263
2.4,8.701539197,2.222794667,8.980957662,-65.1665792886,2.22772233648,0.593429841093,-0.0556636294903,0.123885868646,-0.990733996541
2.401,8.700372194,2.222632379,8.979786802,-65.1652193345,2.18645674841,0.594668030854,-0.0556609054135,0.123865664217,-0.990736675831
2.402,8.699463136,2.222827632,8.978954368,-65.2091365516,2.15039702384,0.595634981076,-0.0556643664926,0.123849923282,-0.990738449242
2.403,8.698688527,2.222863293,8.978212702,-65.2929489235,2.12096110893,0.5964631754,-0.0556650480774,0.123836511109,-0.99074008748
2.404,8.698129412,2.222421909,8.977561719,-65.4089417225,2.09974713634,0.597071085271,-0.0556574300213,0.123826833866,-0.990741725021
2.405,8.697626169,2.221814261,8.976923727,-65.5474913118,2.0875984955,0.59761774294,-0.0556469220268,0.123818124319,-0.990743403793
2.406,8.697331923,2.221325452,8.976517663,-65.696324269,2.0843990801,0.597941753528,-0.0556384606478,0.123813033327,-0.990744515238
2.407,8.697094011,2.220947461,8.976193617,-65.8490605351,2.0896914297,0.598187563341,-0.0556319179418,0.123808917163,-0.99074539703
2.408,8.696773621,2.220504805,8.975773672,-66.0063770785,2.10345033719,0.598490800003,-0.0556242591725,0.123803372098,-0.990746519978
2.409,8.696318961,2.220357001,8.975296579,-66.1643327243,2.12514113671,0.598928624866,-0.0556217298697,0.123795501095,-0.990747645506
2.41,8.695870011,2.219920345,8.974753567,-66.316424965,2.15291594489,0.599345483743,-0.0556141857908,0.123787731483,-0.990749039804
2.411,8.695210561,2.219829863,8.974092228,-66.4628277674,2.18485060959,0.59994417438,-0.0556126673701,0.123776313989,-0.990750551513
2.412,8.694739138,2.219823719,8.973633936,-66.6000631122,2.22057321464,0.60035688814,-0.0556125984149,0.123768151233,-0.990751575138
2.413,8.693957512,2.220397359,8.973018536,-66.7183861358,2.26104991448,0.601071589811,-0.0556226186628,0.123754613499,-0.990752703721
2.414,8.692923647,2.220708728,8.972093891,-66.8132065322,2.30476811842,0.602052267106,-0.0556281061964,0.123736710175,-0.990754631761
2.415,8.691931016,2.221277043,8.971272847,-66.8856533051,2.34619326772,0.602984713253,-0.0556380505162,0.123719519113,-0.99075622023
2.416,8.690868513,2.221999985,8.970422479,-66.9361474957,2.38089545158,0.603978050762,-0.0556506847764,0.123701117745,-0.990757808323
2.417,8.689405282,2.222211412,8.969057237,-66.9641200757,2.40903842357,0.605395932141,-0.0556544714751,0.123675780735,-0.990760758743
2.418,8.687857018,2.222782564,8.967698807,-66.9710017871,2.43171015348,0.606907140638,-0.0556645093294,0.123648968469,-0.990763541415
2.419,8.686230476,2.222875797,8.966146145,-66.9560598112,2.44850189701,0.608507094769,-0.0556662563516,0.123620804375,-0.99076695778
2.42,8.684545805,2.223683458,8.964714382,-66.9147602308,2.45913903916,0.610174925463,-0.0556804110836,0.123591628904,-0.990769802268
2.421,8.682516233,2.224198401,8.962876027,-66.8477541494,2.46204355041,0.61222236717,-0.0556895119113,0.123556482973,-0.990773674347
2.422,8.680839575,2.224632323,8.961359534,-66.7609206111,2.45329970843,0.613933056213,-0.055697177176,0.123527448237,-0.990776863873
2.423,8.679010891,2.224976616,8.959673598,-66.6555496447,2.43209053343,0.615793337177,-0.0557032997888,0.123495781823,-0.99078046724
2.424,8.677262719,2.225322324,8.958066072,-66.538740106,2.40042957531,0.617602409905,-0.0557094401082,0.123465509707,-0.9907838948
2.425,8.675415207,2.225754523,8.956383881,-66.4149845127,2.36009631388,0.619517776594,-0.0557170886765,0.123433516859,-0.990787450943
2.426,8.673583307,2.225592102,8.95456909,-66.289757534,2.31470328827,0.621415896779,-0.0557144151908,0.123401798178,-0.990791552319
2.427,8.671991841,2.225197336,8.952929446,-66.1919096993,2.26866543072,0.623067484642,-0.0557076885743,0.123374243601,-0.990795362045
2.428,8.670511713,2.225374792,8.951539886,-66.1405515145,2.22483581299,0.624628831462,-0.0557108867612,0.123348613868,-0.99079837331
2.429,8.669056002,2.22504124,8.950046954,-66.1260052758,2.18526928165,0.62615120787,-0.0557052129224,0.123323409697,-0.990801829769
2.43,8.66802089,2.224966671,8.949025804,-66.1428863233,2.15076016714,0.6272425721,-0.0557040001785,0.123305486833,-0.990804128615
2.431,8.667077197,2.224642171,8.948031064,-66.1961063102,2.12138999542,0.628230166136,-0.0556984426344,0.123289148307,-0.990806474241
2.432,8.666419676,2.224326217,8.947315638,-66.2837285081,2.09923142536,0.628930996315,-0.0556930091456,0.12327776522,-0.990808196037
2.433,8.665791469,2.22358842,8.946523752,-66.4017264795,2.08689038275,0.629586035548,-0.0556802514796,0.123266892551,-0.990810265791
2.434,8.665297247,2.223053229,8.94591203,-66.5445447307,2.08514812694,0.630077984943,-0.055671000914,0.123258338796,-0.990811849735
2.435,8.664620346,2.222678457,8.945163233,-66.6976688574,2.09415148937,0.630739185401,-0.0556645486547,0.123246619959,-0.990813670017
2.436,8.663938556,2.222515639,8.944462369,-66.8519309127,2.11431707678,0.631392393742,-0.0556617764472,0.123234815837,-0.990815293992
2.437,8.663205096,2.222227168,8.943680234,-67.0048567917,2.1439133729,0.632067115962,-0.0556568265305,0.123222117821,-0.990817151315
2.438,8.662348607,2.221864721,8.942760548,-67.1443914005,2.17970262997,0.632863685126,-0.0556506031908,0.123207289395,-0.990819344888
2.439,8.661405351,2.221958485,8.941870171,-67.2587907371,2.219174492,0.63375659804,-0.055652305216,0.123190955465,-0.99082128026
2.44,8.660738331,2.222321465,8.941314284,-67.354709149,2.2600217523,0.634366185218,-0.0556586596104,0.12317940279,-0.990822359628
2.441,8.659743662,2.222783445,8.940465678,-67.4386886807,2.30011937645,0.635301006316,-0.0556667582172,0.123162176534,-0.990824046085
2.442,8.658374853,2.223279805,8.939263291,-67.5052791905,2.33795820185,0.636592970425,-0.0556754829312,0.123138470859,-0.990826502267
2.443,8.656890757,2.223473987,8.93787414,-67.5478006535,2.37181236879,0.638016893444,-0.055678971647,0.123112770119,-0.990829499939
2.444,8.655020399,2.223345481,8.93603062,-67.5614178741,2.39997932689,0.63984514184,-0.0556768895452,0.123080384023,-0.990833640446
2.445,8.653046376,2.223706366,8.934208503,-67.5417560924,2.41981821129,0.641771098603,-0.0556833107517,0.123046199694,-0.990837525351
2.446,8.651069938,2.224076975,8.932386549,-67.4951637485,2.43073163724,0.643718435851,-0.0556899011507,0.123011972536,-0.990841404829
2.447,8.648966702,2.224723882,8.9305107,-67.4254494875,2.43287943746,0.645814924995,-0.0557012970741,0.122975548295,-0.990845285615
2.448,8.646811513,2.225645923,8.928653265,-67.3286273411,2.4256155736,0.647982370306,-0.0557174743432,0.122938221922,-0.990849007994
2.449,8.644571002,2.22638428,8.926667619,-67.2057567867,2.41041491527,0.650230128801,-0.0557304695924,0.122899419223,-0.990853090783
2.45,8.642362508,2.226917074,8.924661863,-67.0616876915,2.38890717726,0.652465621373,-0.0557398939858,0.122861171602,-0.99085730392
2.451,8.640121079,2.226764595,8.922453296,-66.9105856179,2.36016548045,0.654770692527,-0.0557374246787,0.122822359098,-0.990862254602
2.452,8.63799983,2.226931188,8.920440772,-66.7723712499,2.32374104591,0.656959076797,-0.0557404847659,0.122785624651,-0.990866635192
2.453,8.636029095,2.226848469,8.918511794,-66.6658619745,2.28235965026,0.659008047084,-0.0557392043153,0.122751498698,-0.990870935425
2.454,8.634198176,2.226932708,8.916759917,-66.6091818305,2.23821248655,0.660918003145,-0.0557408123156,0.12271979228,-0.990874772323
2.455,8.632394657,2.226959845,8.91502034,-66.605754258,2.1946570465,0.662792032078,-0.0557414260475,0.122688561528,-0.990878605225
2.456,8.630735747,2.226415542,8.913278056,-66.6438376999,2.15502252687,0.664534051804,-0.0557321082301,0.122659837412,-0.990882685487
2.457,8.629227028,2.225341231,8.911548838,-66.7139247413,2.11952269623,0.666097583055,-0.0557135772087,0.122633718565,-0.990886960448
2.458,8.628025165,2.224993771,8.910298285,-66.8166860116,2.08907146268,0.667358044489,-0.0557076405837,0.122612908227,-0.99088986952
2.459,8.62712565,2.224535161,8.909312749,-66.9483857635,2.06516160876,0.668329374461,-0.055699750738,0.122597334373,-0.99089224004
2.46,8.626386001,2.223818212,8.90841753,-67.1006946712,2.04864966941,0.669100241241,-0.0556873623821,0.12258453081,-0.990894520359
2.461,8.625756667,2.223609755,8.907756082,-67.2678836875,2.04280860415,0.669734646771,-0.0556837940154,0.122573634612,-0.990896068809
2.462,8.625123602,2.222735879,8.906924943,-67.4488051653,2.04977405885,0.670369420865,-0.0556686730163,0.122562677278,-0.990898273781
2.463,8.624371795,2.222557684,8.906152453,-67.643943208,2.06869115669,0.671098948951,-0.0556656388591,0.122549659543,-0.990900054292
2.464,8.623714767,2.2227059,8.905553206,-67.841831694,2.09777520874,0.67171773872,-0.0556682636202,0.122538280838,-0.990901314034
2.465,8.62273358,2.222667383,8.90459346,-68.0209448996,2.13430609828,0.672642948061,-0.0556676725725,0.122521289838,-0.990903448257
2.466,8.621957154,2.222887174,8.903896481,-68.1608133333,2.1747926794,0.673362917162,-0.0556715501247,0.122507842366,-0.990904893048
2.467,8.620811153,2.223495825,8.902938763,-68.2550336283,2.21768965795,0.674435095529,-0.0556822062033,0.122487993046,-0.990906748121
2.468,8.619509657,2.223763971,8.901745499,-68.3104427115,2.26172583559,0.675664843245,-0.0556869647363,0.122465452184,-0.990909266775
2.469,8.618094233,2.224460928,8.90054912,-68.3288464964,2.30501083422,0.677014529542,-0.0556991753882,0.122440935782,-0.990911610138
2.47,8.61638242,2.225123066,8.899057179,-68.3085912546,2.34598954569,0.67866714558,-0.0557108050203,0.122411287398,-0.99091461939
2.471,8.614693326,2.225728643,8.897573213,-68.2491365054,2.38312391032,0.680295442528,-0.0557214516189,0.122382032586,-0.990917634281
2.472,8.612604338,2.225672652,8.895536647,-68.1574481811,2.41433761825,0.682338903203,-0.0557206444875,0.122345856109,-0.990922146927
2.473,8.610576003,2.226243362,8.893715681,-68.0401281863,2.43744701332,0.684334979585,-0.0557307117626,0.122310726546,-0.990925917482
2.474,8.60826319,2.226214546,8.891469302,-67.895849513,2.45055907126,0.686653929475,-0.0557303940446,0.122270673523,-0.990930878304
2.475,8.605718042,2.227090994,8.889224787,-67.724037664,2.45261265252,0.689211828176,-0.055745810923,0.122226591379,-0.990935449424
2.476,8.603276523,2.227762186,8.887029385,-67.5353561987,2.44406298713,0.69167896941,-0.055757655153,0.122184304324,-0.990939998016
2.477,8.600736951,2.228196399,8.884679809,-67.3513705527,2.42519378624,0.694274352709,-0.0557653935799,0.12214032124,-0.990944984753
2.478,8.598207409,2.227930001,8.882164305,-67.1915605874,2.39410741094,0.696883949171,-0.0557609683855,0.122096516354,-0.990950632019
2.479,8.595765536,2.228058856,8.879832848,-67.064015822,2.35029409179,0.699405173574,-0.0557633979974,0.12205422636,-0.990955705
2.48,8.593151956,2.227697712,8.877212267,-66.9710314761,2.29748283324,0.702103224022,-0.0557573344678,0.122008966883,-0.990961619667
2.481,8.590706112,2.227054762,8.874683342,-66.9147980874,2.24064954745,0.704646721196,-0.0557463645181,0.121966612542,-0.99096745066
2.482,8.588309736,2.226035407,8.872107853,-66.8990216843,2.18209283998,0.707149111598,-0.0557288575535,0.121925117931,-0.990973541551
2.483,8.586216757,2.225348836,8.869909562,-66.9281391564,2.12369306805,0.709328132788,-0.0557171023876,0.121888875449,-0.990978660993
2.484,8.584466814,2.224358512,8.867967144,-67.0078684204,2.06959284836,0.711148203248,-0.0557000475671,0.1218585756,-0.990983346103
2.485,8.582772554,2.223870642,8.866204676,-67.1372144076,2.0244610526,0.712931692246,-0.0556917118767,0.121829236488,-0.9909874219
2.486,8.58161934,2.222776456,8.864813911,-67.307145756,1.99204189587,0.714148026828,-0.0556728060374,0.121809271173,-0.990990938467
2.487,8.580664986,2.222063239,8.863711223,-67.5093748073,1.97498530888,0.7151496874,-0.05566049992,0.121792748635,-0.990993660489
2.488,8.579763075,2.221511866,8.862699893,-67.7312903633,1.97384884502,0.716081663392,-0.0556509979101,0.121777132337,-0.990996113247
2.489,8.579106552,2.221248961,8.86199843,-67.9605483441,1.9868324588,0.716756082943,-0.0556464858979,0.121765762926,-0.990997763664
2.49,8.578416188,2.220731552,8.861200422,-68.1927461795,2.01352111735,0.717428016801,-0.0556375575321,0.121753810244,-0.990999733543
2.491,8.577337062,2.220639834,8.86013275,-68.426430355,2.05498706712,0.718442975567,-0.0556360498836,0.121735121656,-0.991002114079
2.492,8.576381441,2.220782258,8.859243335,-68.6518044712,2.10935720778,0.71933947713,-0.0556385971111,0.121718570453,-0.991004004088
2.493,8.575301936,2.22097744,8.858247235,-68.8561059216,2.17065215098,0.720356433847,-0.0556420707519,0.121699872921,-0.991006105376
2.494,8.573928657,2.221626706,8.857080661,-69.0277961648,2.23293799043,0.721637944978,-0.0556534497536,0.121676084839,-0.991008387406
2.495,8.572367863,2.222202366,8.855714208,-69.1501288037,2.29316956269,0.723104295988,-0.0556635668388,0.121649049782,-0.991011138189
2.496,8.570700118,2.222663791,8.854215654,-69.2136059335,2.34995441929,0.724701214822,-0.0556717083145,0.121620162799,-0.991014226383
2.497,8.568669811,2.223267827,8.852402056,-69.2237681087,2.40165638229,0.726652374418,-0.055682354551,0.121584995005,-0.991017943521
2.498,8.56644247,2.223873413,8.85039827,-69.1881422986,2.44655734387,0.728797307875,-0.05569304267,0.121546415539,-0.991022075369
2.499,8.563894056,2.223738819,8.847897815,-69.1133139803,2.48063155226,0.731306325773,-0.0556909065053,0.121502279272,-0.99102760762
2.5,8.561098097,2.224474392,8.845376586,-69.0069056262,2.50053479369,0.73406705978,-0.0557038951649,0.121453849627,-0.991032814025
2.501,8.558091791,2.224727006,8.842530483,-68.8748228033,2.50599252082,0.737058532463,-0.0557085173561,0.12140178039,-0.991038934055
2.502,8.555113014,2.225328446,8.839798944,-68.7204619657,2.4969099781,0.740052625855,-0.0557191922546,0.121350184327,-0.99104465307
2.503,8.552056828,2.226280492,8.837081012,-68.5484120049,2.47312597505,0.743136668611,-0.0557359604303,0.121297245029,-0.991050190991
2.504,8.54884686,2.226678602,8.83407495,-68.3703634959,2.43678537392,0.746403326011,-0.055743123115,0.121241646908,-0.991056591361
2.505,8.545451076,2.226934012,8.830853254,-68.2090353998,2.39104505717,0.749857753829,-0.0557478242478,0.12118283001,-0.991063520569
2.506,8.542520701,2.227162106,8.828075157,-68.0828487435,2.33957762446,0.752864780047,-0.0557520132725,0.121132073838,-0.991069489846
2.507,8.539438551,2.227115105,8.825080875,-67.9922351115,2.2846275087,0.756032518086,-0.0557514385058,0.121078689751,-0.991076045515
2.508,8.536368419,2.22684984,8.822043187,-67.9294956042,2.22651146374,0.759215831022,-0.0557470734418,0.121025515858,-0.991082785802
2.509,8.533931741,2.226675219,8.819641347,-67.8975838506,2.16636339209,0.761722731251,-0.0557442332755,0.120983312561,-0.991088098273
2.51,8.531465248,2.226511137,8.817213342,-67.9036711122,2.10864114898,0.764276403868,-0.0557415768896,0.120940593248,-0.991093461542
2.511,8.529470267,2.226509368,8.815282582,-67.9512123098,2.05727377091,0.766358405697,-0.0557417027894,0.120906038074,-0.991097670529
2.512,8.527616163,2.225975065,8.813353641,-68.0506752155,2.0140829148,0.768289329655,-0.0557325707032,0.120873927564,-0.991102100794
2.513,8.526217508,2.225519263,8.811885212,-68.2060043294,1.98090320569,0.769740742675,-0.0557247673847,0.120849704841,-0.991105493446
2.514,8.525125263,2.224863286,8.81066271,-68.4039845748,1.95882671571,0.770868929761,-0.0557134639602,0.120830790427,-0.991108435045
2.515,8.524171312,2.22466989,8.809690839,-68.6268422818,1.95109694948,0.771828328335,-0.0557101808547,0.120814268819,-0.991110633683
2.516,8.52313564,2.223981657,8.808514945,-68.8607622536,1.962056985,0.772848465981,-0.0556983125353,0.120796334268,-0.991113486745
2.517,8.522130027,2.22386998,8.807513718,-69.0971958966,1.99259387821,0.773788435892,-0.0556964521225,0.120778916681,-0.991115713984
2.518,8.521029574,2.223447987,8.806342371,-69.3297942197,2.03950886881,0.774825767191,-0.0556892118681,0.120759858088,-0.991118443152
2.519,8.519845285,2.22404634,8.805347569,-69.5390577779,2.09815762858,0.775937953212,-0.0556996927639,0.120739341439,-0.991120353769
2.52,8.518627965,2.223990801,8.804155694,-69.7036358609,2.16464365313,0.777062766049,-0.0556988237242,0.120718256538,-0.991122970965
2.521,8.517175013,2.224492205,8.802876562,-69.8276924002,2.23524374173,0.778406920729,-0.0557076424389,0.120693086356,-0.991125540726
2.522,8.515407822,2.225508244,8.801423596,-69.9132078711,2.30430975236,0.780065548344,-0.0557254202216,0.120662469623,-0.991128269179
2.523,8.51326063,2.226037109,8.799479972,-69.9425229758,2.36664899314,0.782101738692,-0.0557347691407,0.120625274261,-0.991132271051
2.524,8.510893202,2.226537417,8.797316179,-69.9056926736,2.41993215315,0.784370962612,-0.0557436407121,0.120584264668,-0.991136762326
2.525,8.508154211,2.226817038,8.794737187,-69.8150666886,2.46166530489,0.787009620573,-0.0557487090102,0.12053681936,-0.99114224843
2.526,8.505054919,2.227412288,8.79188971,-69.6927360287,2.49071064938,0.790047015747,-0.0557592855574,0.120483131283,-0.991148181227
2.527,8.501936968,2.22744883,8.788882779,-69.5614540485,2.50644326133,0.793129071645,-0.0557601626385,0.120429122261,-0.991154695683
2.528,8.498794243,2.227810205,8.785934321,-69.4424974019,2.50849935745,0.796242963242,-0.0557666814267,0.120374682808,-0.991160942018
2.529,8.495625338,2.229460033,8.783287649,-69.3376239345,2.49874494993,0.799408810829,-0.055795572823,0.120319780426,-0.991165982312
2.53,8.492250007,2.23017149,8.780203589,-69.2356889462,2.47692433614,0.802817375001,-0.0558081882426,0.120261308868,-0.991172368317
2.531,8.488903757,2.230731976,8.777109555,-69.1332586308,2.44277333396,0.806202436254,-0.0558181801034,0.12020334063,-0.991178837381
2.532,8.485229604,2.23056377,8.773513331,-69.0312492123,2.39850283438,0.809935611227,-0.0558155451855,0.120139697099,-0.991186701937
2.533,8.481607359,2.229906077,8.769842901,-68.9460468713,2.34685559797,0.81363867592,-0.0558044084727,0.120076955576,-0.991194931754
2.534,8.478202487,2.228947936,8.76630631,-68.9047445515,2.28924623211,0.81712900001,-0.0557880381282,0.120017981118,-0.991202995864
2.535,8.474999919,2.228401247,8.763069995,-68.9186019831,2.22878242928,0.82042075826,-0.0557787956398,0.119962507266,-0.991210231388
2.536,8.472436794,2.228414449,8.760594511,-68.9885146767,2.17068552815,0.823072398864,-0.0557792240097,0.119918107615,-0.991215579798
2.537,8.470050124,2.228418393,8.758287369,-69.1024920849,2.11933439479,0.825550262539,-0.0557794775649,0.119876763342,-0.991220566521
2.538,8.467859921,2.22800171,8.756063229,-69.2354843571,2.0753427924,0.827815472249,-0.0557724129217,0.119838825303,-0.99122555148
2.539,8.466024622,2.227815402,8.754240936,-69.3651921809,2.0390485177,0.829707451891,-0.0557693210822,0.119807034053,-0.991229568474
2.54,8.464636356,2.226929145,8.752672852,-69.4898424277,2.01333399503,0.83114589547,-0.0557540413406,0.119782990454,-0.991233333818
2.541,8.463403533,2.22593806,8.751228463,-69.6235186614,2.00058983231,0.832398943964,-0.0557369294554,0.119761639974,-0.991236875971
2.542,8.462387268,2.225513619,8.750137664,-69.7724571859,2.00193413569,0.833428035166,-0.0557296391878,0.119744037906,-0.991239412404
2.543,8.461422717,2.225181444,8.749120347,-69.933540714,2.01719659827,0.834377366848,-0.0557239470173,0.119727330995,-0.991241750504
2.544,8.460265088,2.224817729,8.74790828,-70.1017787646,2.04482107136,0.835503458853,-0.0557177212931,0.119707279456,-0.991244522194
2.545,8.459028746,2.224682879,8.746678297,-70.27008985,2.08303834828,0.836684466296,-0.0557154760578,0.119685862492,-0.991247234572
2.546,8.457723153,2.22451293,8.745372417,-70.4316506191,2.129869432,0.837904159248,-0.0557126264373,0.11966324629,-0.991250125217
2.547,8.456410826,2.224908847,8.744203991,-70.5843438858,2.18308947743,0.839129250074,-0.0557196027236,0.119640510626,-0.99125247747
2.548,8.454949908,2.225435856,8.742925294,-70.723945186,2.24101016009,0.840485036351,-0.0557288658836,0.119615198911,-0.991255011436
2.549,8.452957406,2.22625776,8.741207727,-70.8423012973,2.3014450841,0.842370218645,-0.0557432900957,0.119580676419,-0.991258365632
2.55,8.450599175,2.226552432,8.739002354,-70.9300272546,2.36155368224,0.844637610246,-0.0557485890409,0.119539821548,-0.991262995317
2.551,8.448139645,2.227037899,8.736747751,-70.9770396978,2.41683112218,0.847000325653,-0.0557572091026,0.119497211067,-0.991267648105
2.552,8.445253245,2.226922049,8.733927192,-70.983092059,2.46356882768,0.849804291085,-0.0557554213537,0.119447208796,-0.99127377515
2.553,8.442315488,2.227761793,8.731300785,-70.9501923891,2.49981135078,0.852675211364,-0.0557702288796,0.119396310312,-0.991279074053
2.554,8.439268801,2.228074594,8.728434814,-70.8720743728,2.52520891645,0.855673333835,-0.0557758956335,0.119343527528,-0.991285111309
2.555,8.436009178,2.22924037,8.725580982,-70.7532885395,2.53974322543,0.858920129571,-0.0557963883502,0.119287050273,-0.991290755876
2.556,8.432881524,2.230176418,8.722796436,-70.6120647385,2.5411749426,0.862053214251,-0.0558128827989,0.119232860685,-0.991296346733
2.557,8.42946663,2.23138225,8.719803576,-70.4666112116,2.52803847808,0.865510840064,-0.0558340842244,0.119173692831,-0.991302267714
2.558,8.425973732,2.232292784,8.716660163,-70.332251535,2.50127567912,0.869055622076,-0.0558501632638,0.119113174306,-0.991308635577
2.559,8.422230274,2.232949107,8.71320977,-70.2131439488,2.46208832586,0.872858522648,-0.0558618483458,0.119048317232,-0.99131576809
2.56,8.418447767,2.232774977,8.709508993,-70.1001066969,2.41211376206,0.87671662538,-0.0558591176023,0.118982786979,-0.991323789376
2.561,8.414847559,2.23249538,8.705957447,-69.9894805581,2.35430503844,0.880408860676,-0.0558545410491,0.118920416378,-0.991331531231
2.562,8.411606933,2.231876069,8.702666372,-69.9052791292,2.29320632849,0.883749044576,-0.0558440380674,0.118864276348,-0.991338855902
2.563,8.408753347,2.232124818,8.699972072,-69.8725293194,2.23425305898,0.886707226313,-0.0558485775546,0.118814836585,-0.991344526889
2.564,8.40635751,2.232238322,8.697685583,-69.8924795494,2.18223427095,0.889195963085,-0.0558507335462,0.118773327112,-0.991349379547
2.565,8.404062384,2.23242545,8.695515392,-69.9618093942,2.14042718126,0.891599368918,-0.0558541593864,0.118733563192,-0.991353949834
2.566,8.401969182,2.231960516,8.693372987,-70.0769320808,2.1101040688,0.893761573975,-0.0558462483746,0.118697300344,-0.991358738012
2.567,8.400149315,2.23088693,8.691338505,-70.2340718207,2.09199574237,0.895642262366,-0.055827748071,0.118665777416,-0.991363553806
2.568,8.398920391,2.229810357,8.68987445,-70.4294251184,2.0865062803,0.896925409059,-0.0558091498944,0.118644491535,-0.991367148647
2.569,8.39765693,2.229265026,8.688513363,-70.650760886,2.09395089978,0.898209834767,-0.0557997779531,0.118622605428,-0.991370295229
2.57,8.396475612,2.228642993,8.687211997,-70.8796537561,2.11418731613,0.899404431819,-0.0557890687453,0.118602141995,-0.991373346284
2.571,8.395151957,2.227936375,8.685751371,-71.1130981992,2.14534071686,0.900705074937,-0.0557769014726,0.118579212827,-0.991376773758
2.572,8.393862417,2.227717839,8.68444892,-71.3597789477,2.18570744628,0.901957645586,-0.0557732058641,0.118556872511,-0.991379653558
2.573,8.392538687,2.227786671,8.683187149,-71.6080854769,2.23403582974,0.903232330734,-0.055774503598,0.11853393762,-0.991382323012
2.574,8.390966885,2.22806171,8.68173855,-71.8336881941,2.28826043063,0.904737793566,-0.0557793999571,0.118506703141,-0.991385303427
2.575,8.389362025,2.228369928,8.680266569,-72.0233913271,2.3458861747,0.906259378514,-0.0557848746005,0.118478896239,-0.99138831893
2.576,8.387269886,2.229345036,8.678494999,-72.1660287772,2.40319724311,0.908261788606,-0.0558019676303,0.118442642224,-0.991391688946
2.577,8.38475807,2.229979905,8.676230648,-72.2410698318,2.4555031614,0.910687499561,-0.0558131840824,0.118399119222,-0.991396256322
2.578,8.381975025,2.231015144,8.673807347,-72.2360338708,2.50046374658,0.913371036565,-0.0558313737313,0.118350894068,-0.991400990306
2.579,8.379087992,2.231792944,8.671217638,-72.1630550372,2.53816980956,0.916187861515,-0.055845100932,0.118300867723,-0.991406187896
2.58,8.376012858,2.232163329,8.668341509,-72.0489130368,2.56751791607,0.919216362638,-0.0558517680154,0.118247585696,-0.991412168821
2.581,8.372644948,2.23270389,8.665226488,-71.9156694792,2.58577808733,0.922554858319,-0.0558614134217,0.118189228907,-0.99141858398
2.582,8.369150097,2.233695383,8.66210531,-71.7593061582,2.59150840175,0.926046437124,-0.0558788980055,0.118128668769,-0.991424816299
2.583,8.365764158,2.234985225,8.659166756,-71.5624580338,2.58459032983,0.929453623103,-0.0559015545877,0.118069994429,-0.991430528383
2.584,8.362357419,2.236295399,8.656213878,-71.3239846332,2.56455338895,0.932914431912,-0.0559245657789,0.118010959202,-0.991436259399
2.585,8.358693823,2.237022626,8.652862686,-71.0661630759,2.53003473402,0.936633638087,-0.0559374740013,0.117947476544,-0.991443085497
2.586,8.35502301,2.238191132,8.649619011,-70.8156501327,2.48042853539,0.9403718358,-0.0559580458547,0.117883865962,-0.991449490015
2.587,8.351319149,2.237990987,8.645989543,-70.5967827016,2.41864861811,0.944151917709,-0.0559548547188,0.117819689623,-0.991457298612
2.588,8.347739547,2.238049867,8.642547237,-70.4352411191,2.35122824874,0.947843292176,-0.0559561516056,0.117757664753,-0.991464594168
2.589,8.344258316,2.237822483,8.6391259,-70.3454624776,2.2845838236,0.951430038958,-0.0559524704578,0.117697346008,-0.991471964199
2.59,8.341298061,2.237128168,8.636086833,-70.3335335488,2.22274489827,0.954495817843,-0.0559406418302,0.117646056807,-0.991478718838
2.591,8.338670094,2.237479452,8.633639628,-70.3873018159,2.16831669881,0.95723880504,-0.0559469424456,0.117600518148,-0.991483765758
2.592,8.336325165,2.237060784,8.631266316,-70.4879202792,2.12242551308,0.959685122812,-0.0559398520411,0.117559888676,-0.991488984068
2.593,8.334517094,2.236125456,8.62927762,-70.6364420117,2.08542203368,0.96157544256,-0.0559237498775,0.117528564382,-0.991493606008
2.594,8.332786978,2.234799786,8.627263118,-70.8364641043,2.06083315335,0.963362306515,-0.0559008633783,0.117498593025,-0.991498448869
2.595,8.331482934,2.233988886,8.625793542,-71.0822933054,2.05282017864,0.964723308392,-0.0558868818745,0.11747600218,-0.99150191394
2.596,8.33022774,2.232885689,8.62429549,-71.3557384664,2.06017402339,0.966012940393,-0.0558678223111,0.117454258151,-0.991505564116
2.597,8.329066731,2.232030628,8.622952704,-71.6362966652,2.07731188258,0.967174062897,-0.0558530637556,0.117434144986,-0.991508778005
2.598,8.32780732,2.231617348,8.62162924,-71.9104839512,2.10049156307,0.968411809148,-0.0558459830245,0.117412325139,-0.991511760942
2.599,8.326577833,2.231498755,8.620410959,-72.1642629437,2.1290143948,0.969605259741,-0.0558440176484,0.117391021173,-0.991514394167
2.6,8.325206582,2.230687483,8.618876451,-72.3876431018,2.16294483333,0.970926837758,-0.0558300354221,0.117367264456,-0.991517993976
2.601,8.323682628,2.231577502,8.617634864,-72.5750313254,2.20231428682,0.972379520338,-0.0558456063683,0.117340852327,-0.991520243174
2.602,8.3221281,2.231611781,8.616142249,-72.7221031298,2.24676759894,0.973854518297,-0.0558463205358,0.117313915081,-0.991523390451
2.603,8.320063482,2.232705381,8.614431476,-72.823090333,2.29419752328,0.975830989542,-0.0558654679816,0.117278132295,-0.991526544865
2.604,8.317638029,2.233012191,8.612168474,-72.8640196968,2.34061318742,0.978161282734,-0.0558709805896,0.117236101626,-0.991531204755
2.605,8.315207255,2.234206303,8.610130632,-72.8361882097,2.38297135485,0.980486404193,-0.0558919019632,0.117193973619,-0.991535005858
2.606,8.312392662,2.234730941,8.607548672,-72.746755727,2.41888865033,0.983225636782,-0.0559012265507,0.117145197848,-0.99154024401
2.607,8.309365667,2.235255937,8.604761873,-72.61049466,2.44542020784,0.986197084319,-0.0559105736891,0.117092740632,-0.991545913128
2.608,8.306239085,2.235907893,8.601912104,-72.4410778186,2.46044624577,0.989282782072,-0.0559221334125,0.117038558215,-0.991551658203
2.609,8.302862729,2.236864639,8.59890068,-72.2527417813,2.4639739625,0.992639384682,-0.0559390040906,0.116980044007,-0.991557611602
2.61,8.299831754,2.237760829,8.596207343,-72.0621875601,2.45655022676,0.995669634574,-0.0559547970364,0.116927515619,-0.991562916198
2.611,8.296655621,2.239300413,8.593541809,-71.8750043147,2.43942074378,0.998880472124,-0.0559817742663,0.116872467288,-0.991567883375
2.612,8.293220737,2.239622139,8.590309513,-71.6897057829,2.41424676054,1.00234698646,-0.0559876223022,0.116812942018,-0.991574567406
2.613,8.289721555,2.239942048,8.587014839,-71.5138303839,2.38110326425,1.00590087752,-0.0559934439575,0.116752301499,-0.991581380588
2.614,8.286193219,2.239617426,8.583524001,-71.3540328085,2.33934265942,1.00949737932,-0.0559880757746,0.116691160133,-0.991588880796
2.615,8.282515251,2.238513518,8.579685406,-71.2163560732,2.29105154958,1.0132475544,-0.0559691874383,0.116627428244,-0.991597445055
2.616,8.279368284,2.237270281,8.576323075,-71.1213314727,2.24093752493,1.01647690128,-0.0559478383996,0.116572899474,-0.991605061749
2.617,8.276390163,2.23664713,8.573285515,-71.0883890127,2.19247811166,1.01954240885,-0.0559372435368,0.116521293609,-0.991611724881
2.618,8.273923693,2.236042426,8.570746701,-71.1159474914,2.14845626813,1.02207478111,-0.0559269302025,0.116478553093,-0.991617327979
2.619,8.271486478,2.23500986,8.568124511,-71.1993256237,2.11028272673,1.02460272778,-0.0559091849688,0.116436321789,-0.991623288353
2.62,8.269220163,2.234323618,8.565757651,-71.3325076629,2.07696789996,1.02693290383,-0.0558974410351,0.1163970503,-0.991628560887
2.621,8.267521241,2.23330212,8.56385111,-71.5032402803,2.04928786524,1.02866988116,-0.0558798317459,0.116367614056,-0.991633008125
2.622,8.266090793,2.232051588,8.562144082,-71.7032578318,2.03144101532,1.03014008929,-0.0558582236237,0.116342830955,-0.991637133501
2.623,8.264864068,2.23117303,8.560730761,-71.9249679285,2.02723636202,1.03138217312,-0.0558430603457,0.116321576747,-0.991640480918
2.624,8.263528276,2.230787512,8.559340658,-72.155848368,2.03736216738,1.03269839199,-0.0558364675622,0.116298428641,-0.991643567208
2.625,8.262161645,2.230149767,8.557855049,-72.3794914667,2.06052314395,1.03401417607,-0.0558254966146,0.116274748457,-0.991646961776
2.626,8.260819668,2.229702553,8.556442897,-72.5880336852,2.0947027504,1.03529648064,-0.0558178326251,0.116251493982,-0.991650119603
2.627,8.259535685,2.229907547,8.555256711,-72.7848663336,2.13700481927,1.03651676254,-0.0558214891057,0.11622924117,-0.991652522233
2.628,8.25825583,2.230107855,8.554073322,-72.9624221528,2.18645675124,1.03771128342,-0.0558250645727,0.116207058912,-0.991654920637
2.629,8.256710733,2.23055922,8.552699373,-73.1021894289,2.24212886824,1.0391586227,-0.0558330201933,0.116180279703,-0.991657610501
2.63,8.254808533,2.231472573,8.551101318,-73.187338241,2.29960015291,1.04095310759,-0.0558490253702,0.1161473085,-0.991660571513
2.631,8.252662019,2.231915886,8.549144924,-73.2050715515,2.35535830177,1.04298029649,-0.0558568855007,0.116110105646,-0.991664485453
2.632,8.250112821,2.232809966,8.546917684,-73.1574097658,2.40836383991,1.04543018515,-0.0558726050765,0.116065920877,-0.991668772329
2.633,8.247602323,2.233326426,8.544629367,-73.0601896733,2.45527746205,1.04784367308,-0.0558817637472,0.116022409189,-0.991673347956
2.634,8.244561015,2.234223018,8.541928285,-72.9297116499,2.49284901015,1.05079643678,-0.0558975633002,0.115969695773,-0.991678623385
2.635,8.241311969,2.234231565,8.538794626,-72.7864636095,2.5201805758,1.05399776999,-0.0558979576094,0.115913386848,-0.991685184464
2.636,8.238029617,2.235478933,8.535953259,-72.6464702171,2.53491370734,1.05723433276,-0.0559198671116,0.115856492692,-0.991690597698
2.637,8.234621967,2.236298041,8.532879225,-72.5096752345,2.53525416796,1.06063364969,-0.055934349835,0.115797429486,-0.99169667935
2.638,8.231408204,2.237350633,8.530053861,-72.3761657113,2.52231867076,1.06386797135,-0.0559528720519,0.115741725478,-0.991702137283
2.639,8.228050148,2.238261907,8.527052574,-72.2426904263,2.4981033683,1.06726664825,-0.055968950704,0.115683520187,-0.991708021403
2.64,8.224423739,2.238611333,8.523645144,-72.0999719452,2.46388291599,1.07094504063,-0.0559752921803,0.115620667096,-0.991714993335
2.641,8.220917434,2.238279254,8.520174733,-71.9605080703,2.42104893626,1.07451871891,-0.0559697904543,0.115559897939,-0.991722386832
2.642,8.217390264,2.237187848,8.516484734,-71.8567161432,2.3710812338,1.07812338207,-0.0559511042941,0.115498771782,-0.99173056202
2.643,8.214020008,2.236649243,8.513091362,-71.7990149201,2.31596308415,1.08159118565,-0.0559420052489,0.115440361624,-0.991737876133
2.644,8.211005107,2.235591852,8.509904571,-71.777862627,2.25743785396,1.08471088394,-0.0559238699472,0.115388112703,-0.991744979426
2.645,8.20833644,2.234807013,8.507123456,-71.8017694338,2.19910841234,1.08746578019,-0.0559104418868,0.115341863274,-0.991751116493
2.646,8.205998862,2.234193023,8.504706684,-71.8855909184,2.14797246089,1.08987517039,-0.055899955767,0.115301351653,-0.991756418307
2.647,8.20407029,2.233998015,8.502794626,-72.0221383089,2.11061866436,1.09187196602,-0.0558967146993,0.115267925644,-0.991760486511
2.648,8.202580804,2.23326385,8.501164583,-72.191748053,2.0884406441,1.09341752446,-0.0558840775667,0.115242112839,-0.991764198438
2.649,8.20152246,2.232241438,8.499874852,-72.3858262847,2.07955426957,1.09451804127,-0.0558664010949,0.11522377471,-0.991767325016
2.65,8.200269541,2.230862333,8.498303789,-72.6048088081,2.08378279558,1.09580628793,-0.055842546431,0.115202065885,-0.991771190358
2.651,8.199167726,2.230263882,8.497083522,-72.8451048255,2.10107686967,1.09689230903,-0.0558322360237,0.115182971937,-0.991773988566
2.652,8.197995482,2.229729845,8.49581221,-73.0945983284,2.13043654741,1.09802454791,-0.055823050262,0.115162656575,-0.991776864819
2.653,8.196798065,2.229381719,8.494565402,-73.3415849088,2.17116524623,1.09916104715,-0.0558170948852,0.115141904792,-0.991779609429
2.654,8.195427008,2.229139076,8.493178726,-73.5721758426,2.22103128514,1.10046261517,-0.0558129838721,0.115118141816,-0.991782599291
2.655,8.194202034,2.229712559,8.492147259,-73.7694458113,2.27561511516,1.10160002345,-0.0558230354561,0.115096906824,-0.991784498141
2.656,8.192912645,2.230186911,8.491027692,-73.9226817286,2.33048988523,1.10279218092,-0.0558313702348,0.115074555287,-0.991786622628
2.657,8.191264222,2.23119973,8.489703281,-74.0214750887,2.38243509952,1.10434653163,-0.0558490833102,0.115045978431,-0.991788940622
2.658,8.189116218,2.23175605,8.487777065,-74.0605421154,2.42892045869,1.10639141881,-0.0558589057452,0.115008743955,-0.991792705893
2.659,8.186772289,2.232465837,8.485702342,-74.042758662,2.46756006676,1.10862291186,-0.055871407698,0.114968113625,-0.991796712362
2.66,8.184213625,2.233144095,8.483412356,-73.9687923912,2.49828570303,1.11108637648,-0.0558833792845,0.114923760063,-0.991801178308
2.661,8.181321704,2.23368019,8.480763645,-73.8427600557,2.52353674167,1.11392181568,-0.0558929063813,0.114873631405,-0.991806448771
2.662,8.178375666,2.234675421,8.478183931,-73.6787700041,2.54108220271,1.11682859168,-0.0559104111618,0.1148225623,-0.991811375772
2.663,8.175349998,2.234777957,8.475292331,-73.4963473932,2.54641552837,1.11983563594,-0.0559124192717,0.11477011667,-0.991817332824
2.664,8.172283853,2.235619399,8.472556726,-73.3160231649,2.53847759012,1.12289449895,-0.0559272628079,0.114716964994,-0.991822645042
2.665,8.169138651,2.23581119,8.469573659,-73.1535092701,2.51804058427,1.12608501495,-0.0559308294042,0.114662446515,-0.991828748162
2.666,8.166183509,2.236529615,8.466913122,-73.0141145134,2.48577663779,1.1290912722,-0.0559435276193,0.114611219535,-0.991833952874
2.667,8.16281296,2.236555826,8.463669262,-72.8916157872,2.44258114292,1.13252784579,-0.055944235438,0.114552795855,-0.991840662346
2.668,8.159702679,2.236356399,8.460616866,-72.7821101295,2.39116397864,1.13571240938,-0.0559410054452,0.114498883254,-0.991847069685
2.669,8.156512412,2.235429284,8.457295005,-72.699388571,2.33556621604,1.13898814005,-0.0559251437826,0.114443588279,-0.991854345857
2.67,8.153536104,2.234105879,8.454074762,-72.6658206186,2.27899712442,1.14206266335,-0.0559023837483,0.114392003398,-0.991861579582
2.671,8.150962231,2.233647459,8.451471248,-72.6874001587,2.22216485576,1.14474264975,-0.0558946150875,0.114347389735,-0.991867161703
2.672,8.14867049,2.232865858,8.449054426,-72.7544523002,2.16579745159,1.14711764951,-0.0558812120782,0.11430766845,-0.991872495369
2.673,8.146778841,2.232038244,8.447011318,-72.862806926,2.11414532806,1.14909672994,-0.0558669810927,0.114274881626,-0.991877074971
2.674,8.145078598,2.231651275,8.445269255,-73.0132911457,2.07231332945,1.15086558743,-0.0558603877632,0.114245410818,-0.991880841223
2.675,8.143990847,2.23063665,8.443952083,-73.2002273538,2.04374418156,1.15202976332,-0.0558428479635,0.114226560449,-0.991883999881
2.676,8.142994378,2.229820288,8.44277537,-73.4133118617,2.03057293725,1.15306471338,-0.0558287447836,0.11420929162,-0.991886782331
2.677,8.14232746,2.22854389,8.441795089,-73.6454617969,2.03415023704,1.15375053173,-0.0558066273154,0.114197737209,-0.99188935732
2.678,8.141437271,2.227894253,8.440764991,-73.8870091433,2.05301879466,1.15462954905,-0.055795411386,0.11418230937,-0.991891764405
2.679,8.140375862,2.227459028,8.439626348,-74.1227664651,2.08374942967,1.15564511011,-0.0557879321533,0.114163912707,-0.991894302666
2.68,8.139285824,2.22711264,8.438483538,-74.3403983583,2.12313413754,1.15667015179,-0.0557819973842,0.11414501861,-0.99189681091
2.681,8.138261346,2.227321757,8.437550589,-74.5313416903,2.16964106764,1.1576281025,-0.0557857057949,0.11412725932,-0.991898645885
2.682,8.136983896,2.227531137,8.436373741,-74.6902840667,2.22277237043,1.15882185714,-0.0557894373029,0.114105113353,-0.991900983865
2.683,8.135569469,2.2284034,8.435239907,-74.8134181822,2.28220495463,1.16013292311,-0.0558046914939,0.114080589974,-0.991902946562
2.684,8.133960837,2.228466923,8.43370522,-74.8885950057,2.34597208765,1.16164261121,-0.0558059146876,0.114052705121,-0.991906084436
2.685,8.132094615,2.229743585,8.432242838,-74.9066182516,2.4105042287,1.16340178123,-0.0558282264,0.114020347535,-0.991908548952
2.686,8.129814884,2.230447015,8.430230361,-74.863887041,2.47058598388,1.1655704085,-0.0558406131597,0.113980824912,-0.991912394052
2.687,8.127219515,2.231151073,8.427913868,-74.7636301677,2.52198400314,1.16807808841,-0.0558530338537,0.113935830487,-0.991916864027
2.688,8.12451927,2.231836201,8.425491451,-74.6226036231,2.56290369603,1.17070756594,-0.0558651346171,0.113889018783,-0.991921558459
2.689,8.121513056,2.232509652,8.42277114,-74.4560464913,2.59195768854,1.17366998777,-0.0558770550472,0.113836901342,-0.991926869589
2.69,8.118408163,2.233145907,8.419946065,-74.2678374437,2.60673077681,1.17675178383,-0.0558883363638,0.113783074039,-0.991932409956
2.691,8.115175437,2.233634715,8.416958858,-74.0654041466,2.60630274469,1.1799876338,-0.0558970660176,0.113727031504,-0.991938345017
2.692,8.111996106,2.234741318,8.414187398,-73.8674808972,2.59262129826,1.18318288672,-0.055916522265,0.113671910312,-0.991943566612
2.693,8.108946688,2.235609075,8.411478129,-73.6811930168,2.56763284121,1.18628326989,-0.0559318199629,0.113619042603,-0.991948761113
2.694,8.105521048,2.235862769,8.408243204,-73.5058379978,2.53117351518,1.18976364212,-0.055936480586,0.113559654913,-0.99195529885
2.695,8.102179257,2.236156639,8.405099953,-73.3573946365,2.4846722795,1.19318153105,-0.0559418336614,0.11350172083,-0.991961627592
2.696,8.09893662,2.234987657,8.401663181,-73.2611250435,2.433128125,1.19651960166,-0.0559217726719,0.113445512065,-0.991969188601
2.697,8.095807164,2.233876389,8.398350872,-73.2371948425,2.37994275624,1.19975468832,-0.0559027054436,0.113391264798,-0.991976465745
2.698,8.093012504,2.233229666,8.395484865,-73.2902963616,2.3275286345,1.20264413878,-0.0558916808572,0.113342819757,-0.991982623447
2.699,8.090514657,2.232105198,8.392777908,-73.4105229947,2.27990530055,1.20524262645,-0.0558723376283,0.113299522259,-0.991988659282
2.7,8.088375395,2.231179176,8.390469417,-73.5829147476,2.23914445996,1.20746880776,-0.0558564136236,0.113262439066,-0.991993790784
2.701,8.086660463,2.230309447,8.388584962,-73.790774444,2.2061761421,1.20925209285,-0.0558414351683,0.113232713091,-0.991998027621
2.702,8.085312691,2.229395294,8.387042667,-74.0214107975,2.18262377663,1.21065922331,-0.0558256581303,0.113209351905,-0.992001581922
2.703,8.084331779,2.228324745,8.385812511,-74.2696168902,2.17102337845,1.21167757028,-0.0558071376978,0.113192351243,-0.992004564003
2.704,8.083446382,2.226945846,8.384592609,-74.5325387165,2.17160908156,1.21258991085,-0.0557832556419,0.113177008283,-0.992007657826
2.705,8.082640967,2.226538119,8.383707831,-74.7960569588,2.1832573566,1.21337587058,-0.0557762331292,0.1131630467,-0.992009645457
2.706,8.081665624,2.225574699,8.382511676,-75.0414593475,2.20637991508,1.21432174956,-0.0557595734721,0.113146142455,-0.99201251021
2.707,8.080668656,2.226041007,8.381674325,-75.2587435826,2.24048544799,1.21525373564,-0.0557677456391,0.113128855973,-0.992014022327
2.708,8.079728073,2.226456151,8.380877802,-75.4331388649,2.28452307216,1.21610838914,-0.0557750254968,0.113112546973,-0.992015472787
2.709,8.078687703,2.226791353,8.379963886,-75.5606915025,2.3373893826,1.21706532385,-0.055780924873,0.113094509351,-0.992017197621
2.71,8.077219965,2.227208439,8.378659785,-75.6593181265,2.39548142973,1.21843829997,-0.0557882777627,0.113069061448,-0.99201968499
2.711,8.075752123,2.228051192,8.377468858,-75.73541845,2.45421712014,1.21979364886,-0.055803023115,0.113043609467,-0.992021756299
2.712,8.073917984,2.228834643,8.375909233,-75.779481481,2.51015719641,1.22152051841,-0.0558167662394,0.113011807725,-0.99202460651
2.713,8.071800298,2.229812824,8.374128329,-75.7841209787,2.56008650653,1.2235193829,-0.0558339115331,0.112975088065,-0.992027824106
2.714,8.069301972,2.230429155,8.371884407,-75.746461018,2.60178038634,1.22593128881,-0.0558448008195,0.112931772228,-0.99203214315
2.715,8.066801806,2.231093233,8.369651629,-75.6742305538,2.63335385379,1.22835546953,-0.0558565198771,0.112888422851,-0.992036417262
2.716,8.064096789,2.231902602,8.367260379,-75.5798389113,2.65246422226,1.2310053954,-0.0558707771945,0.112841521997,-0.992040950349
2.717,8.061183446,2.232587023,8.36463528,-75.4652545152,2.6581340496,1.2338837928,-0.0558828805921,0.112791009048,-0.992046013013
2.718,8.058076898,2.233319704,8.36183713,-75.3316321982,2.64907359674,1.23698938977,-0.055895835142,0.112737146776,-0.992051405599
2.719,8.055105733,2.234167149,8.359200393,-75.1793240567,2.62364371551,1.23998533521,-0.0559107742447,0.112685629657,-0.992056416839
2.72,8.052032582,2.235138036,8.356498713,-75.0084983577,2.58351937337,1.24309688476,-0.0559278639019,0.112632344262,-0.992061504679
2.721,8.049153486,2.235617264,8.353852787,-74.831543625,2.53241897841,1.2460140275,-0.0559364000965,0.112582425208,-0.992066689633
2.722,8.046345545,2.236328892,8.35133783,-74.6596105969,2.47325607319,1.24890760169,-0.0559489672763,0.112533737697,-0.992071504953
2.723,8.043537491,2.236055726,8.348559192,-74.4951536039,2.41071519548,1.25179142218,-0.0559444308952,0.112485053435,-0.992077281972
2.724,8.040503802,2.235354704,8.345448582,-74.3475913241,2.34904193154,1.25490948888,-0.0559324792124,0.112432459098,-0.992083917776
2.725,8.037906572,2.234571806,8.342736554,-74.2295136529,2.28891851708,1.25760061008,-0.0559190734307,0.112387431916,-0.99208977536
2.726,8.03579954,2.233873789,8.340519549,-74.1600867177,2.23123854902,1.2597800504,-0.0559071054737,0.112350903275,-0.99209458727
2.727,8.033775385,2.233642657,8.338507447,-74.1621279197,2.18025659001,1.26189437135,-0.0559032398833,0.11231580832,-0.992098778838
2.728,8.032601842,2.233137244,8.337241409,-74.239310237,2.13914050458,1.26312527016,-0.0558945488648,0.112295463459,-0.992101571561
2.729,8.031445579,2.231969394,8.335814625,-74.3743537268,2.10978956351,1.26434281982,-0.055874350544,0.112275421212,-0.992104977683
2.73,8.030575809,2.23044979,8.33456982,-74.5485663312,2.09303774194,1.26525615868,-0.0558480206783,0.112260347959,-0.992108165909
2.731,8.030033625,2.228930374,8.333640899,-74.7546388661,2.08873784201,1.26580992286,-0.0558216702969,0.112250954999,-0.992110711678
2.732,8.029511536,2.227947179,8.332874902,-74.9890707513,2.09717855838,1.26631939494,-0.0558046326498,0.112241907272,-0.992112693814
2.733,8.02879884,2.227284289,8.332010928,-75.2413563526,2.11764594276,1.26700243355,-0.0557931713766,0.11222955283,-0.992114736056
2.734,8.027867631,2.22677933,8.330978627,-75.5006817196,2.14815348351,1.26786077554,-0.0557844690019,0.112213409667,-0.992117051415
2.735,8.026600036,2.22662622,8.32971623,-75.756390095,2.18645347732,1.26903902029,-0.0557819034592,0.112191431516,-0.992119681259
2.736,8.025508053,2.227017532,8.328768612,-75.9806385488,2.2301380813,1.27003416617,-0.0557887802069,0.11217249717,-0.992121435552
2.737,8.024507411,2.226734828,8.327728813,-76.1473894506,2.2784937875,1.27094259652,-0.0557839437167,0.11215514884,-0.992123668809
2.738,8.02299734,2.227976768,8.326605959,-76.2573811165,2.33212286866,1.27233764554,-0.0558056261702,0.112128959605,-0.992125409666
2.739,8.021422495,2.228851369,8.325322653,-76.30113428,2.39059599343,1.27379033531,-0.0558209327772,0.112101650433,-0.992127634649
2.74,8.019459185,2.230099696,8.323765391,-76.2682218099,2.45060966828,1.27563882462,-0.0558427594453,0.112067603289,-0.992130252795
2.741,8.017524432,2.230843255,8.322100675,-76.1760327397,2.50642258225,1.27747231007,-0.0558558163579,0.112034053452,-0.992133306893
2.742,8.014869612,2.231465002,8.319709788,-76.0518085082,2.55158463338,1.28005626837,-0.0558668105771,0.111988019395,-0.992137885068
2.743,8.012223474,2.232305782,8.317386254,-75.9064707463,2.5809789439,1.28264405909,-0.0558816081822,0.111942134102,-0.992142229965
2.744,8.009376492,2.233246444,8.314896359,-75.738009696,2.59199095343,1.28544783658,-0.0558981563439,0.111892765895,-0.992146866677
2.745,8.006376905,2.233134306,8.3119769,-75.5514385111,2.5856872547,1.2884358969,-0.0558964291765,0.111840755458,-0.99215282826
2.746,8.003102074,2.233737206,8.308984578,-75.3519880721,2.56420634692,1.29171873138,-0.0559071410341,0.111783969935,-0.992158624237
2.747,8.000021972,2.234699569,8.306276767,-75.1424222247,2.52903195125,1.29483606696,-0.0559240825285,0.111730559073,-0.99216368567
2.748,7.997204133,2.234749132,8.303576195,-74.9434971558,2.48236360404,1.29769754582,-0.0559251510772,0.111681698952,-0.992169126508
2.749,7.994244679,2.234486007,8.300655137,-74.7900471714,2.42914517883,1.30072938284,-0.0559207981553,0.111630384481,-0.992175146632
2.75,7.991153609,2.234053698,8.297561806,-74.6959425292,2.37386830306,1.30389419743,-0.0559135160301,0.111576787686,-0.992181585787
2.751,7.988233092,2.23289189,8.294436335,-74.6571497046,2.3193631674,1.30689912377,-0.055893551004,0.11152615214,-0.992188403654
2.752,7.985783311,2.231676589,8.291749845,-74.6787189464,2.26763957335,1.30944045727,-0.0558726218697,0.111483678046,-0.992194355787
2.753,7.983511431,2.230454503,8.2892329,-74.7684817505,2.21878404049,1.3118119597,-0.0558515618875,0.111444289357,-0.99219996644
2.754,7.981686442,2.229263041,8.287154648,-74.9185110543,2.17590081009,1.31370591641,-0.0558310008363,0.111412649294,-0.992204676931
2.755,7.980364569,2.228881882,8.285778967,-75.1114297617,2.14452689147,1.31509742786,-0.0558244766582,0.111389729373,-0.992207617385
2.756,7.979600233,2.227345676,8.284629663,-75.3339395791,2.12623518353,1.31592574488,-0.0557978502428,0.111376482794,-0.992210602135
2.757,7.978862732,2.22632348,8.283644532,-75.5810053835,2.12100414541,1.31670461155,-0.0557801491247,0.111363698758,-0.992213032349
2.758,7.978170971,2.225086476,8.282645825,-75.84303388,2.12946524941,1.31741755142,-0.0557587139696,0.111351708889,-0.992215582796
2.759,7.97759408,2.223827847,8.281752085,-76.1080947512,2.15131541442,1.31798735474,-0.0557368944082,0.111341711495,-0.99221793064
2.76,7.976864274,2.223580514,8.280982668,-76.3651834993,2.18575061379,1.31866706473,-0.0557326516184,0.111329057104,-0.992219588895
2.761,7.975959575,2.223866495,8.280188001,-76.5984744171,2.2289689435,1.31951851477,-0.0557376849984,0.111313368054,-0.992221066378
2.762,7.975053486,2.224253471,8.279419159,-76.7948256339,2.27764839079,1.32034508771,-0.0557444730079,0.11129765466,-0.992222447739
2.763,7.97413518,2.224783433,8.278677019,-76.9564464414,2.33083311124,1.32118122762,-0.0557537453491,0.111281728477,-0.992223713074
2.764,7.972876327,2.224974251,8.277515771,-77.0856879837,2.38551501229,1.32234633807,-0.0557571514096,0.111259899378,-0.992225969655
2.765,7.971460932,2.225819779,8.276379829,-77.1791646585,2.43859712105,1.32366065757,-0.055771940979,0.111235351688,-0.992227890726
2.766,7.969562639,2.226857634,8.274830728,-77.2305852786,2.48906361634,1.32545432087,-0.0557901069502,0.111202430455,-0.992230559612
2.767,7.967730442,2.228693465,8.273560476,-77.2232751136,2.53572064714,1.32717720873,-0.0558221282263,0.111170650827,-0.992232319769
2.768,7.965389478,2.229563057,8.271540422,-77.1490529659,2.57771919741,1.3294022974,-0.0558374042828,0.111130053791,-0.992236007927
2.769,7.962895899,2.230982291,8.269521938,-77.0178762261,2.61410092979,1.3318394117,-0.0558622379511,0.111086807158,-0.992239452777
2.77,7.960315462,2.231840835,8.267268942,-76.8425746951,2.64158872331,1.33436257544,-0.0558773385489,0.111042056341,-0.9922436116
2.771,7.957325688,2.232590515,8.264592701,-76.6362909965,2.65605492213,1.33732687972,-0.0558905794784,0.110990208082,-0.992248666835
2.772,7.954262558,2.232877216,8.261720978,-76.4118585366,2.65479330385,1.34038590424,-0.0558957824295,0.110937088923,-0.992254314079
2.773,7.951289295,2.23353445,8.259036118,-76.1853435071,2.63736129572,1.34336582929,-0.0559074157593,0.110885526678,-0.992259422145
2.774,7.94809688,2.23394709,8.256074346,-75.9765484292,2.60627503802,1.34661296669,-0.0559148164385,0.110830165191,-0.992265190252
2.775,7.945117106,2.234073589,8.253240008,-75.8063444132,2.56328223,1.34965501777,-0.0559172309187,0.110778491935,-0.992270824428
2.776,7.94220647,2.233916057,8.250395419,-75.6883847588,2.51234435395,1.35263721715,-0.0559147074754,0.110728018452,-0.992276600257
2.777,7.939429131,2.232981554,8.247468796,-75.6231974096,2.45818157303,1.35551237701,-0.0558986778285,0.110679858786,-0.992282876339
2.778,7.936475533,2.231436027,8.244207095,-75.6112323617,2.40189486594,1.35856752857,-0.0558720467894,0.11062864525,-0.992290087241
2.779,7.934015757,2.229910877,8.241426366,-75.6538527524,2.34490643746,1.36111513131,-0.0558457344293,0.110585995415,-0.992296322458
2.78,7.931677085,2.22823506,8.238721555,-75.7498307542,2.28935698836,1.36355229237,-0.0558167954876,0.110545445794,-0.992302468885
2.781,7.929589468,2.22675547,8.236311617,-75.8918219908,2.2383853795,1.36573509827,-0.0557912469021,0.110509249027,-0.992307937411
2.782,7.928230641,2.225299061,8.234609706,-76.0740696617,2.19687193812,1.36717141833,-0.0557660482307,0.110485691184,-0.992311977106
2.783,7.927491599,2.224798761,8.233762966,-76.2902140655,2.16858433394,1.3679659043,-0.0557574110647,0.110472876279,-0.992313889209
2.784,7.926660912,2.22369507,8.232664999,-76.5381255362,2.15593226429,1.3688416223,-0.0557383007181,0.110458475252,-0.99231656596
2.785,7.925959344,2.222397365,8.231639057,-76.8226565611,2.1594272814,1.36957057876,-0.0557158099428,0.110446314624,-0.992319182576
2.786,7.925334158,2.221962626,8.230919719,-77.1242956877,2.1772603677,1.37018220139,-0.0557083041272,0.110435474463,-0.99232081044
2.787,7.924706145,2.221627658,8.230224598,-77.4113788709,2.20845385391,1.37077071418,-0.055702531685,0.110424584526,-0.992322346365
2.788,7.923667805,2.221041923,8.229066697,-77.6620247316,2.25041633874,1.37174578954,-0.0556924319085,0.110406580623,-0.992324916539
2.789,7.922550957,2.22184014,8.228206808,-77.8594318294,2.29874972478,1.37277585047,-0.0557063791029,0.110387208724,-0.992326288817
2.79,7.921473294,2.222454774,8.227335193,-77.9961900218,2.35075012082,1.37376629494,-0.0557171335241,0.110368517013,-0.992327764141
2.791,7.920190555,2.223090346,8.226271884,-78.0787811084,2.40387095751,1.37494168073,-0.0557282661351,0.110346269222,-0.992329613194
2.792,7.91857014,2.223417717,8.224800265,-78.1156634067,2.45733177667,1.37644773139,-0.0557340710322,0.110318165929,-0.992332411842
2.793,7.916609155,2.224998701,8.223339938,-78.1082306993,2.51027400411,1.37829217658,-0.0557616753833,0.110284151783,-0.992334641854
2.794,7.914511233,2.226256537,8.221660795,-78.058975571,2.55858883005,1.38028539837,-0.0557836762843,0.11024776384,-0.992337448668
2.795,7.911921427,2.227757213,8.219574372,-77.9715057122,2.59658667638,1.38277363134,-0.0558099312901,0.110202843918,-0.992340961949
2.796,7.909235285,2.228822944,8.217277805,-77.8426324148,2.62162283376,1.38537232177,-0.0558286383456,0.110156255149,-0.992345082414
2.797,7.906363326,2.229544871,8.214709451,-77.6756653296,2.63437834961,1.38819454985,-0.0558413868399,0.110106445111,-0.992349893062
2.798,7.903240051,2.230215516,8.211885566,-77.4819679201,2.63581381297,1.39128479536,-0.0558532632002,0.110052276659,-0.992355233468
2.799,7.899957083,2.230621904,8.208836457,-77.273534934,2.62596828105,1.3945602128,-0.0558605605031,0.109995339143,-0.992361135448
2.8,7.896723006,2.231414893,8.205939718,-77.0568410574,2.60419589751,1.39780468519,-0.0558745689361,0.109939247263,-0.992366562545
2.801,7.893573311,2.232478095,8.203198039,-76.8347924822,2.56809091388,1.40099727747,-0.0558932656452,0.109884618034,-0.992371560241
2.802,7.890483475,2.232769314,8.200304158,-76.6207944589,2.51783664859,1.40414248779,-0.0558985480498,0.109831029085,-0.992377195111
2.803,7.887547993,2.233000069,8.197542476,-76.4368667316,2.45919376963,1.40714571674,-0.0559027691384,0.109780118057,-0.992382590578
2.804,7.884378038,2.232042488,8.194231552,-76.2957407348,2.39739459985,1.41041071083,-0.055886365093,0.109725144093,-0.992389594338
2.805,7.881242183,2.230466724,8.190785076,-76.2078828112,2.33587941599,1.41363753275,-0.0558592205377,0.10967076412,-0.992397133701
2.806,7.878658394,2.229403929,8.188009524,-76.1886749755,2.27970887284,1.41630098223,-0.055840945258,0.109625956863,-0.99240311286
2.807,7.876213375,2.228006345,8.18527638,-76.2415517975,2.23159666134,1.41882392148,-0.0558168452764,0.109583557194,-0.992409151397
2.808,7.874137501,2.226828827,8.18295839,-76.3669081077,2.1905095523,1.42098208784,-0.055796540285,0.109547558812,-0.992414267557
2.809,7.872637942,2.226024559,8.181296566,-76.5633749896,2.15661361065,1.42254887362,-0.0557826778054,0.109521553798,-0.992417917064
2.81,7.871497655,2.224564138,8.179802011,-76.8089260042,2.1327328299,1.4237535787,-0.0557573918478,0.109501782761,-0.992421519732
2.811,7.870365515,2.223281612,8.178363801,-77.0763672986,2.12022070043,1.42492041861,-0.0557351942407,0.10948215242,-0.992424932388
2.812,7.869363288,2.221729417,8.176977447,-77.3552306533,2.11793596322,1.42594151812,-0.0557083037093,0.109464776539,-0.992428358923
2.813,7.868481738,2.220809707,8.175879196,-77.6429999908,2.12701837615,1.42679762459,-0.0556923914753,0.109449490076,-0.992430937977
2.814,7.867378229,2.220831892,8.174823208,-77.9292323542,2.1507365517,1.42783998747,-0.0556928556957,0.109430350739,-0.992433022507
2.815,7.866331813,2.220991877,8.173859622,-78.1935675182,2.18998941824,1.42880739155,-0.0556957102399,0.109412201134,-0.992434863406
2.816,7.865131745,2.2214383,8.17282604,-78.415514621,2.24304491292,1.42991456585,-0.0557035520491,0.109391385876,-0.992436717874
2.817,7.863820446,2.222301702,8.171798875,-78.5865337765,2.30554382724,1.43113309818,-0.0557186447115,0.109368639091,-0.992438377641
2.818,7.862322524,2.223094767,8.170573164,-78.7087802136,2.37050870828,1.43252569079,-0.0557325288273,0.109342655785,-0.992440461114
2.819,7.860512969,2.224207131,8.169134685,-78.7694144765,2.43230309379,1.43420448846,-0.0557519824523,0.109311266303,-0.992442826319
2.82,7.858306594,2.225076311,8.167248442,-78.7503127106,2.48836056654,1.43631215817,-0.0557672404176,0.109272994815,-0.99244618368
2.821,7.856054987,2.226238319,8.165398766,-78.6549639401,2.53757399308,1.43844840008,-0.0557875874576,0.109233938229,-0.992449339677
2.822,7.85334132,2.227653604,8.163174044,-78.4986681535,2.57958614144,1.44104392817,-0.0558123685337,0.109186866199,-0.992453126232
2.823,7.85044688,2.229003358,8.160758064,-78.3009853948,2.61368524535,1.44385792025,-0.0558360230811,0.109136658165,-0.992457318161
2.824,7.84721226,2.229758137,8.157852757,-78.0775752534,2.63629769431,1.44704857206,-0.0558493682466,0.109080551683,-0.992462735477
2.825,7.843681397,2.230346513,8.154617307,-77.839138479,2.64508512264,1.4505493394,-0.0558598424545,0.1090193088,-0.992468875235
2.826,7.840118354,2.231124371,8.151403055,-77.5984468582,2.63868269706,1.45410583111,-0.055873611834,0.108957505477,-0.992474887088
2.827,7.836530353,2.231846119,8.148149794,-77.3639806639,2.61678204943,1.45770185766,-0.0558864073878,0.108895268889,-0.99248099724
2.828,7.833033298,2.232587204,8.144989643,-77.1436339111,2.58159965256,1.46125638227,-0.055899533232,0.108834609698,-0.99248691171
2.829,7.829638467,2.232688306,8.141752612,-76.9450009162,2.53709232368,1.46470124264,-0.0559015331244,0.108775725986,-0.992493254401
2.83,7.826049085,2.232036165,8.138122003,-76.7734095546,2.48695722096,1.46835795394,-0.0558904630715,0.108713469567,-0.992500699079
2.831,7.822548799,2.230472747,8.134327163,-76.6406915523,2.4347494429,1.47194528902,-0.0558635554276,0.108652762324,-0.99250886163
2.832,7.819057635,2.228501225,8.130429264,-76.5675063923,2.38413433144,1.47554194988,-0.0558295577619,0.108592213522,-0.992517401179
2.833,7.81599319,2.226839222,8.127026668,-76.574655467,2.33823000607,1.47869337108,-0.0558009059089,0.1085390657,-0.992524825945
2.834,7.813238444,2.225263076,8.123945516,-76.6650514339,2.29783669463,1.48153055415,-0.0557737222165,0.108491288199,-0.99253157748
2.835,7.810899787,2.224084721,8.121373549,-76.8226903038,2.26252645096,1.48395477946,-0.0557534205705,0.108450727081,-0.992537150887
2.836,7.80899115,2.222551055,8.119117931,-77.0263898855,2.23440592945,1.48593664736,-0.0557269139882,0.108417625741,-0.992542255768
2.837,7.807470717,2.220684839,8.117144828,-77.2636419892,2.21529494464,1.48751625113,-0.0556946037283,0.108391259816,-0.992546948971
2.838,7.806292032,2.219652563,8.115728728,-77.5309471199,2.20416991424,1.4887361345,-0.0556767553219,0.108370817634,-0.992550182511
2.839,7.805139915,2.218195613,8.114222136,-77.8220781566,2.20127852664,1.48989957135,-0.055651527321,0.108350838454,-0.99255377855
2.84,7.803809267,2.217264341,8.112687609,-78.1272097298,2.20970424371,1.49121792735,-0.0556354449533,0.108327760776,-0.992557199112
2.841,7.802356804,2.2167609,8.111152851,-78.4271394497,2.231985551,1.49261342899,-0.0556268026935,0.108302568078,-0.992560432704
2.842,7.801049795,2.217364025,8.110060488,-78.7031495842,2.2684448644,1.4938339452,-0.0556373735958,0.108279894502,-0.992562313966
2.843,7.799672301,2.218259361,8.108980367,-78.9370528981,2.31660761114,1.49511493658,-0.0556530252808,0.108255996219,-0.992564043304
2.844,7.798433323,2.219229507,8.108054138,-79.1084002293,2.37370916862,1.4962548119,-0.055669967489,0.108234501529,-0.992565437338
2.845,7.796508906,2.219865418,8.106377341,-79.2101821288,2.43614422649,1.49806776343,-0.0556811517028,0.108201117608,-0.992568449777
2.846,7.794567146,2.220400594,8.104656426,-79.2538104971,2.49933180544,1.49987879733,-0.0556905875521,0.108167433847,-0.992571591732
2.847,7.792115756,2.222064788,8.102755079,-79.2509534854,2.56056240585,1.50219558824,-0.0557196729898,0.108124904138,-0.992574593241
2.848,7.789442353,2.223726459,8.100640193,-79.1919412593,2.61696935007,1.50476574315,-0.0557487310307,0.108078523962,-0.992578012877
2.849,7.786482259,2.225649514,8.098322155,-79.0727599243,2.66473775264,1.50761141579,-0.0557823496435,0.10802716975,-0.992581714552
2.85,7.7831599,2.226877152,8.09546539,-78.9073553984,2.7020611961,1.51084375755,-0.0558039134818,0.10796953321,-0.992586773606
2.851,7.779504574,2.228107665,8.09228986,-78.7090996102,2.72912552948,1.5144329358,-0.0558255507967,0.10790612096,-0.99259245259
2.852,7.775605855,2.228581826,8.088672534,-78.4904436274,2.74559558014,1.51831527596,-0.0558340668055,0.107838488989,-0.992599323633
2.853,7.771623207,2.228979111,8.084953627,-78.2563824288,2.75016934431,1.52229247246,-0.0558412524631,0.10776940049,-0.99260642293
2.854,7.767673213,2.2298887,8.081407721,-78.0135118933,2.74176310052,1.52626832473,-0.0558573354485,0.107700875893,-0.992612955491
2.855,7.763873052,2.230347795,8.077881904,-77.7803950148,2.71927391762,1.53009897789,-0.0558655824205,0.107634951369,-0.992619642131
2.856,7.759871178,2.230169897,8.073986529,-77.5789197749,2.68339562076,1.53417596876,-0.0558627767271,0.107565530811,-0.992627325212
2.857,7.755932209,2.229211848,8.069936176,-77.4202288173,2.63688164436,1.53819584769,-0.0558464138128,0.107497202497,-0.992635647919
2.858,7.751846824,2.227747658,8.065605297,-77.3080063158,2.58283342227,1.54238667954,-0.0558212675638,0.1074263355,-0.992644734297
2.859,7.748038985,2.225806883,8.061409579,-77.2555165796,2.52454403636,1.54631486545,-0.055787822273,0.107360285167,-0.992653760409
2.86,7.744359377,2.224070122,8.057393504,-77.2804853188,2.46422376111,1.55010840225,-0.0557579114054,0.107296457587,-0.992662342141
2.861,7.741152254,2.221865343,8.053702492,-77.3858616212,2.40390606982,1.55342346688,-0.0557198364263,0.107240827874,-0.992670491485
2.862,7.738025525,2.220152811,8.050224688,-77.5592637603,2.34687706237,1.55664728402,-0.0556903065725,0.107186590887,-0.992678006449
2.863,7.735969187,2.218754715,8.047862557,-77.7834092381,2.29762825427,1.55879436107,-0.0556661636957,0.107150921823,-0.992683211388
2.864,7.734089281,2.217151582,8.045613597,-78.0456994578,2.26088180044,1.56077170247,-0.0556384452813,0.107118313585,-0.992688284559
2.865,7.732624123,2.215823356,8.043839194,-78.3410312314,2.23911803817,1.56229228865,-0.0556154742618,0.107092900581,-0.992692313694
2.866,7.731369962,2.214497187,8.042268292,-78.662871646,2.23426609656,1.56358001068,-0.055592523003,0.107071146874,-0.992695945843
2.867,7.730038926,2.213593068,8.040739771,-78.9941770002,2.24712323345,1.56490871975,-0.055576909839,0.1070480585,-0.992699310095
2.868,7.728561515,2.213457194,8.039282047,-79.3188346488,2.27508261086,1.56635336235,-0.0555746535527,0.107022427682,-0.992702199985
2.869,7.727297914,2.214116771,8.038248947,-79.6248545551,2.31390659743,1.56754620513,-0.0555862024355,0.107000503881,-0.992703916718
2.87,7.726093688,2.215286834,8.037413728,-79.898216267,2.35841480665,1.56867366629,-0.0556066146181,0.106979609001,-0.992705025508
2.871,7.724614843,2.216789377,8.036406512,-80.1229735669,2.40517218548,1.57007611543,-0.0556328227298,0.106953947899,-0.992706322164
2.872,7.722970403,2.217863277,8.035122237,-80.2758064384,2.45387238767,1.5716295654,-0.055651596941,0.106925414811,-0.992708343586
2.873,7.720696241,2.218535152,8.033121975,-80.341543093,2.50329707195,1.57377741794,-0.0556634296175,0.106885958618,-0.992711929239
2.874,7.718146438,2.219631832,8.030974406,-80.323927165,2.55177710417,1.57620711594,-0.0556826627819,0.106841719354,-0.992715612888
2.875,7.715680903,2.22179113,8.029202179,-80.2325565304,2.59708061293,1.57856587371,-0.0557203512388,0.106798938074,-0.99271810162
2.876,7.712611124,2.223624895,8.02676012,-80.0861955713,2.63634103369,1.58153105625,-0.0557524262978,0.106745673705,-0.992722029627
2.877,7.70933837,2.225862155,8.024235817,-79.8954685747,2.66886080179,1.58469885871,-0.0557915256993,0.106688887776,-0.99272593745
2.878,7.706006191,2.226707571,8.021269103,-79.6654837592,2.69307627444,1.58796994532,-0.0558064488826,0.106631073897,-0.992731310246
2.879,7.702081101,2.227837285,8.017812186,-79.4111386495,2.70524350214,1.59187579886,-0.0558263536261,0.106562972881,-0.992737503599
2.88,7.698138707,2.228066342,8.014088793,-79.1463085278,2.70300430371,1.59580856383,-0.0558306114379,0.106494573956,-0.992744603886
2.881,7.694438494,2.228744081,8.010723058,-78.8914936205,2.68759115705,1.5995219061,-0.0558426475944,0.106430374065,-0.992750811728
2.882,7.690686855,2.229229893,8.007254849,-78.6611227782,2.66048270576,1.60332480813,-0.0558513521095,0.106365283192,-0.992757298134
2.883,7.686673988,2.228960077,8.00332556,-78.4500583185,2.62362842078,1.60741237263,-0.0558469474991,0.106295662115,-0.992765002743
2.884,7.682742404,2.227449832,7.999128927,-78.2551896797,2.57999677656,1.6114106522,-0.0558209870066,0.106227453814,-0.992773763486
2.885,7.67875716,2.225854179,7.994856994,-78.0953887913,2.5319638541,1.61547859585,-0.0557935457921,0.106158314612,-0.992782701545
2.886,7.674914854,2.223213561,7.990431563,-77.9957436615,2.48057263423,1.61942544729,-0.0557479390802,0.10609165866,-0.992792388796
2.887,7.671211677,2.220829656,7.986211427,-77.9699631719,2.42742625853,1.62325190982,-0.0557067822366,0.106027414732,-0.992801562115
2.888,7.667985472,2.218527574,7.982472412,-78.024368691,2.37588586594,1.62656458604,-0.0556670130814,0.105971446636,-0.992809768361
2.889,7.664935575,2.216603831,7.979008079,-78.1574638117,2.32953157896,1.62969601641,-0.0556338039,0.105918535406,-0.992817276099
2.89,7.662714529,2.214327988,7.976242373,-78.3584726495,2.29011103024,1.6320112574,-0.0555944193763,0.105880005932,-0.992823592023
2.891,7.660893592,2.212879169,7.974090848,-78.6104529695,2.25798246249,1.6339170027,-0.0555693761603,0.105848415222,-0.992828362522
2.892,7.659283378,2.210771544,7.97195915,-78.8978954857,2.23540410125,1.6355846214,-0.055532870587,0.105820483759,-0.992833382548
2.893,7.657964981,2.208952755,7.970188199,-79.2086590316,2.22627680613,1.63693297114,-0.0555013631458,0.105797613947,-0.992837581668
2.894,7.656776521,2.208181834,7.968832644,-79.5231483253,2.23442235911,1.63812336619,-0.0554880525225,0.105776994828,-0.992840522638
2.895,7.655298403,2.20739522,7.967194443,-79.8248342889,2.25962272946,1.63957365908,-0.0554744885407,0.105751350671,-0.992844012397
2.896,7.653926815,2.20801065,7.96604712,-80.1037723185,2.29719020908,1.64087114989,-0.0554852771721,0.105727551178,-0.992845944212
2.897,7.652723354,2.209341319,7.965259807,-80.3433474756,2.34224613807,1.64197465371,-0.0555084808552,0.105706665258,-0.99284687111
2.898,7.651226584,2.210288508,7.9640846,-80.5323057475,2.39282513641,1.64338590501,-0.0555250419962,0.10568069187,-0.992848710065
2.899,7.649616556,2.211255483,7.962806306,-80.6729086312,2.44780590646,1.64488900497,-0.0555419554593,0.105652753912,-0.992850737409
2.9,7.647544724,2.212615097,7.961193746,-80.7625723233,2.50521203842,1.64684492695,-0.0555657221983,0.10561680049,-0.992853232845
2.901,7.644951398,2.214310529,7.95917414,-80.7891696453,2.56324109911,1.64930006695,-0.0555953613258,0.105571798064,-0.992856359829
2.902,7.64231003,2.215740001,7.957035022,-80.7408536713,2.61998423284,1.65182435132,-0.0556203817891,0.105525962368,-0.992859831193
2.903,7.639420318,2.217322291,7.954700556,-80.617557967,2.6728207332,1.65461189226,-0.0556480750232,0.105475817373,-0.992863607801
2.904,7.635930735,2.21890215,7.951790047,-80.4336277207,2.71848798774,1.65800364839,-0.0556757679923,0.105415263587,-0.992868486287
2.905,7.632139422,2.219853772,7.948415121,-80.2112964705,2.75357767214,1.66171921989,-0.0556925665571,0.105349474665,-0.992874526926
2.906,7.62822369,2.220222892,7.94475842,-79.9863105072,2.77520578601,1.66561171309,-0.0556992530681,0.10528152948,-0.992881358853
2.907,7.624114397,2.220410529,7.940865398,-79.7817051981,2.78372730763,1.66970005892,-0.0557028009062,0.105210225588,-0.992888718036
2.908,7.620088575,2.221015118,7.937169398,-79.5948523921,2.78025895188,1.67374842091,-0.0557135859033,0.105140367914,-0.992895512821
2.909,7.615926948,2.22100282,7.933170666,-79.4218745454,2.76364608424,1.67795777059,-0.0557136629812,0.105068154293,-0.992903152735
2.91,7.611609018,2.220580232,7.928907139,-79.2683395399,2.73354174867,1.68234522274,-0.0557066219611,0.104993229612,-0.992911473398
2.911,7.607018566,2.219061947,7.924075176,-79.140498326,2.69214648544,1.68703120427,-0.0556805629713,0.104913579194,-0.992921354291
2.912,7.602718456,2.216552264,7.9192444,-79.0476072311,2.64217958641,1.69142991269,-0.0556372573055,0.10483896881,-0.992931662411
2.913,7.59849798,2.214414322,7.914594262,-79.0029400257,2.58430907843,1.69577275681,-0.0556004048062,0.104765738532,-0.992941455986
2.914,7.594319749,2.211901763,7.909880016,-79.0162968058,2.52090437226,1.70008127506,-0.0555570398982,0.104693241956,-0.992951529737
2.915,7.590847986,2.210011968,7.906018343,-79.0956966046,2.45819934602,1.70366660297,-0.0555244458756,0.104633001704,-0.992959702538
2.916,7.587555544,2.208174532,7.90234357,-79.245966777,2.40217408151,1.70707305495,-0.0554927480859,0.104575872271,-0.992967492846
2.917,7.584858945,2.20685897,7.899386794,-79.4558694614,2.35586765593,1.70987036305,-0.0554700775048,0.10452908184,-0.992973686233
2.918,7.582770818,2.205900662,7.897114094,-79.6993149141,2.32077711309,1.71206063564,-0.0554535714212,0.104492849108,-0.99297842167
2.919,7.581202494,2.204856035,7.895316421,-79.9536661932,2.29763619886,1.71370840951,-0.0554355295844,0.104465636059,-0.992982292361
2.92,7.57958204,2.203638536,7.893420469,-80.2126363909,2.28771038043,1.71538312145,-0.0554144876068,0.104437519384,-0.992986424433
2.921,7.578289019,2.202807413,7.891946842,-80.4713715313,2.29441141976,1.71669253995,-0.0554001353711,0.104415082546,-0.992989584808
2.922,7.576784651,2.202574322,7.890437205,-80.7149350409,2.31727111594,1.71819237848,-0.0553961900889,0.104388977097,-0.992992549612
2.923,7.575343234,2.203240751,7.889239185,-80.9285874834,2.35261822822,1.71961124524,-0.0554078690045,0.104363962392,-0.99299452738
2.924,7.573984224,2.204517375,7.888290936,-81.1031188172,2.39897706461,1.72088797585,-0.0554301447288,0.10434037519,-0.992995762912
2.925,7.57241225,2.205359699,7.887017097,-81.2357121366,2.45520139567,1.72240008784,-0.0554448889525,0.104313093664,-0.992997806029
2.926,7.570672432,2.206467999,7.885656733,-81.3267965115,2.51838569776,1.72405577885,-0.0554642665502,0.104282898407,-0.992999895386
2.927,7.568383337,2.207519658,7.883753508,-81.3667058551,2.58510529734,1.72623966184,-0.0554826982617,0.104243170932,-0.993003037008
2.928,7.566073654,2.208904552,7.881924249,-81.3376177588,2.65034749467,1.72843676408,-0.0555069211783,0.104203085601,-0.993005890543
2.929,7.563246998,2.210166846,7.879564876,-81.2382632912,2.70925589956,1.73115658705,-0.0555290491573,0.104154028809,-0.993009800044
2.93,7.560089846,2.211467673,7.876899628,-81.086172059,2.75885853548,1.73421910973,-0.0555518703207,0.104099236766,-0.993014269086
2.931,7.556818577,2.212626092,7.874085422,-80.9022233974,2.79556577046,1.73741180897,-0.0555722237373,0.104042464026,-0.993019080193
2.932,7.552977627,2.213374389,7.870609711,-80.7106452952,2.81610331969,1.74118251913,-0.0555854920438,0.103975805729,-0.993025319364
2.933,7.548872707,2.213621068,7.866739946,-80.5329506399,2.82095846289,1.74526940876,-0.0555900614131,0.103904567265,-0.993032520099
2.934,7.544559967,2.213851631,7.862666478,-80.3768092638,2.81103318221,1.74956950032,-0.0555943658143,0.103829721198,-0.993040107692
2.935,7.540432254,2.214231139,7.858812768,-80.2456972542,2.78756287126,1.75372067727,-0.0556012446284,0.10375808643,-0.993047209903
2.936,7.536395168,2.214368761,7.854978112,-80.1350007836,2.75194705359,1.75781260853,-0.0556039143082,0.103688023144,-0.993054378456
2.937,7.532078415,2.213852237,7.850690859,-80.0365030295,2.70642101637,1.76219430074,-0.0555952369699,0.103613108291,-0.993062683528
2.938,7.527885339,2.212829326,7.846379503,-79.9517927071,2.6542757281,1.76648110575,-0.0555777524747,0.103540341094,-0.993071251822
2.939,7.523547569,2.210983939,7.841697393,-79.8906769766,2.59746869762,1.77092131951,-0.0555459860869,0.103465062843,-0.993080874955
2.94,7.519401645,2.208839497,7.837115096,-79.8659927532,2.53718655629,1.77517754981,-0.055509009526,0.103393114788,-0.993090435799
2.941,7.515530175,2.206900214,7.832854037,-79.8872256823,2.47547678844,1.77918308705,-0.0554755777925,0.103325929008,-0.993099296477
2.942,7.512281705,2.205353524,7.829301411,-79.9642115129,2.41587092865,1.78254242036,-0.0554489256713,0.10326955464,-0.993106648717
2.943,7.509277639,2.20355545,7.825912553,-80.0983160805,2.36268113042,1.78565691522,-0.0554178884897,0.10321742164,-0.993113800883
2.944,7.506925709,2.20289255,7.823469128,-80.27310809,2.31723287631,1.78811290561,-0.0554065310909,0.103176603856,-0.993118676055
2.945,7.504934412,2.201486274,7.821162468,-80.4757353579,2.27978131414,1.79020701018,-0.0553822315365,0.103142046735,-0.993123621019
2.946,7.503557536,2.200277428,7.819501037,-80.702282192,2.25197632502,1.79167151165,-0.0553613202036,0.103118153293,-0.993127268122
2.947,7.502257011,2.199085283,7.817917648,-80.9439357408,2.2370818393,1.79302744221,-0.0553406945125,0.103095583967,-0.993130760825
2.948,7.501011734,2.198536418,7.816568263,-81.1864622506,2.23899865503,1.79428740342,-0.0553312427809,0.103073973183,-0.993133530611
2.949,7.499481661,2.198475462,7.815082823,-81.4137282398,2.25934704645,1.79583097568,-0.0553302883073,0.103047417037,-0.993136339602
2.95,7.498090939,2.198887885,7.813864323,-81.6160715379,2.29763035563,1.79718471563,-0.0553375494223,0.10302327896,-0.993138439301
2.951,7.496787748,2.20011486,7.81295923,-81.7883829209,2.3522498099,1.79842959819,-0.0553589594061,0.103000657765,-0.993139592461
2.952,7.495323575,2.201389613,7.811913449,-81.9249912459,2.41926161708,1.79981852773,-0.0553812097096,0.102975242109,-0.993140987536
2.953,7.493375309,2.202669355,7.810404971,-82.0138046993,2.49214736223,1.80169894067,-0.0554035806924,0.102941424868,-0.993143245606
2.954,7.490883674,2.203266576,7.808183004,-82.0404699085,2.56363365285,1.80409181679,-0.0554141289918,0.102898178346,-0.993147138747
2.955,7.488293695,2.204780565,7.806125787,-82.0051674723,2.62794201637,1.80657972332,-0.055440613344,0.102853223139,-0.993150317365
2.956,7.485227005,2.205760682,7.803460995,-81.9169327313,2.68209209524,1.80954014654,-0.0554578544132,0.102799994545,-0.993154865822
2.957,7.481709032,2.207131495,7.800474311,-81.7825641434,2.72520546656,1.81297184508,-0.0554819147077,0.102738931659,-0.993159840641
2.958,7.477946215,2.207673737,7.797018849,-81.6135907915,2.75935248437,1.81667489593,-0.0554915944266,0.102673620554,-0.993166053885
2.959,7.473822571,2.208471647,7.793290116,-81.427706888,2.78557042071,1.82074488657,-0.055505741589,0.102602046543,-0.993172660063
2.96,7.469410929,2.208657934,7.78911224,-81.235610212,2.80229155,1.82514280663,-0.0555092798388,0.102525473988,-0.99318036984
2.961,7.46518524,2.209179379,7.785208038,-81.0456843377,2.807477286,1.82938606613,-0.0555186294744,0.102452127895,-0.993187415985
2.962,7.460828419,2.209653879,7.781165141,-80.858621145,2.79961476876,1.83377898296,-0.0555271719137,0.102376505954,-0.993194736297
2.963,7.456392931,2.210193671,7.777065745,-80.6757300793,2.77959597554,1.83826517832,-0.0555368538259,0.102299516396,-0.993202127873
2.964,7.451696515,2.209913637,7.772483466,-80.4996739778,2.74939691834,1.84304858686,-0.0555323077852,0.102218000016,-0.993210774843
2.965,7.447186287,2.208614135,7.767789904,-80.3338512501,2.70981854849,1.84765659119,-0.055510034315,0.10213971749,-0.993220073398
2.966,7.442713076,2.207141571,7.763082625,-80.1976548685,2.66158073368,1.85223656462,-0.0554847501137,0.102062075618,-0.993229467558
2.967,7.438211476,2.205590103,7.7583257,-80.1208312598,2.60739474368,1.85685410394,-0.0554580963963,0.101983942344,-0.993238981841
2.968,7.434249996,2.204398564,7.754188934,-80.1276069152,2.55108547744,1.86092986246,-0.055437659825,0.101915181788,-0.993247180512
2.969,7.430901529,2.202962339,7.750570341,-80.223801779,2.49715481054,1.86440587149,-0.0554129294817,0.101857062163,-0.993254522332
2.97,7.427548793,2.201844993,7.747038301,-80.3851448032,2.45009832966,1.86786314399,-0.0553937405049,0.101798866894,-0.993261558811
2.971,7.424737513,2.200239569,7.743886705,-80.5836765412,2.41217880579,1.87076679504,-0.055366032987,0.101750071244,-0.993268103481
2.972,7.422498328,2.198918481,7.741364474,-80.8108569077,2.3834145744,1.87310071521,-0.0553432277607,0.101711205718,-0.99327335501
2.973,7.420685039,2.1975231,7.739229563,-81.0638118882,2.3649409114,1.87499038355,-0.0553191024705,0.101679733018,-0.993277921226
2.974,7.419185916,2.196200055,7.737416516,-81.3391346994,2.35887870115,1.8765290543,-0.0552962128876,0.101653713715,-0.993281858955
2.975,7.417808915,2.195372954,7.735861394,-81.6254493821,2.36768631417,1.8779138175,-0.0552819324972,0.101629812321,-0.99328509965
2.976,7.416307621,2.195363541,7.734419164,-81.9054882332,2.39426942411,1.87940855939,-0.0552818711773,0.101603752343,-0.993287769093
2.977,7.415008781,2.195901306,7.733326436,-82.1689040442,2.43911363942,1.88066942937,-0.0552913038971,0.101581204886,-0.993289550195
2.978,7.413715356,2.197218092,7.732460329,-82.4037211655,2.4993228743,1.8818932197,-0.0553142739608,0.101558750606,-0.993290567393
2.979,7.411928212,2.197947392,7.730954182,-82.600586564,2.56962231397,1.88359425515,-0.0553270678804,0.10152772704,-0.993293026353
2.98,7.409970558,2.1991919,7.72943133,-82.7522357031,2.64384662789,1.8854700802,-0.0553488270551,0.101493741576,-0.993295287296
2.981,7.407436592,2.200068608,7.727251694,-82.8453026496,2.71587773712,1.8878970173,-0.0553642333213,0.101449753567,-0.993298922364
2.982,7.404647963,2.201532209,7.724995503,-82.8677099395,2.78158694917,1.89057069839,-0.0553898555389,0.101401343208,-0.993302437075
2.983,7.401539501,2.202933962,7.72241575,-82.8150387765,2.83782724368,1.89357814728,-0.0554144251665,0.101347380647,-0.993306573984
2.984,7.398163462,2.204575993,7.719648822,-82.6960716854,2.88245999286,1.89685822509,-0.0554431883453,0.101288772485,-0.993310947002
2.985,7.394533016,2.206099396,7.716605023,-82.5315813802,2.91377851177,1.90043303946,-0.0554699062671,0.101225748639,-0.993315879925
2.986,7.390472379,2.206417577,7.712804971,-82.3442021562,2.9315440539,1.90445285974,-0.0554757098167,0.10115525788,-0.99332273679
2.987,7.386127357,2.206693083,7.708720497,-82.1493761258,2.93697917917,1.9087774859,-0.0554807908657,0.10107983123,-0.993330131207
2.989,7.377531865,2.208427684,7.700982356,-81.7288642733,2.90982178373,1.91743575037,-0.0555115148549,0.100930613342,-0.993343587591
2.99,7.373111049,2.208167055,7.696672546,-81.5102396519,2.87707999303,1.92191076159,-0.0555072837085,0.100853869608,-0.993351618734
2.991,7.368389506,2.207581906,7.691981656,-81.3182529938,2.83151348746,1.92671102267,-0.0554974334592,0.100771905344,-0.993360487423
2.992,7.36382149,2.206036324,7.687162233,-81.1694561338,2.77494381453,1.93137484384,-0.0554708812971,0.100692607079,-0.993370011732
2.993,7.359246969,2.204389653,7.682307576,-81.0711348144,2.71127257143,1.93605583718,-0.0554425735736,0.100613196077,-0.993379638311
2.994,7.354539375,2.202228919,7.677177973,-81.0263626161,2.64366468658,1.94087728197,-0.0554053396087,0.100531474568,-0.993389989362
2.995,7.350640538,2.200724424,7.673011424,-81.048533289,2.57487425557,1.94488113731,-0.0553794565485,0.100463791944,-0.993398279796
2.996,7.347028076,2.199199155,7.669113278,-81.1554375241,2.50910323884,1.94859642031,-0.0553531922005,0.100401079924,-0.993406083766
2.997,7.343954122,2.197755506,7.665754458,-81.3472580842,2.45188263271,1.95176434527,-0.0553283097287,0.100347716298,-0.993412861793
2.998,7.341367456,2.196653715,7.662960503,-81.6072333879,2.40647184061,1.95442993166,-0.0553093352826,0.100302811859,-0.993418453303
2.999,7.339302526,2.195612669,7.660683818,-81.909942301,2.37471312673,1.95656947458,-0.0552913815387,0.100266964662,-0.993423071468
3,7.337872794,2.19461626,7.659028507,-82.2274970763,2.35861905796,1.95805387153,-0.0552741610196,0.100242145001,-0.99342653452
3.001,7.33660852,2.193490946,7.657494832,-82.5384933049,2.36017607954,1.95932922314,-0.0552546893963,0.100220198419,-0.993429832011
3.002,7.335586967,2.19311487,7.65640836,-82.8283434137,2.37840906356,1.9603369588,-0.0552482218155,0.100202463095,-0.99343198075
3.003,7.334562381,2.192967651,7.655384539,-83.0845837882,2.41072561904,1.96133247002,-0.0552457321942,0.100184675771,-0.993433913159
3.004,7.333460192,2.194048912,7.654638399,-83.3056450643,2.45421050573,1.96236823121,-0.0552645966071,0.100165538382,-0.993434793674
3.005,7.332270551,2.195157033,7.653816423,-83.4958401117,2.50558284899,1.96348671805,-0.0552839340887,0.100144882906,-0.99343580017
3.006,7.330678447,2.196423992,7.652654758,-83.6497256393,2.56258296058,1.96497141382,-0.0553060584333,0.100117240156,-0.993437354907
3.007,7.328856356,2.197549936,7.65123266,-83.7596811798,2.62321084831,1.96667239945,-0.0553257481379,0.100085604799,-0.993439446219
3.008,7.32635927,2.199006279,7.649259361,-83.8208806416,2.68475382021,1.96904296796,-0.0553512235952,0.100042249713,-0.993442394062
3.009,7.323788526,2.200475338,7.647219762,-83.8295829669,2.74542346763,1.97147459112,-0.0553769257931,0.0999976153419,-0.993445455481
3.01,7.320702114,2.201576349,7.644580947,-83.7872863519,2.80178897155,1.97444167598,-0.0553962662549,0.0999440295489,-0.993449769562
3.011,7.317262933,2.202739405,7.641622715,-83.6967320439,2.85051075921,1.9777641425,-0.0554167088249,0.0998843183358,-0.993454634764
3.012,7.313689936,2.203733814,7.63848828,-83.5627439794,2.89058981438,1.98125920938,-0.0554342296945,0.0998222836256,-0.993459892431
3.013,7.309874276,2.204086304,7.634936697,-83.398487694,2.91876014397,1.98501996393,-0.0554406096466,0.099756036466,-0.993466190663
3.014,7.305839517,2.204484016,7.63118869,-83.2153611137,2.93085865835,1.98901524321,-0.0554477909737,0.099685985378,-0.993472821367
3.015,7.301772478,2.204844717,7.627399396,-83.0169802187,2.9257391864,1.99308802999,-0.0554543312559,0.0996153731696,-0.993479539081
3.016,7.297724673,2.205703222,7.623772827,-82.8129836767,2.90385544204,1.99715485807,-0.0554695214956,0.0995450927093,-0.99348573553
3.017,7.293530348,2.205494395,7.619697531,-82.6199163695,2.86829680994,2.00137711331,-0.0554661712682,0.0994722708203,-0.993493216475
3.018,7.288807497,2.205190722,7.615089024,-82.4508788054,2.82299268017,2.0061580544,-0.0554612086683,0.0993902719569,-0.993501700136
3.019,7.284218983,2.203742418,7.610277711,-82.3236250221,2.76973715836,2.01081707965,-0.0554363436655,0.0993106060564,-0.993511054456
3.02,7.279818407,2.202148239,7.605604046,-82.2587957725,2.71038597853,2.0153091088,-0.0554089308589,0.0992342028027,-0.9935202179
3.021,7.275670349,2.200384103,7.601122893,-82.2660987332,2.64898290417,2.0195389172,-0.0553785470966,0.099162183443,-0.993529102692
3.022,7.271832903,2.199150202,7.597092561,-82.339982536,2.5894250835,2.02347567581,-0.0553573580863,0.0990955565744,-0.993536931157
3.023,7.268588944,2.197788821,7.593593414,-82.4630193965,2.53255245345,2.02682549996,-0.0553339133884,0.0990392334432,-0.993543853218
3.024,7.265875213,2.196400553,7.590594048,-82.626109848,2.479424255,2.02962457164,-0.055309965106,0.0989921173573,-0.993549882221
3.025,7.263517058,2.195397944,7.588046664,-82.821415295,2.43383188889,2.03205788971,-0.0552926966444,0.0989511739785,-0.993554921917
3.026,7.26179555,2.194295328,7.586079791,-83.0288537818,2.40084551563,2.03383644024,-0.0552736480677,0.0989212837457,-0.993558958216
3.027,7.260471009,2.193049098,7.584451438,-83.2366793494,2.38489980225,2.03521506538,-0.0552520763372,0.0988982875189,-0.993562447351
3.028,7.259407758,2.192126985,7.583166998,-83.4400481743,2.38906848037,2.03629199613,-0.0552361210675,0.0988798268832,-0.993565171876
3.029,7.258427385,2.191577596,7.582069668,-83.6310191165,2.41466473524,2.03726354209,-0.0552266376919,0.098862805561,-0.993567392866
3.03,7.257467099,2.191474322,7.581120524,-83.8076332903,2.45915116239,2.03818721752,-0.0552249060313,0.0988461317938,-0.993569148063
3.031,7.256291821,2.192464841,7.58028186,-83.9699220849,2.51598077586,2.03931163627,-0.0552421991716,0.0988257237824,-0.993570216819
3.032,7.255152288,2.193445027,7.579474639,-84.1076773631,2.58006605176,2.04036301396,-0.055259310229,0.0988059357397,-0.993571233327
3.033,7.25373611,2.194714806,7.578486698,-84.2208029768,2.649324581,2.04168981545,-0.0552814717097,0.0987813447489,-0.99357244568
3.034,7.251944508,2.195393229,7.576968429,-84.315687167,2.72109431705,2.04337044953,-0.0552933811233,0.0987502347553,-0.993574875457
3.035,7.249412805,2.196527708,7.574874256,-84.3846879261,2.79043476885,2.04579569917,-0.0553132651489,0.0987062735571,-0.993578136967
3.036,7.246690514,2.197187452,7.572460374,-84.4084267965,2.85189492872,2.04839832577,-0.0553249117122,0.0986590042951,-0.993582183322
3.037,7.243244889,2.198455206,7.569531149,-84.3742237669,2.90094654355,2.05174072777,-0.0553471727764,0.0985991735789,-0.993586882681
3.038,7.239789005,2.198863404,7.566342915,-84.2835008451,2.93572228748,2.05509663726,-0.0553544960624,0.0985391649568,-0.993592427877
3.039,7.235986922,2.199861599,7.562995292,-84.1442854995,2.95637769028,2.05883052035,-0.0553720947312,0.0984731449741,-0.993597992572
3.04,7.232138515,2.200385582,7.559465868,-83.9609626006,2.96368133601,2.06265694411,-0.0553814565263,0.0984063202287,-0.993604091383
3.041,7.228185556,2.201090605,7.55588951,-83.7480420268,2.95842493783,2.066584666,-0.0553939704564,0.0983376788992,-0.993610189635
3.042,7.224114231,2.201599565,7.55214321,-83.5302231319,2.94137782817,2.07067541325,-0.0554030844631,0.0982669824168,-0.993616675785
3.043,7.220020733,2.202108019,7.548375926,-83.320373852,2.91294523763,2.0748269999,-0.0554121913783,0.0981959009786,-0.993623195219
3.044,7.215856147,2.202451144,7.544492758,-83.124164131,2.87241578263,2.07905094771,-0.0554184298982,0.0981235846224,-0.993629991379
3.045,7.211615715,2.201946998,7.540289902,-82.9533092999,2.82026588876,2.08337376187,-0.0554099466935,0.0980499511716,-0.993637733222
3.046,7.207258703,2.200506371,7.535702111,-82.8274492129,2.75857511276,2.08783365782,-0.0553851951379,0.0979742941688,-0.993646575922
3.047,7.203308095,2.19892034,7.531460561,-82.7681487437,2.69235553672,2.0918893608,-0.055357889256,0.0979056939536,-0.993654859188
3.048,7.199655421,2.197864608,7.5276588,-82.7850596039,2.62756016169,2.09566514745,-0.055339780278,0.0978422666779,-0.993662115394
3.049,7.196293708,2.196628515,7.524082666,-82.8669364145,2.56678031999,2.09914964837,-0.055318517739,0.0977838911364,-0.993669045623
3.05,7.193487561,2.195190848,7.520979068,-82.9981900477,2.51100373801,2.10206903399,-0.055293714987,0.0977351634204,-0.993675220036
3.051,7.190892255,2.193855819,7.518107127,-83.1758319392,2.46192485482,2.104780436,-0.0552706814266,0.0976900968027,-0.993680933077
3.052,7.188868271,2.192840432,7.515874944,-83.3898408316,2.42235117986,2.10689938061,-0.0552531662039,0.0976549512229,-0.993685361735
3.053,7.187342967,2.191724634,7.514090483,-83.6255092602,2.39560025781,2.1085166861,-0.0552338733757,0.0976284647768,-0.993689036921
3.054,7.186100777,2.190683231,7.512598578,-83.8821961868,2.38252587888,2.10984881662,-0.0552158546161,0.0976068938686,-0.993692157395
3.055,7.18495185,2.189747846,7.511226845,-84.1551582095,2.38161620369,2.11106240809,-0.0551996717398,0.0975869436812,-0.993695015919
3.056,7.18389282,2.189447489,7.510126254,-84.4248779731,2.39195800838,2.11216198973,-0.0551945204713,0.0975685535797,-0.993697107907
3.057,7.182956543,2.189617774,7.509280305,-84.677041744,2.41318046257,2.11314479507,-0.0551975416275,0.0975522937291,-0.993698536472
3.058,7.182055383,2.190085806,7.508554812,-84.8995937521,2.44530588578,2.11408726646,-0.0552057352084,0.0975366444633,-0.993699617484
3.059,7.180821294,2.19089982,7.507611902,-85.0746116934,2.48635802745,2.11538603223,-0.0552199645961,0.0975152127835,-0.993700930253
3.06,7.179589454,2.191540931,7.506620836,-85.1903208011,2.5337389816,2.11665630936,-0.0552311873813,0.0974938197695,-0.993702405676
3.061,7.177970596,2.19264145,7.505393954,-85.2431482743,2.58531546768,2.11832359152,-0.0552504214142,0.0974657058209,-0.993704094347
3.062,7.176018619,2.193404659,7.50375021,-85.2275416352,2.63728171877,2.12031797502,-0.0552638145553,0.0974318078891,-0.993706673829
3.063,7.173644197,2.194267374,7.501731825,-85.1402952243,2.68392533403,2.12274486393,-0.0552789639463,0.0973905726864,-0.993709873402
3.064,7.170683378,2.194863434,7.499074983,-84.9916503683,2.72027634815,2.12576667837,-0.0552895181996,0.0973391548475,-0.993714324195
3.065,7.167351148,2.194975042,7.495921418,-84.8012964419,2.74579515027,2.12917697717,-0.0552916755342,0.0972812873392,-0.993719870864
3.067,7.159324451,2.196369417,7.488655768,-84.3879073154,2.77068858272,2.13743480148,-0.0553164349613,0.0971418926742,-0.993732129254
3.068,7.154708719,2.197047754,7.484442243,-84.1879823394,2.7680384405,2.1421777605,-0.0553285270849,0.0970617327624,-0.99373928881
3.069,7.149437196,2.197165604,7.479437741,-84.004477119,2.75289894139,2.14757691068,-0.0553309189547,0.0969701847356,-0.99374809317
3.07,7.144070621,2.197249565,7.474332793,-83.8443529587,2.72530541722,2.15310604341,-0.0553327282755,0.0968769856184,-0.99375708241
3.071,7.13791265,2.196769973,7.468306054,-83.7061414348,2.6849436825,2.15942861324,-0.0553247942573,0.0967700413491,-0.993767943857
3.072,7.131241607,2.196028097,7.461712019,-83.5870199337,2.63362525664,2.16626176564,-0.0553123335878,0.0966541856502,-0.993779912329
3.073,7.124780906,2.194574078,7.455109546,-83.4873178232,2.57557363278,2.17291873711,-0.0552874805562,0.0965419822289,-0.993792201701
3.074,7.118301024,2.193253092,7.448527948,-83.4176688098,2.51329282309,2.17958075964,-0.0552649411491,0.0964294447442,-0.993804381388
3.075,7.111910217,2.192619177,7.442233925,-83.3947633928,2.44957432188,2.18614911913,-0.0552543371758,0.0963184521899,-0.993815734425
3.076,7.105569959,2.191355492,7.435802803,-83.4324860426,2.38924935108,2.19264243186,-0.0552327829599,0.0962083364487,-0.993827598572
3.077,7.099418355,2.190139374,7.429566034,-83.5354206803,2.33652544492,2.198950244,-0.0552120429892,0.0961014961418,-0.993839087956
3.078,7.093436323,2.188758743,7.423442847,-83.6878974644,2.29370143822,2.20508989707,-0.0551884322744,0.0959976002445,-0.993850440303
3.079,7.087872476,2.187250307,7.417681588,-83.8730194459,2.2625801914,2.21079247802,-0.0551625725054,0.0959009660589,-0.993861205251
3.08,7.082607741,2.185715726,7.412198436,-84.0837448935,2.24358115714,2.21619016994,-0.055136237283,0.0958095269821,-0.993871485594
3.081,7.077652267,2.185785664,7.407484092,-84.3083951232,2.23785141222,2.22124029346,-0.055137772729,0.0957234568582,-0.993879693839
3.082,7.072914567,2.185541155,7.40288529,-84.5270625441,2.2475150395,2.22607163237,-0.0551338277358,0.0956411687738,-0.993887834655
3.083,7.068410151,2.186671455,7.398915739,-84.721381272,2.27511018163,2.23064633779,-0.0551537644419,0.0955629308577,-0.993894254191
3.084,7.063883339,2.187782032,7.394919746,-84.8758086291,2.32132602785,2.2352077688,-0.0551733601446,0.0954843038512,-0.993900723437
3.085,7.059122777,2.189510155,7.390884189,-84.9831309447,2.38427764156,2.24000375573,-0.0552037056692,0.0954016150288,-0.993906978912
3.086,7.054596911,2.190695555,7.386913062,-85.0465518514,2.45723235943,2.24459073861,-0.055224601103,0.0953230030552,-0.993913360672
3.087,7.05005061,2.193098777,7.383284896,-85.0723846449,2.53373530506,2.24918679479,-0.0552666670868,0.0952440347495,-0.993918592921
3.088,7.045253892,2.194501719,7.379121912,-85.0581057042,2.61178310116,2.25404280196,-0.0552913614891,0.095160717242,-0.993925200022
3.089,7.039885638,2.196181664,7.374496843,-85.0004668035,2.68942552102,2.259451682,-0.0553209074403,0.0950674713104,-0.993932479145
3.09,7.033804684,2.197663925,7.369133942,-84.898808673,2.76056297924,2.26559211538,-0.0553470635428,0.0949618446127,-0.993941120301
3.091,7.027432788,2.199128717,7.363489574,-84.7575399459,2.8179693385,2.27202492989,-0.055372933903,0.09485116372,-0.993950247715
3.092,7.020637709,2.200304024,7.357356294,-84.5914848796,2.85822975612,2.27887052314,-0.0553937995706,0.0947331304252,-0.993960341749
3.093,7.013440871,2.201645689,7.350890871,-84.4166547947,2.88183642045,2.2861327066,-0.055417581891,0.0946081177021,-0.993970922956
3.094,7.00548205,2.202690806,7.343611206,-84.2434189993,2.88905163272,2.29417866565,-0.0554362590184,0.0944698672421,-0.993983030725
3.095,6.997067078,2.204364365,7.336086828,-84.0700744936,2.87932015261,2.30267807473,-0.0554658880665,0.0943236911189,-0.993995259825
3.096,6.98834734,2.20568445,7.328167741,-83.8867589779,2.85196140946,2.31149098779,-0.0554893924268,0.0941722186554,-0.994008310107
3.097,6.979296429,2.206206744,7.31969445,-83.6966328768,2.80789345314,2.32063005577,-0.0554990486401,0.0940149915949,-0.994022654146
3.098,6.970154461,2.206158116,7.310963469,-83.5189250752,2.75141889587,2.32987914062,-0.0554987860475,0.0938561801027,-0.994037676451
3.099,6.960717933,2.205903306,7.301890409,-83.3641747369,2.68777450752,2.33943326023,-0.0554949582077,0.0936922495359,-0.9940533547
3.1,6.951194862,2.204993162,7.292537614,-83.2341946837,2.62072799936,2.34903580668,-0.055479741632,0.0935268139749,-0.994069782931
3.101,6.94187935,2.204151381,7.28340389,-83.1439054828,2.55387117409,2.35845709662,-0.055465700792,0.0933649806771,-0.994085779206
3.102,6.933118148,2.203595198,7.274885501,-83.1070806686,2.49021916617,2.3672734211,-0.0554565873541,0.0932127751202,-0.994100571106
3.103,6.924250425,2.202779698,7.266187607,-83.1277824913,2.43165184989,2.37622969052,-0.0554429725636,0.0930587160906,-0.99411576396
3.104,6.915941812,2.202343667,7.258138107,-83.2042172741,2.37898134574,2.38458779047,-0.0554359181975,0.0929143687628,-0.994129659074
3.105,6.907626551,2.201197003,7.249867089,-83.3352650274,2.33370435131,2.39295808205,-0.0554165087514,0.0927699038783,-0.994144232741
3.106,6.900160708,2.200749259,7.242617973,-83.5194935664,2.29885461444,2.4004846926,-0.0554091962597,0.0926401947064,-0.994156735779
3.107,6.893209959,2.199980224,7.235762333,-83.7456429861,2.27763034817,2.40746263106,-0.0553962654749,0.0925194333954,-0.99416870209
3.108,6.886265914,2.200423882,7.229282364,-84.0050662599,2.27226484411,2.41442698672,-0.0554044143185,0.0923987869586,-0.994179468226
3.109,6.879548492,2.201195886,7.223119186,-84.2818324467,2.283494579,2.42114309967,-0.0554182579301,0.0922820771549,-0.99418953672
3.11,6.873335979,2.20246906,7.217590833,-84.5451049806,2.31071223113,2.42733689384,-0.0554407809492,0.0921741377738,-0.994198294171
3.111,6.867466683,2.20456324,7.212641522,-84.7647619736,2.3505699798,2.43321829535,-0.0554775549793,0.0920721614118,-0.994205691991
3.112,6.86138264,2.206845609,7.207547383,-84.9192720425,2.39770123906,2.43929427766,-0.055517614412,0.0919664529024,-0.994213239718
3.113,6.855040601,2.20924966,7.202247267,-85.0040565561,2.44802164385,2.44560953118,-0.0555598051597,0.0918562604249,-0.994221069718
3.114,6.848666743,2.211926233,7.197003113,-85.0218595587,2.50017576712,2.45198730065,-0.0556067357382,0.0917455137911,-0.994228671705
3.115,6.841896988,2.2139741,7.191191536,-84.9717826015,2.55152849972,2.45876492158,-0.0556427609083,0.0916278879613,-0.99423750347
3.116,6.834967764,2.21620425,7.185286745,-84.8614757583,2.59741073952,2.46571758654,-0.0556819649478,0.0915074899966,-0.994246397054
3.117,6.827796093,2.217847787,7.178972649,-84.7111588717,2.63263592329,2.47293639719,-0.0557109859623,0.0913828779421,-0.994256232398
3.118,6.819906385,2.219773526,7.172065087,-84.5391992112,2.65619122472,2.4808640353,-0.055744957661,0.0912457875219,-0.994266918868
3.119,6.811646973,2.221356317,7.164702253,-84.3509656744,2.67134394407,2.48919087831,-0.0557729896726,0.0911022719265,-0.994278507096
3.12,6.803072538,2.222671689,7.156959229,-84.1537256118,2.67754549221,2.49785142526,-0.0557963930847,0.0909532795737,-0.994290834441
3.121,6.794074676,2.223394647,7.148631649,-83.9589643112,2.66975938837,2.50694739578,-0.0558095222276,0.0907969285269,-0.994304387499
3.122,6.784851021,2.223476831,7.139891637,-83.7769073913,2.64548620257,2.51628601206,-0.0558115255005,0.0906366506411,-0.994318898132
3.123,6.77530715,2.223565083,7.130850486,-83.6179578163,2.6079684534,2.52593514727,-0.0558136534177,0.0904708064022,-0.994333882195
3.124,6.765807832,2.222538131,7.121504852,-83.4909066422,2.56288668719,2.53558564785,-0.0557963894583,0.0903057337772,-0.994349856625
3.125,6.756202051,2.221752892,7.112134143,-83.4089853586,2.51312198384,2.54532491148,-0.0557833330894,0.0901388085938,-0.994365734996
3.126,6.746668041,2.219971441,7.102520881,-83.3850842977,2.45952860742,2.55500817537,-0.0557529523726,0.0899731264118,-0.994382443945
3.127,6.737276947,2.218914239,7.093270125,-83.4135377706,2.4042241411,2.56452974244,-0.0557351526321,0.0898099271968,-0.994398194758
3.128,6.728076743,2.216622898,7.083814914,-83.4830280631,2.35065965873,2.57386807901,-0.0556958832607,0.0896500412686,-0.994414822239
3.129,6.719012696,2.214948487,7.074682213,-83.5940836751,2.30178131529,2.58306855567,-0.0556673307772,0.0894925199442,-0.994430609524
3.13,6.710285593,2.213291749,7.065875254,-83.7300685386,2.25961358175,2.59192562448,-0.0556390632818,0.0893408514037,-0.994445829046
3.131,6.701591241,2.211468923,7.057047539,-83.8625832018,2.2264612686,2.60071258787,-0.0556079051114,0.0891897494719,-0.994461135228
3.132,6.6936331,2.210165614,7.049081934,-83.9796986702,2.20608086471,2.60878173219,-0.0555857324872,0.0890514412244,-0.994474769494
3.133,6.685941639,2.209147439,7.041459225,-84.0813967966,2.20157580118,2.61657249819,-0.0555685012369,0.0889177665571,-0.994487693469
3.134,6.678336035,2.209818715,7.034448873,-84.1707403332,2.21397785129,2.62424854064,-0.0555806371092,0.0887855831611,-0.994498825038
3.135,6.670746193,2.210769651,7.027542759,-84.2538817448,2.24282738708,2.63190074422,-0.0555976340351,0.0886536723615,-0.994509642722
3.136,6.663604118,2.211990336,7.021148132,-84.336789167,2.28582118341,2.63910174019,-0.055619293979,0.0885295430965,-0.994519489068
3.137,6.656687473,2.213734254,7.015134172,-84.4201706115,2.33965072866,2.64607285803,-0.0556500358813,0.0884093306155,-0.994528463025
3.138,6.649316823,2.215455963,7.008684565,-84.5042776139,2.40018495653,2.65348700085,-0.0556804203006,0.0882812265265,-0.994538141973
3.139,6.641518695,2.217518693,7.001939712,-84.5819729122,2.46239078331,2.66130869388,-0.0557167590637,0.0881456907067,-0.994548128533
3.14,6.633556072,2.219059345,6.99487602,-84.6338281875,2.52187601975,2.66931303803,-0.0557440304693,0.0880072944174,-0.994558856577
3.142,6.617493644,2.223194258,6.980960882,-84.6446133018,2.61995406206,2.68548036247,-0.0558169003202,0.0877281130517,-0.994579434645
3.143,6.608500832,2.224926643,6.972989446,-84.6027582782,2.65317138258,2.69450948335,-0.0558475663998,0.0875718054594,-0.994591488107
3.144,6.599135517,2.22709924,6.964808727,-84.5284779919,2.67664650789,2.70393336125,-0.0558859096456,0.0874090215427,-0.994603653752
3.145,6.589753837,2.228156516,6.956258843,-84.4344151967,2.69068250754,2.71339586426,-0.0559048601815,0.0872459498758,-0.994616906572
3.146,6.579828354,2.229434975,6.947267195,-84.3349666189,2.69611900295,2.72340027436,-0.0559276900041,0.0870734237232,-0.994630741719
3.147,6.569401277,2.230248754,6.937653973,-84.2358638469,2.69404002902,2.73388151234,-0.0559424684562,0.0868921750395,-0.994645761133
3.148,6.558926161,2.230694549,6.927879225,-84.1456287948,2.6821832779,2.74444039429,-0.0559508513496,0.0867100882721,-0.994661179913
3.149,6.548455578,2.231063528,6.918086074,-84.0758809899,2.65832962095,2.7550022955,-0.0559578981655,0.0865280772454,-0.994676633626
3.15,6.537919418,2.230803195,6.908029619,-84.0323951551,2.62359991509,2.7656415931,-0.0559540043641,0.0863449225608,-0.994692768519
3.151,6.527089342,2.230387451,6.897646226,-84.0109642277,2.5821163427,2.776527898,-0.055947425507,0.086156655579,-0.99470946325
3.152,6.516234679,2.229710296,6.887156336,-84.004638238,2.53693201056,2.78746490025,-0.0559363012983,0.0859679570874,-0.994726414926
3.153,6.505626012,2.228574495,6.876751711,-84.0151379857,2.4897456973,2.79814129811,-0.0559171860642,0.0857835322177,-0.994743411088
3.154,6.494783354,2.227873015,6.866267471,-84.0533820877,2.44416312788,2.80900392457,-0.0559056365601,0.0855950364881,-0.994760297524
3.155,6.484293601,2.227029889,6.856072172,-84.1291992164,2.40505978231,2.81952566542,-0.0558916002842,0.0854126729796,-0.994776761043
3.156,6.473767284,2.2266472,6.845993033,-84.2443529036,2.37520505631,2.83005457958,-0.0558855719567,0.0852296706801,-0.994792795552
3.157,6.463175837,2.225955218,6.83575296,-84.3961739144,2.35743148906,2.84062328368,-0.0558741686366,0.0850455338292,-0.994809194999
3.158,6.453479712,2.226354535,6.826716261,-84.5711996518,2.35367735796,2.85029370391,-0.0558816865931,0.0848769612101,-0.994823169493
3.159,6.443830042,2.227222124,6.817878262,-84.7464460749,2.3639166362,2.85986650678,-0.0558973447057,0.08470919458,-0.994836589199
3.16,6.434110873,2.228500252,6.809111256,-84.9084267129,2.38771884111,2.86951438033,-0.0559201447638,0.0845402178227,-0.9948496816
3.161,6.424654778,2.230721592,6.800904928,-85.049599014,2.42315427254,2.87886474252,-0.0559593299181,0.0843758148295,-0.994861435209
3.162,6.415259575,2.233176823,6.792836972,-85.1610567056,2.46694747515,2.88815295214,-0.0560025782694,0.0842124684604,-0.994872841816
3.163,6.405836614,2.235498384,6.78470307,-85.244568221,2.51700077904,2.89746922892,-0.0560435043494,0.0840486371537,-0.994884391381
3.164,6.39614008,2.238624565,6.776580838,-85.3091092555,2.57270786857,2.90703669561,-0.0560984367233,0.0838800483961,-0.994895523599
3.165,6.386180552,2.24164007,6.768179389,-85.3478875453,2.6318977631,2.91687867431,-0.0561514610343,0.083706883854,-0.99490711678
3.166,6.37639502,2.244283139,6.759823981,-85.3572805921,2.68961875446,2.92652807915,-0.0561979966605,0.0835367426245,-0.994918789552
3.167,6.365888388,2.247959631,6.751137494,-85.3458248646,2.74144713812,2.93690134627,-0.0562625457477,0.0833540623087,-0.994930463019
3.168,6.355432463,2.250898863,6.74225982,-85.3131732471,2.7834029188,2.94728099696,-0.0563142706503,0.0831722600613,-0.994942751156
3.169,6.344743788,2.253771306,6.73314628,-85.2634664224,2.81374537218,2.95787223809,-0.0563648473185,0.0829864080718,-0.994955406067
3.17,6.333417171,2.255850596,6.723171496,-85.2105530364,2.83486592664,2.96910281535,-0.0564016685323,0.0827894583825,-0.99496972686
3.171,6.322247873,2.257754045,6.713290661,-85.1584283066,2.847579213,2.98021514674,-0.0564354222146,0.082595241222,-0.994983954266
3.172,6.310416585,2.259388044,6.702700337,-85.1039664902,2.84918817673,2.99199094638,-0.0564645272212,0.0823895084314,-0.994999359832
3.173,6.298792316,2.260839554,6.692247763,-85.0458680936,2.83805921874,3.00358441825,-0.0564904461025,0.082187372607,-0.995014605563
3.174,6.287026895,2.261399968,6.681364905,-84.9917964291,2.81453385509,3.01532584982,-0.0565008760476,0.0819827760707,-0.995030891698
3.175,6.275141546,2.261189945,6.670111048,-84.9615920611,2.77970203782,3.02721925726,-0.0564979136718,0.0817760894492,-0.995048067656
3.176,6.263147856,2.261512876,6.658938471,-84.9695329969,2.73622386423,3.0392291207,-0.0565042246559,0.0815675169424,-0.995064828429
3.177,6.251292398,2.260592851,6.647475963,-85.0080979241,2.68707327338,3.05110036724,-0.0564889101244,0.0813613409639,-0.995082577091
3.178,6.239615263,2.259813762,6.636230622,-85.0653895069,2.63483864139,3.06280191869,-0.0564760348481,0.0811582637515,-0.995099891324
3.179,6.22805175,2.25853748,6.624924162,-85.1468749339,2.58285784504,3.074369748,-0.0564545063217,0.0809571567929,-0.995117494309
3.18,6.216751494,2.257774293,6.614041419,-85.2644094657,2.53452289215,3.0857124272,-0.0564418830398,0.0807606272085,-0.995134179361
3.181,6.206038148,2.257978676,6.604042489,-85.4080474833,2.49200595947,3.09646695041,-0.0564460519275,0.0805743046238,-0.995149046453
3.182,6.1953325,2.257850586,6.593939191,-85.5590366995,2.45590629254,3.10717970423,-0.056444437329,0.0803881109249,-0.995164196058
3.183,6.184996618,2.258421149,6.584424747,-85.7100717341,2.42898833122,3.11752668058,-0.0564549511101,0.080208348487,-0.995178104325
3.184,6.175197475,2.259127056,6.575463399,-85.8605414191,2.41529869191,3.12736620199,-0.0564677878501,0.0800379184246,-0.995191097503
3.185,6.165275655,2.260975665,6.566782687,-86.0120820981,2.41629208439,3.13728506155,-0.0565005029174,0.0798653561523,-0.995203103922
3.186,6.156096007,2.263663184,6.559092091,-86.1564036494,2.43163316425,3.14647378853,-0.0565477658357,0.0797057021025,-0.995213218979
3.187,6.146747321,2.266053749,6.551145108,-86.2750094987,2.46004339978,3.15583327085,-0.0565898735019,0.0795431045845,-0.995223834487
3.188,6.137364307,2.269337856,6.543480338,-86.3594471359,2.50056092548,3.16523399735,-0.0566475228565,0.0793799110699,-0.995233584578
3.189,6.128001343,2.272793803,6.535900254,-86.4139805836,2.55097667648,3.17460347118,-0.0567081588307,0.0792170656487,-0.995243106599
3.19,6.118277049,2.276373785,6.528031224,-86.436861667,2.6061404429,3.18432626444,-0.0567709727276,0.0790479332949,-0.995252973318
3.191,6.108578444,2.279393136,6.519997215,-86.4260800778,2.66093402935,3.19404427542,-0.0568240343388,0.0788792433262,-0.995263329021
3.192,6.098191115,2.282469528,6.511344103,-86.3912152332,2.70914307936,3.2044507682,-0.0568781264053,0.078698571957,-0.995274541777
3.193,6.087752931,2.284534688,6.502294555,-86.3369582554,2.74712178717,3.21491771825,-0.0569146334211,0.0785170116429,-0.99528679454
3.194,6.076884627,2.287217039,6.49306465,-86.2542199728,2.77547610111,3.22584191327,-0.0569618983148,0.0783279673452,-0.99529898607
3.195,6.065575826,2.289171019,6.483171605,-86.1408010402,2.79459451889,3.23718793012,-0.0569965198089,0.0781312572234,-0.995312465196
3.196,6.054228023,2.291393207,6.473342242,-86.0063401258,2.803621167,3.24860313272,-0.0570358073465,0.0779338656999,-0.995325690042
3.197,6.042555507,2.292936914,6.462974295,-85.8589591662,2.80247168674,3.26033033412,-0.057063312807,0.0777308207506,-0.995339991077
3.198,6.030290463,2.294317001,6.451999191,-85.7099298727,2.79297753685,3.27265566544,-0.0570880037857,0.0775174641284,-0.995355214272
3.199,6.018164428,2.295057131,6.440930858,-85.5712375005,2.77709999592,3.28488137283,-0.0571015563128,0.0773065211317,-0.995370842479
3.2,6.005806321,2.295587742,6.429574842,-85.4510322889,2.75392514741,3.29733317626,-0.0571114758665,0.0770915359037,-0.99538694708
3.201,5.993265329,2.295507164,6.417833158,-85.3603499134,2.72404880602,3.30995440348,-0.0571107741436,0.076873364345,-0.995403860416
3.202,5.981079837,2.295253671,6.406364448,-85.3086225387,2.6911772951,3.32222154297,-0.0571070447224,0.0766613736688,-0.995420423354
3.203,5.968646217,2.295251939,6.39475716,-85.2982441106,2.65863487619,3.33474328378,-0.0571077055711,0.0764450628776,-0.995437020773
3.204,5.956452421,2.29459443,6.383141002,-85.32691323,2.62760109612,3.34702715609,-0.0570969455672,0.0762329184376,-0.995453906996
3.205,5.944365013,2.294316984,6.371763165,-85.3906173327,2.59844558937,3.3591718959,-0.0570927894911,0.076022623093,-0.995470227664
3.206,5.932250754,2.293887199,6.360307972,-85.4863780841,2.57166740492,3.37133784456,-0.0570859829403,0.0758118560955,-0.995486691537
3.207,5.920272582,2.292988579,6.348812808,-85.6148935581,2.54697822322,3.38338279816,-0.0570710132572,0.0756034518406,-0.995503399048
3.208,5.908455788,2.293403177,6.337945087,-85.7705143495,2.5240185006,3.39521094217,-0.0570788743694,0.0753978570508,-0.995518540889
3.209,5.896985445,2.294127865,6.3275161,-85.9382888305,2.50668368627,3.40669797528,-0.0570921093884,0.0751982884142,-0.995532876637
3.21,5.885899875,2.295165927,6.317563135,-86.108448759,2.50043701928,3.41777184685,-0.0571107728017,0.0750054119452,-0.995546356434
3.211,5.874732977,2.297057982,6.30784931,-86.2699341858,2.5069614334,3.42892968425,-0.0571442942109,0.0748111219075,-0.995559051829
3.212,5.863739001,2.299189957,6.298389439,-86.4075439749,2.52588476393,3.43990560346,-0.0571819779289,0.0746198380292,-0.995571243645
3.213,5.852692265,2.302193065,6.28920501,-86.5154739872,2.55564126035,3.45091037923,-0.0572348170022,0.0744276372159,-0.995582594535
3.214,5.841887097,2.305548549,6.280382071,-86.5860340667,2.59292135666,3.46167679298,-0.057293771291,0.0742396392162,-0.995593240104
3.215,5.830730904,2.309091426,6.271309758,-86.6119120804,2.63413509166,3.47279782813,-0.0573560037762,0.0740455301742,-0.995604112231
3.216,5.819805263,2.313227266,6.262679433,-86.5970031317,2.67635761353,3.4836907418,-0.0574285376551,0.0738554339296,-0.995614050695
3.217,5.808966607,2.316740018,6.253908966,-86.5477250205,2.71857568377,3.4944834986,-0.0574902278778,0.073666845722,-0.995624462104
3.218,5.797403742,2.319672826,6.244259137,-86.4709986917,2.75957230255,3.50601362915,-0.0575418686017,0.073465651964,-0.995636344927
3.219,5.785771038,2.322922346,6.234670379,-86.3740483151,2.79667591841,3.51764334004,-0.0575990224443,0.0732632400497,-0.995647954988
3.22,5.774187994,2.325352109,6.224830072,-86.2628185587,2.8261916475,3.52923222054,-0.0576419131299,0.0730616870475,-0.995660283298
3.221,5.762080735,2.327704981,6.214481867,-86.150543881,2.84618560194,3.54132972785,-0.0576834937307,0.072851008556,-0.995673312439
3.222,5.750489726,2.330000762,6.204597943,-86.04378109,2.8572700747,3.55294095529,-0.0577240527995,0.0726493100825,-0.995685699141
3.223,5.738077071,2.331310225,6.193588284,-85.936565262,2.85910174817,3.56539449314,-0.0577474980694,0.0724333067485,-0.995700076599
3.224,5.725594534,2.331924366,6.182257194,-85.8391135368,2.85165742575,3.57792061122,-0.057758851629,0.0722160798956,-0.995715196662
3.225,5.713265733,2.332554929,6.171079147,-85.7731749177,2.83571887517,3.59031797293,-0.0577704804502,0.0720015267527,-0.995730059672
3.226,5.700786383,2.332413583,6.159473882,-85.7437600827,2.81211013087,3.60286213547,-0.0577686895077,0.0717843455366,-0.995745844203
3.227,5.688519087,2.331840188,6.147904364,-85.7478915951,2.78192054418,3.61522826755,-0.0577593696742,0.0715708499128,-0.99576175296
3.228,5.676304545,2.331225332,6.136370656,-85.7873521876,2.74663384535,3.62752856509,-0.0577493242735,0.0713582697991,-0.995777592074
3.229,5.663859248,2.330604862,6.12462412,-85.8550110571,2.70871045806,3.64006707375,-0.0577391914586,0.0711416688516,-0.995793677788
3.23,5.65196102,2.33016831,6.113456283,-85.9488516247,2.671100527,3.65207189284,-0.0577322279792,0.0709345878635,-0.995808854197
3.231,5.640230942,2.330149397,6.102606107,-86.0688953185,2.63504023139,3.66389561091,-0.0577325194391,0.0707304315963,-0.995823358958
3.232,5.628218585,2.330235144,6.091538416,-86.2024036194,2.60265972804,3.67599496292,-0.0577346453223,0.0705213598459,-0.995838063409
3.233,5.616782258,2.330748414,6.081170209,-86.3481779322,2.57549443462,3.68752162393,-0.0577441762222,0.0703223134092,-0.995851586507
3.234,5.605340967,2.33172622,6.0709797,-86.5119621642,2.5539325951,3.69905480526,-0.0577617878554,0.0701231793313,-0.995864607055
3.235,5.594130957,2.33289221,6.061079708,-86.6860997809,2.54037959574,3.71034737839,-0.057782659778,0.0699280701694,-0.995877115527
3.236,5.583272071,2.334683565,6.051749695,-86.8558842317,2.53741085596,3.72126526136,-0.0578143919044,0.0697390717311,-0.995888526876
3.237,5.572331141,2.33721669,6.042636527,-87.0010953208,2.54547003468,3.73226423778,-0.0578590301718,0.0695486471554,-0.995899251082
3.238,5.56146231,2.340340851,6.033826176,-87.0988973929,2.56535798322,3.74319390326,-0.0579139473325,0.069359478871,-0.995909251586
3.239,5.550746627,2.343864296,6.025320569,-87.1426464987,2.59747027821,3.75395184903,-0.0579758010852,0.0691729751143,-0.995918624187
3.24,5.540036268,2.347177524,6.016746976,-87.1436001963,2.63840924993,3.76470478274,-0.0580339977521,0.0689865609465,-0.995928164836
3.241,5.528726157,2.350740901,6.007727998,-87.118465935,2.68533076489,3.77600818195,-0.0580965762208,0.0687897065891,-0.995938132666
3.242,5.517383433,2.353801497,5.998491596,-87.0882961301,2.73639483278,3.78738810528,-0.0581504090034,0.0685922790032,-0.995948607707
3.243,5.505976645,2.356808546,5.989184029,-87.0630355315,2.78791203466,3.79880089691,-0.0582033130279,0.0683937337728,-0.99595917162
3.244,5.493914788,2.359750344,5.979257595,-87.0294446878,2.83700189276,3.81085839915,-0.0582551151276,0.0681837829575,-0.995970538371
3.245,5.48222728,2.362317206,5.969535872,-86.9697656547,2.88108423177,3.82256350269,-0.0583003738592,0.0679803440295,-0.995981796638
3.246,5.47010981,2.364148619,5.959135845,-86.8829209175,2.91796771679,3.83466928836,-0.0583328599151,0.0677694130713,-0.995994269113
3.247,5.457174387,2.366079779,5.948032096,-86.781233801,2.94713152047,3.84758372526,-0.0583671232695,0.0675442410038,-0.996007557415
3.248,5.444447823,2.367338553,5.936859769,-86.6752207817,2.96688265226,3.86031233834,-0.0583896757363,0.067322698899,-0.996021234704
3.249,5.431291936,2.368356003,5.925203984,-86.5797709385,2.97507699056,3.8734313765,-0.0584080515543,0.0670936770675,-0.996035610815
3.25,5.417843255,2.368696859,5.913015335,-86.5142047222,2.97124158038,3.88685097506,-0.0584146698806,0.0668595512951,-0.996050965937
3.251,5.404323635,2.368764146,5.900657381,-86.4810312292,2.95597108302,3.90034230262,-0.0584165304977,0.0666241850276,-0.996066627758
3.252,5.390210113,2.367922006,5.887394983,-86.4726239653,2.92980562343,3.9143997234,-0.0584025983531,0.0663784709644,-0.996083849431
3.253,5.376552379,2.367260851,5.874626747,-86.4914094145,2.89393372642,3.92802096249,-0.0583917897068,0.0661406884211,-0.996100300286
3.254,5.362571888,2.365931312,5.861297486,-86.5396633421,2.85131100345,3.94191613254,-0.0583693669602,0.065897279542,-0.99611774683
3.255,5.348694819,2.3651866,5.848302653,-86.6157415772,2.80633407017,3.95570740809,-0.058357111501,0.0656556700954,-0.996134418902
3.256,5.335074849,2.36441358,5.835535556,-86.7182058408,2.76271786498,3.9692593557,-0.0583443480511,0.0654185325193,-0.996150768033
3.257,5.321232899,2.363378316,5.822463107,-86.8395618452,2.72347971619,3.98297592291,-0.0583270324311,0.0651775254768,-0.996167580009
3.258,5.307801448,2.362863781,5.809981193,-86.9645363576,2.6917205942,3.99629141891,-0.058318753093,0.0649436646007,-0.99618333828
3.259,5.294333452,2.362165376,5.797395274,-87.0823779689,2.66939329405,4.00962957416,-0.0583072744593,0.0647091626993,-0.996199270231
3.26,5.281449553,2.361553778,5.785382064,-87.1990493663,2.65661129078,4.02238730438,-0.0582972763063,0.0644848275209,-0.996214401921
3.261,5.268733574,2.3615265,5.77376488,-87.3263943775,2.65328844202,4.03497478742,-0.0582974333161,0.0642634173161,-0.99622869988
3.262,5.255669614,2.361683313,5.761910374,-87.47076792,2.65925368438,4.0478768527,-0.0583008101625,0.0640359458104,-0.996243149627
3.263,5.243621693,2.362841289,5.751398736,-87.6351002259,2.67502771654,4.05978469496,-0.0583215536965,0.0638261683009,-0.996255397282
3.264,5.231173257,2.364029042,5.74054065,-87.8123305266,2.70112852039,4.07209619912,-0.0583428342261,0.0636094148282,-0.996268014161
3.265,5.219058975,2.366200051,5.730399573,-87.986888306,2.73743688078,4.08406069833,-0.0583812048286,0.0633984834388,-0.996279211477
3.266,5.207344213,2.368066955,5.720504772,-88.1455946472,2.78139867081,4.09565802103,-0.0584142634994,0.0631945043734,-0.996290233033
3.267,5.194899182,2.370890101,5.710350023,-88.2832523896,2.82784017864,4.10797971529,-0.058463994663,0.0629778118873,-0.996301037106
3.268,5.182407979,2.374245759,5.700385547,-88.3866251715,2.87086381204,4.12035890211,-0.0585229935002,0.062760316759,-0.996311297674
3.269,5.170478598,2.377393257,5.690856493,-88.427968286,2.90702967059,4.13218555512,-0.0585783409324,0.0625526012467,-0.996321107902
3.27,5.15800517,2.380489601,5.680822835,-88.3934471716,2.93642848508,4.14455740426,-0.0586328251547,0.0623354080378,-0.99633151547
3.271,5.145644913,2.383213387,5.670746655,-88.2867281413,2.96000834117,4.15687854587,-0.0586808201233,0.0621201808786,-0.99634213224
3.272,5.132928756,2.38577648,5.660290366,-88.1133246952,2.97624602915,4.16952615975,-0.0587260348326,0.0618987530933,-0.996353249203
3.273,5.12019076,2.38824438,5.649784477,-87.8795632295,2.98445828343,4.18222105917,-0.0587695943629,0.0616769401258,-0.996364436256
3.274,5.107559016,2.391210321,5.639596253,-87.6046921375,2.98439017817,4.19484750491,-0.0588218128393,0.0614569792783,-0.99637494651
3.275,5.094557735,2.393836745,5.628940653,-87.3100989235,2.97477334795,4.20786148162,-0.0588681396969,0.0612305771124,-0.996386149319
3.276,5.081932566,2.396289107,5.618562101,-87.012658619,2.95461270196,4.22052417501,-0.0589114202439,0.0610107214954,-0.996397077689
3.277,5.069065046,2.39893105,5.608055869,-86.724640828,2.9246069372,4.23341250658,-0.05895800929,0.06078664406,-0.996408017353
3.278,5.055992568,2.401161055,5.597198876,-86.4487553451,2.88616635142,4.24653738301,-0.0589974397196,0.0605589909208,-0.996419545536
3.279,5.043136188,2.403367782,5.586537327,-86.1820975992,2.84068688678,4.25945865742,-0.0590364527905,0.0603350978273,-0.996430817073
3.28,5.030037008,2.404779685,5.575323994,-85.9267167392,2.79098280381,4.27261617465,-0.059061647538,0.0601069688984,-0.996443111311
3.281,5.017614768,2.406679347,5.564940561,-85.6923996061,2.73938899032,4.28510737906,-0.0590952951372,0.0598906292852,-0.996454142756
3.282,5.005074407,2.408443739,5.554401054,-85.4887862522,2.68756197733,4.2976918621,-0.0591265927486,0.0596722291,-0.996465388814
3.283,4.992363333,2.410420344,5.543808969,-85.3173290767,2.6376217744,4.31046886332,-0.0591615909164,0.0594508550023,-0.996476543627
3.284,4.98004882,2.412295322,5.5335391,-85.1698746396,2.59053497184,4.32284853732,-0.0591948005382,0.0592363843165,-0.996487343804
3.285,4.967854258,2.413933205,5.523282488,-85.0413086016,2.54810533908,4.33510217364,-0.059223877173,0.0590239976921,-0.996498218799
3.286,4.955741647,2.415650181,5.513142577,-84.9256929602,2.5148967104,4.34726650132,-0.0592543258799,0.0588130374113,-0.996508881794
3.287,4.944065811,2.417166438,5.503315394,-84.8091617254,2.49549208845,4.35900324913,-0.0592812607954,0.0586096808902,-0.99651926094
3.288,4.931994869,2.418683205,5.493141344,-84.6965428332,2.49014767579,4.3710980386,-0.0593082213534,0.058399439579,-0.996529999717
3.289,4.920404088,2.420619707,5.483591538,-84.6007878001,2.49743809728,4.38273749981,-0.0593424614978,0.0581975637385,-0.996539771328
3.29,4.908877759,2.423335717,5.474453109,-84.5077763597,2.51678153601,4.3942815515,-0.0593902620752,0.057996813024,-0.996548627238
3.291,4.897369038,2.425817358,5.465236806,-84.3807903179,2.54726231146,4.40579744347,-0.059433983356,0.0577963656938,-0.996557666036
3.292,4.885772149,2.428584328,5.456078384,-84.1945290471,2.58568162277,4.41744014962,-0.0594826724451,0.0575943828123,-0.996566454757
3.293,4.873939849,2.430941784,5.446537213,-83.9594809165,2.62787991052,4.42927964945,-0.0595242463096,0.0573882939064,-0.99657586155
3.294,4.862101337,2.433905151,5.437271714,-83.700722805,2.67062716786,4.44113334554,-0.0595763620273,0.0571820999077,-0.99658459979
3.295,4.850337942,2.436558848,5.427945944,-83.4273772239,2.71090668846,4.45288086698,-0.0596230851554,0.0569772085129,-0.996593540731
3.296,4.838054227,2.439562446,5.418323876,-83.14018313,2.74571879716,4.46516530079,-0.0596759208537,0.0567632545114,-0.996602587498
3.297,4.825938602,2.442413404,5.408795302,-82.8408694821,2.77351807902,4.47730458979,-0.0597260910272,0.0565522255746,-0.996611579219
3.298,4.813455549,2.444386934,5.398553677,-82.5335133797,2.79266769464,4.48980400876,-0.0597610080281,0.0563347861705,-0.996621800778
3.299,4.800800181,2.447329721,5.388608831,-82.2207817735,2.80242417516,4.50243669801,-0.0598127996379,0.0561143506416,-0.996631129682
3.3,4.787921789,2.449576862,5.378161568,-81.8969067948,2.80286696791,4.51533775179,-0.0598524947006,0.0558900220593,-0.996641351898
3.301,4.77520837,2.451636454,5.367786907,-81.5676358325,2.79305576362,4.52808466258,-0.0598889165057,0.0556685632285,-0.996651558343
3.302,4.762599418,2.453749882,5.357540639,-81.2555774233,2.77223611792,4.54071552904,-0.0599262708785,0.0554489216356,-0.996661556973
3.303,4.750000901,2.455039003,5.346936045,-80.9737209104,2.74110427736,4.5533452362,-0.0599492781584,0.0552294534362,-0.996672359164
3.304,4.737027951,2.456292897,5.335991811,-80.7218731759,2.70122925379,4.5663561493,-0.059971688121,0.0550034579487,-0.996683508561
3.305,4.724642302,2.457418819,5.325518955,-80.4952504556,2.65502519698,4.57879822331,-0.0599918429251,0.0547876915828,-0.996694179592
3.306,4.712251828,2.45785783,5.314732581,-80.292061813,2.60614174366,4.59122627268,-0.0600000439299,0.0545718330479,-0.996705528111
3.307,4.700052974,2.458547074,5.304239029,-80.1132416501,2.55787145787,4.60347694933,-0.060012588975,0.0543593112348,-0.996716386163
3.308,4.687906854,2.458349636,5.293387725,-79.9612583479,2.51114700674,4.61567722395,-0.0600097006172,0.054147699446,-0.996728078503
3.309,4.67592293,2.458627754,5.282906934,-79.8330937806,2.46610102658,4.6277213316,-0.0600150786597,0.0539389143054,-0.996739075113
3.31,4.664309879,2.458911505,5.272763264,-79.7148029768,2.42380500506,4.63937987485,-0.0600205376149,0.053736588896,-0.996749674732
3.311,4.652794213,2.459187711,5.262708256,-79.6027356019,2.38710090463,4.65094510753,-0.0600258591162,0.0535359582954,-0.996760150391
3.312,4.641573849,2.460257059,5.253291596,-79.5098149462,2.35895954431,4.66222835216,-0.0600449686099,0.0533404762825,-0.996769479536
3.313,4.63047998,2.461051582,5.243864962,-79.4454918332,2.34154663741,4.67335254091,-0.0600592888326,0.0531471956884,-0.996778941097
3.314,4.619453569,2.461691044,5.23443159,-79.4111292148,2.33584290592,4.68441084937,-0.0600709074898,0.0529550856993,-0.996788465509
3.315,4.608773582,2.462970206,5.225611559,-79.3985439745,2.34222701682,4.69513746604,-0.0600936410852,0.0527690156145,-0.996796962923
3.316,4.598267442,2.465009795,5.217311258,-79.3893844124,2.35937542064,4.70566774411,-0.0601296006413,0.0525859802316,-0.99680446719
3.317,4.587653137,2.466851276,5.208830629,-79.3700546097,2.38362990069,4.71631834422,-0.0601621157785,0.0524010569104,-0.996812243635
3.318,4.577187876,2.469063982,5.2006659,-79.336513874,2.41259482305,4.72680072566,-0.0602010843029,0.0522187310712,-0.996819458866
3.319,4.566400407,2.470731132,5.191967354,-79.2967533577,2.44488861684,4.73762759302,-0.0602305716101,0.0520307857847,-0.996827505426
3.32,4.555674442,2.47317671,5.183702601,-79.2591472946,2.47649813571,4.74839570601,-0.0602736031448,0.0518439173791,-0.996834640748
3.321,4.544793627,2.47571459,5.175356205,-79.2207276505,2.50492683706,4.75929656764,-0.0603182459651,0.0516543491802,-0.996841781535
3.322,4.533491492,2.477992579,5.166526138,-79.1771232573,2.52924934187,4.7706587782,-0.0603583839152,0.0514574367415,-0.996849536136
3.323,4.522660577,2.480326144,5.158146612,-79.1215645188,2.54778304605,4.78155894981,-0.0603994673487,0.0512687334898,-0.99685677071
3.324,4.511408667,2.482349165,5.149258736,-79.0422125493,2.56045176194,4.79285713874,-0.0604351643087,0.0510726904667,-0.996864670456
3.325,4.499918679,2.484185615,5.140082323,-78.9396355048,2.56837527849,4.80441270489,-0.0604676234166,0.0508724942894,-0.996872938665
3.326,4.488572579,2.485566903,5.130821243,-78.8391643902,2.56980157642,4.81580891115,-0.0604921544038,0.0506748005118,-0.996881519464
3.327,4.476806005,2.48718224,5.121315017,-78.7632704249,2.56289076445,4.82762815436,-0.0605207748755,0.0504697789197,-0.996890183132
3.328,4.464922187,2.488117245,5.111385092,-78.7124916281,2.54769227902,4.83957108986,-0.060537559826,0.0502627069582,-0.99689962591
3.329,4.453068001,2.489022309,5.101474951,-78.6837056907,2.52411775156,4.85146482895,-0.0605538218789,0.0500561482941,-0.996909031293
3.33,4.441120028,2.489216743,5.091143987,-78.6768588235,2.4924857089,4.86348004981,-0.0605577178543,0.0498479458295,-0.996919226971
3.331,4.429327947,2.489169762,5.080837743,-78.6781880392,2.45693549674,4.87531476608,-0.060557405317,0.0496424567246,-0.996929499589
3.332,4.417606724,2.489420941,5.070746078,-78.6732759442,2.42353854726,4.88706688871,-0.0605622773456,0.0494382024125,-0.996939353574
3.333,4.405676813,2.489323423,5.06030822,-78.6598550494,2.39564176438,4.89903261948,-0.0605610877785,0.0492303058861,-0.996949713691
3.334,4.39379708,2.489377589,5.049995402,-78.6435100813,2.37226231908,4.91092789084,-0.0605625353996,0.0490232837768,-0.996959827151
3.335,4.382206886,2.489797524,5.040121913,-78.6340808771,2.35232020679,4.92252686371,-0.0605703345853,0.0488213084454,-0.996969264526
3.336,4.370586627,2.490863259,5.030549397,-78.6350547568,2.33557308669,4.93414083913,-0.0605893737472,0.048618813592,-0.996978003144
3.337,4.359041683,2.492025882,5.021099222,-78.6448338288,2.32210521674,4.94565124647,-0.0606100950302,0.0484176311199,-0.996986534201
3.338,4.347314271,2.493452254,5.011631024,-78.6640671589,2.31298683133,4.95733905274,-0.0606354127767,0.0482132694665,-0.996994898364
3.339,4.335615481,2.495072129,5.002294127,-78.6996712852,2.30959817157,4.96896083772,-0.0606640964973,0.0480094055862,-0.997002991155
3.34,4.324227809,2.497023775,4.993403036,-78.7562076512,2.31300320925,4.98025947175,-0.0606985401799,0.0478109658213,-0.997010430621
3.341,4.312794447,2.499687799,4.984840522,-78.8183963968,2.32574287418,4.99158890207,-0.0607453832293,0.0476117355844,-0.997017111714
3.342,4.301260044,2.501749201,4.975900625,-78.8737968217,2.34903528025,5.00301976225,-0.0607817413049,0.0474107366626,-0.997024474109
3.343,4.289976629,2.504410599,4.967491513,-78.9282554892,2.37933335235,5.01418580094,-0.0608285304479,0.047214116918,-0.997030950897
3.344,4.27829572,2.507275973,4.95885542,-78.9829758707,2.41107880593,5.02569921666,-0.0608788851605,0.0470105695262,-0.997037495631
3.345,4.266622457,2.509697515,4.950015031,-79.0313024574,2.44108778991,5.0372478285,-0.0609215140009,0.0468071487166,-0.997044462379
3.346,4.255027281,2.512491646,4.941444266,-79.0678253022,2.47007182868,5.04869691168,-0.0609706232911,0.0466050923031,-0.997050925714
3.347,4.24307127,2.514931198,4.932396247,-79.0886712844,2.49906102017,5.06049946807,-0.0610135756226,0.0463967411285,-0.997058015364
3.348,4.231127344,2.517385123,4.923379577,-79.0987160386,2.52592065068,5.07231422131,-0.0610567761464,0.046188598679,-0.997065034709
3.349,4.218975601,2.519941425,4.914250697,-79.1018734643,2.54780761348,5.08430694147,-0.0611017658233,0.0459768334179,-0.997072066103
3.35,4.206829025,2.522026579,4.90489842,-79.0872465982,2.5646740074,5.09631719281,-0.0611385549532,0.0457651512291,-0.9970795495
3.351,4.19485067,2.524599941,4.895955168,-79.0441003569,2.57679468981,5.10816841092,-0.0611838317765,0.0455564048519,-0.997086331621
3.352,4.182538529,2.526624978,4.886457032,-78.9811911407,2.58272489177,5.12037541499,-0.0612195785471,0.0453418334648,-0.997093918014
3.353,4.170569142,2.528733033,4.87730845,-78.9147904007,2.58181028209,5.13224874915,-0.0612567549067,0.0451332342968,-0.997101098756
3.354,4.158417978,2.530311876,4.867742626,-78.8484671741,2.57502134063,5.14430774375,-0.0612847272997,0.0449214602414,-0.9971089432
3.355,4.146122022,2.532257606,4.858256519,-78.7871335968,2.56477401157,5.1565018375,-0.0613190895611,0.0447071638859,-0.997116461981
3.356,4.134213337,2.533595819,4.84879652,-78.7454464796,2.55205159727,5.16835257778,-0.0613428609116,0.0444996089134,-0.99712428424
3.357,4.122185647,2.534499619,4.839018788,-78.7295077178,2.53645974347,5.18030487697,-0.0613590745901,0.0442899742286,-0.997132620141
3.358,4.110197008,2.535071784,4.829110518,-78.7352149939,2.51780780255,5.19225154576,-0.0613695137527,0.0440810131823,-0.997141237267
3.359,4.098713997,2.536039877,4.819850069,-78.758754677,2.49768614057,5.20369133989,-0.061386822427,0.0438808689788,-0.997148999583
3.36,4.086762229,2.53677641,4.810079009,-78.7921945062,2.47914847827,5.2155919602,-0.061400117946,0.0436725502064,-0.997157326541
3.361,4.075510624,2.538095601,4.801220274,-78.8230058416,2.46334825462,5.22682719686,-0.0614235264866,0.0434764393951,-0.997164454647
3.362,4.06415749,2.538631702,4.791870931,-78.8462430044,2.4502822139,5.23813138429,-0.0614333073348,0.0432785490426,-0.997172460481
3.363,4.052857506,2.539996882,4.783015589,-78.8694413539,2.44272448322,5.24939622543,-0.0614575166454,0.0430815931327,-0.997179497373
3.364,4.041762703,2.541658075,4.774502227,-78.9010443893,2.44192347656,5.26050146841,-0.0614868681965,0.0428882159279,-0.997186023756
3.365,4.030628358,2.543558431,4.766094256,-78.935303552,2.44556962047,5.27162128849,-0.0615203831621,0.0426941506683,-0.997192284344
3.366,4.019723876,2.545420837,4.757872138,-78.961138808,2.45099028075,5.28250845542,-0.0615532276179,0.0425040898588,-0.997198376711
3.367,4.008821253,2.547592765,4.749829127,-78.9745425796,2.45714584222,5.29341877218,-0.0615914576464,0.0423140644251,-0.997204097613
3.368,3.997768361,2.550030147,4.741814591,-78.972287291,2.4649681351,5.30446415367,-0.0616343142745,0.0421214207528,-0.997209605458
3.369,3.986851161,2.552443258,4.73391474,-78.951820262,2.47664134974,5.3153950908,-0.0616767414189,0.0419311412062,-0.997215001374
3.37,3.976044972,2.555161826,4.726286658,-78.9191953579,2.49316955089,5.32622482694,-0.0617244806883,0.0417427987582,-0.997219949277
3.371,3.964981209,2.557526725,4.718264399,-78.8847488486,2.51316564503,5.33731239118,-0.0617660730366,0.0415499610248,-0.997225427354
3.372,3.953805616,2.559880109,4.71015552,-78.8557652629,2.53425811843,5.34852652574,-0.0618074680445,0.0413551729885,-0.997230959488
3.373,3.942820639,2.562488116,4.702358976,-78.8272247664,2.55356709088,5.35954255639,-0.06185328712,0.0411637084043,-0.997236040255
3.374,3.931814058,2.564488019,4.694226303,-78.7844281598,2.57022476948,5.37058906006,-0.0618885210634,0.0409718590462,-0.997241754905
3.375,3.920472047,2.566969526,4.686089373,-78.72582569,2.58536737705,5.38197519666,-0.0619321501377,0.0407741677031,-0.997247148919
3.376,3.90934087,2.569412986,4.678122394,-78.6601433481,2.59889139445,5.39317751382,-0.0619751084102,0.0405801493301,-0.99725239404
3.377,3.898288365,2.57134669,4.669954602,-78.5914545873,2.61020639215,5.40430245083,-0.0620091885687,0.0403874945029,-0.997258096393
3.378,3.886938591,2.573044125,4.661421208,-78.5215616936,2.61916463766,5.41570310798,-0.0620391676266,0.0401896534655,-0.997264224483
3.379,3.875867465,2.574948671,4.653247174,-78.4513777027,2.62456948348,5.42686855509,-0.0620727390743,0.0399966717628,-0.997269893916
3.38,3.864766056,2.576879363,4.645075233,-78.3857281573,2.62441203269,5.43803587492,-0.0621067670253,0.0398031607623,-0.997275517539
3.381,3.85345565,2.578184844,4.636394886,-78.330965102,2.61817401358,5.44941845701,-0.0621299185456,0.0396059967509,-0.997281925156
3.382,3.842552508,2.578869632,4.627718483,-78.2932753294,2.60729091211,5.46043002742,-0.0621422492483,0.0394159240992,-0.997288687285
3.383,3.831291795,2.580128237,4.619075507,-78.2769367371,2.59239055239,5.47176162757,-0.0621645811085,0.0392196240428,-0.997295034554
3.384,3.819982645,2.580635017,4.609983134,-78.2844011117,2.57463248135,5.48313661858,-0.0621738269998,0.0390224673183,-0.997302192056
3.385,3.808916866,2.581776652,4.601458287,-78.3211277918,2.55560292993,5.49427019079,-0.0621941132305,0.0388295614037,-0.997308456517
3.386,3.797547444,2.582874865,4.592669067,-78.3820501633,2.53604315257,5.50568834698,-0.0622136535257,0.0386313593603,-0.997314934907
3.387,3.786571766,2.583704781,4.584065459,-78.4494413,2.51722431276,5.51673063843,-0.0622285086392,0.0384400170396,-0.997321401456
3.388,3.775409324,2.584702159,4.575412639,-78.5206451177,2.49860287495,5.52793220043,-0.0622462842436,0.0382454197232,-0.997327773587
3.389,3.764180729,2.585899248,4.566829479,-78.597187168,2.48154363604,5.53918662879,-0.0622675371341,0.0380496702349,-0.997333934254
3.39,3.753133778,2.587176872,4.558453392,-78.6721624696,2.46872877607,5.55028429215,-0.0622901843464,0.0378570871339,-0.997339848742
3.391,3.742409084,2.589055357,4.550695924,-78.7438472743,2.46103775254,5.56102583538,-0.0623232780549,0.0376701291439,-0.997344860308
3.392,3.731548943,2.591117567,4.542944833,-78.810082591,2.45811831253,5.57192994452,-0.0623595736015,0.0374808103069,-0.997349724239
3.393,3.721052137,2.593024538,4.535416768,-78.8581597813,2.45908563501,5.58244331375,-0.0623931521623,0.0372978240849,-0.997354484064
3.394,3.710474699,2.594728689,4.527719013,-78.8836445989,2.46070978963,5.59305951041,-0.062423202875,0.037113427934,-0.997359482438
3.395,3.699813101,2.596858929,4.520209429,-78.8929692321,2.45993486361,5.60374048579,-0.0624606726969,0.036927568183,-0.997364035382
3.396,3.689435472,2.599367013,4.5131633,-78.8842699003,2.45750834926,5.61414176554,-0.0625047076928,0.0367466643537,-0.997367958266
3.397,3.6791074,2.602022503,4.506257024,-78.8489087175,2.4554569372,5.62452676804,-0.062551306435,0.0365666252273,-0.99737165389
3.398,3.668755995,2.604369318,4.499167712,-78.7770311481,2.45322537827,5.63490482543,-0.0625925320667,0.0363861743302,-0.997375667062
3.399,3.658364816,2.606490098,4.491928735,-78.6738735324,2.45038601415,5.64533635579,-0.0626298236822,0.0362050265797,-0.997379918204
3.4,3.648376822,2.608932243,4.485218042,-78.5486362186,2.44783092952,5.6553820131,-0.0626726943439,0.0360309106489,-0.997383530474
3.401,3.638004998,2.611042692,4.478015666,-78.4055021628,2.44680432394,5.66579452422,-0.0627098039818,0.0358500984782,-0.997387713441
3.402,3.627652546,2.61271248,4.470584917,-78.2637787467,2.44805701582,5.67620006775,-0.0627392412265,0.0356696159398,-0.997392333091
3.403,3.617444689,2.614594018,4.463407662,-78.1383146701,2.45009890534,5.68644128923,-0.0627723581483,0.0354916566247,-0.99739659783
3.404,3.607215032,2.616345517,4.456149027,-78.0231218058,2.4522044001,5.6967563469,-0.0628032122363,0.0353133151352,-0.997400985716
3.405,3.596911297,2.617657059,4.448583972,-77.911117066,2.45511895263,5.70711672975,-0.0628264091319,0.0351336750229,-0.997405868839
3.406,3.586751179,2.618650517,4.440958743,-77.8020886302,2.4596611364,5.71732157833,-0.0628440627244,0.0349565331235,-0.997410980776
3.407,3.576854716,2.619115013,4.433244084,-77.7137386918,2.46520372521,5.72729741746,-0.0628524989701,0.0347839806596,-0.997416481748
3.408,3.566561753,2.619818758,4.425360218,-77.6620825418,2.47051213904,5.73766486842,-0.0628651129425,0.0346045161154,-0.997421929295
3.409,3.556537463,2.619604919,4.417158437,-77.6490580925,2.47508001615,5.74774423386,-0.0628617434951,0.0344297236912,-0.997428190564
3.41,3.546599981,2.619448737,4.409068282,-77.6781008617,2.47720699497,5.75777076571,-0.0628593732855,0.0342564440774,-0.997434306222
3.411,3.536496462,2.619128385,4.400754563,-77.7472671747,2.4752542024,5.76793873132,-0.0628541503261,0.03408026559,-0.997440670558
3.412,3.52629037,2.618750587,4.392331774,-77.8440717127,2.4702421426,5.7782133682,-0.0628479301059,0.0339022974734,-0.997447127374
3.413,3.516466162,2.618762627,4.384455721,-77.9553596618,2.4645816702,5.78813816942,-0.062848481965,0.0337309916774,-0.997452900399
3.414,3.506447417,2.618811023,4.376453435,-78.0755139306,2.45910468445,5.79820539999,-0.0628496722777,0.0335562940734,-0.997458717854
3.415,3.496509119,2.618926863,4.368564287,-78.204104092,2.45291414955,5.80822725829,-0.0628520326494,0.0333829988921,-0.997464384014
3.416,3.486603931,2.619813497,4.361172977,-78.3325374285,2.44530553303,5.81822036214,-0.0628678082579,0.033210291221,-0.997469155033
3.417,3.476939165,2.621034232,4.35418493,-78.4450972762,2.4360444332,5.82795383762,-0.062889392208,0.0330417789181,-0.99747339072
3.418,3.466922978,2.622537826,4.347097834,-78.5282061652,2.42562974925,5.83802127724,-0.0629159095289,0.0328671423032,-0.997477488109
3.419,3.457147778,2.623784415,4.34005938,-78.5785305071,2.41451156261,5.84787294578,-0.062937944864,0.0326967043799,-0.997481699391
3.42,3.447320741,2.625899079,4.333516616,-78.5986593445,2.40246286883,5.85777564886,-0.0629750925808,0.0325253728828,-0.997484956194
3.421,3.437044973,2.62767828,4.326427081,-78.5880569881,2.38999524765,5.86807592908,-0.0630064153051,0.0323462110439,-0.997488804078
3.422,3.427103238,2.630236578,4.3200904,-78.5504010622,2.3778871312,5.87806686642,-0.0630512880225,0.0321728849786,-0.997491574175
3.423,3.417077216,2.632457409,4.313496112,-78.4883235686,2.3672271528,5.88815710824,-0.0630902882246,0.0319980839802,-0.99749473089
3.424,3.406981696,2.634778656,4.306922665,-78.3936646681,2.35918935392,5.89826476569,-0.0631310376306,0.0318220710806,-0.997497783396
3.425,3.396938544,2.63714727,4.300434535,-78.2564936114,2.35475477292,5.90834297429,-0.0631726090791,0.0316469707746,-0.997500722157
3.426,3.3870031,2.639589458,4.294091581,-78.0850077144,2.35357567669,5.91832114919,-0.0632154571101,0.0314737499589,-0.997503488237
3.427,3.377057496,2.642240486,4.28788434,-77.9030669795,2.35487099329,5.92826383415,-0.0632619401276,0.0313003537545,-0.997505997369
3.428,3.366701062,2.64401925,4.280830974,-77.7293824033,2.3595086348,5.93863206707,-0.0632932509991,0.0311197803571,-0.99750966093
3.429,3.356372952,2.645650828,4.273722932,-77.5850103421,2.36842166035,5.94894969108,-0.06332199912,0.0309396980798,-0.99751343826
3.43,3.34582189,2.647197161,4.266400934,-77.4876091993,2.37988242721,5.95946272116,-0.0633492685924,0.0307557245159,-0.997517396128
3.431,3.335363902,2.648207207,4.258832442,-77.4345252621,2.39147991851,5.96988191819,-0.0633671990538,0.0305733658621,-0.997521863111
3.432,3.32471106,2.648646704,4.250768518,-77.4199285889,2.40147438433,5.98047527186,-0.0633752019356,0.0303875996092,-0.997527030997
3.433,3.314254789,2.649431353,4.243085115,-77.4345129001,2.41100853989,5.99086814037,-0.0633892067417,0.0302052653266,-0.997531678903
3.434,3.303294775,2.649816797,4.234771001,-77.4630061034,2.42195895981,6.00174893428,-0.0633962776372,0.030014140099,-0.9975369985
3.435,3.292668113,2.650177667,4.226713259,-77.5063718573,2.43478859317,6.01229571054,-0.063402907983,0.0298288262565,-0.997542135643
3.436,3.282192208,2.650172454,4.218554223,-77.5767674118,2.44962486373,6.0226964263,-0.0634031594824,0.029646134951,-0.997547565808
3.437,3.271360186,2.650470928,4.210319894,-77.6811534192,2.46619929166,6.0333869555,-0.0634087079253,0.029457236611,-0.997552809114
3.438,3.26063305,2.651311158,4.202520523,-77.8127069758,2.4836052518,6.04400134402,-0.0634236839989,0.029270174628,-0.997557363356
3.439,3.249876777,2.651265261,4.19415147,-77.9559564327,2.49955198609,6.0546578814,-0.0634232331551,0.0290825899246,-0.997562878449
3.44,3.238924701,2.652337476,4.186350117,-78.0994701704,2.50972237217,6.06546518355,-0.0634422521896,0.0288916075031,-0.997567218614
3.441,3.228366745,2.65292123,4.178557513,-78.2323522282,2.5122639085,6.07589774008,-0.0634527544046,0.0287074889981,-0.9975718661
3.442,3.217486997,2.654680004,4.171276603,-78.350316191,2.50937902018,6.08665062575,-0.0634837211407,0.0285177765619,-0.99757533729
3.443,3.20658212,2.655616628,4.163468334,-78.4466280851,2.50354642643,6.0974388516,-0.0635003755331,0.0283276124682,-0.997579695402
3.444,3.196216429,2.65768704,4.156813667,-78.5071110505,2.49585634258,6.10770375259,-0.063536749019,0.0281468676543,-0.997582495519
3.445,3.185578333,2.659220492,4.149622024,-78.5235047639,2.48598034651,6.11823224634,-0.0635637823336,0.0279613627608,-0.997585990162
3.446,3.175179338,2.661093856,4.142847371,-78.5053350175,2.47297839382,6.12853792206,-0.063596724807,0.0277800333921,-0.997588956604
3.447,3.164649535,2.662898709,4.135944416,-78.4657759674,2.45566356931,6.13896676677,-0.0636284780038,0.0275964202001,-0.997592028025
3.448,3.154428353,2.664832148,4.129376298,-78.4047031031,2.43381420659,6.14909234777,-0.0636624581759,0.0274181909248,-0.997594774558
3.449,3.144188725,2.667223024,4.123105795,-78.3213838197,2.41054828759,6.15925440055,-0.0637044024139,0.0272396465093,-0.997596988153
3.45,3.133847348,2.669841961,4.116923038,-78.228007212,2.38964897871,6.16953223811,-0.0637503186539,0.0270593315158,-0.997598962234
3.451,3.123844251,2.672372251,4.110958082,-78.1331069027,2.37225820003,6.17947125115,-0.0637946811546,0.0268849131401,-0.997600842072
3.452,3.113651829,2.674419723,4.104552177,-78.0340410035,2.35918912196,6.18957098462,-0.0638306424035,0.0267071849083,-0.997603315634
3.453,3.103604697,2.676943235,4.09858356,-77.9285046842,2.35074699918,6.19957095973,-0.0638748857799,0.0265319971312,-0.997605158414
3.454,3.09389592,2.679532689,4.092931394,-77.8130056963,2.34508776894,6.20924682368,-0.063920265815,0.0263627113063,-0.997606739688
3.455,3.083909175,2.681068005,4.086394676,-77.6913591514,2.34132068237,6.21920440543,-0.063947303273,0.0261885607123,-0.997609593825
3.456,3.074319269,2.682963434,4.080408283,-77.5817432321,2.34011459545,6.22875103662,-0.0639805950734,0.0260213349679,-0.997611835125
3.457,3.06476519,2.684366717,4.074139215,-77.4990831222,2.34155621047,6.23829904952,-0.0640053188706,0.0258547268182,-0.997614581017
3.458,3.055151061,2.685619427,4.067738894,-77.4504309873,2.34485590704,6.24788578302,-0.0640274213057,0.0256870680976,-0.997617493759
3.459,3.045585628,2.686653323,4.061243393,-77.4413235214,2.35088551864,6.25742180922,-0.0640457120309,0.0255202535198,-0.997620600945
3.46,3.036281559,2.687370104,4.054745834,-77.4847578711,2.36256350811,6.26669665376,-0.064058473904,0.0253579928055,-0.997623919181
3.461,3.026774904,2.688275389,4.048233058,-77.5815800482,2.38009471843,6.27621537092,-0.0640745221042,0.0251922005231,-0.997627088972
3.462,3.017421371,2.688802625,4.041595141,-77.7133285199,2.40191889357,6.28556775593,-0.0640839840064,0.0250290723488,-0.997630587207
3.463,3.008097686,2.688978286,4.034755992,-77.867487437,2.42572627893,6.29489046803,-0.0640873231203,0.0248664585638,-0.997634439188
3.464,2.998795334,2.689647485,4.028272216,-78.0326396562,2.44825428482,6.30423735581,-0.0640992530425,0.0247042240581,-0.997637703314
3.465,2.989315172,2.690268492,4.021635209,-78.1923441041,2.4676405936,6.3137483374,-0.0641103492649,0.024538886667,-0.997641070806
3.466,2.979588335,2.690857853,4.014805429,-78.3395702731,2.4820732618,6.32349992952,-0.0641208995863,0.0243692462373,-0.997644550967
3.467,2.970097131,2.691571651,4.008245866,-78.4704508207,2.48813562437,6.33305589227,-0.0641336093516,0.0242037158748,-0.997647763637
3.468,2.960560576,2.692592692,4.001871353,-78.5761259916,2.48478075,6.34265525018,-0.0641516680945,0.0240373999785,-0.997650623657
3.469,2.950919936,2.69361062,3.995430721,-78.6512560571,2.47394448681,6.35236394634,-0.064169675644,0.0238692684524,-0.99765350235
3.47,2.941356941,2.694799391,3.989175906,-78.6986643501,2.45771745641,6.36197970358,-0.0641906537371,0.0237024932962,-0.997656129027
3.471,2.931710032,2.696519413,3.983232438,-78.7228636207,2.43588892142,6.37170612959,-0.0642208817437,0.0235342625103,-0.997658166326
3.472,2.922257429,2.697797731,3.977147354,-78.7186891185,2.41011915536,6.38124753946,-0.0642434145427,0.0233694128564,-0.997660590697
3.473,2.912736168,2.69975331,3.971485857,-78.6797706135,2.38444994104,6.39085319469,-0.0642777387039,0.0232033778091,-0.997662255257
3.474,2.903296995,2.701531021,3.965779028,-78.6090830968,2.3603235263,6.40038061456,-0.0643089627827,0.0230387699591,-0.997664057879
3.475,2.893758723,2.703678787,3.960267482,-78.512254741,2.33729184121,6.4100289054,-0.0643466316822,0.0228724398163,-0.997665456197
3.476,2.884420917,2.705576442,3.954747515,-78.3985324476,2.31704718948,6.41944392843,-0.0643799395234,0.022709600909,-0.997667027326
3.477,2.875174627,2.707799609,3.949532613,-78.2842852145,2.29984411743,6.42878397054,-0.0644189113913,0.0225483640821,-0.997668168848
3.478,2.865761209,2.709755148,3.944028432,-78.1747668845,2.28516048401,6.43825885247,-0.0644532280756,0.0223842078523,-0.997669649047
3.479,2.856323035,2.712104241,3.938793051,-78.0603962688,2.27436421618,6.44775587837,-0.0644943957576,0.0222196253221,-0.997670667689
3.48,2.847176102,2.713934814,3.933427758,-77.9367519809,2.268782111,6.45701136971,-0.0645265277211,0.0220601136348,-0.997672129814
3.481,2.838118881,2.71531651,3.927831785,-77.8062799374,2.26905612674,6.4661440899,-0.0645508405337,0.021902158173,-0.997674037175
3.482,2.829176972,2.716840721,3.922431114,-77.6725829624,2.27495003174,6.47515248396,-0.0645776319887,0.0217462155941,-0.997675714626
3.483,2.819828931,2.718060541,3.916540349,-77.5422611767,2.28562043639,6.48455690909,-0.0645991335034,0.0215831838891,-0.997677862902
3.484,2.810698527,2.71940178,3.910904275,-77.4279391214,2.30007894323,6.49373008026,-0.0646227429539,0.0214239506263,-0.997679765973
3.485,2.801659486,2.72080034,3.905387352,-77.3403710941,2.31662169624,6.50281794939,-0.0646473470621,0.0212663109987,-0.99768154465
3.486,2.792294656,2.722012508,3.899520681,-77.282998584,2.33482998395,6.51219425916,-0.0646687139843,0.0211029852326,-0.997683627933
3.487,2.783063901,2.722682687,3.893384863,-77.2631734305,2.35452253111,6.52146455219,-0.0646806400506,0.0209419877347,-0.99768624725
3.488,2.773589922,2.723353924,3.887088583,-77.2911448933,2.37371026182,6.53096366611,-0.0646925919901,0.0207767469069,-0.997688927136
3.489,2.763933299,2.724502617,3.881010409,-77.3652150834,2.39067286966,6.54062150349,-0.0647128596416,0.0206083291041,-0.997691105788
3.49,2.754226606,2.724818232,3.874325566,-77.4756388719,2.40522873538,6.55033137327,-0.0647186235255,0.0204390221428,-0.997694214749
3.491,2.744750525,2.725141459,3.867822568,-77.6114913885,2.41778668611,6.55980257643,-0.06472451417,0.0202737376962,-0.99769720498
3.492,2.73489249,2.725764461,3.861272954,-77.7578634347,2.42695640879,6.56966658699,-0.0647356326288,0.0201017945467,-0.997699962776
3.493,2.72502084,2.726025213,3.854471693,-77.903930647,2.43008226252,6.57954057725,-0.0647404438164,0.0199296076541,-0.997703104973
3.494,2.715364136,2.72669858,3.848127796,-78.0449694194,2.42553672744,6.58919444886,-0.0647524316868,0.0197611776399,-0.997705677266
3.495,2.705946026,2.72708346,3.841761067,-78.1649964882,2.41484325573,6.59862406704,-0.0647593899009,0.0195969025975,-0.99770846585
3.496,2.696077851,2.727691939,3.835249548,-78.260171308,2.39997919477,6.60848933902,-0.0647702521768,0.0194247808981,-0.997711126689
3.497,2.686491357,2.728614468,3.829173896,-78.3381824111,2.38161951485,6.61809000126,-0.0647865727115,0.0192575779537,-0.997713308365
3.498,2.677145535,2.729692506,3.823392393,-78.3931738352,2.36042504935,6.62746277977,-0.0648055950309,0.0190945755354,-0.997715205877
3.499,2.667817321,2.731304992,3.818019934,-78.4176509436,2.33732985771,6.63681139716,-0.0648339191042,0.0189318897077,-0.997716465979
3.5,2.658468015,2.732810534,3.812572045,-78.410349075,2.31273486669,6.64618417063,-0.0648603817101,0.0187688344678,-0.997717826711
3.501,2.649237073,2.734714405,3.807508365,-78.3728815848,2.28730016758,6.65545156798,-0.0648937764996,0.0186078495371,-0.997718670622
3.502,2.640366288,2.736296076,3.8024795,-78.3134308632,2.26403660166,6.6643448386,-0.0649215499248,0.0184531418733,-0.997719737156
3.503,2.631243261,2.738412497,3.797676145,-78.2442754745,2.2467413,6.67352161247,-0.0649586396444,0.0182940433845,-0.997720252933
3.504,2.622443509,2.740566081,3.793140177,-78.1653554794,2.23735092095,6.68234850992,-0.0649963671622,0.0181405836694,-0.997720597903
3.505,2.613781042,2.742551542,3.788593445,-78.0637901605,2.23565491379,6.6910575387,-0.0650311633797,0.0179895163891,-0.997721065774
3.506,2.605118895,2.744566086,3.784083436,-77.9376474608,2.23930279531,6.69973620039,-0.0650664651839,0.0178384544202,-0.997721476491
3.507,2.596507254,2.746261861,3.779392031,-77.7999575729,2.24468341617,6.70837473067,-0.0650962155047,0.0176882669484,-0.997722209806
3.508,2.588224437,2.747613987,3.774690498,-77.6698203596,2.25088023815,6.71670658643,-0.065119972983,0.0175438093194,-0.99772321005
3.509,2.579903365,2.74887566,3.76990965,-77.5642267318,2.25847451026,6.7250497791,-0.0651421567287,0.0173986826474,-0.997724303232
3.51,2.571640627,2.749800448,3.764935327,-77.4932660618,2.26767552516,6.73333882679,-0.0651584731891,0.0172545663901,-0.997725740527
3.511,2.563091053,2.751014227,3.7599887,-77.4514229275,2.27891736634,6.74192473595,-0.0651798267193,0.0171054521297,-0.997726913387
3.512,2.554774581,2.751974041,3.755027867,-77.4228519188,2.29232966114,6.75026951258,-0.0651967534463,0.0169603989828,-0.997728283756
3.513,2.546616162,2.752943641,3.75019367,-77.3990396866,2.30830826819,6.75844860328,-0.0652138450283,0.0168181025496,-0.997729575508
3.514,2.538361205,2.753454844,3.744968783,-77.3809335069,2.32756611146,6.76674043486,-0.0652229575564,0.0166741128963,-0.997731396603
3.515,2.529691969,2.754275965,3.739702869,-77.3732211325,2.34718107056,6.77545201994,-0.065237475735,0.0165229029114,-0.997732962991
3.516,2.521352991,2.755289899,3.734815033,-77.3753817016,2.36313523907,6.78383881482,-0.0652553417913,0.0163774566316,-0.9977341927
3.517,2.513129857,2.755444443,3.729382758,-77.390133384,2.37520836778,6.79212095297,-0.0652582420329,0.016234014644,-0.997736347246
3.518,2.504561183,2.756139413,3.724128245,-77.426142222,2.38516085671,6.80074834377,-0.0652705595743,0.0160845545375,-0.997737962172
3.519,2.495761884,2.756425408,3.718428218,-77.4828061468,2.39237910806,6.8095990814,-0.0652757617387,0.0159310644498,-0.997740084448
3.52,2.487223435,2.756577541,3.712815664,-77.5555282347,2.39405250547,6.81819246699,-0.0652786260669,0.0157821202577,-0.997742264144
3.521,2.47875943,2.757124686,3.707557801,-77.6429434233,2.38969972394,6.82674374041,-0.0652883649996,0.01563448344,-0.997743951284
3.522,2.469829427,2.757165129,3.701623555,-77.7423652843,2.38000316366,6.83574203923,-0.0652892927555,0.0154787061375,-0.997746319416
3.523,2.461269577,2.758060622,3.696585766,-77.842712942,2.36574991086,6.84438420827,-0.0653050975456,0.015329402767,-0.997747590148
3.524,2.452838892,2.758684282,3.691443836,-77.9275414005,2.34912729749,6.85290744339,-0.0653161655563,0.0151823470431,-0.997749114184
3.525,2.444063543,2.759751663,3.686417752,-77.9893498876,2.33177077542,6.86176166078,-0.065334966988,0.0150292879789,-0.997750200497
3.526,2.435305927,2.760601026,3.681254268,-78.0280200723,2.3141108144,6.87059070561,-0.0653499718856,0.0148765322469,-0.997751507121
3.527,2.426691352,2.761936461,3.676564147,-78.0458913768,2.29813546426,6.87926155869,-0.0653734344555,0.0147262821763,-0.997752199036
3.528,2.417981257,2.763200682,3.671772238,-78.0501753768,2.28405470382,6.88804308183,-0.0653956593028,0.0145743638747,-0.997752973266
3.529,2.409472425,2.764524086,3.667172042,-78.0533991327,2.27014197852,6.89660648746,-0.0654189083611,0.0144259581447,-0.997753605937
3.53,2.400555811,2.766270316,3.662638347,-78.0574516334,2.25715082703,6.90555370386,-0.0654495289367,0.0142704463306,-0.997753834131
3.531,2.39207465,2.767806396,3.65824731,-78.0508298533,2.24665562398,6.91410224572,-0.0654764797695,0.0141225267831,-0.997754170542
3.532,2.383775946,2.768974743,3.653711659,-78.0348909957,2.24021998956,6.92242605264,-0.0654970218713,0.0139777814582,-0.99775486055
3.533,2.375276851,2.770517949,3.649343753,-78.0236928812,2.24037224586,6.93092794942,-0.0655240957288,0.0138295486299,-0.997755148553
3.534,2.366764122,2.772187522,3.645078334,-78.0183347241,2.24768370612,6.93945592629,-0.0655533686155,0.0136810803246,-0.997755272551
3.535,2.358517596,2.773727283,3.640902126,-78.0052620104,2.25983715659,6.94772439029,-0.0655803751992,0.0135372540364,-0.99775545959
3.536,2.350369292,2.775152494,3.636716538,-77.9793379012,2.27566999927,6.95587197823,-0.0656053844387,0.0133951374222,-0.997755733547
3.537,2.341829565,2.776591881,3.632303427,-77.9411598678,2.29302196274,6.96438932678,-0.0656306479093,0.0132461929005,-0.997756060582
3.538,2.333264139,2.777495792,3.627479072,-77.9001288329,2.30989604793,6.97292159578,-0.0656465890266,0.0130967896869,-0.997756984165
3.539,2.324896471,2.77861946,3.622964215,-77.8675086447,2.32616113097,6.98130010134,-0.065666351225,0.0129508392274,-0.997757588836
3.54,2.316342407,2.779397135,3.618078299,-77.8384308671,2.34099762453,6.98981988576,-0.0656800929981,0.0128016316291,-0.997758609891
3.541,2.307537505,2.780119798,3.613003657,-77.8158166243,2.35353867915,6.99855503033,-0.0656928819589,0.0126480455253,-0.99775972669
3.542,2.298769677,2.781411703,3.608405893,-77.8161567733,2.3650351362,7.00727462549,-0.0657155810575,0.0124951180579,-0.997760158771
3.543,2.289875303,2.782417607,3.60352281,-77.8376818043,2.37591776556,7.01612930927,-0.0657333020091,0.0123399771889,-0.99776092225
3.544,2.28120044,2.783197806,3.59861994,-77.8659707379,2.38537638405,7.02475412176,-0.0657470877383,0.0121886607756,-0.997761873897
3.545,2.271783984,2.783503421,3.592894901,-77.8953346132,2.39374707183,7.03407747758,-0.0657526267627,0.0120243967799,-0.997763502016
3.546,2.262620938,2.784554301,3.587923656,-77.9220710015,2.40240193562,7.04318553669,-0.0657711351053,0.0118645685512,-0.997764195489
3.547,2.25357179,2.784726821,3.582358061,-77.9495392522,2.41028619023,7.0521699222,-0.0657743466582,0.0117067099286,-0.997765848416
3.548,2.24412522,2.785285827,3.576858278,-77.9927378631,2.41480295467,7.06151840483,-0.0657842960837,0.0115419256604,-0.997767112277
3.551,2.216554717,2.787576119,3.561417616,-78.1521835751,2.39773392448,7.08882518031,-0.0658247984724,0.0110610014905,-0.997769888377
3.552,2.207301728,2.788575015,3.556449287,-78.1657995235,2.3821432954,7.09798380468,-0.0658423983061,0.0108996025033,-0.997770503298
3.553,2.198143601,2.789607093,3.551583172,-78.1667677228,2.36326750374,7.10704328462,-0.0658605732876,0.0107398591299,-0.997771036016
3.554,2.189113297,2.791229686,3.547277856,-78.1609970011,2.3439415036,7.11598616968,-0.0658890267927,0.0105823575741,-0.997770840352
3.555,2.179769581,2.791786422,3.541958053,-78.1527491876,2.32517726456,7.12522188314,-0.0658989273063,0.0104193648638,-0.997771901897
3.556,2.17079678,2.792946655,3.537359139,-78.1510573061,2.3087917682,7.13409454836,-0.0659193280249,0.0102628565354,-0.997772176385
3.557,2.162013876,2.794149464,3.532927289,-78.1531099714,2.29683882392,7.14278761372,-0.0659404638073,0.0101096617217,-0.99777234376
3.558,2.153219079,2.795831022,3.528884173,-78.155530975,2.2901227843,7.15147440547,-0.0659699352287,0.00995626918237,-0.997771938045
3.559,2.144598091,2.797109328,3.524644885,-78.157862555,2.28853915857,7.15997909705,-0.065992380517,0.00980590072593,-0.997771942893
3.56,2.136326486,2.798150784,3.520445805,-78.1435050508,2.29152104756,7.16817526886,-0.0660106936132,0.00966162119597,-0.99777213902
3.561,2.128259822,2.799482075,3.516616237,-78.1048704593,2.29784363769,7.17615787315,-0.0660340483928,0.00952092372647,-0.99777194612
3.562,2.119883453,2.801338636,3.513033448,-78.051229403,2.30622980505,7.18445108216,-0.0660665553071,0.00937483401281,-0.997771177554
3.563,2.111785803,2.802874597,3.509379615,-77.9947458473,2.31543346905,7.19245522898,-0.0660934726251,0.0092336002344,-0.997770711889
3.564,2.103825017,2.804132449,3.505601018,-77.9468111051,2.32391507635,7.20036009642,-0.06611554403,0.00909474768559,-0.997770524922
3.565,2.095853719,2.805603271,3.502001217,-77.9100956688,2.3310612506,7.20827844854,-0.0661413235446,0.00895571726616,-0.997770073939
3.566,2.087864089,2.807251077,3.498547564,-77.876027206,2.33718248485,7.21621257563,-0.0661701843275,0.00881636990544,-0.997769401379
3.567,2.079883567,2.808108413,3.494479719,-77.8474244568,2.34197555294,7.22415511195,-0.066185282176,0.00867716414145,-0.997769620326
3.568,2.072120758,2.809274172,3.490803032,-77.8363994146,2.34416826092,7.2318738134,-0.0662057433521,0.00854176300682,-0.997769431197
3.569,2.064342384,2.810322427,3.487036223,-77.8365650382,2.34424103828,7.23964445345,-0.0662241593024,0.00840608820329,-0.997769361328
3.57,2.056393347,2.810978851,3.482866018,-77.844069951,2.34446742704,7.24760992801,-0.0662357558169,0.00826742748286,-0.99776975014
3.571,2.048902896,2.811646745,3.478988431,-77.8740262646,2.34512057419,7.25510974522,-0.0662475424801,0.00813676725935,-0.99777004171
3.572,2.041391637,2.812432423,3.475205886,-77.9294875528,2.3438880636,7.26265364184,-0.066261378841,0.00800574614012,-0.997770182809
3.573,2.033907262,2.813040273,3.471307294,-77.993537025,2.33931678107,7.27018118495,-0.0662721177093,0.00787519022876,-0.997770508581
3.574,2.026193343,2.813380113,3.467068952,-78.0587116973,2.33105436791,7.27794908944,-0.0662781946888,0.00774062464437,-0.997771157951
3.575,2.018755315,2.81385156,3.463110397,-78.1282790188,2.31895928073,7.28543882136,-0.0662865573293,0.00761087336259,-0.99777160058
3.576,2.011512276,2.814341857,3.459292084,-78.1948084416,2.30310598436,7.29273663985,-0.0662952434693,0.00748452569432,-0.997771979246
3.577,2.004250675,2.814821619,3.455465456,-78.2497474741,2.28507999504,7.30009004606,-0.0663037458459,0.00735785263114,-0.997772356448
3.578,1.997133649,2.814901269,3.451407244,-78.2906247402,2.26679139123,7.30729798525,-0.0663052782661,0.00723369317331,-0.997773162476
3.579,1.989824219,2.815363044,3.447559933,-78.3178489554,2.24981310527,7.31468685625,-0.0663134670522,0.00710618554371,-0.997773534533
3.58,1.982760475,2.816261915,3.444222739,-78.3359494038,2.2343130592,7.32185866172,-0.0663292620263,0.00698297403092,-0.997773354561
3.581,1.975827066,2.817020802,3.440857276,-78.35205698,2.22004138782,7.32891685908,-0.0663426154458,0.0068620328227,-0.997773305857
3.582,1.96912527,2.817628936,3.437511767,-78.378950831,2.20733379068,7.33571294522,-0.0663533391311,0.00674512898632,-0.997773389914
3.583,1.962217951,2.818566731,3.434329295,-78.4196807106,2.19498399964,7.34273125787,-0.0663698059614,0.00662464727229,-0.997773101915
3.584,1.955314306,2.81927898,3.430974789,-78.4637581267,2.1816873871,7.34973501963,-0.0663823457251,0.00650422348718,-0.997773059996
3.585,1.948721338,2.820491637,3.428219352,-78.5028695371,2.1680304721,7.35646081466,-0.0664035914285,0.00638923141301,-0.997772389259
3.586,1.942230084,2.821418869,3.425297379,-78.5233338449,2.15436191909,7.36305746013,-0.0664198647006,0.00627600801674,-0.997772024711
3.587,1.935541403,2.822824396,3.422668271,-78.516020873,2.14039778986,7.36987318547,-0.0664444700456,0.00615935029893,-0.997771113434
3.588,1.929045868,2.823614656,3.419651691,-78.4909414311,2.126830179,7.37649406869,-0.0664583574312,0.00604604908435,-0.997770881524
3.589,1.922482357,2.824732578,3.416877603,-78.4603270801,2.11517122178,7.38316969337,-0.0664779514813,0.00593156881831,-0.997770263366
3.59,1.916115328,2.826201439,3.414514977,-78.4179685227,2.10546599778,7.38964518139,-0.0665036517126,0.00582052415633,-0.99776920468
3.591,1.909721459,2.827254227,3.411803411,-78.3545553988,2.09792633685,7.39615131813,-0.0665221068588,0.00570900187988,-0.997768618767
3.592,1.903434082,2.828272043,3.409132449,-78.2829101355,2.09325295638,7.40254128768,-0.066539951988,0.00559933627728,-0.997768050312
3.593,1.89679361,2.829020574,3.406050999,-78.2289653236,2.09234993121,7.40927768324,-0.0665531135971,0.00548350533856,-0.997767815797
3.594,1.890280421,2.830109769,3.403333862,-78.1955346755,2.09484945214,7.41588516054,-0.0665722044947,0.00536990289081,-0.997767160079
3.595,1.8837645,2.830421149,3.399978319,-78.1629733012,2.1001727106,7.42249134683,-0.0665777524634,0.00525623459495,-0.997767395175
3.596,1.877419277,2.831259128,3.397165199,-78.1260012679,2.10787511979,7.42894794629,-0.0665924653314,0.00514555557013,-0.997766990243
3.597,1.870852044,2.83176377,3.393961317,-78.0920848686,2.11459876754,7.4356039357,-0.0666013779583,0.00503099738177,-0.99776697957
3.598,1.864301973,2.83233785,3.390834638,-78.0702242618,2.1161766649,7.44223291369,-0.0666114984544,0.00491673920702,-0.997766873548
3.599,1.857878751,2.83278552,3.387681694,-78.0672138052,2.11222895448,7.44873907267,-0.0666194162496,0.00480469101058,-0.997766890773
3.6,1.851351405,2.832946729,3.384241303,-78.0831241518,2.10415566237,7.45536439573,-0.0666223466361,0.00469081928516,-0.997767236956
3.601,1.845128394,2.832566054,3.380522037,-78.1259769692,2.09108764976,7.4616797513,-0.0666158368818,0.00458224525672,-0.997768176134
3.602,1.838568586,2.83265507,3.377020756,-78.1973535073,2.07273429476,7.46831608212,-0.0666175109683,0.00446780547582,-0.997768583363
3.603,1.831978723,2.83265702,3.37343917,-78.2858487132,2.0499462559,7.47498673005,-0.0666176687158,0.00435284067277,-0.997769080997
3.604,1.825599989,2.832604842,3.369935535,-78.3843181567,2.02304291422,7.48143274486,-0.0666168807506,0.00424155642732,-0.997769612886
3.605,1.819475213,2.832612263,3.366627732,-78.4824439222,1.99211708181,7.48761414317,-0.0666171240693,0.00413470468741,-0.99777004515
3.606,1.813403034,2.832415827,3.363184499,-78.5731272581,1.95802260138,7.49376193286,-0.0666138169059,0.00402876568089,-0.997770699331
3.607,1.807452346,2.832658031,3.36018385,-78.6601730366,1.92337989766,7.49976240794,-0.0666181444912,0.00392495662346,-0.997770824158
3.608,1.801451635,2.833124625,3.357353591,-78.7413510781,1.89192137456,7.50580569754,-0.0666263798099,0.00382027914047,-0.997770680558
3.609,1.795637422,2.833217091,3.354315554,-78.8165095212,1.86217327365,7.51166165329,-0.0666280978489,0.0037188477914,-0.99777094904
3.61,1.790188129,2.833618538,3.351740974,-78.8905810645,1.83043037539,7.51716357713,-0.0666351879995,0.00362378877617,-0.997770825328
3.611,1.785004966,2.834417183,3.34965125,-78.9559084737,1.79562232185,7.52239755951,-0.0666491887319,0.00353338239362,-0.997770214453
3.612,1.779628281,2.834903113,3.347200692,-78.9966087701,1.75865836284,7.52777993842,-0.0666577475366,0.00343959291078,-0.997769970431
3.613,1.774609292,2.835208094,3.344793428,-79.0059971788,1.72204581313,7.53279019761,-0.0666631492809,0.00335203898849,-0.997769907525
3.614,1.76964969,2.835760644,3.342633461,-78.9915991756,1.68806807269,7.53776448271,-0.0666728600689,0.00326552724102,-0.997769545568
3.615,1.764894659,2.836826814,3.341023725,-78.9631265271,1.65768160764,7.54250375038,-0.0666915104507,0.00318259700307,-0.997768567109
3.616,1.760439962,2.837376735,3.339139948,-78.9253251043,1.63067054989,7.5469584411,-0.0667011663062,0.00310489278329,-0.997768166487
3.617,1.756078597,2.838050527,3.337415591,-78.8819058158,1.60620485708,7.5512936991,-0.0667129762817,0.00302882130037,-0.997767610738
3.618,1.751883484,2.839025006,3.336039377,-78.8385525556,1.58416172733,7.55546408959,-0.0667300193172,0.00295565638815,-0.997766690473
3.619,1.747928327,2.840041,3.334829278,-78.7987861254,1.56449869017,7.55939448318,-0.0667477803987,0.00288667865884,-0.997765704411
3.62,1.743762828,2.840823905,3.333315055,-78.7577887937,1.54430045352,7.56351156649,-0.0667614862719,0.00281402658785,-0.997764994979
3.621,1.740030275,2.841421837,3.331873859,-78.7086290104,1.52120174934,7.56717566991,-0.0667719641303,0.00274892253042,-0.99776447533
3.622,1.73637573,2.842074068,3.330523335,-78.6542069507,1.49509133783,7.57080432098,-0.0667833858549,0.00268518072965,-0.997763884483
3.623,1.732819199,2.842326664,3.328886186,-78.6036970552,1.46653169489,7.57432654551,-0.0667878477721,0.00262314004814,-0.997763750858
3.624,1.729590417,2.84271254,3.327536265,-78.565161188,1.4352037671,7.57752685828,-0.0667946237442,0.00256682060732,-0.997763443743
3.625,1.726331793,2.843014779,3.326101997,-78.5416183062,1.40169418799,7.58076181338,-0.0667999442565,0.00250997823781,-0.997763232163
3.626,1.723127853,2.843102779,3.324515455,-78.5347883736,1.36836736619,7.58395091131,-0.0668015334115,0.00245408462671,-0.997763264809
3.627,1.720061138,2.843392149,3.323174572,-78.54633632,1.335016264,7.58700574699,-0.0668066254051,0.0024005896987,-0.997763054022
3.628,1.717046423,2.843238864,3.321483955,-78.5741884013,1.29905968245,7.58998886645,-0.066804010556,0.00234799100044,-0.997763354264
3.629,1.714398654,2.843151884,3.320041473,-78.6177305939,1.26016771277,7.59263113993,-0.0668025420458,0.00230179632449,-0.997763560224
3.63,1.711722492,2.842996377,3.318527126,-78.6756275675,1.21933368887,7.59531252031,-0.0667998820059,0.00225510484829,-0.997763844938
3.631,1.709397192,2.842780882,3.317143636,-78.7437057702,1.17631917177,7.59763839281,-0.066796170609,0.00221453242574,-0.997764184283
3.632,1.707332404,2.842181619,3.315566361,-78.8203959878,1.13083409734,7.59972548202,-0.0667857730141,0.00217849636106,-0.997764959636
3.633,1.705351059,2.842085494,3.314464088,-78.9036264584,1.08229307121,7.60173874868,-0.0667841341012,0.00214392738347,-0.997765144214
3.634,1.703713502,2.841954201,3.313509224,-78.9846865141,1.03082691784,7.6034118531,-0.0667818772782,0.00211535560455,-0.997765356253
3.635,1.702202755,2.841905881,3.312691241,-79.0536655792,0.977516631814,7.60495601333,-0.0667810622704,0.00208899873931,-0.997765466333
3.636,1.700950208,2.841697662,3.311869142,-79.1051435477,0.922734064961,7.60623952886,-0.066777458255,0.00206714177745,-0.997765753067
3.637,1.699785954,2.841676375,3.311253072,-79.1405538101,0.86881642127,7.60743907895,-0.0667771076517,0.00204682915605,-0.997765818408
3.638,1.699171599,2.841653744,3.310918321,-79.1649872484,0.818242585024,7.60810039195,-0.0667767252336,0.00203611126566,-0.997765865931
3.639,1.69846467,2.841826321,3.310703713,-79.1819140773,0.770709496129,7.60884519142,-0.0667797422409,0.00202378210604,-0.997765689093
3.64,1.698075601,2.841940957,3.310602535,-79.1909955232,0.725642180024,7.60927712659,-0.066781744686,0.00201699673198,-0.997765568809
3.641,1.69795506,2.842478178,3.311001899,-79.1892838429,0.68304364585,7.60945271358,-0.0667911006537,0.00201490726748,-0.99776494678
3.642,1.697999444,2.842385372,3.310944988,-79.1741382427,0.642923582571,7.60943344767,-0.0667894836818,0.00201567950914,-0.99776505346
3.643,1.698126937,2.842631903,3.311222014,-79.145743967,0.60469948673,7.60936069945,-0.0667937746465,0.00201790894935,-0.997764761711
3.644,1.698579693,2.842648083,3.311468118,-79.1072790534,0.567155843602,7.60893767303,-0.0667940479113,0.00202580833359,-0.99776472741
3.645,1.699119398,2.842784538,3.311862114,-79.0658237032,0.53051927734,7.6084428453,-0.0667964141663,0.00203522759395,-0.997764549833
3.646,1.699608457,2.843117162,3.312398542,-79.0256073976,0.495715999114,7.60797074186,-0.0668021973167,0.00204376762027,-0.9977641452
3.647,1.700095903,2.842903358,3.312465182,-78.9881087276,0.462017989239,7.60750081832,-0.0667984660844,0.00205226566083,-0.997764377563
3.648,1.700666472,2.843124095,3.312947489,-78.9539724196,0.427618402058,7.60693413784,-0.0668022993207,0.00206222555067,-0.997764100392
3.649,1.701089554,2.843161087,3.313196438,-78.9211652253,0.393490640109,7.60651028549,-0.0668029359982,0.00206960696384,-0.997764042482
3.65,1.701457247,2.843243212,3.313455708,-78.8899262006,0.361783719416,7.60614307855,-0.0668043600546,0.00207602422615,-0.997763933805
3.651,1.701911108,2.84300337,3.313482998,-78.8651965343,0.332013206365,7.6056810437,-0.0668001753643,0.00208393612823,-0.997764197484
3.652,1.702320765,2.84339832,3.314032286,-78.847266014,0.303617087278,7.6052697739,-0.0668070454392,0.00209109281006,-0.997763722537
3.653,1.70278908,2.843267224,3.3141604,-78.8316789656,0.276654849604,7.60482128212,-0.0668047549006,0.00209925917077,-0.997763858753
3.654,1.703490896,2.843364018,3.314604075,-78.8187677269,0.250014264204,7.60412491153,-0.0668064277235,0.00211150546774,-0.997763720908
3.655,1.704002752,2.843216091,3.314740279,-78.810573859,0.223267064182,7.60361068304,-0.0668038434809,0.00212043196957,-0.997763875005
3.656,1.704569941,2.842747478,3.31462998,-78.8103138202,0.19665710863,7.60306950352,-0.0667956739766,0.00213031589624,-0.997764400894
3.657,1.705044122,2.842858944,3.314969447,-78.8189511884,0.16957134338,7.6026184164,-0.06679760655,0.00213859088061,-0.997764253814
3.658,1.705575365,2.842600839,3.315021396,-78.8318472286,0.14291112278,7.60209280777,-0.0667931024951,0.00214785263653,-0.997764535443
3.659,1.706029717,2.842700901,3.315340979,-78.8467877379,0.117979231025,7.6016646307,-0.0667948371584,0.00215578171879,-0.997764402218
3.66,1.706553617,2.842319744,3.315283816,-78.8623534399,0.0950425494437,7.6011597001,-0.0667881910778,0.00216491284612,-0.997764827344
3.661,1.707131299,2.842258668,3.315528858,-78.8763123137,0.0722095366832,7.60061780465,-0.0667871176882,0.00217498952926,-0.997764877279
3.662,1.707619575,2.842520797,3.316004991,-78.8840692735,0.0482055883104,7.60014162149,-0.0667916728808,0.00218351426788,-0.99776455374
3.663,1.708293486,2.842498972,3.316333372,-78.8825688704,0.0250700203183,7.59947907394,-0.066791281555,0.00219527096401,-0.997764554138
3.664,1.708845056,2.842681202,3.31677371,-78.8751935505,0.00404392578809,7.59895600669,-0.0667944450038,0.00220489741023,-0.997764321142
3.665,1.709325094,2.843004671,3.317298273,-78.8599748573,-0.0143201308305,7.59847169721,-0.0668000682388,0.002213280016,-0.997763926124
3.666,1.71008421,2.842574156,3.317320581,-78.8358671874,-0.0286382176209,7.59772090774,-0.0667925589919,0.00222651338743,-0.997764399396
3.667,1.710545762,2.842834213,3.317781362,-78.809662426,-0.0387397462627,7.59727442552,-0.0667970792496,0.00223457220012,-0.997764078774
3.668,1.711274243,2.842842564,3.318164158,-78.7836591959,-0.0457429756211,7.5965457953,-0.066797211037,0.00224728049627,-0.997764041409
3.669,1.71189765,2.84280672,3.318455004,-78.7600413152,-0.0490686777112,7.59591752877,-0.0667965766919,0.00225815623202,-0.997764059321
3.67,1.712737552,2.843262631,3.319278884,-78.7404276565,-0.0474347780989,7.59507226186,-0.0668044995256,0.00227281965976,-0.997763495591
3.671,1.713420875,2.842992464,3.319400133,-78.7242365253,-0.0419500582666,7.59438515505,-0.0667997838098,0.00228473416283,-0.997763784106
3.672,1.714174113,2.843090855,3.319873265,-78.7127060874,-0.033983686207,7.59363679648,-0.0668014836834,0.00229787776993,-0.997763640115
3.673,1.71484694,2.843159287,3.320279319,-78.7074836175,-0.0238376386355,7.59294225708,-0.0668026628945,0.00230961739098,-0.997763534059
3.674,1.715527748,2.843470613,3.320897557,-78.7051029108,-0.0122963721141,7.59225779784,-0.0668080715419,0.00232150180681,-0.997763144341
3.675,1.716134503,2.843854837,3.321539999,-78.700526742,-0.0016709051166,7.59165392252,-0.0668147507937,0.00233209631112,-0.997762672384
3.676,1.716714418,2.843371204,3.321425627,-78.6940981585,0.00618282608802,7.5910687729,-0.0668063202623,0.0023422022872,-0.997763213223
3.677,1.717260005,2.843485205,3.321805237,-78.6921130188,0.0118775063123,7.59051059823,-0.0668082956246,0.00235172319905,-0.997763058563
3.678,1.717836259,2.843640999,3.322236527,-78.6953099531,0.0177977263684,7.58994545669,-0.0668109973466,0.0023617798151,-0.997762853903
3.679,1.71831339,2.843727936,3.322557672,-78.6993590563,0.0241615904606,7.58946076947,-0.066812503091,0.00237010573021,-0.997762733334
3.68,1.718753186,2.843625183,3.322697202,-78.7022095724,0.0300647920801,7.58902719908,-0.0668107058891,0.00237777688426,-0.997762835425
3.681,1.719358647,2.843564366,3.32295839,-78.703239909,0.0329420305933,7.58842741027,-0.0668096361882,0.00238833751603,-0.997762881829
3.682,1.719700435,2.843438373,3.32302744,-78.7060879377,0.0295968847305,7.58811081318,-0.0668074365764,0.00239429772504,-0.997763014827
3.683,1.720105505,2.843435979,3.323235038,-78.7109086742,0.0211391313374,7.58772898975,-0.0668073876852,0.00240136406168,-0.997763001119
3.684,1.720671015,2.843643927,3.323705692,-78.7143587832,0.0103947053325,7.58717576444,-0.066810998925,0.00241123514425,-0.997762735508
3.685,1.721132038,2.843706064,3.323997544,-78.71629897,0.000740004949358,7.58673852322,-0.0668120725057,0.00241927987771,-0.997762644146
3.686,1.721479573,2.843544114,3.324038966,-78.7168027179,-0.00629958048885,7.58641004159,-0.0668092464037,0.002425338788,-0.997762818673
3.687,1.721995557,2.843659215,3.324404673,-78.7184296672,-0.0126746944683,7.58591904803,-0.0668112412801,0.00243434353232,-0.997762663167
3.688,1.722380722,2.844051436,3.324939687,-78.7205487491,-0.0193259933537,7.58554585971,-0.0668180633194,0.00244107224553,-0.997762189893
3.689,1.722935856,2.843592312,3.324834613,-78.7218084103,-0.0231935420237,7.58500589719,-0.0668100593042,0.00245074563422,-0.99776270216
3.69,1.723348716,2.843875316,3.325290605,-78.7245203959,-0.0223589701581,7.58462157019,-0.0668149800453,0.00245795508957,-0.997762354921
3.691,1.723932925,2.843663446,3.325412233,-78.7313293022,-0.0168179875428,7.58403800029,-0.0668112803863,0.00246814264806,-0.997762577513
3.692,1.724337807,2.843682429,3.325638379,-78.7413104914,-0.00743040971641,7.58365205841,-0.0668116039701,0.00247520603748,-0.997762538348
3.693,1.724952133,2.843119622,3.325475762,-78.7535079596,0.00269726768193,7.58303859314,-0.0668017933315,0.00248591029715,-0.997763168622
3.694,1.725518682,2.843568988,3.326153831,-78.7668549052,0.0121124163523,7.58248984453,-0.0668096082326,0.00249580566933,-0.997762620668
3.695,1.72600023,2.84367756,3.326496484,-78.7742443445,0.0218650791279,7.5819962819,-0.0668114897176,0.00250420836908,-0.997762473629
3.696,1.726496595,2.84336213,3.326484435,-78.7745611408,0.0328630787933,7.58150270995,-0.0668059890207,0.00251286072221,-0.997762820194
3.697,1.726971782,2.843428331,3.326787671,-78.7766242796,0.0442384820178,7.58103762925,-0.0668071326031,0.00252115258595,-0.997762722707
3.698,1.7275414,2.843292225,3.326967082,-78.784024733,0.0564640463733,7.58046207638,-0.0668047529304,0.00253108696803,-0.997762856888
3.699,1.72816897,2.843449427,3.327427329,-78.794035086,0.0716310759103,7.57983172292,-0.0668074791516,0.00254203945793,-0.997762646507
3.7,1.728506353,2.843613979,3.327743181,-78.8019793585,0.0882313907231,7.57950299916,-0.0668103384336,0.00254792915874,-0.99776244003
3.701,1.729037564,2.843606176,3.328012467,-78.8049007161,0.103541492737,7.57895786119,-0.0668101929299,0.0025571961588,-0.997762426066
3.702,1.729485794,2.843705514,3.328330237,-78.8034966869,0.1161769492,7.5785128438,-0.0668119144872,0.00256501841749,-0.99776229071
3.703,1.729813418,2.843672894,3.328472621,-78.801402595,0.124204533202,7.57818863015,-0.0668113405662,0.00257073360431,-0.997762314432
3.704,1.73016912,2.843844539,3.328804132,-78.7988949429,0.126825760108,7.57782699343,-0.0668143232805,0.0025769431031,-0.997762098683
3.705,1.730495019,2.843887061,3.329009856,-78.7942447138,0.124278344685,7.57751439671,-0.0668150576211,0.00258262893426,-0.997762034807
3.706,1.73082892,2.844075144,3.329344106,-78.785959891,0.116919455632,7.57718655431,-0.0668183263038,0.00258845895326,-0.997761800807
3.707,1.73121774,2.843953789,3.329442598,-78.7743389875,0.106015560864,7.5768120801,-0.0668162068271,0.00259523994483,-0.997761925128
3.708,1.731591318,2.844032548,3.329704135,-78.764912022,0.0939511161205,7.57644444218,-0.0668175713344,0.00260175919107,-0.997761816773
3.709,1.731948486,2.844257029,3.330081622,-78.7607480468,0.084890505916,7.57610616882,-0.0668214729239,0.00260799478442,-0.997761539206
3.71,1.732313617,2.844249798,3.330265362,-78.7587544951,0.0801210762877,7.57576393912,-0.066821340467,0.0026143649854,-0.997761531406
3.711,1.732697826,2.84410476,3.33034137,-78.758219099,0.0771902584305,7.57538580346,-0.0668188088369,0.0026210640842,-0.997761683374
3.712,1.733079668,2.844167168,3.330593343,-78.7579263832,0.0756716044163,7.57503142963,-0.0668198881436,0.00262772795485,-0.997761593565
3.713,1.733462191,2.843634129,3.330337254,-78.7586358481,0.0760683045876,7.57465953326,-0.06681060043,0.0026343885881,-0.997762197954
3.714,1.733819771,2.843734012,3.330608672,-78.7659165388,0.0781984429881,7.57431786883,-0.0668123335198,0.00264062858591,-0.99776206541
3.715,1.734236219,2.843648331,3.330752331,-78.7783259861,0.0817603435093,7.57390376691,-0.066810833702,0.00264789219632,-0.99776214659
3.716,1.734631427,2.843322003,3.330679541,-78.7930910729,0.0871616161505,7.57351359183,-0.0668051447768,0.00265477981289,-0.997762509205
3.717,1.735250983,2.843209771,3.330906449,-78.8164200197,0.0960610775746,7.57289754622,-0.0668031802005,0.00266558584572,-0.997762611931
3.718,1.73567445,2.843103478,3.331036353,-78.854604671,0.109385091737,7.57247370443,-0.0668013215424,0.00267297122166,-0.997762716614
3.719,1.736294325,2.842893472,3.331180163,-78.9016068622,0.127084143525,7.57185165293,-0.0667976537675,0.00268377986113,-0.997762933154
3.72,1.736856948,2.843069649,3.331623791,-78.9456823693,0.147859782779,7.57128568089,-0.0668007116669,0.00269360018569,-0.997762701968
3.721,1.737291779,2.843461298,3.332184701,-78.9782655369,0.16980614329,7.57084566494,-0.066807523194,0.00270119539216,-0.997762225376
3.722,1.737744382,2.843373744,3.332345989,-78.9965631172,0.192132452235,7.57036873093,-0.0668059906014,0.00270908873821,-0.997762306593
3.723,1.738135182,2.843439618,3.332606003,-78.994212781,0.214719857668,7.56998223265,-0.0668071308546,0.00271590866746,-0.997762211705
3.724,1.738512542,2.843550207,3.332897184,-78.9632763665,0.237119708081,7.56960429952,-0.0668090488438,0.00272249423609,-0.997762065333
3.725,1.738843166,2.843636082,3.33314292,-78.9151662477,0.258703421573,7.56923954079,-0.0668105388109,0.00272826479104,-0.997761949803
3.726,1.739156825,2.843799619,3.333446075,-78.8656622747,0.279153193295,7.56891186815,-0.0668133804137,0.00273374009763,-0.997761744538
3.727,1.739420257,2.844030912,3.333780835,-78.818662444,0.298915298544,7.56866627873,-0.0668174028928,0.00273834181653,-0.997761462552
3.728,1.739541226,2.843933633,3.333760967,-78.7782088908,0.317361458255,7.56853363882,-0.066815706708,0.00274044934081,-0.997761570354
3.729,1.739730644,2.844020763,3.333934134,-78.7501926813,0.333926823952,7.56833834283,-0.0668172201844,0.00274375590962,-0.997761459914
3.73,1.739853753,2.844130519,3.334092004,-78.7323791942,0.348167297715,7.56822567062,-0.0668191292323,0.00274590663036,-0.997761326152
3.731,1.739856496,2.844318176,3.334253517,-78.7194277309,0.358848663199,7.56823022853,-0.0668223967368,0.00274595917756,-0.997761107181
3.732,1.740086946,2.844339387,3.334391868,-78.710223685,0.365002650763,7.56802046663,-0.0668227614164,0.00274997934365,-0.997761071685
3.733,1.740166843,2.844440011,3.334519398,-78.7060683052,0.367781929142,7.56795449795,-0.0668245120362,0.00275137581308,-0.99776095059
3.734,1.740315937,2.844308551,3.334485072,-78.7091466863,0.367298770852,7.56784291275,-0.0668222208229,0.0027539744369,-0.997761096871
3.735,1.740498637,2.844558373,3.334793523,-78.7193445167,0.362573508842,7.56767916512,-0.0668265669014,0.00275716716758,-0.997760796978
3.736,1.740581495,2.844411377,3.334711385,-78.7355759285,0.354685975388,7.56761603589,-0.0668240059915,0.00275860934585,-0.997760964509
3.737,1.740754152,2.8441108,3.334545136,-78.7565514033,0.346437948758,7.5674585932,-0.0668187701558,0.00276161454148,-0.997761306846
3.738,1.740888011,2.844157455,3.334654809,-78.7809413771,0.339997418001,7.56734153259,-0.0668195793144,0.00276395072361,-0.997761246189
3.739,1.741076538,2.843956412,3.33458177,-78.806896644,0.33711811085,7.56718239818,-0.0668160762566,0.00276723489616,-0.997761471678
3.74,1.741301939,2.843630857,3.334421823,-78.8368582858,0.339479513258,7.56696773525,-0.0668104033758,0.00277115982589,-0.997761840658
3.741,1.741539322,2.843985353,3.334848107,-78.8734896738,0.347709870816,7.56672907951,-0.0668165717624,0.00277530895378,-0.99776141607
3.742,1.741757786,2.843891892,3.334882499,-78.9100845181,0.3614389838,7.56652482759,-0.0668149406608,0.00277911885179,-0.997761514693
3.743,1.741936606,2.843535103,3.334671651,-78.9422948996,0.378089329876,7.56637125932,-0.0668087250891,0.00278223018461,-0.997761922228
3.744,1.742160785,2.843323382,3.334608232,-78.9734966831,0.393668294722,7.56614020553,-0.0668050342808,0.00278613555806,-0.997762158454
3.745,1.742587003,2.843182584,3.334710883,-79.0071628503,0.407619238163,7.56568237983,-0.0668025757272,0.00279356841088,-0.99776230228
3.746,1.742804482,2.843226233,3.334861747,-79.0398678952,0.421339335541,7.56547132927,-0.0668033315655,0.00279736353911,-0.997762241042
3.747,1.743125573,2.842763544,3.334635111,-79.0662794296,0.434561072261,7.56514196463,-0.0667952698746,0.00280295452596,-0.997762765074
3.748,1.74338748,2.843575642,3.335464336,-79.0827026817,0.447126125322,7.56486272502,-0.0668094050058,0.00280754290204,-0.997761805796
3.749,1.74354657,2.843448633,3.335439217,-79.0873433537,0.459809312314,7.56468664714,-0.0668071904745,0.00281031486779,-0.997761946273
3.75,1.743755271,2.843554693,3.33563873,-79.0862598082,0.47411297689,7.56445354223,-0.0668090330822,0.00281395884068,-0.997761812626
3.751,1.743882228,2.843666034,3.335800014,-79.08242196,0.490197088024,7.56431657233,-0.0668109701384,0.00281617574891,-0.997761676666
3.752,1.744060017,2.843996106,3.336174335,-79.0710778043,0.506838794613,7.56411752583,-0.0668167135807,0.0028192849438,-0.997761283283
3.753,1.74408891,2.844288282,3.336438514,-79.0509937864,0.523999508606,7.56406856014,-0.0668217999393,0.00281979599201,-0.99776094121
3.754,1.744298223,2.844069023,3.336361026,-79.0272107373,0.542120230929,7.56384882288,-0.0668179790201,0.00282344285663,-0.997761186783
3.755,1.744277233,2.844264773,3.336516921,-79.0053081346,0.560227130285,7.56386383223,-0.0668213880376,0.0028230814638,-0.997760959505
3.756,1.744329797,2.844256404,3.336537266,-78.9863553756,0.5774150348,7.56379736308,-0.0668212404249,0.00282399797386,-0.997760966797
3.757,1.744291403,2.844438256,3.336672218,-78.9690733392,0.592833258426,7.56384710962,-0.0668244080378,0.00282333230952,-0.997760756537
3.758,1.744322608,2.844596266,3.336823231,-78.9542307712,0.604262588446,7.56383070676,-0.0668271585476,0.00282388019672,-0.997760570769
3.759,1.744249618,2.84468047,3.33685686,-78.9439586679,0.610294283381,7.56390543343,-0.0668286259744,0.00282260887824,-0.997760476081
3.76,1.74430317,2.844325863,3.336582558,-78.9419108651,0.612739640003,7.56387233964,-0.066822451069,0.00282353502943,-0.997760887028
3.761,1.744411096,2.844374857,3.336680746,-78.9498310273,0.612254552352,7.56378328217,-0.0668233017543,0.00282541931167,-0.997760824721
3.762,1.744415547,2.844297474,3.336617107,-78.9624109795,0.607890919889,7.56379886039,-0.0668219548665,0.00282549459455,-0.997760914713
3.763,1.744475069,2.844395686,3.336731947,-78.9715302824,0.599911490845,7.56374658445,-0.066823663281,0.00282653616533,-0.997760797345
3.764,1.744597268,2.843839315,3.336321579,-78.9793609023,0.589826947692,7.56363667604,-0.0668139741789,0.00282865479069,-0.997761440208
3.765,1.74460827,2.843470486,3.336012953,-78.9968936996,0.579196470867,7.56365663547,-0.0668075516693,0.00282883811796,-0.997761869744
3.766,1.744676937,2.84366104,3.336211283,-79.0248178884,0.568951452543,7.56360075314,-0.0668108681934,0.00283004042743,-0.997761644263
3.767,1.744815809,2.843294001,3.33597107,-79.053695213,0.557845568238,7.56348320919,-0.0668044752674,0.00283245471535,-0.997762065467
3.768,1.745061208,2.842845439,3.335717135,-79.079304423,0.545123067515,7.56322411568,-0.066796661044,0.00283672533155,-0.997762576499
3.769,1.745107964,2.842779835,3.335685686,-79.1022275544,0.532021988623,7.56319549333,-0.0667955179587,0.00283753914042,-0.99776265071
3.77,1.745328104,2.842688984,3.335723437,-79.1242761874,0.521677687462,7.56297900859,-0.0667939321895,0.00284137768678,-0.997762745945
3.771,1.745400881,2.84274331,3.335807813,-79.1445660015,0.516394673788,7.56290939058,-0.0667948768249,0.00284264855504,-0.997762679087
3.772,1.745514902,2.843000129,3.336086331,-79.158228161,0.515820141489,7.56278497985,-0.0667993458875,0.00284464386065,-0.997762374211
3.773,1.745834409,2.842812638,3.336093745,-79.1627494043,0.519221936063,7.56245975681,-0.0667960756513,0.00285021374692,-0.997762577249
3.774,1.745935177,2.843314582,3.336574209,-79.1573870567,0.526308678433,7.56235020079,-0.0668048133887,0.00285198278628,-0.9977619872
3.775,1.746024606,2.843283058,3.336594142,-79.1430488662,0.535538039545,7.5622429218,-0.0668042631169,0.00285354277134,-0.997762019583
3.776,1.746306432,2.843324188,3.336776677,-79.1243029263,0.545436386573,7.56194233587,-0.0668049738628,0.00285846067932,-0.997761957919
3.777,1.746415342,2.84360711,3.337074758,-79.1046941509,0.556414099318,7.56182012292,-0.066809898404,0.00286036672274,-0.997761622722
3.778,1.746640039,2.843680654,3.337255023,-79.0823783649,0.56962523892,7.56159074387,-0.0668111746306,0.00286428834614,-0.997761526015
3.779,1.74691514,2.843970986,3.337646398,-79.0585574478,0.585483839569,7.56129142454,-0.0668162247935,0.00286909480722,-0.997761174029
3.78,1.747063349,2.843978668,3.337730517,-79.0346534539,0.60276775505,7.56112423448,-0.0668163555726,0.00287168076922,-0.997761157832
3.781,1.747128582,2.844033084,3.337811029,-79.0097530416,0.619494819145,7.56105411837,-0.0668173018983,0.00287282002854,-0.99776109118
3.782,1.747126257,2.844117757,3.337881959,-78.9859743784,0.632780486081,7.5610450457,-0.0668187770848,0.00287278111129,-0.997760992502
3.783,1.747067777,2.844538123,3.338209542,-78.9661617371,0.641473776659,7.56108691539,-0.066826096818,0.00287177130077,-0.997760505188
3.784,1.746967249,2.844640703,3.338244344,-78.9491227687,0.646318265021,7.56118283877,-0.0668278850061,0.00287001971344,-0.997760390461
3.785,1.746894795,2.844532571,3.338114284,-78.934561989,0.64815067536,7.56125675584,-0.0668260031867,0.0028687536693,-0.99776052014
3.786,1.746915669,2.844405178,3.338016652,-78.9259092762,0.648448925342,7.56123366635,-0.0668237844691,0.00286911457399,-0.997760667701
3.787,1.747000556,2.844555218,3.33818893,-78.9252340086,0.647857507873,7.56116183332,-0.0668263957192,0.00287059844333,-0.997760488544
3.788,1.747106726,2.844291181,3.338019508,-78.9324933413,0.646135004697,7.56105651298,-0.0668217967121,0.00287244487081,-0.997760791244
3.789,1.747037738,2.844263538,3.337959846,-78.9479279072,0.642993306667,7.56115009384,-0.0668213160025,0.00287124079372,-0.997760826904
3.79,1.747032889,2.844312543,3.337999065,-78.9665694275,0.638397217758,7.56116249085,-0.0668221693774,0.00287115673236,-0.997760769994
3.791,1.747090516,2.843773816,3.337570192,-78.9875029397,0.631275582697,7.56111302216,-0.0668127892489,0.00287215006538,-0.997761395298
3.792,1.747133319,2.84368845,3.337519863,-79.0173118695,0.622499892856,7.56108485162,-0.0668113012625,0.00287289467424,-0.997761492793
3.793,1.747265994,2.843307575,3.337264811,-79.0548993672,0.614415995745,7.56096007939,-0.0668046677042,0.00287520057044,-0.997761930319
3.794,1.747278308,2.843785913,3.337678805,-79.0913845409,0.608641038616,7.56096671849,-0.0668129958882,0.00287542630991,-0.997761372024
3.795,1.747319439,2.843616224,3.33755576,-79.1190250107,0.604784574076,7.56092472549,-0.0668100408761,0.00287613972877,-0.99776156784
3.796,1.747258503,2.843572444,3.337486557,-79.140123564,0.601620612303,7.56099529359,-0.0668092795107,0.00287507561927,-0.997761621887
3.797,1.74723572,2.843504471,3.337416717,-79.1556851174,0.598009605478,7.56102708384,-0.0668080963337,0.00287467649858,-0.997761702261
3.798,1.747217643,2.843248781,3.337189404,-79.1663055177,0.59495627007,7.56104517896,-0.06680364472,0.00287435587882,-0.997762001246
3.799,1.747311761,2.843639731,3.337571768,-79.173700023,0.593791211215,7.56094129195,-0.0668104496533,0.00287600631763,-0.997761540853
3.8,1.747372728,2.843467477,3.337456928,-79.1755424604,0.595114296044,7.56088248055,-0.0668074498874,0.00287706653255,-0.997761738657
3.801,1.747428602,2.843571018,3.337574397,-79.1709845914,0.599045585405,7.56081569851,-0.0668092512733,0.00287804323532,-0.997761615223
3.802,1.74741258,2.843550138,3.337548219,-79.1592486422,0.606176905654,7.56082274441,-0.0668088886659,0.00287776321271,-0.99776164031
3.803,1.747474716,2.843959769,3.337929756,-79.1412220716,0.61568119422,7.56075078212,-0.0668160194285,0.00287885665078,-0.997761159663
3.804,1.747619502,2.844212306,3.338220719,-79.1198235563,0.62671658728,7.56058958412,-0.066820413722,0.00288138902796,-0.997760858075
3.805,1.747547624,2.844122749,3.338106785,-79.0962279076,0.639322492382,7.56065285389,-0.0668188564037,0.00288013295028,-0.997760965995
3.806,1.747813538,2.843957732,3.338105412,-79.0729083139,0.653150593192,7.56037267026,-0.0668159784096,0.00288476781788,-0.997761145337
3.807,1.747680732,2.84423406,3.338271309,-79.0511105444,0.667215602814,7.56050768065,-0.0668207917444,0.00288245737885,-0.997760829673
3.808,1.747740184,2.844310192,3.338367298,-79.0326050934,0.67992546865,7.5604290375,-0.0668221165672,0.00288349664519,-0.997760737945
3.809,1.747615389,2.844226188,3.338230392,-79.0199109109,0.690320107845,7.56055278019,-0.0668206555173,0.0028813169548,-0.99776084209
3.81,1.747550117,2.844256461,3.338222015,-79.0131621193,0.698114327586,7.56060567326,-0.0668211843902,0.00288017906761,-0.997760809957
3.811,1.747627136,2.844242173,3.338250162,-79.0134518719,0.703551312801,7.56053312928,-0.0668209342342,0.00288152315792,-0.997760822829
3.812,1.747632084,2.844528652,3.33849684,-79.0170334086,0.70598053829,7.56053169578,-0.0668259216681,0.00288161614666,-0.997760488535
3.813,1.747623299,2.844433677,3.338411319,-79.0174885447,0.705888349428,7.56054407628,-0.0668242683095,0.00288146045362,-0.997760599718
3.814,1.747613514,2.844469946,3.3384371,-79.0164706653,0.705125168232,7.56055168845,-0.0668248996245,0.00288129066335,-0.997760557927
3.815,1.747592777,2.844488672,3.338442199,-79.017190096,0.703565834151,7.56057697906,-0.0668252266885,0.00288092920265,-0.997760537065
3.816,1.747756437,2.84427174,3.338343046,-79.0196139214,0.6996061946,7.56043857328,-0.0668214459465,0.00288377917226,-0.997760782041
3.817,1.747640277,2.844455868,3.338439115,-79.0242478321,0.693418155182,7.56056088203,-0.0668246543907,0.00288175717707,-0.997760573004
3.818,1.747682783,2.844159582,3.338208926,-79.0321048999,0.686175275797,7.56052243877,-0.0668194950578,0.00288249152907,-0.997760916414
3.819,1.747715508,2.844110092,3.338183895,-79.0450967726,0.678561652166,7.56050932687,-0.0668186321277,0.00288306097774,-0.997760972558
3.82,1.747722475,2.844171787,3.338240106,-79.0605598115,0.671506771433,7.56050102233,-0.0668197062804,0.00288318465037,-0.997760900266
3.821,1.747764188,2.843859685,3.33799604,-79.0743052534,0.66586934796,7.56046991875,-0.066814271254,0.00288390508392,-0.997761262151
3.822,1.747846179,2.843866964,3.338045173,-79.0873438203,0.661990722761,7.56038508352,-0.0668143971704,0.00288533534852,-0.997761249584
3.823,1.747849894,2.844251827,3.33837501,-79.0974703209,0.660903467349,7.56038636124,-0.0668210974718,0.00288540926689,-0.997760800666
3.827,1.747849964,2.843660832,3.337871541,-79.1175607353,0.671903894898,7.56038980367,-0.066810807419,0.00288539692882,-0.997761489784
3.828,1.747893265,2.843913992,3.338109893,-79.1192613099,0.675297917832,7.56034402201,-0.0668152154037,0.00288615789001,-0.997761192412
3.829,1.747918579,2.844183367,3.338352645,-79.1158316747,0.677911903971,7.56030136205,-0.0668199043742,0.0028866061068,-0.997760877107
3.83,1.747862644,2.844041985,3.338202905,-79.1058570531,0.680450994026,7.5603553056,-0.0668174437071,0.00288562638729,-0.997761044728
3.831,1.747903205,2.844609516,3.338707671,-79.0902083318,0.683838031308,7.56031641506,-0.0668273250853,0.00288634773788,-0.997760380862
3.832,1.747936909,2.843999194,3.338205334,-79.0729488843,0.687970307989,7.56028287446,-0.0668166981687,0.00288692136956,-0.997761090908
3.833,1.747943585,2.844358979,3.338515355,-79.0594573368,0.692521612219,7.56026247216,-0.0668229623349,0.00288704592244,-0.997760671038
3.834,1.74794215,2.844288335,3.338454417,-79.0480510035,0.697087618272,7.56025976516,-0.0668217324234,0.00288701996732,-0.997760753483
3.835,1.748010659,2.844151759,3.338373929,-79.0387931724,0.701791703383,7.56018622272,-0.0668193525702,0.00288821136578,-0.997760909415
3.836,1.747924702,2.844139174,3.3383182,-79.0352083338,0.706507536223,7.5602703142,-0.0668191346501,0.0028867116964,-0.997760928349
3.837,1.747867643,2.843869893,3.338058907,-79.0370259252,0.71030577901,7.5603185712,-0.0668144473271,0.00288570965714,-0.997761245142
3.838,1.747915608,2.844089852,3.338271418,-79.0440137424,0.712796777521,7.56029382373,-0.0668182762623,0.00288655186422,-0.997760986297
3.839,1.748008126,2.84404501,3.338281657,-79.0533890979,0.713731356701,7.56021055898,-0.0668174937119,0.00288816525852,-0.997761034033
3.84,1.747903791,2.84378801,3.338008075,-79.0631775723,0.712463632815,7.56030520764,-0.0668130216784,0.00288633883944,-0.997761338789
3.841,1.748094564,2.844036023,3.338319264,-79.0723607669,0.707700626501,7.56011411508,-0.0668173362132,0.00288967295041,-0.997761040215
3.842,1.747970204,2.844287702,3.338468566,-79.0760405053,0.699937533138,7.56025439396,-0.0668217208339,0.00288750861493,-0.997760752845
3.843,1.747982545,2.84412937,3.338340134,-79.0734187421,0.689841140445,7.5602560367,-0.0668189637033,0.00288772026291,-0.997760936879
3.844,1.747943989,2.844193925,3.338374945,-79.0708351711,0.677822928349,7.56029896169,-0.0668200878806,0.00288704942373,-0.997760863535
3.845,1.748036143,2.843837698,3.338119712,-79.07161872,0.666177459422,7.56020489184,-0.0668138835806,0.00288864871835,-0.997761274389
3.846,1.748085072,2.844011984,3.338293813,-79.0755614943,0.656718314119,7.5601785337,-0.066816917781,0.00288950612821,-0.99776106872
3.847,1.748156365,2.843900092,3.338235823,-79.0802809653,0.649803034971,7.56010316006,-0.0668149677991,0.00289074719134,-0.997761195707
3.848,1.748125962,2.844035893,3.338335594,-79.083052125,0.645344814416,7.5601415529,-0.0668173331267,0.00289022070989,-0.997761038835
3.849,1.748109572,2.844079795,3.338364413,-79.082958257,0.643026222453,7.56015422993,-0.0668180983998,0.00288993543777,-0.997760988413
3.85,1.748003767,2.844129475,3.338351335,-79.0808589804,0.642124198931,7.56026516736,-0.0668189645766,0.00288809051747,-0.997760935749
3.851,1.748160749,2.844103483,3.338411392,-79.0795937658,0.643319305839,7.56010255864,-0.0668185098267,0.00289082847561,-0.997760958274
3.852,1.748211858,2.844127038,3.338458224,-79.0791821877,0.6471582457,7.56004797213,-0.0668189188164,0.00289172100161,-0.997760928298
3.853,1.7481435,2.844348324,3.338610952,-79.0762554094,0.653034628677,7.56011481004,-0.0668227730545,0.00289053411593,-0.997760673616
3.854,1.748267399,2.844218337,3.338565088,-79.0706978116,0.66009599726,7.55998479122,-0.0668205071429,0.00289269183724,-0.997760819114
3.855,1.748244248,2.844178415,3.338518954,-79.0687570921,0.667682817519,7.56000040204,-0.0668198122152,0.00289228693023,-0.997760866827
3.856,1.748258862,2.844130627,3.338485895,-79.0719574798,0.674994553577,7.55998408614,-0.0668189805806,0.00289254070452,-0.997760921786
3.857,1.748303205,2.844141549,3.338518421,-79.0766519251,0.681983554859,7.55993543971,-0.0668191691878,0.00289331527456,-0.997760906909
3.858,1.748251107,2.844166505,3.338512399,-79.0792550191,0.689075010959,7.55999184683,-0.0668196051855,0.00289240650003,-0.997760880345
3.859,1.748311118,2.844192657,3.338566105,-79.0789954374,0.696275051278,7.55992754945,-0.0668200595331,0.00289345413338,-0.99776084688
3.86,1.748382489,2.844203252,3.338612506,-79.078829321,0.703416930759,7.55984346695,-0.0668202422855,0.00289469919696,-0.99776083103
3.861,1.748412673,2.844314453,3.338723047,-79.0793908272,0.709570782934,7.55981950874,-0.0668221781621,0.00289522905841,-0.997760699845
3.862,1.748381864,2.844125392,3.338545849,-79.0785016863,0.713041745494,7.55984937817,-0.0668188867125,0.00289468683777,-0.997760921848
3.863,1.748371201,2.844560356,3.338910822,-79.0742256859,0.714086020607,7.55985125156,-0.0668264601919,0.00289451096722,-0.997760415142
3.864,1.748444362,2.844285289,3.338714796,-79.0674443234,0.713848043838,7.55977839236,-0.066821670208,0.00289578060994,-0.997760732263
3.865,1.748462161,2.844247188,3.33869166,-79.0647225925,0.71340296778,7.55977163694,-0.0668210063715,0.00289609045384,-0.997760775821
3.866,1.748448032,2.843957395,3.338437387,-79.0670127457,0.712844809738,7.5597847257,-0.0668159604111,0.00289583735285,-0.997761114476
3.867,1.748367986,2.844283821,3.33867355,-79.0699272577,0.712091453441,7.55985416018,-0.0668216453526,0.00289444814586,-0.997760737794
3.868,1.748345413,2.844319795,3.338692376,-79.070423634,0.710934189341,7.559891855,-0.0668222720506,0.00289405534137,-0.997760696962
3.869,1.748553215,2.844180963,3.338682928,-79.0716450449,0.709419556786,7.55967941528,-0.0668198514843,0.00289767778089,-0.997760848556
3.87,1.748407368,2.843927485,3.33839061,-79.0785654182,0.707154127253,7.55984471139,-0.0668154403282,0.00289512744407,-0.997761151364
3.871,1.748402063,2.844095261,3.338530758,-79.0889607135,0.703132729938,7.5598407337,-0.0668183618711,0.00289503889186,-0.997760955974
3.872,1.748459316,2.844335448,3.338765359,-79.096161922,0.696657397056,7.55979895382,-0.0668225428593,0.00289604265908,-0.997760673059
3.873,1.748476798,2.84415247,3.338618635,-79.0970213248,0.689835495544,7.55978727303,-0.066819356608,0.00289634360385,-0.997760885571
3.874,1.748556479,2.844190043,3.338692373,-79.094827203,0.68416242425,7.55970485637,-0.0668200096432,0.00289773437689,-0.9977608378
3.875,1.7485045,2.844174328,3.338651763,-79.0920039238,0.680039506967,7.55975058659,-0.066819736636,0.00289682761686,-0.997760858716
3.876,1.748496664,2.844088723,3.338574733,-79.090442407,0.677861865266,7.55976964532,-0.066818246094,0.00289668834242,-0.99776095894
3.877,1.748603954,2.843985721,3.338543181,-79.0912225994,0.677216950182,7.55965065193,-0.0668164513466,0.00289855862262,-0.997761073698
3.878,1.748474062,2.844148076,3.338613458,-79.0925199252,0.677550918465,7.55978975575,-0.0668192806128,0.00289629588958,-0.997760890799
3.879,1.748558605,2.844317583,3.338802137,-79.0907515833,0.678084385186,7.5596886223,-0.0668222304058,0.00289777525347,-0.997760688954
3.88,1.748516265,2.84428027,3.338748176,-79.0867188792,0.678836261925,7.55974262788,-0.0668215810194,0.00289703489568,-0.997760734595
3.881,1.748631041,2.844131934,3.338681922,-79.0827385784,0.681165370983,7.5596201853,-0.0668189967844,0.00289903438766,-0.997760901854
3.882,1.748713168,2.844268569,3.338841332,-79.079861259,0.686196968321,7.55953140283,-0.0668213738843,0.0029004696325,-0.997760738488
3.883,1.748587182,2.844250195,3.338759695,-79.0775592327,0.69307201901,7.55965827048,-0.0668210557589,0.00289827178549,-0.99776076618
3.884,1.748531048,2.844143027,3.338639002,-79.074671229,0.699347478912,7.55971232604,-0.0668191916034,0.00289729021408,-0.997760893873
3.885,1.7486192,2.844276524,3.338798893,-79.0727740449,0.704736072749,7.55962080497,-0.0668215145621,0.00289883051283,-0.99776073383
3.886,1.748633696,2.844049198,3.338612832,-79.0732068181,0.70989469411,7.55960129872,-0.0668175559813,0.0028990786816,-0.997760998213
3.887,1.748617217,2.844419833,3.338919939,-79.0752099813,0.714943555314,7.55960028103,-0.0668240092369,0.0028987992412,-0.997760566846
3.888,1.748750067,2.844140702,3.338751733,-79.075597941,0.719832266429,7.55948127582,-0.0668191472168,0.00290111088802,-0.997760885744
3.889,1.748652668,2.844412063,3.338931886,-79.0748168441,0.724201025389,7.55958422561,-0.0668238733175,0.00289941807336,-0.997760574151
3.89,1.748677554,2.84424026,3.338798563,-79.0742991249,0.727526273175,7.55955563555,-0.0668208820607,0.00289984823304,-0.997760773232
3.891,1.748612127,2.844519663,3.339002319,-79.073328872,0.729533912238,7.55961766105,-0.0668257478978,0.00289871357875,-0.997760450648
3.892,1.748735144,2.844053881,3.338669957,-79.072712032,0.730239866426,7.5595005315,-0.0668176350463,0.00290084800418,-0.997760987776
3.893,1.748677329,2.844330757,3.338875538,-79.0750434068,0.729375192229,7.55955988774,-0.0668224573989,0.00289984589211,-0.997760667736
3.894,1.748697699,2.844185197,3.338762207,-79.0782278807,0.726259739734,7.55954341334,-0.0668199226756,0.00290019786292,-0.997760836466
3.895,1.74875482,2.844342609,3.33892622,-79.0786689768,0.721771371208,7.55947334085,-0.0668226626023,0.00290119885256,-0.99776065006
3.896,1.74868619,2.844085861,3.338671559,-79.0767583047,0.71719164216,7.55956632477,-0.0668181929824,0.00289999471983,-0.997760952893
3.897,1.748704113,2.844311425,3.338873097,-79.0772598974,0.712414821523,7.55954473653,-0.0668221206245,0.00290031348673,-0.997760688931
3.898,1.74869914,2.844171836,3.338751581,-79.0805764866,0.707995749713,7.55954166335,-0.0668196901347,0.00290022284952,-0.997760851967
3.899,1.748883258,2.843972003,3.338677793,-79.0847255765,0.704945636353,7.55936201486,-0.0668162073554,0.00290343034563,-0.997761075873
3.9,1.748649586,2.844208469,3.338756833,-79.0883501127,0.702337844082,7.55961179917,-0.0668203285938,0.00289935943469,-0.997760811719
3.901,1.748721881,2.84425749,3.338836457,-79.090147534,0.699869686243,7.55953193864,-0.0668211810776,0.00290062221275,-0.997760750957
3.902,1.748669546,2.844131921,3.338702078,-79.0896382652,0.697631193759,7.55958710812,-0.0668189957415,0.00289970552772,-0.997760899974
3.903,1.748782536,2.844067781,3.338706621,-79.0883915443,0.696316782407,7.55946655455,-0.0668178768324,0.0029016755038,-0.997760969178
3.904,1.748677163,2.84429968,3.338848977,-79.0881612158,0.696424824746,7.55957994335,-0.0668219160017,0.00289984236631,-0.997760704005
3.905,1.74870379,2.844096552,3.338689884,-79.0889004395,0.697459086991,7.55954722779,-0.0668183786727,0.0029003021007,-0.997760939564
3.906,1.748709288,2.844156089,3.338743481,-79.0901342278,0.699002646474,7.55953499185,-0.0668194158345,0.0029003997281,-0.997760869823
3.907,1.748714454,2.844362568,3.33892208,-79.089446788,0.7014369728,7.55953214812,-0.0668230109235,0.00290049507519,-0.997760628778
3.908,1.74879596,2.844313796,3.338923222,-79.0850384473,0.704405463407,7.5594618909,-0.0668221603476,0.00290191527376,-0.997760681614
3.909,1.748871918,2.844385861,3.339024395,-79.078103612,0.706900860302,7.5593786587,-0.0668234133758,0.0029032423164,-0.997760593834
3.91,1.748827164,2.844037066,3.338703833,-79.0724569293,0.709418893916,7.55941391055,-0.0668173407075,0.00290245384806,-0.997761002817
3.911,1.74883765,2.844304758,3.338937358,-79.0702058201,0.712426888864,7.55940080905,-0.0668220018242,0.00290264226423,-0.997760690116
3.912,1.748832442,2.844249353,3.338887434,-79.0695146075,0.71566782765,7.55940284152,-0.0668210370257,0.00290255099501,-0.997760754995
3.913,1.748835893,2.844311222,3.338941944,-79.0710130805,0.718967982864,7.55939322667,-0.0668221139697,0.00290261208347,-0.997760682693
3.914,1.74885122,2.844262653,3.338908598,-79.0750358299,0.72149405325,7.5593889296,-0.0668212681668,0.00290287815962,-0.997760738564
3.915,1.748762377,2.844464734,3.339034213,-79.0766764346,0.722308202175,7.55948541108,-0.0668247880196,0.00290133362291,-0.997760507321
3.916,1.748758712,2.844098514,3.338720322,-79.0773871502,0.721458375494,7.55949718413,-0.0668184121765,0.00290126102424,-0.997760934532
3.917,1.748901087,2.844335662,3.338996911,-79.0821245631,0.720420880584,7.55933882484,-0.0668225387796,0.00290374996745,-0.997760650931
3.918,1.748846309,2.844583563,3.339179399,-79.0852366527,0.720642238301,7.55938625125,-0.0668268560281,0.00290279993616,-0.997760364549
3.919,1.748836768,2.844351502,3.338976716,-79.0817630666,0.721745616308,7.5594074773,-0.0668228153412,0.00290262889163,-0.997760635671
3.92,1.748840386,2.844269923,3.338909117,-79.0769129567,0.722220419305,7.55940808147,-0.066821395564,0.00290268932465,-0.997760730581
3.921,1.748872662,2.843984072,3.338682523,-79.0756731056,0.721949900322,7.55937942,-0.0668164172351,0.0029032459965,-0.997761062354
3.922,1.748850566,2.84413432,3.338798935,-79.0789583613,0.721047308057,7.55939379238,-0.0668190337925,0.00290286416305,-0.997760888241
3.923,1.748855646,2.844172443,3.338834071,-79.0850710148,0.719465793034,7.55939197115,-0.0668196975224,0.00290295394889,-0.99776084353
3.924,1.748981304,2.844209041,3.338931068,-79.0903392189,0.717715992777,7.55927359801,-0.0668203321833,0.00290514652177,-0.997760794645
3.925,1.748862036,2.844167307,3.338833044,-79.090989738,0.716288682809,7.55939137778,-0.0668196083189,0.00290306495614,-0.997760849181
3.926,1.748843598,2.844233924,3.338880133,-79.0885512118,0.715047408396,7.55941113444,-0.066820767959,0.00290274446364,-0.997760772452
3.927,1.748848037,2.844022549,3.338702399,-79.0871232415,0.714423077664,7.55939360587,-0.0668170880743,0.00290281738625,-0.997761018678
3.928,1.748823652,2.844177741,3.338821827,-79.0879643674,0.714418315652,7.55944087186,-0.066819790751,0.00290239571493,-0.99776083891
3.929,1.748902963,2.84425275,3.338927265,-79.0878231289,0.713762964691,7.55934995659,-0.0668210949912,0.00290378051318,-0.997760747536
3.93,1.748863461,2.844105831,3.338781422,-79.086487434,0.712683208977,7.55938649202,-0.0668185380219,0.00290308818359,-0.99776092079
3.931,1.748882654,2.844182825,3.338857062,-79.0863401797,0.712308466827,7.55936540711,-0.0668198774971,0.00290342446336,-0.997760830108
3.932,1.748747025,2.844319405,3.33890237,-79.0866648144,0.713024432546,7.55950378715,-0.0668222588743,0.00290106204089,-0.997760677496
3.933,1.748847318,2.843906608,3.338603261,-79.0871762819,0.714125624811,7.55940296476,-0.0668150689187,0.00290280210891,-0.997761153937
3.934,1.748807451,2.844481189,3.339071837,-79.0877980302,0.715145162081,7.55943443439,-0.0668250742584,0.0029021198494,-0.997760485864
3.935,1.748879456,2.844305227,3.338959655,-79.0852518329,0.716096410003,7.55937830076,-0.0668220090667,0.00290337210436,-0.997760687507
3.936,1.749002425,2.844299082,3.33901883,-79.0819656116,0.716891457843,7.55924046857,-0.0668219003065,0.00290551727685,-0.997760688546
3.937,1.749069041,2.844278105,3.339035856,-79.0789902657,0.718257287558,7.55917496183,-0.0668215337694,0.00290667859409,-0.997760709712
3.938,1.74905321,2.843769151,3.338594033,-79.0765654719,0.720107400306,7.55918181176,-0.0668126722341,0.00290639100402,-0.99776130398
3.939,1.748840807,2.844211762,3.338859793,-79.0755304318,0.721999284184,7.55940644354,-0.066820382577,0.00290269598173,-0.997760798402
3.94,1.748992593,2.844153736,3.33888987,-79.0752011013,0.723196680278,7.55925220791,-0.0668193696199,0.0029053423985,-0.997760858537
3.941,1.748888904,2.844502338,3.339132514,-79.0748054111,0.72331121296,7.55935732898,-0.0668254409238,0.00290354128342,-0.997760457171
3.942,1.748893099,2.844444704,3.339085615,-79.0711354945,0.722886750845,7.55935221881,-0.0668244372905,0.00290361298677,-0.99776052418
3.943,1.748859683,2.844287006,3.338933776,-79.0668484109,0.722925900917,7.55938764956,-0.0668216921724,0.00290302625043,-0.997760709736
3.944,1.748933199,2.844431586,3.339095444,-79.0664418131,0.723759121423,7.55930741458,-0.0668242083758,0.00290431290956,-0.997760537475
3.945,1.749066302,2.844191233,3.338960421,-79.0675388789,0.724913168253,7.55916875197,-0.0668200205777,0.00290662878875,-0.997760811196
3.946,1.748930393,2.844235916,3.338927292,-79.0690304371,0.725336900013,7.55931402279,-0.0668208014723,0.00290425919503,-0.9977607658
3.947,1.748919023,2.844159363,3.338856126,-79.0723051549,0.724916278136,7.55932748693,-0.066819468569,0.00290405928576,-0.997760855646
3.948,1.748952664,2.84419437,3.338903568,-79.0767106284,0.723678842513,7.55929015791,-0.0668200777026,0.00290464653592,-0.997760813143
3.949,1.748889662,2.844315675,3.3389739,-79.080993927,0.721568414224,7.5593564037,-0.066822190886,0.00290355079519,-0.99776067481
3.95,1.748881889,2.844180314,3.338854523,-79.0855313329,0.71732422311,7.55936895898,-0.0668198337434,0.00290341170986,-0.997760833075
3.951,1.749004234,2.843933881,3.338708692,-79.0916720334,0.712152745195,7.55924418828,-0.0668155409276,0.00290554015825,-0.997761114359
3.952,1.749023409,2.844172544,3.338922034,-79.095492397,0.708081908457,7.55922287065,-0.0668196967241,0.00290587986019,-0.997760835066
3.953,1.748957768,2.844142468,3.338862029,-79.094802703,0.705169557812,7.559292189,-0.0668191736529,0.00290473465939,-0.997760873431
3.954,1.749002043,2.844001848,3.33876544,-79.0936925956,0.702761162462,7.55925005423,-0.0668167248558,0.00290550371635,-0.997761035182
3.955,1.748967826,2.84405293,3.338791027,-79.0940390497,0.701545037612,7.55927867909,-0.0668176144451,0.00290490805658,-0.997760977343
3.956,1.748947849,2.844403928,3.339079556,-79.091419015,0.701712340529,7.55930298225,-0.0668237265349,0.00290456702372,-0.997760569006
3.957,1.748998216,2.844410423,3.339111471,-79.0840730261,0.702145075834,7.55925439201,-0.066823838217,0.00290544588488,-0.997760558967
3.958,1.748956155,2.844423402,3.339100496,-79.0769904042,0.702439666862,7.559305397,-0.0668240650179,0.00290471243074,-0.997760545913
3.959,1.748962337,2.844389631,3.339074966,-79.0719526782,0.703057919018,7.55929810229,-0.0668234777684,0.00290481974401,-0.997760584931
3.96,1.749024232,2.844183969,3.338932197,-79.0685792854,0.70426902526,7.55922076588,-0.0668198953357,0.00290589510749,-0.997760821721
3.961,1.749023371,2.844116699,3.338874443,-79.0673545428,0.706677900999,7.55922656614,-0.0668187236834,0.00290587881309,-0.997760900233
3.962,1.748967716,2.844244428,3.338954094,-79.0675741508,0.709285313529,7.55929001899,-0.0668209486358,0.00290491041007,-0.997760754048
3.963,1.749063711,2.844199918,3.338966463,-79.0691893181,0.711582953631,7.5591855447,-0.0668201725708,0.00290658380849,-0.997760801148
3.964,1.749109685,2.844288413,3.339065928,-79.0712438274,0.71430475078,7.55914079249,-0.0668217120393,0.00290738868003,-0.997760695704
3.965,1.749037186,2.84461888,3.339309457,-79.0701507173,0.717060432586,7.55922355039,-0.0668274677846,0.00290613143258,-0.997760313878
3.966,1.749046026,2.844177124,3.338937782,-79.0687338533,0.71878229133,7.55921587999,-0.0668197757043,0.00290627498057,-0.997760828626
3.967,1.749064838,2.844210208,3.338975818,-79.0719808641,0.71994666645,7.55918991364,-0.0668203510913,0.0029066036715,-0.997760789135
3.968,1.748958447,2.844054041,3.338787061,-79.077613704,0.721063484427,7.55928465429,-0.0668176339541,0.00290474381444,-0.997760976515
3.969,1.749050762,2.844106298,3.338879932,-79.0829965939,0.72209638381,7.55920683547,-0.0668185421363,0.00290635544482,-0.997760911003
3.97,1.749081409,2.844159099,3.338940963,-79.0880438248,0.723057666134,7.55918001602,-0.0668194616559,0.00290689172709,-0.997760847861
3.971,1.74898706,2.844328409,3.339035764,-79.0911235774,0.723713525921,7.55927599106,-0.0668224106971,0.00290525018104,-0.997760655142
3.972,1.749081979,2.8441384,3.33892363,-79.0905250563,0.723808306215,7.55917078486,-0.0668191010201,0.00290690082922,-0.997760871986
3.973,1.749074353,2.844282063,3.339042011,-79.0875741432,0.723780616221,7.55918413046,-0.0668216027463,0.00290677133126,-0.997760704822
3.974,1.749091418,2.84413349,3.338924393,-79.0837371313,0.723657611603,7.55916634752,-0.0668190153092,0.00290706541254,-0.997760877247
3.975,1.749071451,2.844004053,3.338803677,-79.0809940575,0.723790452864,7.55918377359,-0.0668167621802,0.00290671411527,-0.997761029157
3.976,1.74905498,2.843908492,3.33871365,-79.0812568769,0.724301245193,7.55920028235,-0.0668150985088,0.00290642485983,-0.997761141409
3.977,1.749075885,2.844004191,3.338806117,-79.0831657445,0.725130440288,7.55918385295,-0.0668167643878,0.00290679219672,-0.997761028782
3.978,1.748988489,2.84411561,3.338855243,-79.0828855927,0.725762761354,7.55927309224,-0.066818706185,0.00290527006157,-0.997760903178
3.979,1.749170941,2.843992552,3.338846001,-79.0803399694,0.725918590853,7.55907869801,-0.0668165597448,0.00290844989944,-0.997761037655
3.98,1.748983448,2.84416867,3.338897801,-79.0790270943,0.724809608364,7.55928179862,-0.0668196294328,0.00290518330308,-0.997760841601
3.981,1.749018311,2.844271072,3.339003292,-79.0787019882,0.721032293594,7.55925315738,-0.0668214122561,0.00290579351747,-0.997760720428
3.982,1.749040294,2.844082664,3.338854317,-79.0780466382,0.715711105668,7.5592183145,-0.0668181309423,0.00290617272818,-0.997760939072
3.983,1.749058047,2.844141634,3.338913848,-79.0775493693,0.711280404115,7.55920462488,-0.066819157883,0.00290648378256,-0.997760869393
3.984,1.749069285,2.844080509,3.338867668,-79.0770229108,0.708253934863,7.55920383448,-0.0668180926637,0.0029066785404,-0.997760940162
3.985,1.749050364,2.843984249,3.338775762,-79.0768410451,0.706500549831,7.55921074631,-0.0668164175097,0.00290634608167,-0.997761053311
3.986,1.749075355,2.844530243,3.339253944,-79.0735104602,0.706090188528,7.55918449568,-0.0668259237994,0.00290679446609,-0.997760415357
3.987,1.749139732,2.843994137,3.338831001,-79.0659460226,0.70600737358,7.55911544697,-0.0668165883283,0.00290790563987,-0.997761037328
3.988,1.74917756,2.843968332,3.338828838,-79.062857557,0.706399682956,7.55907820757,-0.0668161381117,0.00290856434561,-0.997761065557
3.989,1.748938942,2.8443248,3.339007486,-79.0638357606,0.707144607156,7.55931805194,-0.0668223488309,0.00290441041009,-0.997760661731
3.99,1.749063612,2.843966957,3.338767972,-79.0632283282,0.707987965357,7.55919726249,-0.0668161157725,0.00290657666166,-0.997761072845
3.991,1.7491178,2.84419313,3.338989014,-79.0611264781,0.708939745444,7.55913174919,-0.0668200534031,0.00290752799195,-0.997760806378
3.992,1.749192789,2.844298983,3.339118464,-79.059787246,0.710005626392,7.55906755819,-0.0668218950647,0.00290883773499,-0.997760679223
3.993,1.749091085,2.844389499,3.339142292,-79.059788306,0.711781851697,7.55916641237,-0.0668234725047,0.00290706600757,-0.997760578741
3.994,1.7490547,2.84435966,3.339097816,-79.0603183162,0.714001928071,7.55919520004,-0.0668229538328,0.002906430636,-0.997760615329
3.995,1.749164835,2.844169369,3.338993414,-79.0614553988,0.715828943303,7.55908974123,-0.0668196385001,0.00290834715964,-0.997760831777
3.996,1.749134995,2.844694474,3.339425083,-79.0631544093,0.717102032964,7.55913466797,-0.0668287815273,0.00290783969732,-0.997760220909
3.997,1.749166539,2.844275817,3.33908498,-79.0627942688,0.717607087114,7.55908837674,-0.0668214917041,0.00290837966833,-0.997760707572
3.998,1.749139916,2.84446409,3.33923141,-79.0617095645,0.718793460061,7.55910906292,-0.0668247704043,0.00290792018694,-0.997760489326
3.999,1.749194275,2.843998087,3.33886294,-79.0628569699,0.720798924472,7.55904950014,-0.0668166557808,0.0029088567246,-0.997761030038
4,1.749135449,2.844027106,3.33885684,-79.0690816749,0.722298436386,7.55911651574,-0.0668171620541,0.00290783125709,-0.997760999124
4.001,1.749145616,2.844158345,3.338973956,-79.0756917493,0.722906022937,7.55910932272,-0.0668194467758,0.0029080117669,-0.997760845594
4.002,1.749279439,2.844286816,3.339153493,-79.0766648153,0.723240033212,7.55896774007,-0.0668216815252,0.00291034920509,-0.997760689116
4.003,1.749189854,2.844089234,3.338938262,-79.0734491768,0.723914937185,7.55905239023,-0.0668182432586,0.00290878237,-0.997760923946
4.004,1.74912198,2.844310209,3.339090934,-79.0704432318,0.724400882999,7.55914327023,-0.0668220913348,0.00290760293763,-0.997760669677
4.005,1.749186131,2.843951208,3.338818742,-79.0714224193,0.723950375671,7.55907323936,-0.0668158399536,0.00290871354295,-0.997761085088
4.006,1.749052754,2.84422292,3.338980317,-79.0760082104,0.723317401942,7.55919138914,-0.0668205732951,0.00290639384936,-0.997760774865
4.007,1.749118983,2.844443384,3.339202806,-79.0783191058,0.723018117983,7.55914375627,-0.0668244106291,0.00290755423104,-0.997760514489
4.008,1.749093277,2.844324683,3.339088228,-79.0745007372,0.722275066955,7.55917387363,-0.0668223442372,0.0029071028359,-0.997760654197
4.009,1.749025686,2.843975259,3.338755176,-79.0701646387,0.721459475795,7.55922237616,-0.0668162609893,0.00290591569221,-0.997761065046
4.01,1.749219339,2.844144347,3.339000653,-79.0706913155,0.721446052156,7.5590191875,-0.0668192021121,0.00290929794614,-0.997760858229
4.011,1.749007599,2.844338639,3.339055236,-79.0742385158,0.721698296151,7.55925260365,-0.0668225888225,0.00290560827754,-0.99776064217
4.012,1.749137922,2.844360157,3.339141832,-79.0767836538,0.721131064077,7.55911726413,-0.066822961016,0.00290788236045,-0.997760610618
4.013,1.749176509,2.844122611,3.338959701,-79.0775003973,0.720513657765,7.55906533568,-0.0668188244047,0.00290854983439,-0.997760885705
4.014,1.749232692,2.844129926,3.338995365,-79.0778665452,0.720895457708,7.55901491724,-0.0668189509813,0.00290953039213,-0.99776087437
4.015,1.749197222,2.84419906,3.339035671,-79.0761354839,0.72171436211,7.5590521176,-0.0668201548349,0.00290891368545,-0.997760795546
4.016,1.749204762,2.843983859,3.338856314,-79.0726157411,0.722554337712,7.55904139497,-0.0668164082013,0.00290904004664,-0.997761046083
4.017,1.749314935,2.843967142,3.338899795,-79.0716939242,0.723010661578,7.55894256872,-0.0668161147882,0.00291096106145,-0.997761060129
4.018,1.749169018,2.84415158,3.338980453,-79.0728856818,0.722818432689,7.5590854549,-0.0668193283266,0.00290841979575,-0.997760852337
4.019,1.749205754,2.844018588,3.338886416,-79.0731773442,0.721641784328,7.55905572707,-0.0668170129283,0.00290905753983,-0.997761005536
4.02,1.749139826,2.844090861,3.33891344,-79.0720670832,0.719907189182,7.559120277,-0.0668182721738,0.00290790904954,-0.997760924555
4.021,1.749129619,2.844273922,3.339064025,-79.0697637052,0.718349989643,7.55912263946,-0.066821459625,0.00290773591073,-0.997760711596
4.022,1.749188417,2.844288496,3.339107241,-79.0675062784,0.717092196249,7.5590606906,-0.0668217124336,0.00290876189057,-0.997760691675
4.023,1.749224624,2.843847896,3.33875091,-79.067071476,0.716308663444,7.55903677084,-0.0668140402781,0.0029093825951,-0.997761203653
4.024,1.749145617,2.84415649,3.338972376,-79.0701838742,0.715797322574,7.55910201729,-0.0668194151826,0.00290801201176,-0.997760847709
4.025,1.749119448,2.84426902,3.339054522,-79.0727733152,0.715306383218,7.55913235961,-0.0668213743011,0.00290755797034,-0.997760717829
4.026,1.749237556,2.844691248,3.339476055,-79.0703589528,0.714739658675,7.55902087425,-0.0668287244124,0.00290962804043,-0.997760219521
4.027,1.749171246,2.844322979,3.339127619,-79.0649283639,0.714389555925,7.55908692427,-0.0668223130449,0.00290846319664,-0.997760652322
4.028,1.749146536,2.84422891,3.339034545,-79.0616776552,0.714543020622,7.5591001393,-0.0668206759096,0.002908029523,-0.997760763227
4.029,1.749133762,2.844396558,3.33917066,-79.0616069173,0.715309980836,7.55911473436,-0.0668235951611,0.00290781108729,-0.997760568355
4.03,1.749146987,2.844372001,3.339156669,-79.0618910006,0.716378385187,7.55910761814,-0.0668231667219,0.0029080404525,-0.997760596381
4.031,1.749150083,2.84413211,3.338953949,-79.062431708,0.717239833717,7.55909797044,-0.0668189905319,0.00290808972963,-0.997760875921
4.032,1.749191521,2.844126525,3.3389709,-79.0641775685,0.71795511715,7.55905086821,-0.0668188922157,0.00290881192738,-0.9977608804
4.033,1.749193825,2.844344006,3.339157358,-79.0656579192,0.718345210573,7.55905423041,-0.0668226782064,0.00290885756598,-0.997760626716
4.034,1.749163008,2.843987535,3.338837572,-79.0678443136,0.717991700605,7.55908924834,-0.0668164722134,0.00290831117643,-0.997761043921
4.035,1.749095517,2.844504403,3.339242493,-79.071215796,0.717132946978,7.5591593731,-0.0668254734214,0.0029071455718,-0.997760444499
4.036,1.749140898,2.844502263,3.33926444,-79.0701958969,0.716165274401,7.55911270824,-0.0668254349075,0.00290793781346,-0.99776044477
4.037,1.749074352,2.844201909,3.338973733,-79.0661907365,0.715358553295,7.55917724169,-0.0668202071293,0.00290676957994,-0.997760798293
4.038,1.749141798,2.843599867,3.338496254,-79.0688883433,0.714551281687,7.55911348912,-0.0668097233739,0.00290793270396,-0.997761496947
4.039,1.749181486,2.844123043,3.338962677,-79.0777017625,0.714090292075,7.55907883736,-0.0668188312341,0.00290863715307,-0.997760884993
4.04,1.749176927,2.844184375,3.339012531,-79.0828281876,0.714015066254,7.55907600743,-0.0668198993156,0.00290855870336,-0.997760813693
4.041,1.749151181,2.844191113,3.339004783,-79.081938022,0.714210650432,7.55910178202,-0.0668200170014,0.00290811012109,-0.997760807119
4.042,1.749164138,2.844137396,3.338965814,-79.0797638864,0.71455022011,7.55909925773,-0.0668190817123,0.00290833462002,-0.997760869101
4.043,1.749146022,2.844408972,3.339187657,-79.0781134068,0.714672471566,7.55911308907,-0.0668238109117,0.0029080246495,-0.997760553283
4.044,1.749109365,2.844362262,3.339128666,-79.0738912661,0.714667560829,7.55914448191,-0.0668229982028,0.00290738395641,-0.99776060958
4.045,1.749178872,2.844396421,3.339194173,-79.0666887708,0.714855526954,7.55908383819,-0.0668235918571,0.00290859749103,-0.997760566284
4.046,1.749162159,2.844329878,3.339128736,-79.0608070075,0.715131961628,7.55909231917,-0.0668224333068,0.0029083047585,-0.997760644729
4.047,1.749167985,2.844199067,3.339020361,-79.0579932762,0.715375548886,7.5590916121,-0.0668201560791,0.00290840334795,-0.997760796951
4.048,1.749144706,2.84443499,3.33920913,-79.0572391129,0.715073447998,7.55912532202,-0.0668242634161,0.00290800228112,-0.997760523042
4.049,1.749198308,2.843899678,3.33878123,-79.0598101482,0.714396311025,7.55906542198,-0.0668149420564,0.00290892553456,-0.997761144598
4.05,1.749107212,2.844496495,3.339241883,-79.0643069578,0.71473908829,7.55915426948,-0.0668253354314,0.00290734982897,-0.997760453146
4.051,1.749223419,2.844384617,3.339207454,-79.0641546379,0.716216860517,7.55903895756,-0.0668233851386,0.00290937444815,-0.997760577864
4.052,1.749141716,2.844186868,3.338996209,-79.0622629116,0.717560800846,7.55912482697,-0.0668199434363,0.00290794435699,-0.997760812529
4.053,1.74911429,2.844325541,3.339099965,-79.0651493184,0.717955360766,7.5591544743,-0.0668223588306,0.00290746951695,-0.997760652151
4.054,1.749201085,2.843856534,3.338745935,-79.0714164994,0.717797203067,7.55905541632,-0.0668141910547,0.00290897234227,-0.997761194752
4.055,1.749202534,2.844336103,3.339155189,-79.078353416,0.718252122337,7.55905056017,-0.0668225414476,0.0029090095234,-0.997760635432
4.056,1.749137654,2.844237043,3.339036821,-79.0812301556,0.719521689471,7.55911346756,-0.0668208176408,0.0029078752447,-0.997760754185
4.057,1.749127707,2.844257919,3.339049392,-79.0793622918,0.720883375447,7.55913199399,-0.066821180608,0.00290770194633,-0.997760730382
4.058,1.749156698,2.844367171,3.339157642,-79.075561697,0.721650195591,7.55910473662,-0.0668230825533,0.00290821004189,-0.997760601523
4.059,1.749193242,2.844496461,3.339286917,-79.0714518825,0.721849680643,7.55905726965,-0.0668253330763,0.00290885053837,-0.997760448929
4.06,1.749107943,2.844563708,3.33929952,-79.0680853604,0.722033492241,7.55913950619,-0.0668265056016,0.00290736462591,-0.997760374729
4.061,1.749188285,2.844250214,3.339074563,-79.0663007591,0.722387585767,7.55908485144,-0.0668210453843,0.00290875822133,-0.997760736359
4.062,1.749184709,2.844314565,3.339127504,-79.0670413991,0.722405766833,7.55907279426,-0.0668221660743,0.00290869789336,-0.99776066148
4.063,1.749167619,2.844467892,3.339249159,-79.0678733282,0.722299240237,7.55910371325,-0.066824836629,0.00290840316866,-0.997760483483
4.064,1.749214709,2.844297821,3.339128957,-79.0671616074,0.722193672804,7.55903697416,-0.0668218743094,0.00290922065051,-0.997760679496
4.065,1.749163117,2.844168556,3.338991821,-79.0671766007,0.722354068167,7.55909647589,-0.0668196247094,0.00290831733742,-0.997760832787
4.066,1.749151241,2.844336448,3.339128613,-79.0681996597,0.72307649482,7.55911013957,-0.0668225478744,0.00290811391013,-0.997760637613
4.067,1.74927177,2.844199563,3.339075154,-79.0696441241,0.723481149966,7.55899419481,-0.066820162268,0.00291021359733,-0.997760791258
4.068,1.749139265,2.844266917,3.339063112,-79.0718356184,0.723329259598,7.55912731449,-0.0668213370904,0.00290790322774,-0.997760719315
4.069,1.749210134,2.844353405,3.339173908,-79.0744917531,0.72314422059,7.55904783301,-0.0668228424082,0.00290914167024,-0.997760614891
4.07,1.749248486,2.844171633,3.339039165,-79.0777471944,0.723381425285,7.55900206362,-0.0668196765856,0.00290980706703,-0.99776082497
4.071,1.749300218,2.844451292,3.339304479,-79.0779716331,0.724158579001,7.55893999222,-0.0668245448515,0.00291071553696,-0.997760496282
4.072,1.749222711,2.844300488,3.33913542,-79.0738508183,0.725106314253,7.55903305196,-0.0668219206897,0.00290935998841,-0.997760675984
4.073,1.749269954,2.844518061,3.3393455,-79.0687277662,0.726272874582,7.55898122797,-0.0668257082392,0.00291018943165,-0.997760419898
4.074,1.749292723,2.844026087,3.338938366,-79.0665479365,0.727462507615,7.55895642399,-0.0668171418209,0.00291057568306,-0.997760992477
4.075,1.749228635,2.844077733,3.338948782,-79.069627126,0.727749436709,7.55902062607,-0.066818042262,0.00290945857075,-0.997760935434
4.076,1.749338645,2.844156125,3.339073189,-79.0752673231,0.727152457208,7.55892146905,-0.0668194047552,0.00291137922354,-0.997760838588
4.077,1.749213431,2.844297876,3.339128335,-79.079099352,0.726988533123,7.55903350979,-0.0668218756258,0.00290919834382,-0.997760679473
4.078,1.749269066,2.844304598,3.339163206,-79.0789706175,0.727834812925,7.55898720992,-0.0668219917358,0.00291016858344,-0.997760668868
4.079,1.749375342,2.844505103,3.33938967,-79.074624084,0.729044019615,7.55887288442,-0.0668254805146,0.00291202813919,-0.997760429786
4.08,1.749215901,2.844259255,3.339096731,-79.0683044984,0.730146043131,7.55903624429,-0.0668212031598,0.0029092409801,-0.997760724385
4.081,1.749285384,2.844374712,3.339231477,-79.0644775399,0.730975873183,7.55896842843,-0.0668232120291,0.00291045513248,-0.997760586306
4.082,1.749215432,2.844438927,3.339249532,-79.0635788966,0.731295082019,7.55903080434,-0.0668243308605,0.00290923624801,-0.997760514928
4.083,1.749242896,2.844151028,3.339018685,-79.0647171246,0.731105768991,7.55900594442,-0.0668193174176,0.0029097087837,-0.997760849309
4.084,1.749335256,2.844037119,3.338970047,-79.0691921767,0.730838547652,7.55891331102,-0.0668173327227,0.00291131755045,-0.997760977528
4.085,1.749241209,2.844429995,3.339255427,-79.0723112782,0.730778185175,7.55901449007,-0.0668241746473,0.00290968648072,-0.997760524077
4.086,1.749209739,2.844478093,3.339279912,-79.0683469547,0.730763341684,7.55903993064,-0.0668250131991,0.00290913850822,-0.997760469514
4.087,1.749263152,2.844395465,3.339237509,-79.0617726999,0.730943669285,7.55899087732,-0.0668235736084,0.00291006774423,-0.997760563219
4.088,1.749252858,2.844476021,3.339300734,-79.057868868,0.731365807336,7.5589997559,-0.066824975764,0.00290989040144,-0.997760469828
4.089,1.749249591,2.844550824,3.339362742,-79.0553274144,0.731252298216,7.559014298,-0.066826278376,0.00290983558298,-0.997760382745
4.09,1.749301418,2.844133715,3.339034597,-79.055076602,0.730339258587,7.55894703863,-0.0668190156358,0.00291072942893,-0.997760866543
4.091,1.749291219,2.843922938,3.338849719,-79.0603876736,0.729723039714,7.55895429171,-0.0668153451674,0.00291054659063,-0.997761112877
4.092,1.74921806,2.844305761,3.339137475,-79.0672413615,0.729885343092,7.55903723489,-0.0668220122669,0.00290927903369,-0.997760670087
4.093,1.749263267,2.844322728,3.33917561,-79.0705807204,0.730125581935,7.55900085499,-0.0668223070924,0.00291006854646,-0.997760648039
4.094,1.749347111,2.844303931,3.339203523,-79.0719280252,0.730064613539,7.55890344325,-0.0668219785253,0.0029115305631,-0.997760665779
4.095,1.749260307,2.844330598,3.339180763,-79.0725680415,0.730015118538,7.55899104897,-0.0668224439863,0.0029100173056,-0.997760639021
4.096,1.749359567,2.844428053,3.339315775,-79.0718985799,0.72954045018,7.55890048962,-0.0668241388303,0.00291175064641,-0.997760520455
4.097,1.749280401,2.844378678,3.339232244,-79.0708031663,0.728332230112,7.55897875803,-0.0668232807449,0.00291036864787,-0.997760581956
4.098,1.749306528,2.844248059,3.339134671,-79.0711158743,0.726877017549,7.55894399681,-0.0668210065434,0.0029108214311,-0.997760732943
4.099,1.749279075,2.844143069,3.33903086,-79.0728699897,0.725905321613,7.55897824118,-0.0668191785451,0.00291034030057,-0.997760856768
4.1,1.749313842,2.844187621,3.339087022,-79.0737491987,0.726065327615,7.5589464021,-0.0668199535192,0.0029109472831,-0.997760803097
4.101,1.749304828,2.844062385,3.338975626,-79.0737015051,0.726418854417,7.55895631568,-0.066817773811,0.00291078728673,-0.997760949537
4.102,1.749209045,2.844319754,3.339144673,-79.073254222,0.726570928633,7.55903271516,-0.0668222567178,0.0029091221353,-0.997760654173
4.103,1.749274513,2.844522707,3.339351847,-79.0702919923,0.726830483812,7.55897769933,-0.066825789076,0.00291026948704,-0.997760414251
4.104,1.749312387,2.844558082,3.339401819,-79.065033904,0.727685921283,7.55894724585,-0.0668264036847,0.00291093118984,-0.997760371156
4.105,1.749267787,2.844219841,3.33909034,-79.0609494751,0.728728063035,7.55898398318,-0.0668205153579,0.00291014525774,-0.997760767811
4.106,1.749350635,2.844356842,3.339250438,-79.060672215,0.728832379537,7.55890474608,-0.0668228995042,0.00291159373689,-0.997760603914
4.107,1.749318484,2.844049158,3.338971514,-79.0630426465,0.728051003801,7.55894789514,-0.0668175428771,0.00291102478956,-0.997760964309
4.108,1.749235093,2.844602073,3.339398803,-79.0655357896,0.727272388638,7.55902584847,-0.0668271709924,0.00290958374655,-0.997760323695
4.109,1.749337039,2.844224758,3.339130808,-79.064842241,0.726525230606,7.55891466393,-0.0668206002939,0.00291135273662,-0.9977607586
4.11,1.749362014,2.844289504,3.339199041,-79.0636331085,0.726032970809,7.55888708217,-0.0668217265193,0.00291178982328,-0.9977606819
4.111,1.749346138,2.844034508,3.338973524,-79.0643219924,0.725679871226,7.55890860545,-0.0668172868957,0.00291150695092,-0.997760980044
4.112,1.749335636,2.844393524,3.339273826,-79.0663625313,0.725478459326,7.55892321196,-0.0668235385939,0.00291133285052,-0.997760561874
4.113,1.749411789,2.8445104,3.339413275,-79.0668831697,0.725382661835,7.55884852406,-0.0668255722318,0.00291266348912,-0.997760421788
4.114,1.749287031,2.844316204,3.339182503,-79.0651566748,0.725114735727,7.55897196935,-0.0668221934079,0.00291048327739,-0.997760654443
4.115,1.749247552,2.84440994,3.339241666,-79.0627936073,0.724148558523,7.55902638461,-0.0668238258017,0.00290979647012,-0.99776054712
4.116,1.749289898,2.844156916,3.339048324,-79.0611167938,0.722353995694,7.55896625954,-0.0668194198732,0.00291052870626,-0.997760840057
4.117,1.749303969,2.844564491,3.339402869,-79.0598363071,0.72059655866,7.55895868212,-0.0668265155652,0.00291078420879,-0.997760364092
4.118,1.749312089,2.844238936,3.339129814,-79.0570107378,0.719505636626,7.55895308928,-0.0668208468296,0.00291091813922,-0.997760743357
4.119,1.749260702,2.844215479,3.339082913,-79.0562566803,0.719244878746,7.55900390311,-0.0668204395468,0.00291002127163,-0.997760773249
4.12,1.749297192,2.844175643,3.339068097,-79.061195371,0.719295477473,7.55896821197,-0.0668197452414,0.00291065663576,-0.997760817894
4.121,1.749370549,2.844263186,3.339181096,-79.0683595462,0.719167100216,7.55888384201,-0.0668212681161,0.00291193837133,-0.997760712166
4.122,1.749277183,2.84413854,3.339026011,-79.0734029459,0.718939025116,7.55898183227,-0.0668190998606,0.00291030674371,-0.997760862135
4.123,1.749322611,2.844354599,3.339233846,-79.0747243877,0.718601620813,7.55893953296,-0.0668228604242,0.00291110418796,-0.99776060796
4.124,1.749371392,2.844178174,3.339109125,-79.0723726625,0.718434374649,7.55889100536,-0.0668197876968,0.00291195141714,-0.997760811272
4.125,1.749353517,2.844062019,3.339000823,-79.0708151747,0.718507506503,7.55890652869,-0.0668177659594,0.00291163670191,-0.997760947584
4.126,1.749342934,2.844385817,3.339271085,-79.0723674576,0.718423338526,7.55892186989,-0.0668234043862,0.00291146018468,-0.997760570491
4.127,1.749385104,2.84421215,3.33914525,-79.0725050306,0.718471940519,7.55887266748,-0.0668203796981,0.00291219123763,-0.997760770926
4.128,1.749398685,2.84418701,3.339130951,-79.0706053382,0.719108628102,7.55886269861,-0.0668199412225,0.00291242731343,-0.997760799602
4.129,1.749443959,2.844279261,3.339233247,-79.0678050859,0.719903635565,7.55881128848,-0.0668215466372,0.00291321948485,-0.997760689773
4.13,1.749385901,2.844272208,3.339196823,-79.0637355352,0.720205307734,7.55888168846,-0.0668214255833,0.00291220625582,-0.997760700839
4.131,1.749406405,2.84430989,3.339239662,-79.0596491834,0.719759897727,7.55886209247,-0.0668220808342,0.00291256547474,-0.997760655907
4.132,1.749356045,2.844212536,3.339130355,-79.0567328641,0.718665926175,7.55890956762,-0.0668203868294,0.00291168404444,-0.997760771929
4.133,1.749411359,2.8443751,3.339297802,-79.0550275845,0.717379625814,7.55883783618,-0.0668232165045,0.00291265306066,-0.997760579592
4.134,1.749394331,2.844270779,3.339200022,-79.0543069559,0.716326341101,7.55887616788,-0.0668213999032,0.00291235412558,-0.997760702127
4.135,1.749436243,2.844204208,3.339165277,-79.0547351403,0.71545911864,7.55882462901,-0.0668202406426,0.0029130835157,-0.997760777634
4.136,1.749306709,2.844517146,3.339363975,-79.0543208508,0.714738731522,7.55895375518,-0.0668256915187,0.00291083125328,-0.997760419146
4.137,1.749398342,2.844216902,3.339156233,-79.0526213871,0.714226136053,7.55885164033,-0.0668204617637,0.00291242205615,-0.997760764756
4.138,1.749441093,2.844425424,3.339356245,-79.0517583323,0.714035222964,7.558817706,-0.0668240922127,0.00291317343121,-0.997760519424
4.139,1.749385944,2.844316509,3.339234581,-79.0509843333,0.713722356693,7.55887895958,-0.0668221965473,0.00291220824825,-0.9977606492
4.14,1.749315807,2.844317883,3.339199008,-79.050518404,0.713004735561,7.55893898071,-0.0668222220044,0.00291098506832,-0.997760651064
4.141,1.749382806,2.844218145,3.339149152,-79.0510003323,0.712204103309,7.5588784791,-0.0668204836758,0.00291215111124,-0.99776076408
4.142,1.749366329,2.8443556,3.339257602,-79.0534391458,0.711391351609,7.55889182743,-0.0668228770057,0.00291186744795,-0.997760604622
4.143,1.749318461,2.844395459,3.339266477,-79.0560909414,0.710402788896,7.55895651423,-0.066823572601,0.00291103311253,-0.997760560471
4.144,1.749320644,2.844394841,3.339267094,-79.0559565928,0.709147517373,7.55893209096,-0.0668235611342,0.00291107079015,-0.997760561129
4.145,1.749366572,2.844172328,3.339101621,-79.0544503479,0.708095453391,7.55888653931,-0.0668196861175,0.00291186669687,-0.997760818322
4.146,1.749388231,2.844403886,3.339310206,-79.0550815267,0.707665548867,7.55886852791,-0.066823717364,0.00291225080043,-0.997760547222
4.147,1.749321202,2.844223044,3.33912105,-79.0565064357,0.707603527688,7.55894067329,-0.0668205707239,0.00291107631608,-0.997760761387
4.148,1.749294553,2.844024718,3.338938159,-79.0596369585,0.707721074339,7.55895641254,-0.0668171180664,0.00291060676651,-0.997760993977
4.149,1.749336517,2.844370001,3.339254251,-79.0634740754,0.707694432574,7.55892281416,-0.0668231287452,0.00291134754504,-0.99776058928
4.15,1.749293469,2.844343954,3.339209512,-79.0652885784,0.707514317709,7.55895371408,-0.0668226764835,0.00291059583142,-0.997760621762
4.151,1.749300575,2.844427709,3.339284578,-79.0657639233,0.707890423287,7.55895809904,-0.0668241344034,0.00291072122146,-0.997760523755
4.152,1.749394655,2.844403415,3.33931317,-79.0659588887,0.709112615503,7.55885120753,-0.0668237092536,0.00291236241202,-0.997760547439
4.153,1.749358383,2.84409481,3.339031303,-79.0664398128,0.710861865415,7.55888848763,-0.0668183364637,0.00291172262446,-0.997760909128
4.154,1.749271016,2.84441852,3.339261266,-79.067030293,0.71201874154,7.55899429693,-0.0668239747766,0.00291020529943,-0.99776053595
4.155,1.749334914,2.844479824,3.339346959,-79.0628860532,0.711702216592,7.55893147332,-0.0668250412657,0.0029113215955,-0.997760461266
4.156,1.749371938,2.844356248,3.339261092,-79.0555420138,0.71149081597,7.55888492906,-0.0668228891115,0.00291196464358,-0.997760603528
4.157,1.749331653,2.844379168,3.339259511,-79.0491934186,0.713134529946,7.55891885161,-0.0668232884067,0.00291126272722,-0.997760578834
4.158,1.749242728,2.844451225,3.339274306,-79.0432260065,0.715748406269,7.55901295732,-0.0668245448882,0.00290971322816,-0.997760499203
4.159,1.749317255,2.844437987,3.33930207,-79.0388869663,0.71800284199,7.55893521257,-0.0668243127631,0.00291101305969,-0.997760510958
4.16,1.749449893,2.84423402,3.339197821,-79.0388779473,0.719683480892,7.55879879757,-0.066820759245,0.00291332198572,-0.997760742207
4.161,1.749377138,2.844522818,3.339405701,-79.0416514967,0.720845735021,7.55887417638,-0.0668257883137,0.00291205929937,-0.99776040908
4.162,1.749267702,2.844342329,3.33919463,-79.0439173947,0.721421062751,7.5589825698,-0.0668226482524,0.00291014589377,-0.997760624965
4.163,1.749239221,2.84447357,3.339291504,-79.0446662599,0.721271078482,7.55901996687,-0.0668249334875,0.00290965231501,-0.997760473354
4.164,1.749268373,2.844469994,3.339303728,-79.0421946364,0.719918992351,7.55898263911,-0.066824870908,0.00291016060538,-0.997760476063
4.165,1.749345958,2.844369349,3.339258641,-79.0388347147,0.71716227353,7.55889945335,-0.0668231169064,0.00291151236449,-0.997760589592
4.166,1.749418192,2.844487346,3.339396992,-79.0395535787,0.713736045796,7.55884600487,-0.0668251708793,0.00291277493822,-0.997760448344
4.167,1.749163384,2.844350689,3.339147105,-79.0430024442,0.710061732496,7.55909489947,-0.0668227956605,0.00290832657214,-0.997760620398
4.168,1.749255654,2.844417807,3.339252612,-79.0455839156,0.706072218301,7.55900578714,-0.0668239628149,0.0029099374317,-0.997760537533
4.169,1.749365688,2.844521166,3.339398295,-79.0436070245,0.701707998356,7.55889923267,-0.066825759904,0.00291186026909,-0.997760411563
4.17,1.749394109,2.844505054,3.33939946,-79.0379582574,0.698918450954,7.55886844327,-0.0668254792467,0.00291235534845,-0.997760428916
4.171,1.749289804,2.844449463,3.339297466,-79.033161098,0.698514548864,7.55896763049,-0.0668245135796,0.00291053441954,-0.997760498905
4.172,1.749374333,2.844324471,3.33923528,-79.031542452,0.699229624956,7.55888123527,-0.066822335185,0.00291200620014,-0.997760640505
4.173,1.749314861,2.843962994,3.338896224,-79.0344448126,0.699602925423,7.55894362772,-0.066816042221,0.00291096009762,-0.997761064992
4.174,1.749364297,2.844279434,3.33919166,-79.0415989595,0.699906097414,7.5588944558,-0.0668215511998,0.0029118294862,-0.997760693525
4.175,1.749322592,2.844240878,3.33913697,-79.0480908407,0.701085328134,7.55892344687,-0.0668208812098,0.00291110182418,-0.997760740519
4.176,1.749315599,2.84390694,3.338848866,-79.0527676594,0.703311198118,7.55893047801,-0.0668150665878,0.00291097159281,-0.997761130292
4.177,1.749233103,2.84431263,3.339151207,-79.0562119125,0.705797738515,7.55902669558,-0.0668221318292,0.00290954185458,-0.997760661313
4.178,1.749455535,2.844206807,3.339177598,-79.0570215838,0.707611365149,7.55881011039,-0.066820284747,0.00291341947718,-0.997760773699
4.179,1.749389366,2.84437756,3.339288376,-79.0579209707,0.708719348363,7.55887597656,-0.066823259413,0.00291226994858,-0.997760577837
4.18,1.749312538,2.844480314,3.339335654,-79.0591092161,0.709903692243,7.55893987682,-0.0668250502454,0.00291093188144,-0.997760461802
4.181,1.749384457,2.844005484,3.338968878,-79.0602983583,0.711678945223,7.55887541942,-0.0668167809097,0.00291217518633,-0.997761011979
4.182,1.749347687,2.844304928,3.339204674,-79.062408981,0.713539488909,7.55891027039,-0.0668219957932,0.00291154087987,-0.997760664592
4.183,1.749327993,2.844385834,3.339263272,-79.0613495339,0.715080428147,7.55892278124,-0.0668234050543,0.00291119898533,-0.997760571208
4.184,1.749440683,2.84433238,3.339276777,-79.0563577678,0.716486805456,7.55881828036,-0.0668224720833,0.0029131642163,-0.997760627956
4.185,1.74931407,2.844648198,3.339479463,-79.0503493435,0.717908853379,7.55894411535,-0.066827972714,0.00291096186644,-0.997760265978
4.186,1.749235026,2.844334825,3.33917112,-79.0455160541,0.718982802043,7.55902949586,-0.0668225183091,0.00290957558713,-0.997760635331
4.187,1.749344926,2.84445173,3.339328273,-79.0439828426,0.719548889492,7.55891467598,-0.0668245518853,0.00291149608039,-0.997760493533
4.188,1.749329038,2.844473595,3.339338575,-79.0426458254,0.720051159124,7.55893637225,-0.0668249323511,0.00291121932691,-0.997760468859
4.189,1.749400745,2.844256595,3.339191301,-79.0409213869,0.720885176171,7.55884987018,-0.0668211530415,0.00291246527393,-0.997760718335
4.19,1.749354617,2.844234786,3.339148558,-79.0423449811,0.721988317894,7.55889859646,-0.0668207744884,0.00291166026884,-0.997760746036
4.191,1.74937791,2.84427518,3.339195168,-79.0460333158,0.722629586866,7.5588811616,-0.0668214770145,0.00291206777659,-0.997760697798
4.192,1.749334533,2.844416809,3.339293082,-79.0479251884,0.722752742528,7.55893474573,-0.0668239436246,0.00291131422227,-0.997760534802
4.193,1.749472597,2.844248379,3.339221947,-79.0482295717,0.723418562075,7.55878074843,-0.0668210082368,0.00291371835405,-0.997760724374
4.194,1.749414622,2.844269352,3.339209437,-79.0493166182,0.724676648138,7.55885136852,-0.0668213749916,0.00291270779018,-0.997760702763
4.195,1.749479177,2.844216458,3.339198205,-79.0512389421,0.725653266031,7.55877128357,-0.0668204532824,0.00291383281177,-0.997760761206
4.196,1.749352915,2.844247055,3.339158117,-79.0504839244,0.725638194277,7.55891688403,-0.0668209882688,0.00291163033484,-0.997760731807
4.197,1.749351369,2.84438784,3.339277227,-79.047736343,0.725056381103,7.55890949221,-0.0668234387519,0.00291160641718,-0.997760567762
4.198,1.749389733,2.8442663,3.339193799,-79.0463945734,0.724583293707,7.55887105205,-0.0668213217946,0.00291227292793,-0.997760707595
4.199,1.749256753,2.844494258,3.33931831,-79.0458766237,0.724352084935,7.55901879538,-0.0668252938685,0.00290995857374,-0.997760448324
4.2,1.749373351,2.844595387,3.339465531,-79.0438777308,0.723553854701,7.55889370655,-0.0668270523297,0.00291199558513,-0.997760324606
4.201,1.749355452,2.844584993,3.339447301,-79.043300762,0.722388485136,7.55890602675,-0.066826871701,0.00291168245238,-0.997760337618
4.202,1.749462806,2.844445353,3.339384596,-79.0444533962,0.722088261015,7.55879412179,-0.0668244383086,0.00291355201405,-0.997760495139
4.203,1.74947416,2.844122281,3.339115359,-79.0465995491,0.722462292711,7.55878364503,-0.0668188131936,0.00291374281489,-0.997760871304
4.205,1.749378989,2.844342711,3.339253256,-79.0523478949,0.725595407198,7.55887151807,-0.066822652428,0.00291208818056,-0.997760619019
4.206,1.749500564,2.84442395,3.339386145,-79.0507012863,0.727359186394,7.55875645927,-0.0668240650063,0.00291421067832,-0.997760518217
4.207,1.749460939,2.844522714,3.339449513,-79.0470398478,0.728266073167,7.55880319349,-0.066825785729,0.00291352207446,-0.997760404982
4.208,1.749386816,2.844597234,3.339474158,-79.0437350615,0.728888652842,7.55888350414,-0.0668270841517,0.00291223007145,-0.997760321791
4.209,1.749317445,2.84457057,3.339415107,-79.0427647651,0.72860441792,7.55895396392,-0.0668266215677,0.00291101942446,-0.997760356306
4.21,1.749484955,2.844585769,3.339515804,-79.0426432063,0.727743995881,7.55875439913,-0.0668268829172,0.00291394235933,-0.997760330269
4.211,1.749415022,2.844280959,3.339219533,-79.0420440377,0.728280273462,7.5588389338,-0.0668215767411,0.00291271450086,-0.997760689232
4.212,1.749411104,2.844431029,3.339345309,-79.0421125238,0.729556183086,7.55884691035,-0.0668241897022,0.00291264981193,-0.997760514423
4.213,1.749416578,2.844224054,3.339171878,-79.0441283737,0.730267713635,7.55883161388,-0.0668205859967,0.00291274055511,-0.997760755507
4.214,1.749445056,2.844523636,3.339441977,-79.0477069649,0.730348812728,7.55880261302,-0.0668258022516,0.00291324442022,-0.997760404687
4.215,1.749365377,2.844243563,3.339161672,-79.0500790974,0.730404136174,7.55889482173,-0.066820927187,0.00291184780837,-0.997760735263
4.216,1.749363478,2.844499044,3.339378293,-79.050394866,0.730121598142,7.55890229,-0.0668253752124,0.00291182115208,-0.997760437442
4.217,1.749450213,2.844275575,3.339233384,-79.0503639594,0.729707033338,7.55880388153,-0.0668214827555,0.00291332830913,-0.997760693734
4.218,1.749414711,2.844178767,3.339132326,-79.0546104681,0.729760077958,7.55884038995,-0.0668197972954,0.00291270707158,-0.997760808424
4.219,1.749389489,2.844385148,3.339294904,-79.0616193839,0.730005021521,7.55886579621,-0.0668233920027,0.00291227214271,-0.99776056895
4.22,1.749410111,2.844426292,3.339340754,-79.0637603071,0.730413132151,7.55884462277,-0.0668241077279,0.00291263285245,-0.997760519963
4.221,1.749532085,2.84430219,3.339298948,-79.0622545476,0.730989334903,7.5587131777,-0.0668219447155,0.00291475790481,-0.99776065862
4.222,1.749348105,2.844383689,3.339271981,-79.0630954514,0.73123707353,7.55891396995,-0.066823366987,0.00291154981065,-0.997760572734
4.223,1.749439801,2.844706109,3.339594656,-79.0627975847,0.731255787925,7.55882201269,-0.0668289793768,0.00291315703244,-0.997760192146
4.224,1.749442037,2.844445365,3.339373725,-79.0568731125,0.731635041429,7.55881276737,-0.0668244389855,0.0029131903073,-0.99776049615
4.225,1.749490199,2.844483053,3.339431059,-79.0497885455,0.732317468833,7.55875821485,-0.0668250947953,0.00291403150933,-0.99776044977
4.226,1.749439213,2.84426856,3.339221646,-79.0475884568,0.732871571776,7.55881924011,-0.0668213602387,0.00291313634921,-0.9977607025
4.227,1.749416224,2.844371428,3.339297223,-79.0498119265,0.733077803662,7.55883757504,-0.0668231523932,0.00291273831301,-0.997760583637
4.228,1.749444472,2.844486216,3.339409797,-79.0518983175,0.733227284858,7.55881104126,-0.0668251501923,0.00291323326863,-0.997760448391
4.229,1.74941245,2.844648101,3.339530916,-79.0500793607,0.733355924022,7.55883819551,-0.0668279690041,0.00291267895897,-0.997760261215
4.23,1.74949461,2.844638505,3.339565783,-79.0456399368,0.733260074023,7.55876317857,-0.0668278012263,0.00291411125394,-0.99776026827
4.231,1.749479785,2.844588421,3.339515355,-79.0424686319,0.733246273014,7.55877517007,-0.0668269294508,0.00291385224935,-0.997760327416
4.232,1.749522341,2.844511736,3.339472329,-79.0441865274,0.733748678888,7.55873080912,-0.0668255933421,0.00291459302727,-0.99776041474
4.233,1.749376999,2.844517717,3.339401282,-79.0488699496,0.734468419271,7.55887041428,-0.0668257004195,0.00291205734088,-0.997760414972
4.234,1.749411291,2.844527925,3.339427942,-79.0520974746,0.734833400176,7.55884156939,-0.0668258767215,0.00291265593201,-0.997760401417
4.235,1.749453372,2.844349679,3.33929816,-79.054766603,0.734478822635,7.55880890214,-0.0668227725284,0.00291338522437,-0.997760607189
4.236,1.749443065,2.844438894,3.339368752,-79.0574639099,0.733717006857,7.55881093511,-0.0668243258681,0.00291320793443,-0.997760503674
4.237,1.74942772,2.844335252,3.339272432,-79.0582149021,0.732941690433,7.55882820769,-0.0668225224344,0.00291293807779,-0.997760625244
4.238,1.749483615,2.844229396,3.33921155,-79.0596880587,0.73226315885,7.55876978577,-0.0668206778103,0.00291390990749,-0.997760745944
4.239,1.749396814,2.844543571,3.339433685,-79.0620601444,0.731935844932,7.55886692012,-0.0668261498888,0.00291240384055,-0.997760383857
4.24,1.749442128,2.844248327,3.339205939,-79.0626390831,0.731569266911,7.55881461008,-0.0668210084709,0.0029131874628,-0.997760725909
4.241,1.749364962,2.844559486,3.339430556,-79.062012855,0.730825844536,7.55889202353,-0.0668264270226,0.00291184806966,-0.997760366918
4.242,1.749363805,2.844451425,3.339337903,-79.0597114839,0.730127055814,7.55888974797,-0.0668245459586,0.00291182523774,-0.99776049297
4.243,1.749440559,2.844448391,3.339375528,-79.0571475919,0.730148121165,7.55881268302,-0.066824491825,0.00291316390984,-0.997760492688
4.244,1.749426495,2.844266427,3.339213166,-79.0572662649,0.730664860759,7.55882671009,-0.0668213237137,0.00291291487534,-0.997760705592
4.245,1.749445109,2.844299634,3.339251203,-79.0612514752,0.730692458855,7.55881648896,-0.0668219018904,0.00291324033821,-0.997760665921
4.246,1.749383845,2.844338596,3.339252294,-79.0659037049,0.730128525749,7.55887887271,-0.0668225808476,0.00291217195889,-0.997760623568
4.247,1.749349151,2.844432639,3.339314224,-79.0669409521,0.729283647695,7.55892620658,-0.0668242186718,0.00291156878797,-0.997760515638
4.248,1.749356262,2.84428685,3.339193767,-79.0638173098,0.728066947777,7.55890699463,-0.0668216808618,0.00291169023337,-0.997760685248
4.249,1.749399645,2.844422314,3.339331882,-79.0583122845,0.727041503656,7.55886632784,-0.0668240386775,0.00291245024404,-0.99776052512
4.25,1.749388245,2.844189272,3.339127408,-79.0525861423,0.726751302121,7.55887996576,-0.0668199806827,0.00291224508711,-0.997760797491
4.251,1.749395013,2.844428551,3.339334768,-79.048264279,0.727263631034,7.55886331841,-0.0668241472093,0.00291236958391,-0.997760518087
4.252,1.749457776,2.844426166,3.339365617,-79.044684139,0.728324587624,7.55880428411,-0.0668241042729,0.00291346427339,-0.997760517767
4.253,1.749397345,2.844356822,3.339274892,-79.0434939694,0.729119448718,7.55886216761,-0.0668228978027,0.00291240813271,-0.997760601652
4.254,1.749381801,2.844372347,3.339279972,-79.0445943205,0.729422293609,7.55888862655,-0.0668231684026,0.00291213781078,-0.997760584318
4.255,1.749466828,2.844181928,3.339162323,-79.045930931,0.730135145572,7.55878651382,-0.0668198513856,0.0029136168579,-0.997760802145
4.256,1.749550935,2.844022064,3.339070225,-79.050156736,0.73183873452,7.55869538181,-0.0668170668699,0.00291508025859,-0.997760984345
4.257,1.749504255,2.844421216,3.33938575,-79.0568313136,0.733350474816,7.55875564242,-0.0668240170844,0.00291427451991,-0.99776052124
4.258,1.749500472,2.844088746,3.339100582,-79.0619197603,0.734091263685,7.55875812138,-0.0668182283684,0.00291420071247,-0.997760909132
4.259,1.74938694,2.84438227,3.339291117,-79.0647384035,0.734025657905,7.5588766751,-0.06682334174,0.00291222723236,-0.997760572448
4.26,1.74949798,2.844244551,3.339231985,-79.0645008388,0.733755355474,7.55875267581,-0.0668209418344,0.00291416147228,-0.997760727527
4.261,1.749559358,2.844564043,3.339536277,-79.0631344643,0.733319231603,7.55869468668,-0.0668265032591,0.00291523928733,-0.997760351909
4.262,1.749453452,2.844239153,3.339204058,-79.0604213287,0.733079260209,7.5588138108,-0.06682084804,0.00291338448164,-0.997760736078
4.263,1.749532413,2.844193218,3.339206302,-79.056305999,0.732889513399,7.55873076136,-0.0668200475309,0.002914760898,-0.997760785668
4.264,1.74953013,2.844455042,3.339428119,-79.0512200556,0.732146865342,7.55872773755,-0.0668246055982,0.00291472714975,-0.997760480502
4.265,1.749496293,2.844311771,3.339288357,-79.0467690975,0.731128215214,7.55876432665,-0.0668221115196,0.00291413321777,-0.997760649274
4.266,1.749498643,2.844302583,3.339281762,-79.0469403803,0.730225448901,7.55875880729,-0.0668219523351,0.00291417457173,-0.997760659814
4.267,1.749523198,2.844567489,3.339520268,-79.0502666318,0.729986059201,7.55873719385,-0.066826563792,0.00291460929522,-0.997760349695
4.268,1.749491499,2.84461702,3.339545851,-79.0484230404,0.729994629423,7.55876233713,-0.0668274264515,0.00291405673697,-0.997760293531
4.269,1.749527852,2.844169364,3.339183594,-79.0431606322,0.729929231706,7.55872877201,-0.0668196320545,0.00291468021055,-0.997760813728
4.27,1.749468067,2.844531055,3.339460352,-79.0416393942,0.729197141528,7.55879985737,-0.0668259303535,0.00291364626021,-0.997760394934
4.271,1.749502391,2.844294614,3.339276938,-79.0418079734,0.727959737865,7.55875449541,-0.0668218131722,0.0029142391759,-0.997760668945
4.272,1.749545373,2.844590532,3.339551513,-79.0401043857,0.727416653785,7.55870909664,-0.0668269645182,0.0029149966088,-0.997760321725
4.273,1.749462351,2.844474067,3.339408816,-79.0363645275,0.727298524201,7.55880581319,-0.0668249385924,0.002913545253,-0.997760461652
4.274,1.749455599,2.844370586,3.339317134,-79.0337896555,0.726919254264,7.55881815144,-0.0668231371828,0.00291342473349,-0.997760582652
4.275,1.749435317,2.844306619,3.339252023,-79.0348792578,0.726199062233,7.55881510651,-0.0668220232442,0.00291306934034,-0.997760658293
4.276,1.749490795,2.844401489,3.339361896,-79.0374348579,0.72578157885,7.55876075864,-0.0668236745802,0.00291403961342,-0.997760544865
4.277,1.749386808,2.844476994,3.339371733,-79.0392345263,0.725580006597,7.55888091463,-0.0668249906364,0.00291222763526,-0.997760462013
4.278,1.749519321,2.844328206,3.339314421,-79.0410817872,0.724984310604,7.55874211981,-0.0668223980703,0.00291453509684,-0.997760628909
4.279,1.749523876,2.844393529,3.339372447,-79.044913139,0.724364632594,7.55873338403,-0.0668235348635,0.00291461642072,-0.997760552537
4.28,1.749553974,2.844241214,3.339258479,-79.0498100297,0.724100210398,7.55871161144,-0.066820882534,0.00291513760716,-0.997760728647
4.281,1.749592093,2.844342507,3.339364729,-79.0550165023,0.723770268575,7.55867465729,-0.0668226451321,0.00291580589985,-0.99776060865
4.282,1.749503044,2.844334524,3.339311274,-79.0591673543,0.723131596023,7.55876046005,-0.0668225083202,0.00291425150655,-0.997760622354
4.283,1.749535846,2.844344602,3.339337044,-79.0606827632,0.723063886827,7.55870908261,-0.0668226833091,0.00291482417718,-0.997760608962
4.284,1.749376281,2.844395329,3.339296657,-79.0607275946,0.723487272203,7.5588749,-0.0668235689826,0.00291204128009,-0.997760557771
4.285,1.749492424,2.844422749,3.339380858,-79.0585160282,0.72397639927,7.55876491584,-0.0668240438894,0.00291406887501,-0.997760520045
4.286,1.749490907,2.844196319,3.339187196,-79.0554524794,0.724462483186,7.55877338971,-0.0668201019604,0.00291403650297,-0.997760784139
4.287,1.749458946,2.844498023,3.339427437,-79.0533424733,0.724632157096,7.55880410701,-0.0668253557441,0.00291348669994,-0.997760433884
4.288,1.749508367,2.844255505,3.339246757,-79.0507937128,0.724360615537,7.55875239824,-0.0668211323288,0.0029143427228,-0.99776071424
4.289,1.749551211,2.844325154,3.339328529,-79.0505702182,0.724355818922,7.55871246989,-0.0668223440322,0.00291509192654,-0.997760630902
4.29,1.749450393,2.844415011,3.339352248,-79.052423197,0.724188749976,7.55881477183,-0.066823910104,0.00291333471156,-0.997760531149
4.291,1.749515447,2.844731537,3.339655943,-79.0504496056,0.724096380846,7.55874069416,-0.0668294208853,0.00291447769631,-0.997760158717
4.292,1.749523706,2.844433538,3.339406436,-79.0434139768,0.7242928566,7.55874621532,-0.0668242312459,0.00291461495784,-0.997760505902
4.293,1.749462992,2.844371505,3.33932179,-79.0386590395,0.724536397265,7.55879382193,-0.0668231527007,0.0029135536055,-0.997760581236
4.294,1.749527915,2.844291017,3.339287247,-79.0503965223,0.724652015865,7.55873349622,-0.0668217503521,0.00291468431665,-0.997760671852
4.295,1.749512619,2.844631407,3.339569171,-79.0876543856,0.724321125098,7.55874978716,-0.0668276773012,0.00291442544548,-0.997760275653
4.296,1.749529068,2.844370662,3.33935569,-79.1359030583,0.723798296009,7.55873307561,-0.0668231368487,0.00291470708425,-0.997760578929
4.297,1.74955452,2.84424608,3.33926291,-79.1804230036,0.723379983403,7.55870816431,-0.0668209673221,0.00291514735945,-0.99776072294
4.298,1.749450741,2.844696768,3.33959243,-79.2169581711,0.722980589161,7.55880411975,-0.0668288161118,0.0029133475994,-0.997760202525
4.299,1.749612496,2.844511609,3.339519453,-79.2389988338,0.72311640961,7.5586390904,-0.0668255892663,0.0029161649792,-0.99776041042
4.3,1.749603538,2.844282281,3.339319427,-79.2478297987,0.723877986262,7.55865137037,-0.0668215968446,0.00291600384947,-0.997760678277
4.301,1.749422674,2.84439635,3.339321831,-79.2492534504,0.724720830798,7.55883708694,-0.0668235857236,0.00291285079364,-0.997760554287
4.302,1.749571029,2.844204778,3.33923638,-79.2454296039,0.72526973097,7.55868444028,-0.0668202477731,0.00291543432406,-0.99776077029
4.303,1.749457888,2.844431659,3.339370355,-79.2362571635,0.725547249077,7.55878706611,-0.0668242000136,0.00291346596364,-0.99776051135
4.304,1.749465806,2.844491747,3.339425685,-79.2188998715,0.725952334294,7.55878828342,-0.0668252457997,0.00291360549533,-0.997760440901
4.305,1.749469829,2.844707549,3.339611612,-79.1929426863,0.726014048532,7.55880470941,-0.0668290035204,0.00291368056962,-0.997760189
4.306,1.749406984,2.844458719,3.339366737,-79.1645247703,0.725180298753,7.5588479591,-0.0668246726781,0.00291257925032,-0.997760482282
4.307,1.749383201,2.844630845,3.339500895,-79.1382000011,0.724049160611,7.55887083407,-0.0668276699726,0.00291216826438,-0.997760282734
4.308,1.74952616,2.844435273,3.3394092,-79.1150969143,0.72317685146,7.55872726377,-0.0668242613244,0.00291465716689,-0.997760503764
4.309,1.749600902,2.84454619,3.339542835,-79.0949370005,0.723142672663,7.55866794802,-0.0668261915464,0.00291596408655,-0.997760370669
4.31,1.749425104,2.844731696,3.339608752,-79.0745666038,0.723807774309,7.55883574699,-0.066829424654,0.00291290182467,-0.997760163067
4.311,1.749375652,2.844632903,3.339498694,-79.0535702501,0.724204278515,7.55888078007,-0.0668277053443,0.00291203662067,-0.997760280749
4.312,1.749610519,2.844317885,3.33935341,-79.0370145222,0.724368542744,7.55864618209,-0.0668222167758,0.00291612614044,-0.997760636402
4.313,1.749379264,2.844613217,3.339483817,-79.0264454794,0.724444450748,7.55888606516,-0.0668273623971,0.00291209888599,-0.997760303537
4.314,1.749375599,2.844553278,3.33943084,-79.0183319584,0.723969414398,7.55888487157,-0.0668263189408,0.00291203324843,-0.997760373616
4.315,1.749436853,2.844639539,3.339536407,-79.0117094173,0.723430147628,7.55881721343,-0.0668278200882,0.00291310404998,-0.997760269948
4.316,1.749414778,2.844222092,3.339169264,-79.0073145206,0.723593589157,7.5588400408,-0.0668205524438,0.00291270917143,-0.997760757845
4.317,1.749492259,2.844230283,3.339216834,-79.0061479594,0.724246373535,7.55877318988,-0.0668206936213,0.00291406129281,-0.997760744443
4.318,1.749519874,2.844474382,3.33943922,-79.0065217807,0.724588547015,7.55875016096,-0.0668249427071,0.00291454879416,-0.997760458446
4.319,1.749418532,2.844362736,3.339291029,-79.005292594,0.724279605594,7.55884332958,-0.0668230009104,0.0029127778168,-0.997760593667
4.32,1.749339228,2.84454212,3.339402283,-79.001813742,0.723801075707,7.55893102728,-0.0668261259558,0.00291139836727,-0.997760388395
4.321,1.749516463,2.844179004,3.339185838,-78.9979787505,0.724125374861,7.55874310869,-0.0668198001418,0.00291448190535,-0.997760803051
4.322,1.749578745,2.844372426,3.339383219,-78.9978958749,0.725238592334,7.55868210808,-0.0668231662745,0.00291557321889,-0.997760574427
4.323,1.749461132,2.844518572,3.339446086,-78.9994219429,0.726567542247,7.55878903641,-0.066825713291,0.00291352493394,-0.997760409826
4.324,1.749572232,2.844308404,3.339325275,-78.9991291868,0.727379348022,7.55869449304,-0.0668220521146,0.00291545788737,-0.997760649383
4.325,1.749382233,2.844741754,3.339594862,-78.9970338284,0.727212563849,7.55888469978,-0.0668296006511,0.00291215413109,-0.997760153461
4.326,1.749395653,2.844674887,3.339544933,-78.9900303825,0.726351175306,7.55886171554,-0.0668284361748,0.00291238653761,-0.997760230778
4.327,1.749527841,2.844312126,3.339305188,-78.9822580571,0.725826260368,7.5587367298,-0.0668221173464,0.00291468385112,-0.997760647275
4.328,1.749483592,2.844665705,3.33958318,-78.9797092769,0.725727285298,7.55879275221,-0.066828274381,0.00291392015639,-0.997760237137
4.329,1.749487954,2.844387234,3.339348265,-78.9800201859,0.725109407011,7.55878707952,-0.0668234263875,0.00291398929326,-0.997760561634
4.33,1.749479662,2.844468406,3.339413062,-78.9830913543,0.723705376086,7.55879186687,-0.0668248398143,0.00291384656536,-0.997760467388
4.331,1.749463908,2.844351717,3.339305415,-78.987710779,0.722548136216,7.5587979193,-0.0668228080682,0.00291356962194,-0.99776060427
4.332,1.749452228,2.844350212,3.339298014,-78.9933859443,0.722962611599,7.55880628857,-0.0668227821528,0.00291336543004,-0.997760606602
4.333,1.749507959,2.844415216,3.339382581,-79.0007415361,0.724778023183,7.55875014191,-0.0668239127206,0.00291433916554,-0.997760528041
4.334,1.749476713,2.844413633,3.339364863,-79.006183994,0.726803781709,7.55877187865,-0.0668238860746,0.00291379391932,-0.997760531418
4.335,1.749367166,2.844507348,3.3393873,-79.0063685912,0.727880427177,7.55890290824,-0.0668255200441,0.00291188486815,-0.997760427556
4.336,1.749327151,2.84433984,3.339223654,-79.0046710525,0.727224054713,7.55894711364,-0.0668226039827,0.00291118304542,-0.997760624905
4.337,1.749333816,2.844483309,3.339349352,-79.0052055544,0.72492485427,7.55892292416,-0.0668251012997,0.00291130263841,-0.997760457301
4.338,1.749396842,2.84429755,3.339224141,-79.0053462593,0.721947617295,7.55884885378,-0.0668218662168,0.00291239804561,-0.997760670769
4.339,1.749347793,2.844227157,3.339138485,-79.005696585,0.719091602209,7.558910106,-0.066820641146,0.00291154079201,-0.997760755315
4.34,1.749472794,2.844363303,3.339319939,-79.0071086746,0.717241436809,7.5587872179,-0.0668230101629,0.00291372465589,-0.997760590283
4.341,1.749426387,2.84416791,3.339129195,-79.0074831976,0.717135203464,7.55883731009,-0.0668196088897,0.00291291097801,-0.997760820446
4.342,1.749424731,2.844309823,3.339249206,-79.0081091755,0.718560817106,7.55883118739,-0.0668220798019,0.0029128852428,-0.997760655042
4.343,1.749520032,2.844732878,3.339659487,-79.009452152,0.721165171132,7.55874084442,-0.0668294438713,0.00291455768385,-0.997760156944
4.344,1.749535353,2.844641653,3.339589808,-79.0082812006,0.724170880211,7.55872737238,-0.0668278551476,0.00291482287147,-0.99776026258
4.345,1.749461056,2.84453067,3.339456351,-79.0054190329,0.727400943067,7.55879418108,-0.0668259237895,0.0029135237247,-0.997760395731
4.346,1.749533679,2.844389449,3.339374108,-79.0049059135,0.729783553354,7.55872859745,-0.0668234636379,0.00291478734783,-0.997760556808
4.347,1.749526648,2.844750545,3.339678001,-79.006513864,0.73099486799,7.5587378464,-0.0668297509453,0.00291467367715,-0.997760136038
4.348,1.749449689,2.844219353,3.339185221,-79.007977807,0.732538595392,7.55880880937,-0.0668205037853,0.00291331850447,-0.997760759325
4.349,1.749420164,2.844536325,3.339439745,-79.0091637762,0.734809457281,7.55884275927,-0.0668260230574,0.00291281030614,-0.997760391165
4.35,1.749520916,2.844485846,3.33944953,-79.0080451553,0.736777407937,7.55873647505,-0.0668251421186,0.00291456679497,-0.997760445037
4.351,1.749376859,2.844751091,3.339600001,-79.00457958,0.737637680976,7.55888443302,-0.0668297632425,0.00291206025923,-0.997760142845
4.352,1.74944461,2.844576855,3.339487075,-79.0000118693,0.737989876852,7.55881601779,-0.0668267280176,0.00291323768551,-0.997760342702
4.353,1.749445187,2.844599247,3.339506452,-78.9975634864,0.737959737674,7.55882684707,-0.0668271178662,0.00291324881719,-0.997760316559
4.354,1.749469801,2.844341517,3.339299814,-79.0012130539,0.737301964668,7.55878669191,-0.0668226304281,0.00291367227533,-0.997760615868
4.355,1.749484898,2.844428674,3.339381963,-79.0084834406,0.736718050777,7.55877068189,-0.0668241480638,0.00291393714775,-0.997760513453
4.356,1.749390962,2.84442616,3.339330609,-79.0141618956,0.736964023167,7.55886771887,-0.0668241058916,0.00291229805,-0.997760521063
4.357,1.74949952,2.844364391,3.339334868,-79.0160008371,0.737788007865,7.55875356217,-0.0668230284312,0.00291419138638,-0.997760587696
4.358,1.749378587,2.844527969,3.339410848,-79.0148938013,0.73840967623,7.55886945287,-0.0668258789188,0.00291208499414,-0.997760402936
4.359,1.749433322,2.844750092,3.339628727,-79.0123692149,0.738634240872,7.55881818648,-0.0668297452718,0.00291304540699,-0.997760141173
4.36,1.74958557,2.844311688,3.33933506,-79.0122823931,0.738240611537,7.55868122676,-0.0668221089495,0.00291569050591,-0.997760644897
4.361,1.749574386,2.844424571,3.339425351,-79.0165070925,0.738129066953,7.55867119717,-0.0668240745889,0.00291549846262,-0.997760513813
4.362,1.749515085,2.84450333,3.339461368,-79.0201949128,0.738553554973,7.55873587053,-0.0668254471411,0.0029144658278,-0.997760424903
4.363,1.749407932,2.844678552,3.339554488,-79.0199002543,0.738561631803,7.55885949264,-0.0668284997022,0.00291260092126,-0.997760225898
4.364,1.749465437,2.844330732,3.339288342,-79.01806733,0.738062310706,7.55879674621,-0.0668224427465,0.00291359559122,-0.997760628661
4.365,1.749458849,2.844580267,3.339497441,-79.0189052227,0.737256080205,7.55879160641,-0.0668267880026,0.00291348658159,-0.997760337958
4.366,1.749481164,2.844487834,3.339430398,-79.0208986196,0.736427865668,7.55877063154,-0.0668251773482,0.00291387388682,-0.997760444702
4.367,1.749530927,2.844691558,3.339629998,-79.021701421,0.736149092258,7.55872595814,-0.0668287244696,0.00291474633446,-0.997760204578
4.368,1.74949109,2.844336068,3.339306327,-79.0205760525,0.736384834541,7.55877232208,-0.0668225347845,0.00291404302437,-0.99776062119
4.369,1.749473048,2.844641723,3.339557227,-79.0180816228,0.736703401739,7.55877998651,-0.066827857318,0.00291373601045,-0.997760265609
4.37,1.749579075,2.844131766,3.339178408,-79.0149592147,0.737427162682,7.55868634908,-0.066818976613,0.00291557381469,-0.997760855012
4.371,1.749488177,2.844102537,3.339105886,-79.016551892,0.737718622052,7.55876969024,-0.0668184688441,0.00291398685025,-0.997760893652
4.372,1.749508933,2.844702332,3.339627654,-79.021664905,0.737368036824,7.55875206326,-0.0668289124412,0.00291436268635,-0.997760193109
4.373,1.749538251,2.844467919,3.339443342,-79.0220169293,0.736875804917,7.55871839163,-0.0668248301753,0.00291486948441,-0.997760465046
4.374,1.749501954,2.844466056,3.339422739,-79.0177537456,0.736436846412,7.55875786718,-0.0668247978391,0.00291423541842,-0.997760469063
4.375,1.74956322,2.844181525,3.339212483,-79.0149154948,0.736043627227,7.55869958624,-0.066819843227,0.00291529848949,-0.99776079778
4.376,1.749542379,2.844227076,3.339240362,-79.0171997167,0.73579267294,7.55870850227,-0.0668206361937,0.00291493517207,-0.997760745736
4.377,1.749587958,2.844392762,3.339405367,-79.0213546491,0.735905040194,7.558667795,-0.0668235202055,0.00291573422362,-0.997760550253
4.378,1.749445522,2.844440177,3.339371132,-79.0225412329,0.735920499951,7.5588124851,-0.0668243486914,0.00291325083632,-0.99776050202
4.379,1.749508276,2.844218961,3.339215583,-79.0220440808,0.735362220591,7.55875014005,-0.0668204963653,0.00291433992154,-0.997760756839
4.38,1.749523464,2.844386694,3.339366409,-79.0226750228,0.734703468393,7.55873279003,-0.066823416299,0.0029146096735,-0.997760560498
4.381,1.749539705,2.844272727,3.339277845,-79.023953459,0.734399137251,7.55871183847,-0.066821431431,0.00291488972671,-0.997760692611
4.382,1.749479127,2.844243996,3.339221635,-79.025329906,0.734369204828,7.55877565635,-0.0668209319676,0.00291383207298,-0.99776072915
4.383,1.749454309,2.844353487,3.339301894,-79.0267971386,0.734300720154,7.55881021134,-0.0668228393358,0.00291340224091,-0.997760602665
4.384,1.749540724,2.844470096,3.339446492,-79.0261898762,0.734223872468,7.55871394274,-0.0668248682554,0.00291491260076,-0.997760462369
4.385,1.749386511,2.844359144,3.339271194,-79.0221091836,0.73401343579,7.55887148602,-0.0668229385756,0.00291221919742,-0.997760599472
4.386,1.749588189,2.844366025,3.339382714,-79.0175606333,0.733480410671,7.55866343858,-0.0668230545582,0.00291573767205,-0.997760581429
4.387,1.749511176,2.844376174,3.339351011,-79.0160166407,0.732899448509,7.55875690953,-0.0668232326997,0.00291439428007,-0.997760573423
4.388,1.749449627,2.844556868,3.339472679,-79.0162656405,0.732205598558,7.55880462951,-0.0668263804462,0.00291332478015,-0.997760365727
4.389,1.749541096,2.844499637,3.339471849,-79.015786584,0.731668357473,7.55871220887,-0.0668253825014,0.00291491898896,-0.997760427909
4.39,1.749568196,2.844221169,3.339248857,-79.0160013874,0.73151370144,7.55868753593,-0.0668205329382,0.00291538534531,-0.997760751336
4.391,1.749410039,2.844314092,3.339245145,-79.0209736879,0.731250410141,7.55884437061,-0.066822154317,0.00291262832683,-0.997760650802
4.392,1.749487782,2.844479816,3.339427035,-79.0272244569,0.730735276685,7.55876435219,-0.0668250376805,0.00291398872108,-0.997760453721
4.393,1.749485967,2.844453315,3.339403511,-79.0289523424,0.730488525257,7.55876176456,-0.0668245765814,0.00291395645152,-0.997760484697
4.394,1.749564683,2.844365136,3.339369642,-79.0263590806,0.730643806443,7.55869405249,-0.0668230397531,0.00291532757426,-0.997760583619
4.395,1.749532216,2.844268977,3.339270727,-79.0229819154,0.730695018753,7.55873501352,-0.0668213667075,0.00291475879062,-0.997760697328
4.396,1.749452174,2.844448308,3.339381542,-79.0205750469,0.730413497227,7.55880299084,-0.0668244896293,0.00291336729872,-0.997760492241
4.397,1.749524396,2.844511401,3.339473121,-79.0175114761,0.730225314319,7.55872865558,-0.066825586958,0.00291462813897,-0.997760415065
4.398,1.749546731,2.844624447,3.339581113,-79.0142768436,0.730675556432,7.55870771214,-0.0668275555128,0.00291502104759,-0.99776028207
4.399,1.749397356,2.844424811,3.33933281,-79.0139533056,0.731496829525,7.55885729524,-0.0668240821869,0.00291240968732,-0.997760522325
4.4,1.749476782,2.844817398,3.339708825,-79.0165156675,0.731756869462,7.55878012071,-0.0668309162088,0.00291380535439,-0.997760060524
4.401,1.749458499,2.844630838,3.339540334,-79.0189401405,0.731111633352,7.55880212065,-0.0668276683746,0.0029134813279,-0.997760279008
4.402,1.749507506,2.844412139,3.339379722,-79.0197752703,0.730312720037,7.55875688384,-0.0668238596238,0.00291433093916,-0.997760531621
4.403,1.749544025,2.844672181,3.339620354,-79.0183644567,0.729829760885,7.55872006159,-0.0668283864789,0.00291497492787,-0.997760226548
4.404,1.749496615,2.844269104,3.339252183,-79.0169169461,0.729376729602,7.55875549423,-0.0668213695118,0.0029141383334,-0.997760698953
4.405,1.749541326,2.844587494,3.339546805,-79.0185331781,0.729128192044,7.55871241202,-0.0668269115629,0.00291492507428,-0.99776032548
4.406,1.74949658,2.844800976,3.339705207,-79.0191702239,0.729514665847,7.55875793902,-0.0668306299085,0.00291414987972,-0.997760078695
4.407,1.749604033,2.844472814,3.339481975,-79.0175387799,0.730399514324,7.55865038554,-0.066824914007,0.00291601669052,-0.997760456079
4.408,1.749506672,2.844551004,3.339497569,-79.0172205403,0.731055467428,7.5587497194,-0.0668262771674,0.0029143199529,-0.997760369738
4.409,1.749531735,2.844781651,3.339707163,-79.0172370738,0.731031652362,7.55872511389,-0.0668302931078,0.0029147628717,-0.997760099463
4.41,1.749570159,2.844554423,3.339533741,-79.0160549191,0.731052833501,7.55868113058,-0.0668263356809,0.0029154280276,-0.997760362582
4.411,1.749546012,2.844371093,3.339364935,-79.0162682294,0.73136986588,7.55871728363,-0.066823144525,0.00291500235671,-0.997760577552
4.412,1.749498247,2.844607854,3.339541579,-79.0186959979,0.73126893009,7.55875484015,-0.0668272669446,0.00291417436858,-0.997760303871
4.413,1.749534355,2.844579714,3.339536526,-79.0219063505,0.7309003904,7.55871688969,-0.0668267765221,0.00291480332593,-0.997760334881
4.414,1.749509868,2.844330293,3.339311246,-79.0267118849,0.730366246647,7.55874751501,-0.0668224339953,0.00291437104213,-0.997760626982
4.415,1.749536029,2.844439547,3.339418011,-79.0346625576,0.728924566967,7.55871888188,-0.0668243361355,0.00291482984982,-0.997760498249
4.416,1.749505727,2.844414162,3.339380513,-79.0431991153,0.725667972217,7.55875627955,-0.0668238943308,0.00291429999492,-0.997760529387
4.417,1.749516769,2.844587558,3.339533994,-79.0478941306,0.720964202801,7.55874105544,-0.0668269132039,0.00291449726637,-0.99776032662
4.418,1.749513924,2.844493558,3.339452436,-79.0466499855,0.716462106274,7.55875348079,-0.0668252763916,0.00291444519689,-0.9977604364
4.419,1.749480194,2.844785522,3.33968346,-79.0407466104,0.713107316889,7.558778379,-0.0668303614447,0.00291386388416,-0.997760097512
4.42,1.749580696,2.844331718,3.339349568,-79.0355793609,0.711171127269,7.55867356219,-0.0668224579061,0.00291560591586,-0.997760621773
4.421,1.749584603,2.844343009,3.339361232,-79.0356073942,0.710683174646,7.55866854183,-0.0668226538526,0.00291567521162,-0.997760608448
4.422,1.749569221,2.844377107,3.339382216,-79.0370216025,0.711446009294,7.55869249511,-0.0668232482262,0.00291540739162,-0.997760569423
4.423,1.749495355,2.844317675,3.339292894,-79.0372967765,0.712753965174,7.55875762704,-0.0668222153016,0.00291411758319,-0.997760642369
4.424,1.749585213,2.844583413,3.339566321,-79.037623033,0.714046455251,7.55866662756,-0.0668268398412,0.00291569091651,-0.997760328046
4.425,1.749569092,2.844539661,3.339520608,-79.03688367,0.715926412088,7.55869006641,-0.06682607821,0.00291540884491,-0.997760379882
4.426,1.749612708,2.844594896,3.339590506,-79.0351760275,0.71859104403,7.55865124554,-0.0668270399567,0.00291617082278,-0.997760313241
4.427,1.749552049,2.844578862,3.33954507,-79.0325192989,0.72078437389,7.55870932717,-0.0668267615938,0.00291511241015,-0.997760334978
4.428,1.749550468,2.844507567,3.339483514,-79.0291368061,0.722049359475,7.5587142723,-0.0668255198153,0.00291508322488,-0.997760418232
4.429,1.749524245,2.844584403,3.339535223,-79.0259492486,0.723044678069,7.55873846385,-0.0668268582059,0.00291462777826,-0.997760329923
4.43,1.749570581,2.844217436,3.339246927,-79.0247535601,0.724251854209,7.55868721654,-0.0668204679456,0.00291542731411,-0.997760755566
4.431,1.749551513,2.844414872,3.339405106,-79.0253846421,0.725804725124,7.55870482158,-0.0668239059419,0.00291509882382,-0.997760526275
4.432,1.74950432,2.844585109,3.339525387,-79.0254616592,0.727070625897,7.55876064677,-0.0668268705935,0.00291427990091,-0.997760330109
4.433,1.749539892,2.844227478,3.339239402,-79.0256684333,0.728012688405,7.55871252127,-0.0668206437824,0.00291489214959,-0.997760745353
4.434,1.749537228,2.844661413,3.339607621,-79.0263474451,0.728903735232,7.55871868999,-0.0668281986209,0.00291485615913,-0.997760239478
4.435,1.74959785,2.844595266,3.339583038,-79.0246250615,0.730196426822,7.55864783894,-0.0668270462675,0.00291591226032,-0.997760313574
4.436,1.749633593,2.844322533,3.339369459,-79.0234616661,0.732064299418,7.55861649698,-0.0668222969569,0.00291652858343,-0.997760629856
4.437,1.749627872,2.844411125,3.339441921,-79.0274365939,0.733766215313,7.55863518016,-0.0668238399623,0.00291643143605,-0.9977605268
4.438,1.749572662,2.844546833,3.339528587,-79.0337366826,0.73439337464,7.5586787428,-0.066826203825,0.00291547176238,-0.997760371285
4.439,1.749551755,2.84437593,3.339372063,-79.039492129,0.734287161858,7.55869363542,-0.0668232282198,0.00291510287913,-0.997760571653
4.44,1.749522018,2.844744378,3.339670323,-79.0426723867,0.733850398468,7.55873912856,-0.0668296435389,0.00291459208567,-0.99776014347
4.441,1.749589626,2.844583308,3.339568543,-79.0410808213,0.733258557569,7.55866653473,-0.0668268380509,0.00291576859151,-0.997760327939
4.442,1.74944354,2.844363573,3.339304843,-79.03792417,0.732809195155,7.55881028579,-0.0668230150379,0.00291321393999,-0.997760591448
4.443,1.749598177,2.844347349,3.33937204,-79.0376759535,0.732580307416,7.55865144945,-0.0668227295366,0.00291591121726,-0.997760602689
4.444,1.749562662,2.844643421,3.339605621,-79.0379862311,0.73253641363,7.55869294826,-0.0668278856694,0.00291529865025,-0.997760259146
4.445,1.749609062,2.844221461,3.339270518,-79.0380025087,0.732460520064,7.5586542412,-0.0668205374666,0.00291609917297,-0.997760748947
4.446,1.749577247,2.844570013,3.339550734,-79.0387895548,0.732222932691,7.55867933948,-0.0668266072039,0.00291555163267,-0.997760344035
4.447,1.74957024,2.844473987,3.33946527,-79.0373005487,0.731952075865,7.55868078889,-0.0668249349973,0.00291542751988,-0.997760456395
4.448,1.749627583,2.844356757,3.33939546,-79.0352359209,0.731900293185,7.55863024244,-0.066822893279,0.0029164254369,-0.99776059022
4.449,1.749601999,2.844237452,3.339280437,-79.0375425015,0.73204497055,7.5586599196,-0.0668208162243,0.00291597600421,-0.997760730638
4.45,1.749539864,2.844658765,3.339606747,-79.041320892,0.73196055865,7.5587189439,-0.0668281524837,0.00291490187156,-0.997760242434
4.451,1.749593339,2.844572037,3.339560888,-79.0399912198,0.731577611551,7.55866729105,-0.0668266419852,0.00291583234229,-0.997760340885
4.452,1.749577182,2.844495687,3.33948739,-79.03523771,0.731576156332,7.5586805807,-0.0668253132192,0.00291554863597,-0.997760430709
4.453,1.749522888,2.844478464,3.339444276,-79.0320133983,0.731815233659,7.55874999725,-0.0668250135499,0.00291460125257,-0.997760453548
4.454,1.749524072,2.844903934,3.339807311,-79.0285951745,0.731464824223,7.5587372982,-0.0668324214952,0.00291463148243,-0.997759957285
4.455,1.749654625,2.844195231,3.339272049,-79.024751387,0.730951062895,7.55859462507,-0.0668200801916,0.00291689334525,-0.997760777249
4.456,1.74951153,2.845093483,3.339962203,-79.0235138333,0.731004465773,7.55875032971,-0.0668357228399,0.0029144174636,-0.997759736772
4.457,1.749694989,2.844554047,3.33959882,-79.0211966968,0.731208086674,7.55856697613,-0.0668263264422,0.00291760531143,-0.997760356836
4.458,1.749588601,2.844722062,3.339686196,-79.0183102024,0.731076588443,7.55866913581,-0.066829254105,0.00291575359044,-0.997760166161
4.459,1.749517173,2.844638997,3.339578021,-79.0157567503,0.73030205156,7.55874085386,-0.0668278086093,0.00291450514678,-0.997760266625
4.46,1.749554642,2.844460277,3.33944542,-79.0147720931,0.729339246352,7.55870586231,-0.0668246966001,0.00291515486443,-0.997760473158
4.461,1.749537047,2.84472221,3.339659313,-79.0165314874,0.728895238988,7.55872560895,-0.0668292577817,0.00291485455379,-0.997760168541
4.462,1.749541752,2.844748488,3.339684162,-79.0181766687,0.728973538222,7.55870577974,-0.066829715346,0.00291493722268,-0.997760137652
4.463,1.749613886,2.844762988,3.339734303,-79.0202951033,0.729467408324,7.55863862599,-0.0668299659869,0.00291619519018,-0.997760117188
4.464,1.749535127,2.844632936,3.339582264,-79.0232971253,0.729886310103,7.55873383304,-0.0668277031218,0.00291481882931,-0.997760272774
4.465,1.74947246,2.844599521,3.339520972,-79.0268806755,0.72997863562,7.5587947312,-0.0668271226509,0.00291372461784,-0.997760314849
4.466,1.74956599,2.844906929,3.339831821,-79.0287931618,0.730094323952,7.55868187169,-0.0668324731519,0.0029153637986,-0.997759951685
4.467,1.749617695,2.844331982,3.339369177,-79.028252698,0.730498852472,7.55863953124,-0.0668224613492,0.00291625220791,-0.997760619654
4.468,1.749607748,2.844610526,3.339601221,-79.0306308905,0.730759708269,7.55866191591,-0.066827311968,0.00291608478257,-0.997760295274
4.469,1.749598992,2.844577168,3.339568221,-79.0340229138,0.730578964571,7.55866943685,-0.0668267306714,0.00291593104247,-0.997760334657
4.47,1.749534805,2.844714953,3.339651958,-79.0331359563,0.730581098729,7.55872961365,-0.0668291313308,0.00291481484332,-0.997760177127
4.471,1.749595415,2.844540888,3.339535444,-79.0306919228,0.730470121954,7.55866534545,-0.0668260990014,0.00291586816973,-0.997760377147
4.472,1.749531765,2.844661505,3.339604838,-79.0302167269,0.730211964981,7.55873490773,-0.0668282007517,0.00291476076504,-0.997760239614
4.473,1.749517243,2.844484739,3.339446663,-79.0300280851,0.729999299949,7.55873793284,-0.0668251232525,0.00291450300252,-0.997760446487
4.474,1.749558146,2.844783162,3.339722285,-79.027336981,0.730213735669,7.55869783501,-0.0668303183582,0.00291522360754,-0.997760096426
4.475,1.749434974,2.844541225,3.339451678,-79.0239915757,0.730830831005,7.55882468967,-0.0668261083796,0.00291306861689,-0.997760384697
4.476,1.749537307,2.84448691,3.339459024,-79.0247300012,0.73170380106,7.55872523544,-0.0668251604387,0.00291485355875,-0.997760442973
4.477,1.749622831,2.844623689,3.339620335,-79.0285177996,0.732931561722,7.55864216949,-0.0668275402198,0.00291634804701,-0.997760279217
4.478,1.749595557,2.844429241,3.33944042,-79.0316513654,0.734472584408,7.55865002285,-0.0668241558212,0.00291586747206,-0.997760507294
4.479,1.749608179,2.844498466,3.339505997,-79.033011442,0.735682936405,7.55865968577,-0.0668253604709,0.00291609007597,-0.997760425962
4.48,1.749560371,2.844446318,3.339436531,-79.0339217116,0.735884399381,7.55870170416,-0.0668244537718,0.00291525422957,-0.997760489131
4.481,1.749490203,2.844878022,3.339767496,-79.0337358887,0.735576801939,7.5587749705,-0.0668319711712,0.00291404089622,-0.997759989173
4.482,1.749615387,2.844429339,3.339450893,-79.0314749951,0.735415826825,7.55863896567,-0.066824156747,0.00291621371198,-0.99776050622
4.483,1.749639343,2.844252579,3.339312888,-79.0320123727,0.735243553479,7.55861786464,-0.0668210788169,0.00291662744839,-0.997760711148
4.484,1.749602773,2.84458867,3.339579998,-79.0359054625,0.735281947014,7.55865363804,-0.0668269314285,0.00291599761691,-0.997760321016
4.485,1.749564373,2.844754628,3.339701242,-79.0366716575,0.735732168522,7.55869978652,-0.0668298216946,0.00291533150446,-0.997760129377
4.486,1.749605213,2.844717797,3.339691265,-79.0342600007,0.736161889759,7.55865143867,-0.0668291794529,0.00291604283289,-0.997760170315
4.487,1.74960435,2.844501734,3.339506774,-79.0327478662,0.736428375301,7.55865308933,-0.066825418006,0.0029160232713,-0.997760422304
4.488,1.749627717,2.84479171,3.339766013,-79.0318844383,0.736963757886,7.55862214775,-0.0668304664235,0.00291643705436,-0.997760082962
4.489,1.749653114,2.844526669,3.339553561,-79.0287628402,0.737618401467,7.55861098686,-0.066825851209,0.00291687398089,-0.997760390804
4.49,1.749562648,2.845014175,3.339921423,-79.0227381022,0.737526064616,7.55869911869,-0.0668343404158,0.00291530736663,-0.997759826774
4.491,1.749552334,2.844774311,3.339711701,-79.0137838224,0.736835032555,7.55870712321,-0.0668301640741,0.00291512191243,-0.997760107057
4.492,1.749615747,2.844503459,3.339514214,-79.0064773433,0.735970440775,7.55864094435,-0.066825447434,0.00291622156465,-0.997760419754
4.493,1.74954082,2.84450611,3.339477218,-79.0037234658,0.735617990467,7.55871423282,-0.0668254949456,0.00291491447288,-0.997760420391
4.494,1.749558382,2.844427718,3.339419647,-79.0029429275,0.735947354889,7.5587004629,-0.0668241296495,0.00291521887798,-0.997760510942
4.495,1.749573981,2.844755754,3.339707235,-79.0015983603,0.736155607325,7.55868745928,-0.0668298406068,0.00291549912727,-0.997760127621
4.496,1.749606215,2.844602183,3.339593312,-78.9987963633,0.73585718485,7.55865047718,-0.0668271668903,0.00291605780181,-0.997760305069
4.497,1.749691592,2.844536616,3.339582193,-78.9979953065,0.735778963135,7.55856726653,-0.0668260231596,0.00291754552656,-0.997760377324
4.498,1.749570789,2.844824043,3.339763732,-78.9968955557,0.735865493466,7.55869225131,-0.0668310296178,0.0029154452227,-0.997760048138
4.499,1.74962648,2.844476818,3.339497146,-78.9930786956,0.735275631426,7.55862529557,-0.0668249829819,0.00291640847357,-0.997760450314
4.5,1.749590757,2.844543581,3.339535297,-78.9925024509,0.734407395458,7.55866288608,-0.0668261463734,0.00291578676178,-0.997760374212
4.501,1.749482592,2.844639917,3.339560689,-78.9959926242,0.734002485418,7.55878401917,-0.0668278252802,0.00291390180462,-0.997760267271
4.502,1.749590262,2.844446922,3.339452706,-79.0005800975,0.733694694636,7.55866905253,-0.0668244639425,0.00291577580494,-0.997760486926
4.503,1.749597062,2.844663588,3.33964082,-79.0063014444,0.733383328973,7.55865922931,-0.0668282355617,0.00291589983791,-0.997760233954
4.504,1.749588421,2.844576465,3.339562083,-79.0110795697,0.733558322333,7.5586610993,-0.0668267187014,0.00291574654472,-0.997760335997
4.505,1.749635525,2.844287258,3.339340426,-79.016142344,0.734118607728,7.55862958565,-0.0668216826522,0.00291656192323,-0.9977606709
4.506,1.749571536,2.844427889,3.339426684,-79.0228736715,0.734144309951,7.5586865493,-0.0668241327112,0.00291544934477,-0.997760510064
4.507,1.74961271,2.844816419,3.339779198,-79.0274254104,0.733941104324,7.55863938576,-0.066830896337,0.0029161766529,-0.997760054927
4.508,1.749571712,2.84464427,3.339611085,-79.0264689729,0.734022924599,7.55869739207,-0.0668279000113,0.00291545724221,-0.997760257722
4.509,1.749523024,2.84458254,3.339532997,-79.0249371723,0.733752329937,7.55874220138,-0.0668268263486,0.00291460633746,-0.997760332119
4.51,1.749519468,2.844388793,3.339366103,-79.0257880711,0.733005850157,7.5587324116,-0.0668234529194,0.00291453910221,-0.997760558251
4.511,1.749489571,2.844351479,3.339318657,-79.0298945074,0.732217708902,7.55877676561,-0.066822803037,0.00291401727588,-0.9977606033
4.512,1.749622319,2.844542833,3.339551195,-79.0358453985,0.731645593986,7.55864290085,-0.0668261325102,0.00291633776545,-0.997760373531
4.513,1.749445835,2.844818376,3.339693448,-79.0378660873,0.732075891841,7.5588083577,-0.0668309338371,0.00291326555096,-0.99776006092
4.514,1.749565617,2.844514308,3.339497192,-79.0344974051,0.733455017693,7.55868774142,-0.0668256374165,0.00291534724876,-0.997760409585
4.515,1.749660889,2.844574198,3.339598119,-79.0317680645,0.734580812689,7.55860060581,-0.0668266782054,0.00291701069599,-0.997760335015
4.516,1.74966784,2.844508221,3.339545563,-79.0326244182,0.73515793597,7.55859658952,-0.066825529758,0.00291713051013,-0.997760411583
4.517,1.749596812,2.844688997,3.339662332,-79.0348865748,0.735833216083,7.55865658306,-0.0668286777048,0.00291589601736,-0.997760204351
4.518,1.749533311,2.844455894,3.339430511,-79.0366563276,0.736784966353,7.55872190543,-0.0668246202693,0.00291478256331,-0.997760479358
4.519,1.749600757,2.844533619,3.339532051,-79.0371702822,0.737554775076,7.55866026249,-0.066825972818,0.00291596071465,-0.997760385328
4.52,1.749527749,2.844635317,3.339580428,-79.035548904,0.738218478131,7.55872320649,-0.0668277447878,0.00291468981668,-0.99776027036
4.521,1.749512589,2.8444566,3.339420256,-79.0342975804,0.738778901992,7.55874650521,-0.0668246333665,0.00291442120715,-0.997760479536
4.522,1.749620127,2.844585178,3.339586116,-79.0337265496,0.738582860065,7.55863644844,-0.0668268700418,0.00291630048845,-0.997760324242
4.523,1.74963488,2.844517485,3.339536186,-79.0309656072,0.737824229496,7.55862796377,-0.0668256914218,0.00291655599961,-0.997760402435
4.524,1.749621257,2.84446292,3.339482571,-79.0283357701,0.737355243587,7.55864331851,-0.0668247418303,0.00291631681642,-0.997760466733
4.525,1.749535422,2.844477044,3.339449632,-79.0277511142,0.737500106037,7.55871696088,-0.0668249893812,0.00291482030382,-0.997760454526
4.526,1.749374787,2.844610162,3.339478869,-79.0281980499,0.737693068731,7.55887582999,-0.0668273098348,0.00291202075387,-0.997760307286
4.527,1.749469008,2.844536765,3.339465708,-79.0296947895,0.73732914667,7.5587863694,-0.0668260303021,0.00291366286315,-0.997760388191
4.53,1.749520348,2.84433518,3.339320898,-79.0389715092,0.738341594926,7.55872927627,-0.0668225188348,0.00291455380839,-0.997760620767
4.531,1.749427924,2.844729061,3.339607985,-79.0403510542,0.739186682243,7.55882586644,-0.066829379267,0.00291295019388,-0.997760165966
4.532,1.74939298,2.844528791,3.339419088,-79.0388037634,0.740265882742,7.55886514456,-0.0668258921298,0.00291233612664,-0.997760401319
4.533,1.74953169,2.844596276,3.339549237,-79.0369225312,0.740929898145,7.55873495178,-0.066827065077,0.00291475722029,-0.997760315689
4.534,1.749493749,2.844383528,3.339348145,-79.0358217284,0.741028056392,7.55875721048,-0.0668233610324,0.00291409103186,-0.997760565714
4.535,1.749621061,2.844238135,3.339291007,-79.0374061207,0.741340998392,7.55863428127,-0.0668208275989,0.00291630810659,-0.997760728905
4.536,1.749527039,2.844368394,3.339352694,-79.0419298083,0.741962427576,7.55873772864,-0.0668230969968,0.00291467136896,-0.997760581702
4.537,1.749474204,2.844535972,3.339467755,-79.044627264,0.742090796395,7.55878677245,-0.0668260161581,0.00291375286204,-0.997760388875
4.538,1.749584909,2.844522814,3.339514544,-79.0429193977,0.742137430645,7.55866313847,-0.0668257850363,0.00291568411302,-0.997760398713
4.539,1.749509904,2.844503994,3.339459219,-79.0389410479,0.742782588793,7.55874902837,-0.0668254586506,0.00291437510015,-0.997760424398
4.54,1.749585134,2.84397313,3.339046466,-79.0380423462,0.743397344862,7.55868289087,-0.0668162138965,0.00291567497498,-0.997761039728
4.541,1.749577562,2.84452763,3.339514798,-79.040555972,0.743989347443,7.55867267667,-0.0668258685806,0.00291555664968,-0.99776039349
4.542,1.749592596,2.844671621,3.339645323,-79.0385270026,0.745048293185,7.55866408319,-0.0668283755983,0.00291582159391,-0.997760224803
4.543,1.749699812,2.844583603,3.339626522,-79.0301130657,0.746137658564,7.55855970399,-0.0668268408745,0.00291769066443,-0.997760322131
4.544,1.749615372,2.844368216,3.339398823,-79.0230889528,0.746856701796,7.55865106781,-0.0668230930046,0.00291621259703,-0.997760577466
4.545,1.749587134,2.844553053,3.339541467,-79.0219510927,0.746821785346,7.55867814429,-0.0668263112243,0.00291572394978,-0.997760363355
4.546,1.749648383,2.844634726,3.339643123,-79.0218832882,0.746068615679,7.55861579997,-0.0668277327767,0.00291679411266,-0.997760265016
4.547,1.749489585,2.844668882,3.339589025,-79.019799932,0.745415251655,7.55876898482,-0.0668283299407,0.0029140244103,-0.997760233112
4.548,1.749587812,2.844378063,3.33939277,-79.0195935678,0.745014924186,7.55867420352,-0.0668232642847,0.00291573203292,-0.997760567399
4.549,1.749450206,2.844646183,3.339549061,-79.0245066291,0.74424096297,7.55880405653,-0.0668279351341,0.0029133369574,-0.997760261563
4.55,1.74956764,2.844501564,3.339487397,-79.0314374887,0.742732711113,7.55870123247,-0.066825415344,0.00291538263788,-0.997760424355
4.551,1.749576909,2.844677439,3.33964206,-79.0342529862,0.740696219659,7.55869636656,-0.0668284768817,0.00291554819391,-0.997760218818
4.552,1.749524479,2.844642964,3.339585228,-79.0205280848,0.739088993771,7.55874139718,-0.066827878484,0.00291463333945,-0.997760261571
4.553,1.749394117,2.844551836,3.339439313,-78.9812748787,0.738706485232,7.55885725593,-0.0668262936246,0.00291235615965,-0.99776037437
4.554,1.749539267,2.844386686,3.339374682,-78.9308739371,0.739365741169,7.55872375127,-0.0668234153934,0.00291488451172,-0.997760559755
4.555,1.74946171,2.844246639,3.339214761,-78.888737539,0.740378483333,7.55879420315,-0.0668209781806,0.00291352813586,-0.997760726942
4.556,1.749551551,2.844342329,3.339343336,-78.8604525259,0.740988524508,7.5587154064,-0.0668226427618,0.00291509826702,-0.997760610876
4.557,1.749441804,2.844682681,3.339575749,-78.8435507977,0.741174999111,7.55880848141,-0.0668285709156,0.00291319147631,-0.997760219404
4.558,1.749621466,2.844732179,3.33971203,-78.8335839034,0.741829753065,7.55864139381,-0.0668294294737,0.00291632740856,-0.997760152737
4.559,1.749639411,2.844352501,3.339398032,-78.8315860227,0.743101867738,7.55862179339,-0.0668228183494,0.00291663110483,-0.997760594637
4.56,1.749676447,2.844637261,3.339659985,-78.839753784,0.744321944994,7.55858274368,-0.0668277756072,0.0029172838288,-0.997760260715
4.561,1.749540233,2.844468032,3.339444477,-78.8540632518,0.744847322959,7.55871426751,-0.0668248322167,0.00291490388427,-0.997760464808
4.562,1.749643034,2.844707276,3.339702118,-78.8719311151,0.744915353155,7.55861352624,-0.0668289953345,0.00291670245414,-0.997760180719
4.563,1.749384048,2.844604319,3.339478743,-78.8935302579,0.744363735983,7.55888500443,-0.0668272081487,0.00291218214729,-0.997760313626
4.564,1.749549117,2.844560349,3.339527765,-78.9156129287,0.743285565993,7.55871042446,-0.066826438726,0.00291506045981,-0.997760356754
4.565,1.749503559,2.84472541,3.339644496,-78.9356927656,0.742615025648,7.55874190473,-0.0668293140048,0.00291426991952,-0.997760166483
4.566,1.749539129,2.844890537,3.339803787,-78.953149503,0.742617374589,7.55873221264,-0.0668321881982,0.00291489401985,-0.997759972144
4.567,1.749635942,2.844517124,3.339536434,-78.9683504864,0.742214948311,7.55862844635,-0.0668256850687,0.00291657410112,-0.997760402808
4.568,1.749527513,2.844420106,3.33939699,-78.9860612267,0.741200836733,7.55873586605,-0.0668239974459,0.00291468095753,-0.997760521368
4.569,1.74954841,2.844872121,3.339792961,-79.0049586424,0.740509463068,7.55869297925,-0.0668318679612,0.00291505599007,-0.997759993121
4.57,1.749525055,2.844719122,3.339650401,-79.0191236173,0.740524391675,7.55873774458,-0.0668292039282,0.00291464462689,-0.997760172761
4.571,1.749489929,2.844703074,3.33961833,-79.0306376921,0.740459466724,7.55877327822,-0.0668289252078,0.00291403151344,-0.997760193221
4.572,1.749501779,2.844708361,3.339629042,-79.0414507851,0.739515594155,7.5587646321,-0.0668290173094,0.00291423893154,-0.997760186446
4.573,1.749471263,2.844715078,3.339618777,-79.0516989768,0.737970377139,7.55878121477,-0.0668291348909,0.00291370589793,-0.997760180127
4.574,1.749479749,2.844560406,3.339491473,-79.0621347092,0.736566334039,7.55878329886,-0.0668264412631,0.00291385106596,-0.997760360117
4.575,1.749540697,2.844446712,3.33942656,-79.0723208702,0.735699850613,7.55871891435,-0.0668244611562,0.00291491086631,-0.99776048964
4.576,1.749647014,2.844627983,3.339636663,-79.0809833108,0.735752169864,7.55861278024,-0.0668276150006,0.00291677058164,-0.997760272973
4.577,1.749556014,2.844665208,3.339620696,-79.0869887528,0.73646354331,7.55869915992,-0.0668282648787,0.00291518328304,-0.997760234084
4.578,1.749448922,2.844590909,3.339501306,-79.0912458801,0.736943641326,7.55881280781,-0.0668269729169,0.00291331388154,-0.997760326077
4.579,1.749514432,2.844461027,3.339424993,-79.0935681795,0.736977756799,7.55874087602,-0.0668247108375,0.00291445377075,-0.997760474253
4.58,1.74963873,2.844443494,3.33947518,-79.0957241072,0.736783247728,7.55862266645,-0.0668244028248,0.00291662124231,-0.997760488548
4.581,1.749602883,2.844539813,3.33953844,-79.0994464012,0.736158062075,7.55866524874,-0.0668260808366,0.0029159987781,-0.997760377982
4.582,1.749540151,2.844689878,3.339633399,-79.1018188652,0.735126036817,7.55872828676,-0.066828694517,0.00291490732546,-0.997760206114
4.583,1.749499957,2.844622405,3.339554869,-79.0986612816,0.733898836028,7.55875848701,-0.0668275204739,0.00291420488899,-0.997760286801
4.584,1.749606652,2.844643306,3.339628568,-79.0921386162,0.732499704576,7.55864596929,-0.0668278820866,0.00291606670726,-0.997760257141
4.585,1.749570788,2.844591767,3.339565879,-79.0855290591,0.731782421274,7.55868772581,-0.0668269861599,0.00291543932825,-0.997760318982
4.586,1.749499743,2.844673552,3.339598324,-79.0787777908,0.731134848293,7.55876837376,-0.0668284109717,0.00291420203475,-0.997760227166
4.587,1.749485282,2.844211739,3.339197384,-79.0728546382,0.730210740814,7.55876912574,-0.0668203708538,0.00291393927762,-0.997760766415
4.588,1.74949133,2.844638557,3.339564108,-79.0687640453,0.729218379573,7.55876867087,-0.066827801736,0.00291405492013,-0.997760268401
4.589,1.749509985,2.844580265,3.339524229,-79.0656921513,0.728811270006,7.55874672807,-0.0668267864792,0.00291437883721,-0.997760335454
4.59,1.749499517,2.844500337,3.339450662,-79.0640897993,0.729093514552,7.55875737243,-0.066825395153,0.00291419403881,-0.997760429179
4.591,1.749466472,2.844493511,3.339427536,-79.0646936881,0.728730410297,7.55879685237,-0.066825276512,0.00291361722609,-0.99776043881
4.592,1.749521045,2.844454432,3.339422839,-79.0656630301,0.726047101798,7.5587459453,-0.0668245959513,0.0029145684462,-0.997760481612
4.593,1.749486662,2.844631345,3.33955552,-79.0654475297,0.721480685964,7.55877334822,-0.0668276763925,0.00291397324175,-0.997760277034
4.594,1.749637979,2.844534237,3.339552078,-79.0654017044,0.717656599342,7.55861502343,-0.0668259830471,0.0029166109422,-0.997760382742
4.595,1.749501515,2.84447225,3.339427785,-79.0665214416,0.71491111027,7.55875755622,-0.0668249063798,0.0029142285614,-0.997760461814
4.596,1.749622279,2.844174838,3.339237732,-79.0676234335,0.713153478081,7.55863223047,-0.066819725393,0.00291632861531,-0.997760802661
4.597,1.749690308,2.844413428,3.339476594,-79.0694227374,0.711986656611,7.5585802732,-0.0668238784717,0.00291752103567,-0.997760521035
4.598,1.749614905,2.844556639,3.33955907,-79.0702219974,0.711214031575,7.55863636061,-0.066826372906,0.00291620799405,-0.997760357809
4.599,1.749579997,2.844420742,3.339425029,-79.0689129993,0.711051944586,7.55867669878,-0.0668240075913,0.00291559642127,-0.997760518014
4.6,1.749510577,2.844746306,3.339665972,-79.0653993052,0.711432846755,7.55874426624,-0.0668296776547,0.00291439242988,-0.997760141768
4.601,1.74952365,2.844585679,3.339535999,-79.0582550428,0.712308838637,7.55873043036,-0.0668268804762,0.00291461665092,-0.997760328464
4.602,1.749485153,2.844540334,3.339477206,-79.0499820791,0.71392235265,7.55877408641,-0.0668260915211,0.00291394456659,-0.997760383268
4.603,1.749598036,2.844577109,3.339567669,-79.0444278522,0.716084574128,7.5586435656,-0.0668267303388,0.00291591435546,-0.997760334728
4.604,1.749540399,2.844611734,3.339566967,-79.0425074506,0.718535071478,7.55871462171,-0.0668273337648,0.00291491017792,-0.997760297246
4.605,1.74950572,2.844676364,3.339603851,-79.0427168658,0.720565996453,7.5587551048,-0.0668284602065,0.00291430687675,-0.997760223562
4.606,1.74958275,2.844529788,3.339519354,-79.0433653095,0.721720977102,7.55866915442,-0.0668259061345,0.00291564638167,-0.997760390713
4.607,1.749616818,2.844576524,3.339577011,-79.0445302392,0.722700572548,7.55862421646,-0.0668267197762,0.00291624272459,-0.997760334475
4.608,1.749581808,2.844519976,3.339510502,-79.0463542196,0.724120391384,7.55867489292,-0.0668257358944,0.00291563028491,-0.997760402162
4.609,1.749507443,2.844399315,3.339368766,-79.0499046222,0.725666177691,7.55874546347,-0.0668236362808,0.00291432992602,-0.997760546582
4.61,1.749484966,2.844748698,3.339654593,-79.0531773507,0.72711610679,7.55876398228,-0.0668297200811,0.00291394634437,-0.997760140229
4.611,1.749559816,2.84463977,3.33960102,-79.0509878898,0.728302894691,7.55869612535,-0.0668278220505,0.00291524892286,-0.997760263552
4.612,1.749519312,2.844589516,3.339536994,-79.0465431867,0.728581637574,7.55874511057,-0.0668269477558,0.00291454134463,-0.997760324177
4.613,1.749565684,2.844569608,3.339544331,-79.0469368355,0.728248706353,7.55869227691,-0.0668265999298,0.00291535016376,-0.997760345111
4.614,1.749559679,2.844598504,3.339565798,-79.0498004623,0.727813871988,7.5586935425,-0.0668271030366,0.00291524561602,-0.99776031172
4.615,1.749513305,2.8445708,3.339517906,-79.0495425637,0.727568638453,7.55873993596,-0.0668266214532,0.00291443589583,-0.99776034634
4.616,1.749621368,2.844704176,3.339688126,-79.0472642015,0.727740411669,7.55862550348,-0.0668289421287,0.00291632441023,-0.997760185388
4.617,1.749608432,2.844593218,3.339586837,-79.046143986,0.728549491775,7.558653617,-0.0668270099772,0.00291609623555,-0.997760315467
4.618,1.749575027,2.844408743,3.339412205,-79.0467323852,0.73076596221,7.55868112727,-0.0668237995061,0.00291550896107,-0.997760532206
4.619,1.749625231,2.84471842,3.339702283,-79.0466439615,0.736169660093,7.55863821937,-0.0668291904097,0.00291639230516,-0.99776016856
4.62,1.749557813,2.844692998,3.33964531,-79.0449415385,0.743884128649,7.55870532877,-0.0668287487247,0.00291521545076,-0.997760201583
4.621,1.749542317,2.845185837,3.340057,-79.04295499,0.751011360494,7.55872512118,-0.066837329768,0.00291495673623,-0.997759627554
4.622,1.74962088,2.844666218,3.339655538,-79.0392319226,0.755985420519,7.55863313559,-0.066828281559,0.00291631498985,-0.99776022966
4.623,1.749586437,2.844608008,3.339587911,-79.0355624297,0.758723152929,7.55867613458,-0.0668272680816,0.00291571353082,-0.997760299298
4.624,1.749567111,2.844483984,3.339472145,-79.0358223011,0.759502454396,7.5586988028,-0.0668251090538,0.00291537278789,-0.997760444897
4.625,1.749531366,2.844552244,3.339511562,-79.039810815,0.759616847264,7.55872614462,-0.0668262980631,0.00291475075748,-0.99776036708
4.626,1.749588009,2.844675402,3.33964614,-79.043233303,0.759838835178,7.55866321253,-0.0668284416939,0.00291574202636,-0.997760220609
4.627,1.749640223,2.844259827,3.339319522,-79.0442112057,0.759450024678,7.55861090171,-0.0668212049348,0.00291664312248,-0.997760702656
4.628,1.749600573,2.844570253,3.339563159,-79.0457685047,0.757436322529,7.55865939769,-0.0668266108472,0.00291595919573,-0.9977603426
4.629,1.749622845,2.844413396,3.339441221,-79.0482880978,0.754371120164,7.55863546023,-0.0668238795889,0.00291634344337,-0.997760524403
4.63,1.749559119,2.844593905,3.339561587,-79.049775595,0.750979270639,7.5586992879,-0.0668270235897,0.00291523654078,-0.997760317067
4.631,1.749579212,2.844376634,3.339387048,-79.0475911663,0.747464708885,7.5586861926,-0.0668232397408,0.0029155820354,-0.997760569481
4.632,1.749613498,2.844441637,3.339460378,-79.0443907364,0.744018895991,7.55864610486,-0.066824370534,0.00291618146602,-0.997760491996
4.633,1.749467299,2.844572131,3.339494938,-79.042638957,0.740701400495,7.55880446327,-0.0668266456382,0.00291363419501,-0.997760347062
4.634,1.749636818,2.844576906,3.339587815,-79.0403679552,0.737921896923,7.55861441834,-0.0668267255204,0.00291659095062,-0.997760333073
4.635,1.749506003,2.84494967,3.339836805,-79.0348225042,0.735379949092,7.55875523095,-0.0668332184505,0.00291431825636,-0.997759904817
4.636,1.749559249,2.844600796,3.339567525,-79.0276757153,0.732708185422,7.55870707147,-0.0668271428902,0.0029152381216,-0.997760309072
4.637,1.749541937,2.844694082,3.339637916,-79.0233339465,0.730293715196,7.55871885427,-0.0668287676141,0.00291493864604,-0.997760201126
4.638,1.749516679,2.844749875,3.339672209,-79.0197235773,0.728539339353,7.55874496124,-0.0668297392611,0.00291449978225,-0.997760137328
4.639,1.749584581,2.844446198,3.339449113,-79.0152365521,0.727711288703,7.5586724394,-0.0668244508006,0.00291567726224,-0.997760488094
4.64,1.749645893,2.844463685,3.33949613,-79.0153297873,0.728111976768,7.55860971165,-0.0668247547062,0.00291674711201,-0.997760464613
4.641,1.749594846,2.844634313,3.339614723,-79.0215818106,0.729329704352,7.55866441713,-0.0668277264495,0.00291586003658,-0.99776026817
4.642,1.749619764,2.844472048,3.339489564,-79.0292902307,0.730266934686,7.5586339815,-0.0668249002138,0.00291629128808,-0.9977604562
4.643,1.749554004,2.844745828,3.339688315,-79.03320488,0.730427322291,7.55870627704,-0.0668296684992,0.00291515045342,-0.997760140167
4.644,1.749671172,2.844726268,3.339733036,-79.0324788963,0.729840353112,7.55859687487,-0.0668293258726,0.00291719359092,-0.997760157144
4.645,1.749652081,2.84451979,3.339547161,-79.032875524,0.729284552055,7.55860123342,-0.0668257315184,0.00291685626298,-0.997760398872
4.646,1.74968722,2.844471896,3.339524776,-79.0377209361,0.729514675545,7.5585729928,-0.0668248962593,0.00291746820999,-0.997760453024
4.647,1.749566005,2.84445326,3.339445396,-79.044924291,0.729716392275,7.5586976676,-0.0668245737977,0.00291535336788,-0.997760480803
4.648,1.749617822,2.844558784,3.339562426,-79.0522290115,0.729214149348,7.55864366561,-0.0668264101952,0.00291625895958,-0.997760355163
4.649,1.749559123,2.844609014,3.339574459,-79.0548780746,0.728922694792,7.55869028274,-0.0668272862631,0.00291523686125,-0.997760299473
4.65,1.749599608,2.844416707,3.339431866,-79.0520535488,0.729313926511,7.5586588638,-0.0668239370705,0.00291593821997,-0.997760521738
4.651,1.749680351,2.844305825,3.339379726,-79.0478192399,0.72972655915,7.55858876219,-0.0668220051954,0.00291734480833,-0.99776064701
4.652,1.749595836,2.844562561,3.339554125,-79.0443141423,0.729727736216,7.55867273896,-0.0668264771762,0.00291587601913,-0.997760351796
4.653,1.749594404,2.844578435,3.339566895,-79.0412156416,0.729505947125,7.55866412409,-0.0668267530963,0.00291585118128,-0.997760333388
4.654,1.749622759,2.844506139,3.339520171,-79.0378062099,0.729145739268,7.55864354548,-0.0668254940967,0.00291634455756,-0.997760416269
4.655,1.74959471,2.844795795,3.339752202,-79.0315490815,0.728781701177,7.55866548054,-0.066830537264,0.00291586193106,-0.997760079898
4.656,1.749634657,2.844668406,3.33966462,-79.0224083675,0.729260326097,7.55862380395,-0.0668283190746,0.00291655614881,-0.997760226442
4.657,1.749515468,2.844619937,3.339560893,-79.0153286886,0.730459070885,7.55874310438,-0.0668274771887,0.00291447543527,-0.99776028891
4.658,1.749549126,2.844654347,3.339607836,-79.0115901345,0.731049272395,7.55871680669,-0.0668280762169,0.0029150636664,-0.99776024707
4.659,1.749557597,2.844588561,3.339556238,-79.0080330986,0.73067330855,7.55871068593,-0.0668269297885,0.00291520950564,-0.997760323429
4.66,1.749565253,2.84481506,3.33975318,-79.0058479589,0.729915097657,7.55870274713,-0.0668308736011,0.00291534789826,-0.997760058872
4.661,1.749598024,2.844577145,3.339567693,-79.0074391995,0.729620364317,7.55865913398,-0.0668267307624,0.00291591437454,-0.997760334699
4.662,1.749619868,2.844786349,3.339757335,-79.0098488013,0.730192805209,7.55864611866,-0.0668303724655,0.0029163008226,-0.997760089654
4.663,1.749589018,2.844458742,3.339462123,-79.0106072434,0.730970795602,7.5586720193,-0.0668246695739,0.0029157546093,-0.997760473216
4.664,1.749626807,2.844626633,3.339624926,-79.0112140505,0.732539006245,7.55863209917,-0.066827591804,0.00291641787118,-0.997760275557
4.665,1.749556243,2.844486291,3.339468416,-79.0113585284,0.735822298584,7.55869418738,-0.0668251494673,0.00291518341447,-0.997760442744
4.666,1.749566383,2.844595257,3.339566544,-79.0108209007,0.739165547266,7.55870004243,-0.0668270465495,0.00291536301555,-0.99776031516
4.667,1.749557746,2.844585314,3.33955355,-79.0110968581,0.741351542783,7.55870488007,-0.0668268740233,0.00291521212819,-0.997760327156
4.668,1.749610226,2.844738684,3.339711683,-79.0115271105,0.743146917774,7.55865459987,-0.066829543048,0.00291613101114,-0.997760145704
4.669,1.749607455,2.844615508,3.339605311,-79.0107136893,0.744813402961,7.55864324067,-0.0668273981253,0.00291608016548,-0.997760289517
4.67,1.749566019,2.844576767,3.339550604,-79.0100501608,0.746164020535,7.5586875036,-0.0668267248956,0.00291535624553,-0.997760336723
4.671,1.749618093,2.84480832,3.339775119,-79.0089623703,0.746653857176,7.55865114546,-0.0668307556051,0.0029162703823,-0.99776006408
4.672,1.74962545,2.844860196,3.339823161,-79.00469529,0.746184310368,7.55863591767,-0.0668316588546,0.0029163993051,-0.997760003202
4.673,1.749564553,2.844571336,3.33954521,-79.0001499385,0.745525463563,7.55869522617,-0.066826630602,0.00291533048691,-0.997760343114
4.674,1.749564811,2.844640308,3.339604095,-78.999162892,0.744821872822,7.55869200291,-0.0668278309393,0.00291533612907,-0.997760262702
4.675,1.749583223,2.844545003,3.339532561,-79.0013827843,0.743658421294,7.55868215264,-0.0668261712476,0.00291565500712,-0.997760372931
4.676,1.74959,2.844608949,3.33959058,-79.0062841278,0.741773872618,7.55867583653,-0.0668272849008,0.0029157754278,-0.997760297991
4.677,1.749654426,2.844620853,3.339634472,-79.0119837495,0.740106896522,7.55859756803,-0.066827490791,0.00291689964372,-0.997760280915
4.678,1.749651926,2.844605478,3.339620067,-79.0174557451,0.739499486321,7.55860959407,-0.0668272231416,0.0029168556037,-0.99776029897
4.679,1.749647807,2.844626457,3.339635778,-79.0220005908,0.739216014044,7.55862181744,-0.0668275887873,0.0029167837569,-0.99776027469
4.68,1.74954274,2.844693297,3.339637667,-79.0216831132,0.738721827372,7.55872172448,-0.0668287539488,0.00291495313078,-0.997760201999
4.681,1.749589451,2.844650653,3.339625815,-79.0164675409,0.738212582971,7.55866797954,-0.0668280103809,0.00291576686092,-0.997760249425
4.682,1.749602826,2.844601844,3.339591248,-79.0120371088,0.737717964666,7.55866125945,-0.0668271606146,0.00291599896363,-0.997760305662
4.683,1.749535876,2.84469174,3.339632746,-79.0119465475,0.737420672413,7.55872725833,-0.0668287268226,0.00291483330395,-0.997760204166
4.684,1.749605989,2.844955335,3.339894007,-79.0132288463,0.737519182217,7.55865981711,-0.0668333150603,0.00291606177664,-0.997759893252
4.685,1.749535661,2.844881744,3.33979448,-79.0120767427,0.73767664485,7.55872729589,-0.0668320354449,0.00291483365017,-0.997759982552
4.686,1.749708679,2.84467849,3.33971199,-79.0092576966,0.737957995747,7.55855632698,-0.0668284935646,0.00291784768015,-0.997760210979
4.687,1.749529358,2.844442738,3.339417234,-79.0088525339,0.738097598283,7.5587395307,-0.066824392185,0.00291471315633,-0.997760494836
4.688,1.749516778,2.844815188,3.339727895,-79.011432838,0.738241851925,7.55874013317,-0.066830877072,0.00291450237674,-0.99776006111
4.689,1.749591431,2.844755785,3.339716403,-79.0120408827,0.738522237409,7.55867168257,-0.0668298413589,0.00291580387029,-0.99776012668
4.69,1.749584443,2.844604594,3.339583959,-79.0112276294,0.739102988747,7.5586804094,-0.066827208972,0.00291567850916,-0.997760303359
4.691,1.749580905,2.844727173,3.339686517,-79.0108967385,0.739793541094,7.55868907736,-0.0668293436252,0.00291561934642,-0.997760160557
4.692,1.749675616,2.844708229,3.339719998,-79.0093103747,0.740328215006,7.55858200614,-0.0668290112298,0.00291727124004,-0.997760177992
4.693,1.749632553,2.844686349,3.339678801,-79.0071140652,0.740454860284,7.55863998058,-0.066828631833,0.00291651904875,-0.997760205603
4.694,1.74957611,2.844606032,3.339580818,-79.0041306628,0.740043087289,7.55870159537,-0.0668272338511,0.00291553288615,-0.997760302119
4.695,1.749568171,2.844573947,3.339549329,-79.0011881362,0.738749618036,7.55870342808,-0.0668266753783,0.00291539371944,-0.99776033993
4.696,1.749645088,2.844815187,3.339795111,-79.0006135033,0.7378529526,7.55861137872,-0.0668308746782,0.00291674138235,-0.997760054727
4.697,1.749552174,2.844731097,3.339674808,-79.0016627807,0.737820091857,7.55872879377,-0.0668294118168,0.00291511770348,-0.997760157455
4.698,1.749722281,2.844708471,3.339744653,-79.0030435645,0.737899315352,7.55854056493,-0.0668290148479,0.00291808485017,-0.99776017537
4.699,1.749640357,2.844578229,3.339590795,-79.0045375565,0.738086249634,7.55862777345,-0.0668267490622,0.0029166529362,-0.997760331315
4.7,1.749566361,2.844809313,3.339748864,-79.0061205004,0.738897284442,7.55869575259,-0.0668307741319,0.00291536714998,-0.997760065478
4.701,1.749564898,2.84453686,3.339516024,-79.0069723722,0.739750155517,7.55870833807,-0.0668260299437,0.0029153355509,-0.997760383329
4.702,1.74963361,2.84456539,3.339576324,-79.0077782687,0.740126708308,7.55863982054,-0.0668265258723,0.00291653485241,-0.997760346608
4.703,1.749594607,2.844772716,3.339732488,-79.0075949598,0.740360117544,7.55865732731,-0.0668301362175,0.00291585910853,-0.997760106769
4.704,1.749670477,2.844809174,3.33980329,-79.0032248847,0.740799789053,7.55857963835,-0.0668307696129,0.00291718347499,-0.997760060472
4.705,1.749738653,2.844698977,3.339745144,-78.99708614,0.741393959273,7.55851880393,-0.0668288492784,0.00291837101094,-0.997760185623
4.706,1.749656742,2.844524696,3.339553781,-78.9943519466,0.74175424657,7.55859880751,-0.0668258162735,0.00291693714635,-0.997760392959
4.707,1.749727807,2.84495752,3.339959684,-78.9935963867,0.741729302055,7.55852501935,-0.0668333511378,0.0029181872763,-0.997759884621
4.708,1.749631268,2.844688173,3.339679682,-78.9905173904,0.741345804122,7.55863149175,-0.066828663312,0.00291649706893,-0.997760203558
4.709,1.749731957,2.844803805,3.339830925,-78.9878387924,0.74076094341,7.55853482374,-0.0668306744452,0.00291825631278,-0.997760063709
4.71,1.74958572,2.84468367,3.339651984,-78.9878713498,0.73982673385,7.55868397659,-0.0668285858205,0.00291570225197,-0.997760211072
4.711,1.749540961,2.844767183,3.339699672,-78.988853489,0.738623505678,7.55871081592,-0.0668300404941,0.00291492305002,-0.997760115915
4.712,1.749682518,2.844604305,3.339635095,-78.9907190793,0.737555729239,7.55857705508,-0.0668272023505,0.00291738872874,-0.997760298804
4.713,1.749663733,2.844583487,3.339607521,-78.9946286714,0.736292908469,7.55859682424,-0.0668268399297,0.00291706053868,-0.997760324037
4.714,1.749672031,2.844637836,3.339658161,-79.0006508184,0.734701270515,7.55858895972,-0.0668277856369,0.0029172070322,-0.997760260268
4.715,1.749590265,2.844436548,3.339443872,-79.0071569998,0.733444506038,7.55866911088,-0.0668242833259,0.00291577541446,-0.997760499024
4.716,1.749527472,2.844382431,3.339364878,-79.0122870769,0.732223898775,7.5587442839,-0.0668233416483,0.00291467878929,-0.997760565295
4.717,1.749597181,2.844712793,3.339682795,-79.014968908,0.730804524948,7.5586702952,-0.0668290925601,0.00291590251476,-0.997760176546
4.718,1.749562326,2.844684152,3.339640139,-79.0153319599,0.729962959079,7.55869207433,-0.0668285945587,0.00291529456073,-0.997760211678
4.719,1.749743635,2.844667253,3.339720732,-79.013524404,0.730112187116,7.55851723519,-0.0668282974439,0.00291845719387,-0.997760222332
4.72,1.74955429,2.84460456,3.339568134,-79.0100649185,0.730466195926,7.55871203658,-0.0668272092543,0.00291515249695,-0.997760304877
4.721,1.74956918,2.844745052,3.339695604,-79.0069902557,0.73050967652,7.55868931764,-0.0668296549876,0.0029154154608,-0.997760140298
4.722,1.749580366,2.84480705,3.339754274,-79.0035288671,0.730199623519,7.55867940518,-0.0668307336093,0.00291561164144,-0.997760067478
4.723,1.749571879,2.845098485,3.339998077,-78.9962650646,0.729200290763,7.55869518926,-0.0668358088689,0.00291547064524,-0.997759727932
4.724,1.749615609,2.844761044,3.339733548,-78.9860751813,0.728505638382,7.5586478134,-0.066829932242,0.00291622510769,-0.997760119361
4.725,1.749551516,2.844723681,3.339668147,-78.9793106435,0.728521922399,7.55870690544,-0.0668292833287,0.00291510663112,-0.997760166094
4.726,1.749614153,2.844730308,3.339706605,-78.9772317266,0.729036073484,7.55864417503,-0.0668293973289,0.00291619937235,-0.997760155265
4.727,1.749616088,2.844894466,3.339847448,-78.9768588484,0.729412765125,7.55865369572,-0.0668322558312,0.00291623713842,-0.997759963689
4.728,1.749651268,2.844614033,3.339627008,-78.9791944708,0.729491852019,7.55861618403,-0.0668273719854,0.00291684379241,-0.997760289035
4.729,1.74965385,2.844499005,3.339530384,-78.9870518015,0.729741340593,7.55860014477,-0.0668253690485,0.00291688678921,-0.997760423059
4.73,1.749529788,2.844837631,3.339753827,-78.9963298495,0.73036832091,7.558723295,-0.0668312672491,0.00291472990167,-0.997760034311
4.731,1.7496704,2.844565057,3.339595316,-79.0005462971,0.731437629866,7.55858615847,-0.0668265184728,0.00291717676204,-0.997760345228
4.732,1.749551646,2.844582696,3.339548125,-79.0016047297,0.732229321528,7.55871819348,-0.0668268278745,0.00291510520298,-0.997760330559
4.733,1.749613975,2.844649732,3.339637878,-79.0027450799,0.732573026276,7.55863644042,-0.0668279947679,0.00291619486468,-0.99776024922
4.734,1.74969326,2.844581811,3.339621563,-79.0029288464,0.732443346435,7.55856895515,-0.0668268101612,0.00291757608674,-0.997760324524
4.735,1.749517003,2.844601647,3.339546118,-79.0031314102,0.732113344222,7.55875447308,-0.0668271587521,0.00291450133072,-0.997760310162
4.736,1.749527023,2.84443718,3.339411277,-79.0055317093,0.732266890243,7.5587282179,-0.0668242946054,0.0029146719951,-0.997760501492
4.737,1.749670088,2.844603831,3.339628179,-79.0107294642,0.733590273268,7.55858157739,-0.0668271939097,0.00291717184444,-0.997760300003
4.738,1.749679455,2.84495405,3.339931397,-79.0154562998,0.735224306435,7.55858174858,-0.0668332919019,0.00291734399227,-0.997759891055
4.739,1.749631232,2.844824357,3.339795663,-79.0150468028,0.735754681356,7.55863624744,-0.0668310339786,0.00291649946242,-0.997760044764
4.74,1.749490347,2.845053839,3.339917337,-79.010735316,0.735691717131,7.55876661141,-0.0668350326009,0.00291404737934,-0.997759784089
4.741,1.749578398,2.844505471,3.339496361,-79.0061498362,0.735675446269,7.55868247943,-0.0668254833941,0.00291557082045,-0.997760419247
4.742,1.749612996,2.844816829,3.339779697,-79.0020439913,0.735769974089,7.55865211169,-0.0668309033351,0.00291618131004,-0.997760054445
4.743,1.749557008,2.844718711,3.33966679,-78.9966210178,0.735934380219,7.55870671554,-0.0668291963093,0.00291520203495,-0.997760171643
4.744,1.749632276,2.844721829,3.339708878,-78.9909919799,0.736183528439,7.55862821406,-0.0668292492545,0.00291651535913,-0.997760164259
4.745,1.749607652,2.845282842,3.340173856,-78.986285059,0.736125955519,7.55865287171,-0.0668390178618,0.002916098673,-0.997759511135
4.746,1.749580915,2.844671957,3.339639489,-78.9831932591,0.735734481326,7.55869054032,-0.0668283816993,0.00291561803395,-0.997760224989
4.747,1.749596189,2.844760458,3.339722876,-78.9849046213,0.735321078708,7.55867217478,-0.0668299227692,0.00291588681172,-0.997760120984
4.748,1.749649677,2.844771473,3.339760279,-78.9905082814,0.73538264797,7.55859660769,-0.0668301130884,0.00291682035321,-0.997760105508
4.749,1.749596204,2.844717183,3.339686023,-78.995479303,0.736308743964,7.55866667999,-0.0668291687912,0.00291588604685,-0.997760171488
4.75,1.749615955,2.84488429,3.339838711,-78.9966448872,0.73694298786,7.55865369466,-0.0668320780583,0.00291623445307,-0.997759975605
4.751,1.749495224,2.844796755,3.339700902,-78.9954842918,0.736553327447,7.55878121682,-0.066830555978,0.00291412660345,-0.997760083714
4.752,1.749648636,2.844906082,3.339874394,-78.9960320293,0.735683083205,7.55861261451,-0.0668324571718,0.00291680474636,-0.997759948544
4.753,1.749671805,2.844749925,3.339753518,-78.9974871415,0.735698721883,7.5585969264,-0.0668297374331,0.00291720547782,-0.997760129544
4.754,1.749575728,2.844739575,3.339694369,-78.9981986972,0.736413027964,7.55869248882,-0.0668295595026,0.00291552949087,-0.99776014636
4.755,1.749632062,2.844497153,3.339517391,-79.0001317667,0.737370101737,7.55862430406,-0.0668253378038,0.00291650675712,-0.997760426263
4.756,1.749646195,2.844884444,3.339854684,-79.0020485013,0.738513137738,7.55861015702,-0.0668320805905,0.00291676169904,-0.997759973894
4.757,1.749565403,2.844808251,3.339747458,-79.0013119963,0.739626062243,7.55869798477,-0.0668307551112,0.00291535034337,-0.997760066801
4.758,1.749677248,2.844399016,3.339457476,-79.0013110669,0.740316137803,7.5585903603,-0.0668236281676,0.00291729243299,-0.997760538468
4.759,1.749595285,2.844994585,3.339921833,-79.0033202985,0.741048806821,7.55865529364,-0.0668339992064,0.00291587686659,-0.997759847966
4.76,1.749578231,2.845116724,3.34001694,-79.0014680148,0.742595726154,7.55866664344,-0.0668361260512,0.00291558195867,-0.99775970636
4.761,1.749678357,2.844899063,3.339883985,-78.9962057912,0.744298095047,7.55858425859,-0.0668323340919,0.00291732397926,-0.99775995527
4.762,1.749541857,2.844510117,3.339481175,-78.9943349268,0.744944721519,7.55871613252,-0.066825564932,0.00291493262217,-0.997760415651
4.763,1.749698294,2.844593009,3.339633738,-78.9982814893,0.744635485723,7.55855555258,-0.0668270050943,0.002917664214,-0.99776031121
4.764,1.749628168,2.844637659,3.339635031,-79.0040351121,0.744222951127,7.55861607387,-0.0668277839971,0.00291644223219,-0.997760262614
4.765,1.749601819,2.84484928,3.339801484,-79.0056084149,0.74438281137,7.558654267,-0.0668314684561,0.00291598738853,-0.997760017159
4.766,1.749654415,2.844812287,3.339797527,-79.0011497256,0.744994071643,7.55860378774,-0.0668308236384,0.00291690329005,-0.997760057673
4.767,1.749729406,2.844825918,3.339848425,-78.9944858663,0.745408599225,7.55851652285,-0.0668310597372,0.00291821187139,-0.997760038032
4.768,1.749705054,2.844515822,3.339571535,-78.9925385401,0.745335034252,7.55855344115,-0.0668256610106,0.00291777994233,-0.997760400893
4.769,1.749694994,2.844621437,3.339656224,-78.9976702411,0.745101867674,7.55857035839,-0.0668274999481,0.0029176076204,-0.997760278231
4.77,1.749555528,2.844904484,3.339824257,-79.0022863843,0.744677600083,7.55871193909,-0.0668324304645,0.00291518053206,-0.99775995508
4.771,1.749651497,2.844684343,3.339687017,-79.0014949922,0.743562404463,7.55861751603,-0.0668285960362,0.00291684939467,-0.997760207034
4.772,1.749672107,2.844824088,3.339816847,-78.9993845579,0.742184310078,7.5585859097,-0.0668310292444,0.00291721292186,-0.997760042996
4.773,1.749622627,2.844822657,3.339789708,-78.9991641163,0.741140523621,7.55864480017,-0.0668310046652,0.00291634966429,-0.997760047166
4.774,1.749672492,2.844681629,3.339695705,-79.0024078298,0.740335298136,7.5585933814,-0.0668285486279,0.00291721587179,-0.997760209138
4.775,1.749677102,2.844999637,3.339968996,-79.0048815569,0.740016641724,7.55858695007,-0.0668340852944,0.00291730427627,-0.997759838026
4.776,1.749704475,2.844661375,3.339695209,-79.0021310105,0.740245742226,7.55854731649,-0.0668281952567,0.00291777339916,-0.997760231176
4.777,1.749544809,2.84484568,3.339768552,-78.9979439459,0.740324494758,7.5587198838,-0.0668314070907,0.00291499229488,-0.997760024177
4.778,1.7495648,2.845016789,3.339924777,-78.9929261611,0.739859258178,7.55869481798,-0.0668343858056,0.00291534523101,-0.997759823623
4.779,1.749602863,2.844735109,3.33970478,-78.988618195,0.739228088376,7.55865261108,-0.0668294812473,0.00291600288716,-0.997760150218
4.78,1.749609142,2.844674663,3.339656583,-78.9893310561,0.738675413864,7.5586532046,-0.0668284288482,0.00291611027984,-0.997760220393
4.781,1.749672885,2.844706517,3.33971711,-78.992523141,0.73801854977,7.55860299634,-0.0668289824186,0.00291722320246,-0.997760180062
4.782,1.74957718,2.844562545,3.339544337,-78.9944038035,0.737266544531,7.55869050683,-0.0668264764628,0.00291555061168,-0.997760352794
4.783,1.749637375,2.844694277,3.33968808,-78.9947276056,0.736641632273,7.5586207905,-0.066828769318,0.00291660380184,-0.997760196146
4.784,1.749664036,2.844468899,3.339510077,-78.9960059132,0.736344100303,7.5585988695,-0.0668248451124,0.00291706326711,-0.997760457634
4.785,1.749641301,2.844882613,3.339850561,-78.9993324387,0.736500837469,7.55862238653,-0.0668320486028,0.0029166770405,-0.997759976284
4.786,1.74962917,2.844722854,3.339708123,-79.0034787671,0.737090005339,7.55862254388,-0.0668292666689,0.00291646085326,-0.997760163252
4.787,1.749600562,2.844845729,3.3397978,-79.0069723894,0.738060020254,7.55865806298,-0.0668314068967,0.002915964726,-0.997760021349
4.788,1.749612481,2.84477808,3.339746422,-79.0080911707,0.739060960123,7.55863916948,-0.0668302291072,0.00291617106303,-0.997760099635
4.789,1.749594194,2.844961554,3.339893125,-79.0047498191,0.740004081855,7.55866165666,-0.0668334235065,0.00291585623802,-0.997759886588
4.79,1.749683234,2.8445455,3.339585381,-78.999149501,0.740629222795,7.558573835,-0.0668261780225,0.0029174000887,-0.997760367377
4.791,1.749674508,2.844619343,3.339643707,-78.9973663546,0.740256104859,7.55858410847,-0.0668274642483,0.0029172500059,-0.997760281668
4.792,1.749632918,2.844814283,3.339787965,-78.9980198691,0.739197908618,7.55862979732,-0.0668308590107,0.00291652838401,-0.997760056399
4.793,1.74956945,2.845090116,3.339989675,-78.9944108957,0.73856631859,7.55869664599,-0.0668356627629,0.0029154283236,-0.997759737843
4.794,1.74964902,2.844717072,3.339713597,-78.9856431065,0.738454986938,7.55861527022,-0.0668291663568,0.00291680696216,-0.997760168959
4.795,1.749543711,2.844534548,3.339502956,-78.9801173136,0.7386101965,7.55870797247,-0.0668259902642,0.00291496560307,-0.997760387067
4.796,1.74959685,2.844636106,3.3396173,-78.9832230275,0.738943761252,7.55866835889,-0.0668277571494,0.00291589580679,-0.997760266009
4.797,1.749519077,2.845005184,3.339890941,-78.9899324832,0.739114921349,7.55873785085,-0.0668341846231,0.00291454741395,-0.99775983943
4.798,1.749584785,2.84484648,3.339790175,-78.9943495991,0.739343926239,7.55866808003,-0.0668314199855,0.00291568980226,-0.997760021276
4.799,1.749621132,2.845078735,3.340007053,-78.9946114705,0.739711353423,7.55864339821,-0.0668354635755,0.00291632914229,-0.997759748553
4.8,1.749594383,2.844855343,3.339802753,-78.9896477984,0.739958739854,7.55867101826,-0.0668315742084,0.00291585719638,-0.997760010456
4.801,1.749704866,2.844579985,3.339626089,-78.9833800474,0.740423735205,7.55855571213,-0.0668267783916,0.00291777811336,-0.997760326061
4.802,1.74958728,2.844623815,3.339601818,-78.9828742242,0.741042024623,7.55865541783,-0.0668275433213,0.00291572793458,-0.997760280821
4.803,1.749593965,2.844813982,3.339767303,-78.9873107607,0.7410922466,7.5586772783,-0.0668308543165,0.00291584910899,-0.997760058699
4.804,1.749577101,2.844864383,3.3398014,-78.9896612162,0.740641290113,7.55868138069,-0.0668317324546,0.00291555658328,-0.997760000735
4.805,1.749707436,2.844725512,3.33975139,-78.9879722219,0.740637635777,7.55855131462,-0.0668293119376,0.00291782643825,-0.997760156227
4.806,1.749617678,2.844889939,3.339844425,-78.9848146635,0.74086972756,7.55863984464,-0.0668321767039,0.00291626470278,-0.997759968909
4.807,1.74959187,2.844685383,3.339656665,-78.9840903099,0.740788358069,7.55866306153,-0.0668286156111,0.0029158098279,-0.997760208762
4.808,1.749445065,2.844821412,3.33969563,-78.9880331103,0.740622657089,7.55881000066,-0.0668309861702,0.00291325139319,-0.997760057456
4.809,1.749677346,2.844952729,3.339929168,-78.9922421988,0.740790465396,7.55857802053,-0.0668332690671,0.002917306696,-0.997759892693
4.81,1.749547845,2.844660588,3.339612481,-78.9925551483,0.740945423512,7.55870670812,-0.0668281847989,0.00291504138948,-0.997760239862
4.811,1.74960218,2.844884651,3.339831802,-78.9889677908,0.740639765361,7.55865460456,-0.066832084517,0.00291599377876,-0.997759975876
4.812,1.749668515,2.844853991,3.339840437,-78.9832698015,0.740196589992,7.55859959946,-0.0668315500518,0.00291715119936,-0.997760008292
4.813,1.749554159,2.844902813,3.339822117,-78.9777766406,0.740070512051,7.55870159347,-0.066832401806,0.00291515717156,-0.997759957068
4.814,1.749579775,2.844662944,3.339631215,-78.9739577968,0.740782356069,7.55865984596,-0.0668282249352,0.00291559790631,-0.997760235548
4.815,1.749563804,2.84467363,3.339631951,-78.9736333828,0.741569140018,7.558696062,-0.0668284110599,0.00291532010597,-0.997760223893
4.816,1.749694219,2.844816063,3.339821595,-78.9769969971,0.741302447115,7.55857148126,-0.0668308887677,0.00291759812857,-0.997760051279
4.817,1.749558916,2.845119568,3.340009245,-78.9805128558,0.740349304224,7.5586987966,-0.0668361758884,0.00291524454019,-0.997759704008
4.818,1.74959565,2.845039891,3.339960617,-78.9807069089,0.739554723614,7.55865936484,-0.0668347875651,0.00291588364717,-0.997759795138
4.819,1.749671986,2.844749625,3.339753357,-78.9788340788,0.73957335648,7.5585911457,-0.0668297320578,0.00291720890516,-0.997760129894
4.82,1.749663166,2.844637918,3.339653587,-78.9794489228,0.740423966884,7.55859353586,-0.0668277876141,0.00291705244821,-0.997760260587
4.821,1.749712598,2.844486423,3.339550447,-78.9838342021,0.741424913214,7.5585515007,-0.0668251487593,0.00291791116858,-0.997760434818
4.822,1.749706208,2.844598552,3.339642606,-78.9899397595,0.742035691809,7.55855538039,-0.0668271017929,0.00291780246199,-0.997760304329
4.823,1.749601982,2.844945662,3.339883668,-78.9926690504,0.742335218841,7.55866076614,-0.0668331468002,0.00291599214138,-0.997759904726
4.824,1.749690064,2.845005112,3.33998045,-78.9901158789,0.742760598539,7.55857018782,-0.0668341809165,0.00291752991897,-0.997759830962
4.825,1.74958528,2.844810485,3.339759774,-78.9848273653,0.743158651726,7.5586801986,-0.0668307941794,0.00291569729637,-0.997760063171
4.826,1.749598018,2.844430847,3.339443078,-78.9819432806,0.743209791655,7.55867150908,-0.0668241838383,0.00291591054252,-0.997760505292
4.827,1.749710987,2.845107697,3.340078794,-78.9800060489,0.742943997206,7.55855355895,-0.0668359659941,0.00291789715664,-0.997759710314
4.828,1.749586974,2.844715522,3.339679773,-78.9752491891,0.74278696807,7.55866434679,-0.0668291398553,0.00291572492865,-0.997760173897
4.829,1.749525474,2.844707316,3.339640564,-78.9730573187,0.742734811895,7.55873289811,-0.0668289981794,0.00291465224308,-0.99776018652
4.83,1.749560692,2.844670688,3.339627814,-78.9770117672,0.742626635803,7.558699781,-0.066828360186,0.0029152653351,-0.997760227461
4.831,1.749545857,2.84493083,3.339841633,-78.9826287304,0.742558401758,7.55871169231,-0.0668328896147,0.00291501241338,-0.997759924816
4.832,1.749445264,2.844836483,3.339708572,-78.9848063242,0.742412714738,7.55880668756,-0.0668312490404,0.0029132558415,-0.997760039835
4.833,1.749656017,2.844758042,3.339752161,-78.9839734932,0.742267639819,7.55860106434,-0.0668298793218,0.00291693088177,-0.997760120843
4.834,1.749699746,2.844798322,3.33980938,-78.9826903349,0.742932380378,7.55855169937,-0.0668305801452,0.00291769458004,-0.997760071668
4.835,1.74953563,2.844782893,3.339710261,-78.9795930681,0.744333221028,7.55872086985,-0.0668303145027,0.0029148303172,-0.997760097833
4.836,1.749689865,2.844637625,3.339667325,-78.9763202999,0.74525634204,7.55855853653,-0.0668277823065,0.00291751766024,-0.997760259583
4.837,1.749543705,2.844928488,3.339838511,-78.9756084182,0.744890975617,7.55871623348,-0.0668328489684,0.00291497516117,-0.997759927647
4.838,1.749555691,2.844366536,3.339366123,-78.9762752709,0.743634761427,7.55870253604,-0.066823064249,0.00291517112494,-0.997760582435
4.839,1.749577056,2.844907286,3.339837922,-78.9774401303,0.742635517209,7.55867380868,-0.0668324796261,0.00291555684276,-0.997759950687
4.84,1.749542119,2.844857843,3.339777503,-78.9768877952,0.742782890129,7.55870836645,-0.066831619016,0.00291494550195,-0.997760010119
4.841,1.749558121,2.844656302,3.339614213,-78.9758580332,0.743422353408,7.55870106464,-0.0668281097683,0.00291522035184,-0.997760244365
4.842,1.74950017,2.84462594,3.339557992,-78.9748072534,0.743659053886,7.55876466822,-0.066827582364,0.00291420845574,-0.997760282645
4.843,1.749600647,2.844793934,3.339753726,-78.9729444271,0.743523770232,7.55865601635,-0.0668305056076,0.0029159657402,-0.997760081715
4.844,1.749584068,2.844654094,3.339625926,-78.9722692951,0.743254104942,7.55867607661,-0.0668280703858,0.00291567318082,-0.997760245679
4.845,1.749609051,2.844597532,3.339590836,-78.9756142462,0.743044024394,7.55864711416,-0.0668270855881,0.0029161069408,-0.997760310371
4.846,1.749554877,2.844823435,3.339754878,-78.9799516015,0.742853653499,7.5587066669,-0.0668310198347,0.00291516715875,-0.997760049605
4.847,1.749569867,2.844808227,3.339749776,-78.9782571692,0.742922463516,7.5586890725,-0.0668307548496,0.00291542828615,-0.997760066591
4.848,1.74965567,2.844508048,3.33953904,-78.9724178016,0.743130315309,7.55859287228,-0.06682552627,0.00291691894883,-0.997760412435
4.849,1.749661197,2.84470622,3.339710733,-78.970330518,0.743178494921,7.55860991161,-0.0668289768917,0.00291701955188,-0.997760181028
4.85,1.749601996,2.8443911,3.339411307,-78.9740466969,0.742505607889,7.55866143234,-0.066823491372,0.00291597977502,-0.997760551467
4.851,1.749641513,2.844539496,3.339558409,-78.9806752854,0.741427861607,7.55861687416,-0.0668260742779,0.00291667243982,-0.997760376452
4.852,1.749565208,2.844605105,3.339574317,-78.9852314911,0.740566361876,7.55869024433,-0.0668272186328,0.00291534227297,-0.997760303695
4.853,1.749527859,2.844817533,3.339735697,-78.9842366,0.739973382499,7.55873884669,-0.0668309171965,0.00291469630471,-0.997760057856
4.854,1.749617903,2.844588567,3.339587837,-78.9804840491,0.739649335969,7.55864688968,-0.0668269294079,0.00291626153361,-0.99776032038
4.855,1.749735804,2.84472397,3.339764939,-78.9800608334,0.739378493448,7.5585135054,-0.0668292845794,0.00291832184276,-0.997760156611
4.856,1.749703501,2.845119065,3.340084555,-78.983180689,0.73918398891,7.558550523,-0.0668361642453,0.00291776708959,-0.997759697414
4.857,1.749635,2.844971428,3.339922912,-78.9834684493,0.739069589283,7.55863368043,-0.0668335949754,0.00291656896483,-0.99775987302
4.858,1.749577157,2.844827602,3.339770099,-78.9801787275,0.739096877295,7.55867900287,-0.0668310921667,0.00291555598633,-0.997760043624
4.859,1.749498835,2.844869465,3.33976473,-78.9761865583,0.739187605395,7.55876508591,-0.0668318218354,0.00291419114186,-0.997759998737
4.86,1.749572679,2.844514378,3.339500952,-78.9737568233,0.739007866857,7.55867710567,-0.0668256386816,0.0029154707445,-0.997760409139
4.861,1.749581247,2.844679006,3.339645668,-78.9738784341,0.739035030874,7.55867923168,-0.0668285046167,0.00291562396723,-0.997760216739
4.862,1.749580112,2.845038009,3.339950874,-78.972191167,0.739093322759,7.55867796801,-0.0668347551452,0.00291561240303,-0.997759798102
4.863,1.749600264,2.844747336,3.339713833,-78.967416138,0.73865516152,7.55864721082,-0.0668296940421,0.00291595723055,-0.997760136099
4.864,1.749519741,2.84467518,3.339610188,-78.9645274089,0.738180896691,7.55874483927,-0.0668284389674,0.00291455085496,-0.997760224272
4.865,1.749539232,2.844493258,3.339465439,-78.9664827543,0.737121860709,7.55872852161,-0.0668252708235,0.00291488663137,-0.997760435483
4.866,1.749592866,2.844591191,3.339576956,-78.9724859517,0.735804046211,7.55866385347,-0.0668269757096,0.00291582432789,-0.997760318557
4.867,1.749552596,2.8447787,3.339715578,-78.9782208077,0.734788235788,7.5587091003,-0.0668302404716,0.00291512622179,-0.997760101927
4.868,1.74964551,2.844945277,3.339906142,-78.979132073,0.733962959849,7.5586145568,-0.0668331399855,0.00291675113004,-0.997759902964
4.869,1.749602774,2.844491612,3.339497328,-78.9769033457,0.733784497486,7.55866434859,-0.0668252411243,0.00291599548023,-0.997760434232
4.87,1.749577818,2.844753538,3.339707357,-78.9760764988,0.734143158785,7.55866953292,-0.0668298026238,0.00291556583714,-0.99776012997
4.871,1.749655324,2.84461319,3.339628416,-78.9770637488,0.735311466574,7.55860766053,-0.0668273569901,0.0029169152399,-0.997760289831
4.872,1.749661655,2.8447624,3.339758827,-78.9799759806,0.736454441787,7.55859136442,-0.0668299554569,0.00291702939262,-0.997760115455
4.873,1.749571015,2.844865284,3.339798979,-78.9810325129,0.737404648232,7.55869400068,-0.0668317484611,0.002915450363,-0.997759999973
4.874,1.749540897,2.844662398,3.339610383,-78.9786927598,0.737783442714,7.55871275961,-0.0668282163783,0.00291491963502,-0.997760238103
4.875,1.749715876,2.844716361,3.339748018,-78.9771866928,0.737928972727,7.55853787765,-0.0668291527885,0.00291797380123,-0.997760166456
4.876,1.749579387,2.844706291,3.339667934,-78.9783648675,0.737932941251,7.55868335315,-0.0668289799155,0.00291559246017,-0.997760184996
4.877,1.749574454,2.844727526,3.339683438,-78.9813404404,0.737896187319,7.55869179436,-0.066829349658,0.00291550649605,-0.997760160483
4.878,1.749617918,2.844799893,3.33976785,-78.9839473034,0.73756430138,7.558637155,-0.0668306083764,0.00291626662917,-0.997760073952
4.879,1.749523056,2.844797181,3.339715845,-78.982816223,0.736830903133,7.55873836277,-0.0668305633468,0.00291461139251,-0.997760081805
4.88,1.749575636,2.844962793,3.339884459,-78.9778401973,0.735883852039,7.55869137842,-0.066833445812,0.00291553281215,-0.997759886039
4.881,1.749541911,2.844898675,3.339812176,-78.9711265925,0.735051342998,7.55871639126,-0.06683232988,0.00291494254412,-0.997759962512
4.882,1.749578608,2.844507653,3.33949833,-78.9673006567,0.734173629695,7.55868024096,-0.0668255208965,0.00291557439581,-0.997760416725
4.883,1.749531497,2.844932325,3.339835384,-78.9673155937,0.733331852815,7.55872876776,-0.0668329160681,0.00291476246465,-0.997759923774
4.884,1.749630895,2.844676975,3.339669948,-78.9680275739,0.733168331144,7.55862673657,-0.066828467922,0.0029164902086,-0.997760216665
4.885,1.749569708,2.844809898,3.339751117,-78.9687299522,0.733442141476,7.5586801607,-0.0668307837442,0.00291542624653,-0.997760064662
4.886,1.74961244,2.844786987,3.339753987,-78.9691167873,0.734104066459,7.55864404074,-0.0668303839235,0.00291617050759,-0.997760089267
4.887,1.749488827,2.844692461,3.339608713,-78.9700963527,0.734930426209,7.55877478487,-0.0668287407669,0.00291401218809,-0.997760205631
4.888,1.749555856,2.844731064,3.339676709,-78.9711079778,0.735335506783,7.55871742232,-0.0668294110028,0.00291518214008,-0.997760157321
4.889,1.749654312,2.84490966,3.339880414,-78.9693867278,0.735218855818,7.55859801947,-0.0668325188077,0.00291690404016,-0.997759944125
4.89,1.749532528,2.844698224,3.339636515,-78.9660811462,0.735294783492,7.5587235583,-0.06682884004,0.00291477502331,-0.997760196753
4.891,1.749545922,2.84487068,3.33979043,-78.9637658849,0.735771884611,7.55871453542,-0.0668318426157,0.00291501196667,-0.997759994948
4.892,1.749561547,2.844822209,3.339757327,-78.9628687776,0.73647010725,7.55869873753,-0.0668309981575,0.00291528383169,-0.997760050716
4.893,1.74962283,2.845051134,3.339984431,-78.9624245654,0.737471021298,7.55861863331,-0.0668349827456,0.00291635798202,-0.997759780677
4.894,1.749512974,2.845080234,3.339951674,-78.9611457523,0.738014393187,7.55875182911,-0.0668354920453,0.00291444254225,-0.997759752159
4.895,1.749546819,2.844714412,3.33965779,-78.9612584066,0.737912047748,7.55871562912,-0.0668291216214,0.00291502471488,-0.997760177164
4.896,1.749601121,2.844883208,3.339830019,-78.9648020434,0.737635444763,7.55866275668,-0.0668320596638,0.00291597543712,-0.997759977594
4.897,1.749617985,2.844500031,3.339512467,-78.9708475523,0.737233242544,7.55863284963,-0.0668253878198,0.00291626058771,-0.997760423632
4.898,1.749600695,2.844633957,3.339617484,-78.9804418428,0.737135337664,7.55864974235,-0.0668277199976,0.00291596271232,-0.997760268302
4.899,1.749555541,2.844664891,3.339620178,-78.990095899,0.737305822055,7.55871125673,-0.0668282591249,0.00291517492704,-0.997760234494
4.9,1.74968817,2.844848238,3.339845833,-78.9951228843,0.737216980407,7.55856577806,-0.0668314491529,0.00291749376529,-0.997760014049
4.901,1.749578896,2.84464762,3.339617702,-78.9948467761,0.737258751372,7.55867394059,-0.0668279585164,0.00291558240537,-0.997760253438
4.902,1.749560602,2.844958629,3.339873037,-78.9900512669,0.737619263293,7.55869753061,-0.0668333737559,0.00291527101359,-0.997759891631
4.903,1.749556929,2.844580553,3.339549067,-78.9800212228,0.737840043145,7.558709117,-0.0668267903628,0.00291519750431,-0.997760332802
4.904,1.74951987,2.844920549,3.339819263,-78.9632217753,0.738168019914,7.55873371179,-0.0668327114191,0.00291455862563,-0.997759938077
4.905,1.749642013,2.844799446,3.339780092,-78.9409879439,0.738801187077,7.55860450612,-0.0668306002976,0.00291668737647,-0.997760073263
4.906,1.749591616,2.844867396,3.33981157,-78.9192565327,0.739532075553,7.55866829461,-0.0668317848124,0.00291580965399,-0.997759996489
4.907,1.749519768,2.844774335,3.339694662,-78.9027944751,0.740341837783,7.55874033768,-0.0668301652943,0.00291455338632,-0.997760108636
4.908,1.749524452,2.844908274,3.339811207,-78.891168015,0.740617825912,7.55873726712,-0.0668324977436,0.00291463850598,-0.997759952157
4.909,1.74952544,2.844912035,3.339814928,-78.8833448045,0.740072173837,7.55874104845,-0.0668325630737,0.00291465648308,-0.997759947728
4.91,1.749582834,2.84513282,3.340033062,-78.8783949229,0.739784855133,7.55867830494,-0.0668364064704,0.0029156623307,-0.997759687341
4.911,1.74959402,2.845034764,3.339955395,-78.8744764828,0.739786998304,7.5586645342,-0.0668346980711,0.00291585567893,-0.997759801214
4.912,1.749548957,2.845032108,3.339929528,-78.8717777011,0.739682387156,7.55870442753,-0.066834653615,0.00291506884538,-0.997759806491
4.913,1.74954601,2.844952083,3.339859817,-78.8735912476,0.73975323606,7.55871618402,-0.0668332593708,0.00291501567639,-0.997759900039
4.914,1.749624681,2.844619515,3.339617749,-78.8831029933,0.740229144157,7.55863066843,-0.0668274680152,0.00291638068578,-0.997760283957
4.915,1.749607568,2.844724542,3.339698244,-78.8998156414,0.740692572976,7.5586556363,-0.0668292973531,0.0029160840831,-0.997760162298
4.916,1.749610695,2.844748977,3.339720696,-78.9178454956,0.741380203567,7.55864508275,-0.0668297225654,0.00291613966251,-0.997760133655
4.917,1.749531459,2.84469876,3.339636411,-78.933316319,0.742291377817,7.55872819497,-0.066828849619,0.00291475571456,-0.997760196168
4.918,1.749650494,2.844659077,3.33966497,-78.9455075362,0.742783742883,7.55862004028,-0.0668281564517,0.00291683170813,-0.997760236529
4.919,1.749622688,2.844849476,3.339812583,-78.9435155079,0.741794300939,7.55862911209,-0.0668314714946,0.00291635116174,-0.997760015892
4.92,1.749638934,2.845053593,3.339994962,-78.91532933,0.737633999451,7.5586160731,-0.0668350255917,0.00291663933652,-0.997759776985
4.921,1.749706843,2.844805318,3.339819057,-78.8720463306,0.731270436683,7.55854410464,-0.0668307017524,0.00291781845213,-0.997760063161
4.922,1.749623976,2.844676149,3.339665619,-78.8331052264,0.724904373685,7.5586381415,-0.0668284544092,0.00291636955409,-0.997760217923
4.923,1.749687,2.84471922,3.339735325,-78.8071450941,0.719690030671,7.55857232486,-0.0668292024081,0.00291747012298,-0.997760164605
4.924,1.749640927,2.84488142,3.339849348,-78.792805749,0.716046324519,7.55861556642,-0.0668320278491,0.00291666975958,-0.997759977696
4.925,1.749606645,2.844745929,3.339715978,-78.7868209758,0.713836230137,7.55865520932,-0.0668296689255,0.00291606888085,-0.997760137455
4.926,1.749624615,2.844875834,3.339836045,-78.788735542,0.713201553517,7.55862714321,-0.0668319306239,0.00291638536807,-0.997759985039
4.927,1.749672114,2.84474431,3.339748897,-78.7968940672,0.714300374749,7.55857270731,-0.066829640016,0.00291721081619,-0.997760136053
4.928,1.749578272,2.84443516,3.339436406,-78.8127863809,0.71633358812,7.55866012864,-0.0668242585597,0.00291556672988,-0.997760501292
4.929,1.749655338,2.844763709,3.339756632,-78.8362052853,0.718995184083,7.55859996167,-0.0668299777111,0.00291691870834,-0.997760114288
4.93,1.749749659,2.84476789,3.339809608,-78.8593867949,0.722059755358,7.55849805784,-0.0668300490243,0.00291856432777,-0.997760104699
4.931,1.74967858,2.844583828,3.33961559,-78.8687208537,0.725243051526,7.55856622388,-0.0668268453873,0.00291731991604,-0.997760322913
4.932,1.749727367,2.844775417,3.33980434,-78.8536804408,0.72840404275,7.55851194983,-0.0668301801496,0.00291817540269,-0.997760097054
4.933,1.749657821,2.844546373,3.339572811,-78.8250481969,0.731749280417,7.55859759689,-0.0668261939678,0.00291695725808,-0.997760367603
4.934,1.749654682,2.844729401,3.339727066,-78.7994502426,0.734903912872,7.55860181353,-0.0668293803259,0.00291690627236,-0.997760154337
4.935,1.749716619,2.84469658,3.339731558,-78.7827099422,0.737688384708,7.5585246848,-0.0668288075968,0.00291798581947,-0.997760189542
4.936,1.749641214,2.844723777,3.339715219,-78.7778437185,0.740598945161,7.55860543241,-0.0668292825603,0.00291667183429,-0.997760161571
4.937,1.749570422,2.845053943,3.339959371,-78.7837788489,0.742779127641,7.5586940045,-0.066835032932,0.00291544363835,-0.997759779988
4.938,1.749697989,2.844828634,3.339834279,-78.7966699937,0.743916006015,7.55855084453,-0.0668311077906,0.00291766467025,-0.997760036414
4.939,1.74965796,2.8451154,3.340057577,-78.8122750392,0.745007567428,7.5585926056,-0.0668361017317,0.0029169722998,-0.997759703926
4.94,1.749638667,2.845019571,3.339965842,-78.8276263455,0.746893681704,7.55861076436,-0.0668344334439,0.00291663413146,-0.997759816665
4.941,1.749566938,2.844808841,3.339748765,-78.8466058538,0.747122088105,7.5586954198,-0.0668307649306,0.00291537768869,-0.997760066064
4.942,1.749751556,2.844713768,3.339764503,-78.8739563484,0.743457432418,7.55849217836,-0.0668291064368,0.00291859597387,-0.997760167741
4.943,1.749706686,2.845011751,3.339994813,-78.9050254224,0.73715385925,7.55854255407,-0.0668342954741,0.00291782037373,-0.997759822439
4.944,1.749668548,2.844719753,3.339726111,-78.9328744833,0.730669585982,7.55857998426,-0.0668292121975,0.00291714790446,-0.997760164892
4.945,1.749663496,2.845106636,3.340053012,-78.9554371003,0.725201668528,7.55858749551,-0.0668359488303,0.0029170693816,-0.997759713884
4.946,1.749604403,2.844961271,3.339898232,-78.9707556019,0.721189061244,7.55866133998,-0.0668334186943,0.00291603483024,-0.997759886389
4.947,1.749678225,2.844337649,3.339405718,-78.9842028218,0.718751945532,7.55857754454,-0.0668225595194,0.00291730805593,-0.997760609993
4.948,1.749676223,2.844889305,3.339874555,-78.9984210556,0.717712720049,7.55857222713,-0.0668321648791,0.00291728560099,-0.997759966717
4.949,1.749604878,2.844812685,3.339771914,-79.002571523,0.718861071404,7.55864654902,-0.0668308312664,0.00291603937437,-0.997760059687
4.95,1.749650501,2.844911592,3.339880064,-78.9966084963,0.722669678977,7.55859943698,-0.0668325527608,0.00291683733524,-0.997759942046
4.951,1.749663734,2.844729112,3.339731562,-78.989050896,0.727941919256,7.5585840513,-0.0668293751805,0.0029170643078,-0.99776015422
4.952,1.749710382,2.844649997,3.339688612,-78.9859389448,0.733377789011,7.55853723071,-0.066827997433,0.00291787660318,-0.997760244124
4.953,1.749716917,2.844694808,3.339730204,-78.9871274062,0.738437307294,7.55853687779,-0.066828777661,0.00291799154003,-0.99776019153
4.954,1.749658402,2.844838864,3.339822253,-79.0026567784,0.742986521733,7.55859216921,-0.0668312862014,0.00291697354177,-0.997760026484
4.955,1.749691453,2.844733797,3.339750074,-79.0471955194,0.746576785434,7.55855095313,-0.0668294568364,0.0029175476977,-0.997760147337
4.956,1.749700904,2.84485436,3.339857719,-79.1080373196,0.749714758053,7.55855296529,-0.0668315553247,0.00291771549452,-0.997760006289
4.957,1.749671882,2.844649274,3.339667826,-79.1670830161,0.7523765292,7.55858716328,-0.0668279848413,0.00291720431918,-0.997760246934
4.958,1.749728738,2.844584872,3.339642758,-79.2200392582,0.754070490048,7.55852876027,-0.0668268632168,0.00291819478146,-0.997760319161
4.959,1.749687562,2.844511875,3.339559008,-79.2635550084,0.754591173633,7.55856983303,-0.0668255926802,0.00291747475817,-0.997760406362
4.96,1.749750274,2.844047829,3.339196621,-79.2990410093,0.754288832868,7.55851679734,-0.0668175116822,0.00291855855861,-0.997760944389
4.961,1.749746597,2.84461603,3.339678654,-79.3271279419,0.754096113639,7.55851359904,-0.0668274049596,0.002918507705,-0.997760281961
4.962,1.74971408,2.844566076,3.339619068,-79.340061902,0.754299355031,7.55853038195,-0.0668265358385,0.00291793905884,-0.997760341835
4.963,1.749653618,2.844734261,3.339730648,-79.3363679211,0.754372989207,7.55860279357,-0.0668294651797,0.00291688778759,-0.997760148708
4.964,1.749704712,2.844684898,3.33971537,-79.3217731566,0.754182274113,7.55854578731,-0.0668286045563,0.0029177780415,-0.997760203749
4.965,1.749732681,2.845073673,3.340061176,-79.2981106788,0.754198061258,7.55851889686,-0.0668353738478,0.00291827483329,-0.997759748875
4.966,1.7496436,2.844949349,3.33990861,-79.2662918994,0.754391586402,7.55860264694,-0.0668332104933,0.00291671862573,-0.997759898336
4.967,1.749613511,2.844758542,3.339730319,-79.2321816769,0.754271310382,7.55864308711,-0.0668298888888,0.00291618878014,-0.997760122371
4.968,1.749631931,2.844954463,3.339906853,-79.2005723569,0.753614108891,7.55863179498,-0.0668332997698,0.00291651473263,-0.997759892952
4.969,1.749743145,2.844989691,3.339995123,-79.1703282931,0.753092611573,7.55850686641,-0.0668339111649,0.00291845567058,-0.997759846323
4.97,1.749694105,2.844912272,3.339903486,-79.1410392889,0.753052584891,7.55856297234,-0.0668325638322,0.00291759854256,-0.997759939079
4.971,1.749657447,2.844782835,3.339774029,-79.1105137584,0.75278470688,7.55860914571,-0.0668303110346,0.0029169560264,-0.997760091853
4.972,1.74966082,2.844740565,3.339739791,-79.0813784902,0.751984631544,7.55859436013,-0.0668295753321,0.00291701367097,-0.997760140962
4.973,1.749687496,2.844905824,3.339894531,-79.0572064462,0.751273543277,7.55856388034,-0.0668324514964,0.00291748343069,-0.99775994694
4.974,1.749703434,2.844663606,3.339696564,-79.0377370339,0.75110384988,7.55855632673,-0.0668282338188,0.00291775583351,-0.997760228645
4.975,1.749669217,2.844593323,3.339618772,-79.0231289951,0.75068097397,7.55858981841,-0.0668270113861,0.00291715690823,-0.997760312272
4.976,1.749763024,2.844759302,3.339809295,-79.0111477044,0.750070350909,7.55847518329,-0.0668298988632,0.00291879742981,-0.997760114075
4.977,1.749711195,2.844839283,3.339850268,-78.9984335028,0.750136113031,7.55854151322,-0.0668312933009,0.00291789474044,-0.997760023315
4.978,1.749724299,2.844870507,3.339883729,-78.9866857443,0.749973732937,7.55852785752,-0.0668318364461,0.002918124685,-0.997759986262
4.979,1.749719516,2.845135594,3.340107024,-78.9791367014,0.749301828486,7.558537628,-0.0668364521167,0.00291804660786,-0.997759677313
4.98,1.749693051,2.844882899,3.339877914,-78.9750638058,0.748577412594,7.55857241647,-0.0668320526669,0.00291757948767,-0.997759973373
4.981,1.749703745,2.844928145,3.339922057,-78.9720743019,0.747507832784,7.5585527851,-0.0668328402122,0.00291776724278,-0.997759920073
4.982,1.749628878,2.844833549,3.339802259,-78.967298065,0.745969969288,7.55863824166,-0.0668311941512,0.00291645912251,-0.997760034154
4.983,1.749690769,2.844900942,3.339892088,-78.9643598038,0.744612309326,7.55856682359,-0.0668323672595,0.00291754009639,-0.997759952417
4.984,1.749624922,2.844833019,3.339799736,-78.9651920561,0.744044975829,7.55862691559,-0.0668311851274,0.00291639008941,-0.99776003496
4.985,1.749646233,2.84482868,3.339807204,-78.9682118683,0.744042962344,7.55860718188,-0.0668311090198,0.00291676180207,-0.997760038971
4.986,1.749704934,2.84494176,3.339934277,-78.9707647163,0.744492983138,7.5585478497,-0.0668330769951,0.00291778843343,-0.99775990415
4.987,1.749642401,2.844797313,3.339778478,-78.972535977,0.745152002471,7.55861661689,-0.0668305636754,0.00291669353551,-0.997760075698
4.988,1.749817258,2.844864505,3.339927318,-78.9747105657,0.745539978976,7.55842919758,-0.0668317305227,0.00291974574625,-0.997759988615
4.989,1.749694786,2.844654282,3.339684091,-78.9775565001,0.745705037144,7.55856236312,-0.0668280718726,0.00291760468984,-0.997760239934
4.99,1.749635352,2.844843758,3.339814347,-78.9796789832,0.745380643872,7.55862623254,-0.0668313723403,0.00291657173562,-0.997760021889
4.991,1.749676169,2.844894814,3.339879219,-78.9798073625,0.744351752762,7.55858963234,-0.0668322607897,0.00291728475041,-0.997759960295
4.992,1.749747419,2.844767307,3.339807938,-78.9802416663,0.743591107336,7.55849635025,-0.066830039099,0.00291852552148,-0.997760105478
4.993,1.749764826,2.84476422,3.339814428,-78.9843884645,0.743619683198,7.55849331615,-0.0668299844817,0.00291882865637,-0.997760108249
4.994,1.749680548,2.844705836,3.339720544,-78.9912062524,0.743031651196,7.55858508304,-0.0668289698835,0.00291735764063,-0.997760180509
4.995,1.74972497,2.845124386,3.340100334,-78.994842785,0.74135939852,7.55853904795,-0.0668362562231,0.00291814213575,-0.997759690156
4.996,1.749734261,2.844712183,3.339754091,-78.9920743833,0.739821735449,7.55851662377,-0.0668290797911,0.00291829452786,-0.997760170407
4.997,1.74973606,2.844645579,3.339698302,-78.990718888,0.739787898394,7.55851873406,-0.0668279193437,0.00291832459833,-0.997760248044
4.998,1.749683055,2.844704149,3.33972042,-78.994233307,0.740628906219,7.55857993125,-0.0668289404021,0.00291740114531,-0.997760182356
4.999,1.749638951,2.844905432,3.339868767,-78.9965431341,0.740948947477,7.55862301858,-0.0668324460008,0.0029166358727,-0.997759949786
5,1.749656015,2.844769867,3.339762232,-78.994985501,0.740388871689,7.55860565516,-0.0668300851971,0.00291693021838,-0.997760107055
5.001,1.749733096,2.844753763,3.339788897,-78.9939957031,0.739843141814,7.55852701909,-0.0668298030493,0.00291827522992,-0.99776012202
