t_contact_s,theta_err_t1_deg,theta_err_t2_deg,total_error_deg,fn_est_N,moment_t1_est_Nm,old_gamma_t1_deg,tool_normal_x,tool_normal_y,tool_normal_z
0,9.266242244,0.527309437,9.281233785,-0.749246401576,1.11860151537,0,-0.0261806254763,0.133661679885,-0.990681144557
0.001,9.265702921,0.527789785,9.280722638,-0.654128151922,1.11687196806,0.000549054594105,-0.026189000043,0.133652353256,-0.990682181502
0.002,9.265033857,0.528075502,9.28007091,-0.579269658178,1.11548351838,0.00123004342107,-0.0261940023183,0.133640782152,-0.990683610235
0.003,9.264492722,0.528169984,9.279536029,-0.527476944004,1.11402279322,0.00177921108961,-0.0261956744705,0.133631423095,-0.99068482849
0.004,9.26386264,0.528429424,9.278921741,-0.503246417789,1.1128248897,0.00242022154923,-0.0262002168363,0.133620526494,-0.99068617813
0.005,9.26317812,0.528033059,9.278215766,-0.499641353427,1.11238537129,0.00310631015816,-0.0261933706049,0.133608684594,-0.99068795629
0.006,9.26204603,0.527056721,9.277029991,-0.501350212213,1.11264133046,0.00422891729357,-0.0261764754127,0.133589099905,-0.990691043929
0.007,9.260601663,0.526226031,9.275540793,-0.496698961881,1.11243915275,0.00566413049646,-0.0261621274941,0.133564113577,-0.990694791876
0.008,9.258739953,0.524268952,9.273571235,-0.48767032245,1.11229971723,0.00751067098982,-0.0261282368319,0.133531904744,-0.990700028089
0.009,9.256682442,0.523163217,9.271454556,-0.475986585216,1.11499470358,0.00954387189271,-0.0261091463106,0.133496311872,-0.990705328135
0.01,9.254252597,0.522021115,9.268964191,-0.454649465701,1.12016431877,0.0119491292238,-0.0260894445878,0.133454278889,-0.990711510142
0.011,9.252035971,0.521260292,9.266708256,-0.433641832331,1.12556732547,0.0141285489605,-0.0260763546696,0.133415934979,-0.990717019144
0.012,9.249521823,0.521762653,9.264226369,-0.431500644027,1.13127009096,0.0166026079604,-0.0260852243109,0.133372450008,-0.990722640627
0.013,9.247212993,0.522556118,9.261965938,-0.449378976678,1.13652710598,0.0188680433239,-0.0260991392688,0.133332517493,-0.990727649109
0.014,9.245063635,0.524163526,9.259910854,-0.486980745014,1.13961409902,0.0209746776825,-0.0261271842459,0.133295347186,-0.9907319116
0.015,9.242854279,0.526273867,9.257824767,-0.549999076642,1.14118437018,0.0231419677918,-0.0261639694051,0.133257140071,-0.990736080561
0.016,9.240756824,0.528605096,9.255863548,-0.645215617507,1.14316459835,0.0251985371221,-0.0262045864791,0.133220868751,-0.990739885024
0.017,9.238678514,0.530930581,9.253921761,-0.776784534733,1.14673031654,0.0272419078903,-0.0262451020382,0.133184929645,-0.990743644509
0.018,9.236580449,0.533444013,9.251971731,-0.927681064878,1.15184171056,0.0293064552217,-0.0262888830938,0.133148648212,-0.990747360383
0.019,9.234896071,0.536386817,9.250460327,-1.07514109483,1.15765570119,0.0309589428608,-0.0263401005635,0.133119525202,-0.990749913506
0.02,9.233152647,0.539855754,9.248921669,-1.22355725233,1.16247123455,0.032669369526,-0.026400460233,0.133089381636,-0.990752356644
0.021,9.231820555,0.543912776,9.247829576,-1.38439263487,1.16422374449,0.0339687637814,-0.0264710126208,0.133066355837,-0.990753566956
0.022,9.230484871,0.548246571,9.246752146,-1.5527550247,1.16112007616,0.0352706467311,-0.026546374319,0.133043268635,-0.990754651103
0.023,9.22919112,0.552772774,9.245730175,-1.7149919173,1.15214226184,0.0365355925002,-0.0266250753128,0.133020907574,-0.990755541752
0.024,9.228016526,0.557471816,9.244839849,-1.8577767472,1.13861550701,0.0376799472616,-0.0267067713946,0.13300060786,-0.990756068198
0.025,9.226906573,0.5620389,9.244008472,-1.97670542962,1.12397331837,0.0387652148253,-0.026786171979,0.132981425682,-0.990756499557
0.026,9.225698646,0.566152519,9.243053834,-2.07450005736,1.11042896558,0.0399443897576,-0.0268577011217,0.132960547345,-0.990757365221
0.027,9.22462632,0.571351062,9.242303435,-2.15038503563,1.09722653141,0.0409872656663,-0.0269480678041,0.132942018124,-0.990757397882
0.028,9.22381937,0.576268879,9.241803374,-2.19405075988,1.08344235284,0.0417614168542,-0.0270335439541,0.132928077972,-0.990756939712
0.029,9.222885809,0.58166567,9.241209747,-2.20061922512,1.06927868547,0.0426674635002,-0.027127347174,0.132911949717,-0.990756539548
0.03,9.221965232,0.587388459,9.240653004,-2.17830579281,1.05515769689,0.0435559373574,-0.0272268129039,0.132896046441,-0.990755944468
0.031,9.221134988,0.592806781,9.240170472,-2.12958990825,1.04202115243,0.0443603185939,-0.0273209835413,0.13288170454,-0.990755275765
0.032,9.220322282,0.598405845,9.239720371,-2.0480806657,1.03145175404,0.0451457288363,-0.0274182939328,0.132867665932,-0.990754470344
0.033,9.219530914,0.603675101,9.239273451,-1.94161878754,1.0249804267,0.0459073703686,-0.0275098726934,0.132853995493,-0.990753764962
0.034,9.21862886,0.608891595,9.238715659,-1.82945850845,1.02181376783,0.046789733964,-0.0276005420407,0.132838409629,-0.990753333079
0.035,9.217844728,0.614110233,9.238278671,-1.72013589988,1.0196709392,0.0475484356645,-0.0276912417286,0.132824864187,-0.990752618258
0.036,9.217052006,0.61966741,9.237858809,-1.62319124887,1.01731422946,0.0483192281788,-0.0277878216569,0.132811170251,-0.990751749948
0.037,9.216493369,0.625045491,9.237663768,-1.55082689735,1.01391840263,0.0488527607273,-0.0278812774509,0.132801525564,-0.990750417197
0.038,9.215713759,0.630738351,9.237272917,-1.49106497246,1.00882734436,0.0496121407675,-0.0279802141847,0.132788058067,-0.990749433131
0.039,9.214873435,0.635783851,9.236780474,-1.42185283508,1.0012624654,0.050434716547,-0.0280679094162,0.132773538817,-0.990748898486
0.04,9.214132274,0.640667192,9.236378512,-1.34725658382,0.990978917988,0.051150455649,-0.0281527810686,0.132760733975,-0.990748206374
0.041,9.213196827,0.645672573,9.235793893,-1.28440131166,0.979220471013,0.0520689135757,-0.0282397839561,0.132744568811,-0.990747896315
0.042,9.212343665,0.65040677,9.235275024,-1.2410219845,0.967172286174,0.0528965457685,-0.0283220711113,0.132729824706,-0.990747522794
0.043,9.211411086,0.655586582,9.234711038,-1.2149121681,0.955153392111,0.0538114514807,-0.0284121042129,0.132713709225,-0.990747103815
0.044,9.21060152,0.660261676,9.234236614,-1.19981688592,0.942382614565,0.0546002671161,-0.0284933623694,0.132699719279,-0.990746644104
0.045,9.209838195,0.665481473,9.233849965,-1.19407013429,0.92864002972,0.0553393729075,-0.0285840797187,0.132686531333,-0.990745797261
0.046,9.208991065,0.67070995,9.23338336,-1.19100042614,0.915030295939,0.0561672844004,-0.0286749523766,0.132671893273,-0.990745131626
0.047,9.208217487,0.675577781,9.23296673,-1.17765977836,0.901696233569,0.0569238533586,-0.0287595563239,0.132658525673,-0.990744469319
0.048,9.207415845,0.681216137,9.232581544,-1.15137256551,0.888619119806,0.0577079453056,-0.0288575458474,0.132644674963,-0.990743474494
0.049,9.206974866,0.685944451,9.232491862,-1.11904131879,0.876680219105,0.058131919316,-0.0289397063808,0.13263706069,-0.990742097383
0.05,9.206452208,0.691323845,9.232371901,-1.0874524591,0.865719296603,0.058635080231,-0.0290331809602,0.132628035567,-0.990740570778
0.051,9.206101752,0.69748668,9.232485967,-1.05350092603,0.855923109813,0.0589679035862,-0.0291402543603,0.132621990353,-0.990738236494
0.052,9.205556365,0.70305979,9.232364869,-1.01066019756,0.848702420943,0.0595002049672,-0.0292370945073,0.132612571015,-0.990736644277
0.053,9.205104495,0.708794439,9.232352806,-0.963368958317,0.843467090067,0.0599387768122,-0.0293367355514,0.132604770078,-0.990734742956
0.054,9.204746259,0.714545779,9.232438972,-0.918562632087,0.838449188946,0.0602870536476,-0.0294366610716,0.132598588386,-0.990732606379
0.055,9.204367827,0.720586327,9.232531167,-0.88005202629,0.834123303363,0.0606509098436,-0.0295416108017,0.132592058126,-0.990730356531
0.056,9.203979715,0.725924369,9.232562417,-0.850524205122,0.832237517469,0.0610211991509,-0.0296343577572,0.132585358017,-0.990728483329
0.057,9.203690237,0.731938359,9.232748656,-0.828113119369,0.832223777563,0.0612977098321,-0.0297388405118,0.132580366472,-0.990726020548
0.058,9.203150125,0.73780362,9.232677098,-0.813470968658,0.83081630667,0.0618244362665,-0.0298407535217,0.132571037278,-0.990724204562
0.059,9.202972843,0.743101193,9.232925242,-0.806742285625,0.826382939454,0.0619885251358,-0.0299327853894,0.132567983599,-0.990721836886
0.06,9.202501419,0.748683733,9.232906351,-0.796604241505,0.82064082788,0.0624477689654,-0.030029783146,0.132559842481,-0.990719990858
0.061,9.202201395,0.753855714,9.233028157,-0.777937342657,0.814574353766,0.0627341947583,-0.0301196397236,0.132554664789,-0.990717955901
0.062,9.201841015,0.758847983,9.233077944,-0.762276935288,0.8080194269,0.0630839216658,-0.0302063780507,0.132548442587,-0.990716147589
0.063,9.20139363,0.763985204,9.23305573,-0.765436920928,0.802189230855,0.0635222903101,-0.0302956390763,0.132540714888,-0.99071445591
0.064,9.201168582,0.76925614,9.233269101,-0.795497705766,0.798697665299,0.0637287189092,-0.0303872085872,0.132536834274,-0.990712170671
0.065,9.200777417,0.77427959,9.233299191,-0.845584291416,0.796966876862,0.0641137883222,-0.030474489999,0.132530078462,-0.990710393486
0.066,9.20051014,0.779681391,9.233487419,-0.903818205055,0.79420582621,0.0643686666181,-0.0305683349771,0.132525466631,-0.990708119272
0.067,9.20029921,0.784876366,9.23371737,-0.960915512792,0.789517404943,0.064568752632,-0.0306585846815,0.132521829152,-0.990705817074
0.068,9.199887772,0.790390937,9.233777821,-1.01284995009,0.784250295637,0.0649677017418,-0.0307543971034,0.132514722864,-0.990703797955
0.069,9.199646244,0.79561609,9.233985921,-1.06100424381,0.778171565252,0.0651982166742,-0.0308451720063,0.132510556155,-0.990701533193
0.07,9.199400918,0.800743452,9.234184714,-1.10290282308,0.771409515811,0.0654325095219,-0.0309342473126,0.132506322369,-0.990699322133
0.071,9.199116604,0.805983061,9.234357314,-1.13734841149,0.765141265978,0.0657081426986,-0.0310252753851,0.132501414789,-0.990697132007
0.072,9.198867153,0.810816104,9.234531913,-1.16988228987,0.758350955266,0.0659498114698,-0.0311092395645,0.132497108995,-0.990695074845
0.073,9.1987453,0.816485155,9.234910021,-1.20675857874,0.750531434216,0.0660624366944,-0.0312077167884,0.132495011182,-0.990692258184
0.074,9.198505405,0.821220494,9.235090947,-1.24921671062,0.743713167699,0.0663013758242,-0.0312899821346,0.132490870504,-0.990690217097
0.075,9.198159058,0.826372937,9.23520559,-1.28968935968,0.739424802501,0.0666427136045,-0.0313794995945,0.132484888819,-0.990688185677
0.076,9.197845448,0.831530817,9.235356213,-1.31823222674,0.736489120167,0.0669519418116,-0.0314691078939,0.132479472942,-0.99068606758
0.078,9.19722979,0.840992542,9.235599833,-1.35318392077,0.725136169877,0.0675505279166,-0.0316334916352,0.132468838945,-0.990682254265
0.079,9.197104532,0.845975219,9.235930156,-1.36351575674,0.716748351326,0.067665008411,-0.0317200447494,0.132466680516,-0.990679775364
0.08,9.196640663,0.850580401,9.235891213,-1.36157843486,0.708359279538,0.0681186222198,-0.0318000629579,0.132458663849,-0.99067828197
0.081,9.196410459,0.855778657,9.236142184,-1.34504436625,0.699430123337,0.0683436178324,-0.0318903669726,0.132454689742,-0.990675910507
0.082,9.196003622,0.860470936,9.236173063,-1.32566777852,0.689426291729,0.06874603285,-0.031971894144,0.132447659066,-0.990674222736
0.083,9.195792426,0.865040731,9.236389652,-1.32250792605,0.680042547098,0.0689450139922,-0.0320512807688,0.132444012804,-0.990672144997
0.084,9.195661477,0.87007988,9.236732593,-1.34327163191,0.673034585418,0.0690712121752,-0.0321388142214,0.132441754127,-0.990669611114
0.085,9.19553995,0.875012401,9.23707755,-1.37931766661,0.668393185318,0.0691757536238,-0.032224495932,0.132439659067,-0.990667107846
0.086,9.195304563,0.879490964,9.237268555,-1.41719680785,0.666197687473,0.0694067292628,-0.0323022991798,0.132435593468,-0.99066511751
0.087,9.19521143,0.883729371,9.237580357,-1.45084631327,0.667037018206,0.0694916384741,-0.0323759220362,0.132433988718,-0.990662928702
0.088,9.195027839,0.888699348,9.237874403,-1.48060611042,0.670760022911,0.069672408517,-0.0324622571977,0.132430819156,-0.990660527121
0.089,9.194916589,0.893493117,9.238226076,-1.50743919621,0.6757612905,0.0697704547985,-0.0325455262199,0.132428900976,-0.990658051453
0.09,9.19475683,0.898173288,9.2385209,-1.52351631292,0.680138566751,0.0699259748508,-0.0326268264624,0.132426143286,-0.990655745842
0.091,9.194582834,0.903031483,9.238821318,-1.51413038004,0.683036782957,0.0700899483384,-0.0327112188057,0.132423138713,-0.990653364451
0.092,9.194394845,0.907942866,9.239115586,-1.47610449195,0.684079166088,0.0702673700909,-0.0327965355137,0.132419892689,-0.990650977529
0.093,9.194095643,0.912477354,9.23926456,-1.42835368757,0.68311059248,0.0705603894201,-0.0328753126038,0.132414722669,-0.990649057458
0.094,9.193994334,0.917484608,9.239659616,-1.38727027422,0.679465655192,0.0706554392714,-0.0329622888422,0.132412975238,-0.990646400843
0.095,9.193761299,0.921654659,9.239842755,-1.35181589427,0.672955600454,0.0708848348897,-0.0330347310483,0.132408948704,-0.990644525977
0.096,9.193559716,0.926329325,9.240109646,-1.32774224496,0.663957552366,0.0710860626079,-0.0331159363292,0.132405466304,-0.990642280167
0.097,9.193526442,0.931311927,9.240577381,-1.3177625133,0.653213751648,0.0711130511227,-0.0332024800084,0.132404895778,-0.990639459589
0.098,9.193107994,0.93589361,9.240623975,-1.31455811934,0.642006168253,0.0715230723419,-0.0332820839057,0.132397661504,-0.990637755246
0.099,9.192912802,0.940389177,9.24088619,-1.31942194932,0.631135864313,0.07170933262,-0.0333601770285,0.132394288806,-0.990635579252
0.1,9.192801669,0.944949822,9.241240863,-1.33321737464,0.620851193854,0.0718143479642,-0.0334393956936,0.132392370262,-0.990633164755
0.101,9.192591399,0.949440187,9.241491941,-1.35200678026,0.611045450054,0.0720261710896,-0.0335173996244,0.132388736643,-0.990631014219
0.102,9.192545111,0.953596481,9.241873829,-1.37739093255,0.601180371288,0.0720641746133,-0.0335895907213,0.132387940169,-0.990628675485
0.103,9.192345942,0.958091459,9.242140616,-1.41119771205,0.591384209722,0.0722575541987,-0.0336676738071,0.132384498189,-0.990626484796
0.104,9.192190992,0.962394402,9.242433566,-1.4506872646,0.583910373885,0.0724060924591,-0.0337424177915,0.132381820381,-0.990624299558
0.105,9.192058631,0.966616851,9.242742559,-1.49026046519,0.581265067752,0.0725383370328,-0.0338157626857,0.132379534461,-0.990622104059
0.106,9.19179024,0.971010212,9.242936148,-1.52228847441,0.582828304617,0.072795766347,-0.0338920854365,0.132374894681,-0.990620115788
0.107,9.191621183,0.975393837,9.243229582,-1.5508380431,0.587380413374,0.0729505146354,-0.0339682316594,0.132371972487,-0.990617898151
0.108,9.191409459,0.979527742,9.243456195,-1.58468255422,0.59406796186,0.0731594552865,-0.0340400433996,0.132368312567,-0.990615922179
0.109,9.191328666,0.983590556,9.24380728,-1.62667819116,0.59993204313,0.073237981087,-0.0341106112393,0.13236691734,-0.990613681207
0.11,9.191017896,0.988180863,9.243987851,-1.67372606856,0.602396554586,0.0735455328016,-0.0341903561509,0.132361543683,-0.990611650093
0.111,9.190810812,0.992354744,9.244229082,-1.70995288169,0.601566036325,0.0737456678254,-0.0342628613126,0.132357963438,-0.990609623338
0.112,9.190568077,0.997145036,9.244503221,-1.72625813367,0.598638356146,0.0739820654184,-0.0343460747452,0.132353767311,-0.990607302329
0.113,9.190488431,1.001174936,9.24485959,-1.73623780577,0.594229814896,0.0740521283014,-0.0344160704629,0.13235239076,-0.990605056899
0.114,9.190295099,1.005832739,9.245172984,-1.75351256603,0.588714858516,0.0742447353094,-0.0344969793947,0.132349048526,-0.990602689158
0.115,9.189978184,1.010679161,9.245386493,-1.77644506637,0.582403840646,0.0745535864961,-0.0345811720979,0.132343568139,-0.990600485821
0.116,9.189838951,1.01499865,9.245721291,-1.80048877542,0.575881346605,0.0746916948443,-0.0346562008378,0.132341160834,-0.990598185387
0.117,9.189820599,1.019854544,9.246237394,-1.82008082242,0.570120262108,0.0747099266905,-0.0347405372751,0.132340845166,-0.990595273444
0.118,9.189652829,1.024577912,9.246592832,-1.82148907949,0.565237506829,0.0748742620787,-0.0348225824092,0.132337944791,-0.990592780169
0.119,9.189524837,1.029425549,9.247004039,-1.7948711289,0.561141199003,0.0749944908602,-0.034906783193,0.132335731568,-0.990590112326
0.12,9.189581795,1.033760817,9.247544268,-1.74895726186,0.559041440418,0.074928956378,-0.0349820728253,0.132336717577,-0.990587324652
0.121,9.189385265,1.038512373,9.247881352,-1.68803969102,0.559685867671,0.0751207217264,-0.0350646074712,0.132333318578,-0.990584860624
0.122,9.189201198,1.043946209,9.248310243,-1.59680929898,0.562470170703,0.0752967507093,-0.035158992025,0.13233013469,-0.990581940443
0.123,9.189003036,1.049077943,9.248694034,-1.46939156524,0.567039257191,0.0754882442863,-0.0352481299702,0.132326707132,-0.990579230508
0.124,9.188940665,1.053969197,9.24918816,-1.31834533868,0.572334845044,0.0755519043957,-0.0353330820847,0.132325628665,-0.990576348046
0.125,9.188844229,1.058919325,9.249657745,-1.16368640858,0.577190422729,0.0756378226338,-0.0354190593386,0.132323961157,-0.990573500322
0.126,9.188570111,1.064148473,9.249985549,-1.02087554816,0.580971798942,0.0759054603091,-0.0355098930129,0.132319218548,-0.990570881816
0.127,9.18849994,1.068673019,9.250437459,-0.896781815769,0.583480978402,0.0759675722091,-0.0355884765431,0.132318004158,-0.990568223856
0.128,9.188407598,1.073735346,9.250931941,-0.794125814115,0.586526948021,0.0760448387198,-0.0356764011624,0.132316405981,-0.990565274532
0.129,9.188238982,1.078403917,9.251307508,-0.714617104823,0.591151757114,0.0762110834049,-0.0357574921422,0.13231348871,-0.990562740295
0.13,9.188096232,1.083305988,9.251738443,-0.664497219281,0.595895431903,0.0763489881254,-0.0358426359142,0.132311018403,-0.990559993065
0.131,9.187997484,1.087661216,9.252151354,-0.642828497527,0.599753050298,0.076442081348,-0.0359182794532,0.132309309375,-0.990557481348
0.132,9.187834294,1.091914303,9.252490252,-0.641464878794,0.602546949937,0.0766050127799,-0.0359921533147,0.132306485509,-0.990555177056
0.133,9.187742979,1.096979238,9.252998675,-0.653197995074,0.604362405852,0.0766903476659,-0.0360801216141,0.132304903936,-0.990552188034
0.134,9.187681795,1.101028679,9.253418878,-0.668158560824,0.60560551747,0.0767471578318,-0.0361504519443,0.132303844747,-0.990549765277
0.135,9.187626331,1.105653664,9.253915259,-0.678647204953,0.606486674446,0.076796499897,-0.036230777167,0.13230288323,-0.990546958945
0.136,9.187455943,1.110285019,9.254300596,-0.681974434838,0.607071119792,0.076963186458,-0.0363112205432,0.132299934056,-0.990544407238
0.137,9.187411639,1.114766907,9.254795399,-0.684240349338,0.60826808524,0.0769996550147,-0.0363890593022,0.132299165506,-0.990541653425
0.138,9.187296846,1.11961318,9.255266447,-0.694597316099,0.61122343031,0.077110714453,-0.0364732308623,0.13229717759,-0.990538823183
0.139,9.187305398,1.123975369,9.255803645,-0.717788537758,0.615281610561,0.0770950514539,-0.0365489863818,0.132297323203,-0.990536011394
0.14,9.187108859,1.128635643,9.256175646,-0.756012856452,0.618484298437,0.0772919416949,-0.036629932199,0.132293921234,-0.990533475695
0.141,9.186983129,1.13339573,9.256632481,-0.805182113829,0.619996872753,0.0774055343165,-0.0367126074039,0.132291742782,-0.990530705859
0.142,9.18677837,1.137708366,9.25695831,-0.85706921559,0.621301607665,0.0776046549166,-0.0367875158937,0.132288198443,-0.99052840001
0.143,9.186771784,1.142564366,9.257549846,-0.8910842862,0.623486219311,0.0776094209435,-0.0368718479308,0.132288081391,-0.990525280017
0.144,9.186604029,1.147331071,9.257972898,-0.884008545737,0.625357208801,0.0777724603566,-0.0369546399746,0.13228517644,-0.990522582619
0.145,9.186492625,1.151713519,9.258406493,-0.838990405336,0.625820469374,0.0778840893809,-0.0370307536885,0.132283245579,-0.99051999789
0.146,9.186335073,1.156549512,9.258852999,-0.780797121321,0.62451619843,0.0780377370776,-0.0371147478535,0.132280517051,-0.990517218578
0.147,9.186162928,1.161290649,9.259275636,-0.730948288718,0.621287088987,0.0782044787807,-0.0371970954521,0.132277535659,-0.990514527733
0.148,9.18593992,1.166207858,9.259672401,-0.694250735394,0.616359782945,0.0784223990582,-0.0372825033959,0.132273673631,-0.990511832441
0.149,9.185727409,1.1706074,9.260016723,-0.667116387533,0.609644411766,0.0786332882303,-0.0373589204885,0.132269993542,-0.990509444613
0.15,9.185676206,1.175490345,9.26058448,-0.644288836212,0.600899623997,0.0786862420256,-0.0374437221229,0.132269103003,-0.990506361446
0.151,9.185507817,1.179912752,9.26097986,-0.619204659225,0.590541465336,0.0788523087083,-0.0375205328942,0.132266185771,-0.990503844371
0.152,9.185308595,1.184315937,9.261344299,-0.589650457834,0.579326537869,0.0790547557456,-0.037597011646,0.132262735677,-0.990501405081
0.153,9.185291688,1.189049471,9.261934033,-0.556714043853,0.568372021832,0.0790692069038,-0.0376792151052,0.132262438603,-0.990498321091
0.154,9.185226895,1.19375618,9.262475205,-0.520728499057,0.558556061342,0.0791324210915,-0.0377609558449,0.132261313125,-0.990495358527
0.155,9.185078132,1.198582227,9.262950914,-0.481464366294,0.550412561727,0.0792699359235,-0.0378447737361,0.132258733693,-0.990492503991
0.156,9.184847894,1.202962869,9.26329048,-0.442411525626,0.544685624443,0.0794868816664,-0.0379208632429,0.13225474616,-0.990490126275
0.157,9.184836519,1.207886921,9.263919942,-0.401778332645,0.541707964993,0.079498416258,-0.0380063736033,0.132254543412,-0.990486875891
0.158,9.184656673,1.212414017,9.264333001,-0.354098413547,0.540752668874,0.079684076189,-0.0380850011758,0.132251427648,-0.990484271743
0.159,9.184548056,1.217338668,9.264871096,-0.305318900706,0.54064315671,0.0797804233662,-0.0381705282167,0.132249542481,-0.990481231165
0.16,9.184318578,1.221903986,9.265244578,-0.257410870774,0.540612322271,0.0800154710364,-0.0382498235012,0.132245566997,-0.990478702957
0.161,9.184086031,1.226515761,9.265623408,-0.20903934844,0.540019135119,0.0802424846372,-0.0383299252921,0.132241537742,-0.990476144348
0.162,9.184045955,1.230870503,9.266161141,-0.159545199254,0.538751294864,0.080280405823,-0.0384055499461,0.132240839176,-0.990473308165
0.163,9.183871728,1.235707174,9.26663219,-0.102320207935,0.537464393398,0.0804545669526,-0.0384895525168,0.132237818318,-0.990470450722
0.164,9.183678289,1.239881194,9.266998019,-0.0425651119879,0.535888836967,0.0806452209225,-0.0385620495745,0.132234466312,-0.990468078361
0.165,9.183495473,1.244149451,9.267388897,0.00699336413391,0.533018604828,0.0808273627605,-0.0386361815458,0.132231298259,-0.990465612344
0.166,9.183381291,1.248602532,9.267874633,0.0428529475089,0.528821342254,0.080947161659,-0.0387135182158,0.132229316423,-0.990462857146
0.167,9.183225858,1.252999594,9.26831404,0.0593950752364,0.524593705271,0.0810940307077,-0.0387898847572,0.132226621119,-0.99046022914
0.168,9.183113384,1.257184288,9.268769269,0.049338578952,0.522209706305,0.0812119528604,-0.0388625606677,0.132224668451,-0.990457640907
0.169,9.1828222,1.261499595,9.269067093,0.0157760245116,0.521748522055,0.0814996899734,-0.0389375157756,0.132219625016,-0.990455370335
0.17,9.182755387,1.265097661,9.26949128,-0.0437499905062,0.522394885169,0.0815586764492,-0.0390000012011,0.132218463288,-0.990453066971
0.171,9.182634885,1.269346249,9.269952714,-0.130326622771,0.524135579666,0.0816786095431,-0.0390737869042,0.13221637193,-0.990450438018
0.172,9.182431711,1.273363064,9.270302348,-0.225945722034,0.526321466617,0.081882936637,-0.0391435522545,0.13221285067,-0.99044815333
0.173,9.182454174,1.277198182,9.270852164,-0.31542119126,0.528379549862,0.0818602376099,-0.0392101474039,0.132213232855,-0.99044546816
0.174,9.182295765,1.281179473,9.271244596,-0.395477075893,0.530597135585,0.082020995099,-0.0392792927647,0.132210485478,-0.99044309513
0.175,9.18224172,1.28471866,9.27168081,-0.469260983734,0.532951950095,0.0820756794333,-0.0393407544161,0.13220954449,-0.990440781363
0.176,9.182096189,1.288826351,9.272106761,-0.536753385876,0.535233239968,0.0822170299607,-0.0394120937546,0.132207019481,-0.990438282209
0.177,9.181925345,1.293106817,9.272533541,-0.589814286324,0.538145805837,0.0823798270334,-0.0394864345959,0.13220405592,-0.990435716784
0.178,9.181919368,1.296786339,9.273041469,-0.632121382871,0.54209257194,0.0823788025255,-0.0395503289733,0.132203946213,-0.990433182039
0.179,9.181752971,1.301145992,9.273487397,-0.672131836491,0.545754312286,0.0825488887754,-0.0396260440647,0.132201059618,-0.990430540961
0.18,9.181471895,1.305096043,9.273764168,-0.708036066078,0.547500975524,0.0828361723217,-0.0396946548717,0.132196189981,-0.990428443518
0.181,9.181327242,1.308935409,9.274162056,-0.741014207256,0.547525741021,0.0829761340521,-0.03976133339,0.132193680231,-0.990426103894
0.182,9.181175163,1.312995296,9.274585382,-0.77502932514,0.547411932693,0.0831281005785,-0.039831842318,0.132191041156,-0.990423622989
0.183,9.180997233,1.316484546,9.274903867,-0.811369940879,0.546456715421,0.0833069683072,-0.0398924439116,0.132187956195,-0.990421595663
0.184,9.180957049,1.320686666,9.275461477,-0.847467622848,0.542584649484,0.0833407203682,-0.039965413923,0.132187253108,-0.990418747705
0.185,9.180708722,1.324426705,9.275748958,-0.88060262495,0.537329746033,0.083582552811,-0.0400303747657,0.132182948871,-0.99041669873
0.186,9.180638211,1.327898101,9.276175469,-0.916794642801,0.532672780949,0.0836528122308,-0.0400906580649,0.132181722485,-0.990414424055
0.187,9.180524749,1.33218769,9.276678215,-0.952910582672,0.527767316734,0.083767824892,-0.0401651515664,0.132179750019,-0.990411669098
0.188,9.180234098,1.335798755,9.276909852,-0.97607881337,0.52244143209,0.0840538731783,-0.0402278752333,0.132174714597,-0.990409795426
0.189,9.180108775,1.340185567,9.277418524,-0.98831068607,0.51760211133,0.0841790164621,-0.0403040583505,0.132172537715,-0.990406988644
0.19,9.180132603,1.344133611,9.278013245,-0.994468502721,0.513997468871,0.0841478563219,-0.0403726112174,0.132172940571,-0.990404142784
0.191,9.179963827,1.348019435,9.278410007,-0.995730520102,0.51230324089,0.0843088556858,-0.0404400962825,0.132170012527,-0.99040178029
0.192,9.179988824,1.352003844,9.279014452,-1.00178032225,0.512675106321,0.0842768286137,-0.040509280492,0.132170436246,-0.990398896393
0.193,9.179825382,1.355498466,9.279362593,-1.01824263218,0.514282603987,0.0844446971222,-0.0405699729154,0.132167600329,-0.990396790544
0.194,9.179755478,1.359363424,9.279858811,-1.03724879355,0.515807060819,0.0845125081953,-0.0406370880065,0.13216638217,-0.99039420157
0.195,9.17967393,1.363444209,9.280376801,-1.05372512034,0.516944971884,0.0845961918255,-0.0407079530188,0.13216496209,-0.990391480858
0.196,9.179482578,1.367013217,9.280712555,-1.07735961448,0.518033681667,0.0847873830225,-0.0407699374962,0.132161642948,-0.9903893741
0.197,9.179359046,1.370770145,9.281144503,-1.11583355341,0.518526914096,0.0849077630714,-0.0408351814233,0.132159496716,-0.990386972544
0.198,9.179357988,1.374704057,9.281725287,-1.16487295784,0.517687496036,0.0849095631148,-0.0409034893648,0.132159469345,-0.990384157396
0.199,9.179170932,1.378556973,9.282111739,-1.21926271802,0.515527876867,0.0850931561566,-0.0409704032927,0.132156223349,-0.990381824694
0.2,9.179077836,1.382779964,9.282647809,-1.26852168215,0.512887686826,0.0851829305537,-0.0410437367192,0.132154602406,-0.990379004593
0.201,9.17890757,1.386548443,9.283041568,-1.30472966375,0.510903264623,0.0853524245781,-0.0411091826658,0.132151648029,-0.99037668441
0.202,9.178769236,1.390696861,9.283525324,-1.3334983603,0.509902514646,0.0854916398131,-0.0411812242447,0.132149244239,-0.990374012188
0.203,9.178746488,1.394510993,9.284074967,-1.35411931258,0.509834913178,0.0855081815162,-0.0412474532312,0.132148840463,-0.990371309947
0.204,9.178506455,1.398448651,9.284429944,-1.36705326657,0.510176968489,0.0857487546451,-0.0413158415948,0.132144678041,-0.990369014711
0.205,9.178447032,1.402423118,9.28497068,-1.38028211608,0.510250897024,0.0858001350352,-0.0413848562724,0.132143639377,-0.990366271762
0.206,9.178218608,1.406840945,9.285413199,-1.39163680519,0.510712150912,0.0860247292099,-0.0414615812718,0.132139676704,-0.990363591374
0.207,9.178147356,1.410877781,9.285955255,-1.3982069738,0.511941727438,0.0861003156367,-0.0415316792703,0.132138432733,-0.990360820212
0.208,9.178052343,1.41519838,9.286518791,-1.40227191365,0.513496217973,0.0861911745905,-0.0416067055116,0.132136776833,-0.990357892009
0.209,9.177767212,1.419081119,9.286829503,-1.39752187442,0.515157316734,0.0864754614869,-0.0416741423505,0.13213183367,-0.990355716089
0.21,9.177696994,1.423485643,9.287434171,-1.37386257633,0.516529093447,0.0865468788172,-0.0417506243186,0.132130606604,-0.990352658485
0.211,9.177540635,1.427804075,9.287942537,-1.33037633757,0.517612290883,0.0866963709813,-0.0418256171348,0.132127889782,-0.990349856613
0.212,9.177334398,1.432271575,9.28842659,-1.27177016884,0.518510213002,0.0869077149192,-0.0419032020592,0.132124308936,-0.990347054646
0.213,9.177213856,1.436600386,9.288975984,-1.20624819036,0.519149106856,0.0870218210023,-0.0419783720345,0.132122211419,-0.990344151056
0.214,9.17700038,1.440928532,9.289435451,-1.14211557933,0.520012993176,0.0872313846365,-0.042053535996,0.132118505451,-0.990341456583
0.215,9.176838798,1.445129206,9.28992835,-1.08484391814,0.520856121213,0.0873997395538,-0.0421264836777,0.1321156985,-0.990338730729
0.216,9.176667063,1.449131318,9.290382122,-1.03666382755,0.520227747921,0.0875697744318,-0.0421959846249,0.1321127157,-0.990336169809
0.217,9.176581411,1.453647728,9.291003073,-0.999308668735,0.51709922355,0.0876556550851,-0.0422744086135,0.132111220007,-0.990333024757
0.218,9.176358853,1.457851113,9.29144185,-0.981521730971,0.512386235355,0.0878711303459,-0.042347406331,0.13210735713,-0.990330421309
0.219,9.176313206,1.462268512,9.292090898,-0.984677494578,0.508058960742,0.0879108964707,-0.0424241087724,0.132106553694,-0.990327245645
0.22,9.176074252,1.466169762,9.292469664,-0.998699862794,0.504707473103,0.0881476897113,-0.0424918614091,0.132102407451,-0.990324893992
0.221,9.176032041,1.470115148,9.293051305,-1.01835067965,0.502704396718,0.0881796506403,-0.0425603670373,0.132101665106,-0.990322051271
0.222,9.175933707,1.473852159,9.293546125,-1.04397167564,0.503501822044,0.0882807960438,-0.0426252581746,0.132099951891,-0.99031948889
0.223,9.175828756,1.478239988,9.294139381,-1.08168349209,0.507033576492,0.0883905527269,-0.0427014498903,0.132098121504,-0.990316450672
0.224,9.175680478,1.482527754,9.294675937,-1.13808836934,0.511896668823,0.0885284968218,-0.0427759064808,0.132095543276,-0.990313581282
0.225,9.175584325,1.486540082,9.295221843,-1.20560342188,0.517552361187,0.0886232441041,-0.0428455766449,0.132093866523,-0.99031079313
0.226,9.175537482,1.490753651,9.295850393,-1.26622292253,0.52316165481,0.0886702510699,-0.0429187382631,0.132093041413,-0.990307735159
0.227,9.175222151,1.494563404,9.296150886,-1.31056153486,0.526976172819,0.0889836663766,-0.0429849067974,0.132087574176,-0.990305594519
0.228,9.175143405,1.498582696,9.296720206,-1.344564203,0.527863465792,0.0890691027323,-0.0430546964791,0.132086198558,-0.990302746266
0.229,9.175111814,1.502850152,9.297377877,-1.38015812415,0.526965109595,0.089096572024,-0.0431287915196,0.132085636816,-0.990299597036
0.23,9.174878513,1.507112029,9.297837512,-1.4240306662,0.526056952357,0.0893340714795,-0.0432028037326,0.132081586951,-0.990296911102
0.231,9.174581543,1.51132366,9.298228095,-1.46884824322,0.525346996013,0.0896254717031,-0.0432759480505,0.1320764346,-0.990294404581
0.232,9.174521384,1.515336398,9.298821809,-1.50204974696,0.524680246477,0.0896889017571,-0.0433456222511,0.132075380345,-0.990291497963
0.233,9.174398806,1.519882131,9.299442733,-1.51958949131,0.52402835668,0.0898053116641,-0.0434245538405,0.132073243758,-0.990288324887
0.234,9.174219748,1.524506571,9.300023025,-1.51622288482,0.52292002955,0.0899893748035,-0.0435048561415,0.132070128827,-0.990285215765
0.235,9.174076948,1.528841855,9.300593812,-1.48566253806,0.521345777549,0.0901311790661,-0.0435801357161,0.132067642977,-0.990282237269
0.236,9.173786982,1.533267403,9.301036315,-1.43189261261,0.519862287361,0.0904173648981,-0.0436569917637,0.132062610917,-0.990279523098
0.237,9.173695502,1.537443635,9.301635453,-1.35739804792,0.518148950535,0.0905058209189,-0.0437295054412,0.132061012997,-0.990276536731
0.238,9.173587919,1.541735525,9.302239716,-1.27106427117,0.515397631107,0.0906175406771,-0.0438040285658,0.132059135739,-0.990273493409
0.239,9.173413888,1.546296894,9.302825186,-1.1913085939,0.512235114545,0.0907786894336,-0.0438832343434,0.132056108585,-0.990270390312
0.24,9.173406728,1.550602649,9.303534789,-1.121826269,0.509537294032,0.0907879302399,-0.0439579895149,0.132055967762,-0.990267093534
0.241,9.17329701,1.554746734,9.304118198,-1.06397804507,0.507588366192,0.0908901533198,-0.0440299454356,0.13205405453,-0.990264151925
0.242,9.173141419,1.558641884,9.304616489,-1.02553185528,0.506254241004,0.0910489087419,-0.0440975819062,0.132051347119,-0.990261503338
0.243,9.173067161,1.563117337,9.305294028,-1.00137156442,0.504965565219,0.0911183912452,-0.0441752879898,0.132050045504,-0.990258213505
0.244,9.172879774,1.567220672,9.305799481,-0.981101491392,0.503669744417,0.0913018068668,-0.0442465409607,0.132046787925,-0.990255466742
0.245,9.172710066,1.571509865,9.306355528,-0.959703762066,0.503030180094,0.091469541263,-0.0443210199184,0.132043835439,-0.99025252977
0.246,9.172740954,1.575703737,9.307095083,-0.930442634617,0.503292756249,0.091437774925,-0.0443938284751,0.132044352684,-0.990249199403
0.247,9.172562679,1.58016572,9.307675854,-0.889852782559,0.503594712905,0.0916168738717,-0.0444713073721,0.132041250701,-0.990246136541
0.248,9.172476758,1.584230915,9.308282197,-0.844879691573,0.503264342275,0.0917001167338,-0.0445418899978,0.132039748336,-0.990243164528
0.249,9.172392747,1.588070907,9.308853738,-0.807714648981,0.503261485326,0.0917803384905,-0.0446085626889,0.132038279443,-0.990240359154
0.25,9.172302287,1.592233622,9.309475665,-0.784581680199,0.504240209861,0.0918831956911,-0.0446808389287,0.132036696551,-0.990237311656
0.251,9.172098855,1.597098568,9.310108551,-0.777716473833,0.505623270916,0.0920791823859,-0.0447653144077,0.132033157249,-0.990233968319
0.252,9.171938218,1.601297903,9.3106716,-0.789109668339,0.507248940359,0.0922345966819,-0.0448382306399,0.132030361567,-0.990231042079
0.253,9.171874298,1.605304948,9.311298626,-0.818180130447,0.508979262573,0.0923016289668,-0.0449078009037,0.132029238982,-0.990228039126
0.254,9.171733307,1.609374731,9.311862267,-0.869784870338,0.510442136831,0.092439476824,-0.0449784667589,0.132026782651,-0.990225159341
0.255,9.171735458,1.613565713,9.31258963,-0.94286279521,0.512093822949,0.0924349882634,-0.0450512253182,0.132026801784,-0.990221849238
0.256,9.171587657,1.617987527,9.31321125,-1.01350002673,0.514601666035,0.0925837024513,-0.0451280015103,0.132024226038,-0.990218696662
0.257,9.171353641,1.622450176,9.313757146,-1.06217741488,0.516945934759,0.092823182895,-0.0452054934486,0.132020157674,-0.990215704445
0.258,9.171117149,1.626147822,9.314169125,-1.09920894776,0.517396184051,0.0930555580908,-0.0452697046579,0.132016050708,-0.990213318531
0.259,9.17100612,1.629986561,9.314730776,-1.14650634498,0.516876588851,0.0931557064789,-0.0453363554558,0.13201411289,-0.99021052755
0.26,9.170828337,1.634316152,9.315314362,-1.21121089824,0.517228631516,0.0933321072159,-0.0454115329709,0.132011018311,-0.990207495285
0.261,9.170704786,1.637952401,9.315831382,-1.28406052028,0.517969936724,0.0934587409482,-0.0454746688699,0.132008865221,-0.990204884857
0.262,9.170482084,1.642379977,9.316391665,-1.35259558603,0.517554101722,0.0936942120941,-0.0455515501723,0.132004992718,-0.990201867386
0.263,9.170444349,1.646333606,9.317052318,-1.41343349411,0.51620961186,0.0937250326592,-0.0456201893812,0.132004321961,-0.990198796861
0.264,9.170266496,1.650453932,9.317606226,-1.47596194339,0.515113551254,0.0939080306433,-0.0456917329224,0.13200122681,-0.990195910749
0.265,9.170042205,1.654174338,9.318045223,-1.54319319066,0.513661872074,0.0941303828097,-0.0457563371022,0.131997329276,-0.9901934471
0.266,9.169951437,1.658176164,9.318667155,-1.60229921353,0.510636967034,0.0942256183531,-0.0458258156974,0.131995740489,-0.990190445878
0.267,9.169834931,1.662649718,9.319349589,-1.64136503121,0.507253917192,0.0943293867872,-0.0459034861119,0.131993705153,-0.99018711957
0.268,9.169740601,1.666449743,9.319935484,-1.66150370292,0.505349381063,0.0944243819851,-0.0459694624761,0.13199205504,-0.990184278771
0.269,9.169590055,1.670756398,9.32055839,-1.66740676527,0.504217318342,0.0945834455413,-0.0460442368157,0.131989430982,-0.990181154317
0.27,9.169482139,1.674776995,9.321173782,-1.65434685026,0.502538063252,0.0946879558002,-0.0461140424198,0.131987544824,-0.990178157254
0.271,9.16936185,1.679016033,9.32181804,-1.61850004103,0.501116863048,0.0948028801917,-0.0461876408903,0.131985443478,-0.990175007026
0.272,9.169249839,1.683158345,9.322454861,-1.56496611668,0.501208235306,0.0949049469843,-0.0462595591696,0.131983485599,-0.990171910687
0.273,9.169073068,1.687115045,9.322996198,-1.50198779236,0.502475800495,0.0950818892622,-0.0463282601244,0.131980408959,-0.990169108771
0.274,9.168951764,1.691549453,9.323680389,-1.43257814194,0.503925471627,0.0951906690611,-0.0464052496702,0.131978288301,-0.99016578623
0.275,9.168850144,1.69557222,9.324311134,-1.3570733365,0.50519038626,0.0953024041345,-0.0464750908262,0.131976511198,-0.990162747443
0.276,9.168717821,1.69934258,9.324867381,-1.28523801385,0.506282523201,0.0954333623361,-0.0465405525575,0.13197420313,-0.990159980344
0.277,9.16853931,1.703842562,9.325512992,-1.22749863198,0.507320394198,0.0956117558156,-0.0466186838762,0.131971093054,-0.990156719369
0.278,9.168478019,1.708314876,9.3262709,-1.17878033216,0.50835161881,0.0956690434245,-0.0466963259364,0.131970010519,-0.990153205048
0.279,9.168348507,1.71276247,9.326959291,-1.12787671865,0.509664940761,0.0957891374923,-0.04677354342,0.131967747462,-0.990149862024
0.28,9.168191261,1.717152093,9.327611823,-1.07542389719,0.51140478447,0.0959471586251,-0.0468497570815,0.131965005362,-0.990146624304
0.281,9.168015492,1.721218539,9.328188533,-1.0290461125,0.513288480052,0.0961174459349,-0.0469203606881,0.131961944056,-0.990143689105
0.282,9.168004564,1.725495399,9.328967899,-0.995384354526,0.515508200253,0.0961282466114,-0.0469946052438,0.131961733043,-0.990140196179
0.283,9.167759101,1.729884222,9.329539451,-0.975942190568,0.518293563654,0.0963795028091,-0.0470708099512,0.131957464194,-0.990137145296
0.284,9.167550766,1.73373287,9.330049127,-0.969388116897,0.521243278183,0.0965862284233,-0.0471376349652,0.131953839539,-0.990134449255
0.285,9.167439841,1.737869802,9.330709763,-0.976581122632,0.523444833908,0.0967027495086,-0.047209456725,0.131951899432,-0.990131285958
0.286,9.167351926,1.741806906,9.331357492,-0.996938913094,0.524842368324,0.0967812040886,-0.0472778083477,0.131950357313,-0.990128230101
0.287,9.167090461,1.746051194,9.331893821,-1.02701659375,0.52591691058,0.0970332201203,-0.0473515045278,0.131945812065,-0.990125314138
0.288,9.166971766,1.750444889,9.332600316,-1.06763194256,0.525505071868,0.0971543660992,-0.0474277833366,0.131943735582,-0.990121939969
0.289,9.166851091,1.754926396,9.333323394,-1.13003288307,0.523106628745,0.0972694111947,-0.0475055862833,0.131941624341,-0.990118491413
0.29,9.166629591,1.758867038,9.333847616,-1.21696511377,0.519954523187,0.0974917879611,-0.0475740077343,0.131937771166,-0.990115719665
0.291,9.166428769,1.76300338,9.334430743,-1.31379431783,0.516554305775,0.0976972893567,-0.0476458252227,0.131934274974,-0.990112732181
0.292,9.166335268,1.766992992,9.335093277,-1.40852796927,0.5124577386,0.0977897963758,-0.0477150868032,0.13193263514,-0.990109615283
0.293,9.166233998,1.770874761,9.335729383,-1.49797555695,0.507833160018,0.0978792369492,-0.0477824768093,0.131930862047,-0.990106601609
0.294,9.166131532,1.774864366,9.336386387,-1.57476271637,0.503609252272,0.0979867669163,-0.0478517384958,0.131929067923,-0.990103495681
0.295,9.165930522,1.779194085,9.337013116,-1.62909796816,0.500178080571,0.0981905879094,-0.0479269111672,0.131925566569,-0.990100326266
0.296,9.165717067,1.783389958,9.337604034,-1.65994682813,0.496874645214,0.0984141864631,-0.0479997618746,0.131921851037,-0.990097292229
0.297,9.165681553,1.78768918,9.338391239,-1.67436587504,0.493610799308,0.0984429811032,-0.0480743926626,0.131921212048,-0.99009375646
0.298,9.165428838,1.792410113,9.33904812,-1.67904432341,0.491426655428,0.0986916006669,-0.0481563593095,0.131916813913,-0.990090359142
0.299,9.165455798,1.797408877,9.34003526,-1.66599225167,0.49076777097,0.0986650006231,-0.0482431269999,0.131917251553,-0.990086076783
0.3,9.165316422,1.801945327,9.340772563,-1.62429831438,0.49115993297,0.0987986831291,-0.0483218821022,0.131914814328,-0.990082560937
0.301,9.165110987,1.806912969,9.341530596,-1.55468268406,0.492279485687,0.0989959268185,-0.048408126977,0.131911232476,-0.990078825139
0.302,9.164973298,1.811353173,9.342255396,-1.45937297991,0.493988647038,0.0991367211306,-0.0484852108933,0.131908824376,-0.990075374088
0.303,9.164896948,1.815767438,9.343037378,-1.34771723131,0.496048414651,0.0992160482047,-0.0485618396575,0.131907478233,-0.990071797859
0.304,9.164562867,1.820640932,9.34365806,-1.23364009379,0.498249227992,0.0995490626317,-0.0486464598407,0.131901670902,-0.990068417413
0.305,9.164578942,1.825146766,9.344552846,-1.12332353442,0.500525011805,0.0995308422992,-0.0487246697397,0.131901922174,-0.990064538041
0.306,9.164489364,1.829905216,9.345395573,-1.02177628481,0.501695627598,0.099629709403,-0.0488072735919,0.131900344097,-0.990060679591
0.307,9.1643426,1.83418377,9.34609038,-0.936534385834,0.500713883696,0.099763303904,-0.0488815507853,0.131897779983,-0.990057356737
0.308,9.164182025,1.838934857,9.346866512,-0.869222362202,0.499724620942,0.09991899062,-0.0489640307408,0.131894973774,-0.990053654903
0.309,9.1640437,1.843198535,9.347570688,-0.816149889023,0.500844094107,0.100064733642,-0.0490380492877,0.13189255456,-0.990050313759
0.31,9.163898317,1.847875645,9.348351553,-0.774871091355,0.503226183841,0.100213508446,-0.0491192435703,0.131890011818,-0.990046627535
0.311,9.163675798,1.852875265,9.349123,-0.737890148098,0.506046808424,0.100424385973,-0.0492060416501,0.131886131182,-0.99004283436
0.312,9.163721106,1.85704378,9.349994445,-0.69808947879,0.509584766596,0.100380192793,-0.0492783931043,0.131886889323,-0.990039134781
0.313,9.163597341,1.861221966,9.3507039,-0.662147532169,0.513618318887,0.100501447631,-0.0493509247334,0.131884722847,-0.990035810518
0.314,9.163688516,1.865752742,9.35169613,-0.639517915597,0.517821575398,0.100402883387,-0.0494295590405,0.131886271729,-0.990031681323
0.315,9.163436964,1.87014744,9.352327434,-0.633609320278,0.522051890999,0.100656919084,-0.0495058582845,0.131881892642,-0.990028452313
0.316,9.163332821,1.874543164,9.353105391,-0.642392087157,0.524211955233,0.10076274458,-0.0495821640678,0.131880063213,-0.990024877432
0.317,9.163274997,1.879058656,9.353954784,-0.652637530883,0.5224092989,0.100816855061,-0.0496605445975,0.131879035059,-0.990021085847
0.318,9.162920775,1.883638611,9.354528932,-0.652358158712,0.517818759044,0.101181573402,-0.0497400668858,0.131872877765,-0.990017913907
0.319,9.162889712,1.888616426,9.355502118,-0.635852013309,0.512500258619,0.10120365174,-0.0498264684355,0.131872308821,-0.990013644961
0.32,9.162686091,1.893573946,9.356304756,-0.595983150882,0.508165520672,0.101405958626,-0.0499125317265,0.131868754217,-0.990009783203
0.321,9.162518816,1.897972262,9.357032102,-0.527379019838,0.505239801199,0.101576093758,-0.0499888854631,0.131865832539,-0.990006319949
0.322,9.162508095,1.902776665,9.357997309,-0.432142934561,0.503570195282,0.10157873042,-0.0500722755366,0.131865615688,-0.990002134655
0.323,9.162266711,1.907357834,9.358693562,-0.333892081496,0.504553157475,0.101827898203,-0.0501518076219,0.131861410461,-0.989998669001
0.324,9.162181295,1.912208571,9.359599762,-0.261843619166,0.509343777174,0.101913351976,-0.0502360065524,0.131859901192,-0.989994601048
0.325,9.161976088,1.917106512,9.360400804,-0.217945371436,0.516553463373,0.102114325317,-0.0503210343097,0.131856318561,-0.989990759937
0.326,9.161917355,1.921857466,9.361317522,-0.183385759629,0.52325952733,0.10217005898,-0.0504034990387,0.131855271111,-0.989986704337
0.327,9.161782669,1.925995863,9.362036196,-0.145328417517,0.527452965843,0.102305830477,-0.0504753372877,0.131852913865,-0.989983358159
0.328,9.161647522,1.930356219,9.362801955,-0.107193314834,0.528787154465,0.102436143704,-0.0505510277333,0.131850546657,-0.989979811381
0.329,9.161329383,1.935060804,9.363461773,-0.0681513810015,0.528205949726,0.102750099572,-0.0506327067669,0.131845011384,-0.989976374455
0.33,9.161216546,1.939606915,9.364291942,-0.0183500506612,0.52557003933,0.102865643659,-0.0507116182417,0.13184302838,-0.98997259944
0.331,9.160941934,1.944113707,9.364957833,0.0336272534525,0.51948217688,0.103148579182,-0.0507898608484,0.13183824785,-0.989969224996
0.332,9.160911971,1.948416705,9.365822751,0.0660539209524,0.511489614929,0.103175232623,-0.0508645458768,0.131837699716,-0.989965463492
0.333,9.160703889,1.952739858,9.366519562,0.0724262856864,0.504297520442,0.103384379746,-0.0509395952574,0.131834070688,-0.989962087881
0.334,9.160514891,1.957229449,9.367271758,0.0632322975762,0.498331127759,0.103575106931,-0.051017531141,0.131830770766,-0.989958513977
0.335,9.160435137,1.961429998,9.368072349,0.0451514271864,0.493492832074,0.103645982584,-0.0510904419887,0.131829361247,-0.989954941525
0.336,9.160170973,1.965719399,9.368713093,0.012698105478,0.489984616772,0.103912035705,-0.0511649090479,0.131824761987,-0.989951708019
0.337,9.160044778,1.970429598,9.369579133,-0.0363380417197,0.487725520611,0.104034270017,-0.0512466675125,0.131822545889,-0.989947774109
0.338,9.15989021,1.974561793,9.370297911,-0.0931618318192,0.486300931714,0.104200532398,-0.0513183976278,0.131819843255,-0.989944418131
0.339,9.159688835,1.979557613,9.371155099,-0.139931365725,0.485121290469,0.104400226596,-0.0514051191392,0.131816324305,-0.989940387283
0.34,9.159552221,1.983735715,9.37190505,-0.166869937051,0.483683333197,0.104536820179,-0.0514776425824,0.131813931089,-0.989936937327
0.341,9.159461936,1.98845228,9.372816302,-0.174618105465,0.482056936509,0.104617314508,-0.0515595084831,0.13181233567,-0.989932889266
0.342,9.15930962,1.992745628,9.373579244,-0.16441307829,0.480252720434,0.104774585664,-0.0516340331466,0.131809670156,-0.989929359841
0.343,9.159079255,1.997259797,9.374314882,-0.149959455353,0.477203489113,0.105008004983,-0.0517123965732,0.131805652096,-0.989925804349
0.344,9.158959289,2.002164688,9.375243927,-0.144152724409,0.473359284127,0.105127591397,-0.0517975318306,0.131803541877,-0.989921634295
0.345,9.158741168,2.006251829,9.375904552,-0.147831138151,0.470344639702,0.105341301255,-0.0518684819549,0.131799738708,-0.989918425658
0.346,9.158544993,2.010399939,9.376601426,-0.160701935797,0.467965667602,0.105540200143,-0.0519404885129,0.13179631531,-0.989915105918
0.347,9.15852236,2.015302479,9.377631678,-0.179587399955,0.465923037393,0.105554559006,-0.0520255747608,0.13179588674,-0.989910694866
0.348,9.158255807,2.019609893,9.378298009,-0.194910619462,0.464576598464,0.105825719748,-0.052100351235,0.131791244361,-0.989907380168
0.349,9.15802281,2.024242221,9.379069162,-0.196093465259,0.463016014223,0.10605799843,-0.0521807635561,0.131787179618,-0.989903685822
0.35,9.157999397,2.028827284,9.380036946,-0.183933373927,0.460410237288,0.106076346906,-0.0522603384814,0.131786740437,-0.989899546453
0.351,9.15789042,2.033083426,9.380852049,-0.172684408088,0.458166996585,0.10618914137,-0.0523342119029,0.131784823106,-0.989895898902
0.352,9.157721124,2.03770841,9.381690239,-0.171948137346,0.457677456551,0.106360799544,-0.0524144902523,0.131781860031,-0.989892045921
0.353,9.157570228,2.041932655,9.382461374,-0.185088314255,0.458892464223,0.106511547657,-0.0524878128244,0.131779217523,-0.989888512578
0.354,9.157399496,2.046350988,9.383257318,-0.218132430052,0.461290484525,0.106680059208,-0.0525645048685,0.131776231198,-0.989884840635
0.355,9.157284284,2.05042337,9.384033858,-0.272557992371,0.46409157723,0.106790683654,-0.0526351880321,0.131774206181,-0.989881354288
0.356,9.156992888,2.053899614,9.384509703,-0.347339978312,0.466499947221,0.107085478565,-0.0526955399207,0.131769139933,-0.989878817752
0.357,9.156582631,2.057706142,9.384943263,-0.442150138606,0.468802057805,0.107492773758,-0.05276163377,0.131762013705,-0.989876245672
0.358,9.156227831,2.060836848,9.385284045,-0.549585026552,0.472352948516,0.107835403548,-0.0528159939066,0.131755852579,-0.9898741668
0.359,9.155901805,2.063943295,9.385648608,-0.664184144336,0.477995981829,0.108159047931,-0.0528699300067,0.131750188911,-0.989872041338
0.36,9.155624924,2.067087906,9.386070539,-0.792889472566,0.486033765523,0.108430521318,-0.0529245248489,0.131745375544,-0.989869764511
0.361,9.15478859,2.067768058,9.385404567,-0.950944339015,0.495987717931,0.109254986724,-0.0529363970299,0.131730904031,-0.989871055639
0.362,9.154292222,2.069186754,9.385233077,-1.16212113905,0.507128900364,0.109728561903,-0.0529610572815,0.13172230651,-0.98987088066
0.363,9.154206721,2.071130703,9.385578462,-1.44035327037,0.519444937691,0.109802372959,-0.052994799593,0.131720813059,-0.989869273502
0.364,9.154182015,2.071951982,9.385735633,-1.79057883811,0.533629553987,0.10981789564,-0.0530090543215,0.131720379257,-0.989868567967
0.365,9.153831342,2.072762152,9.385572501,-2.22031054379,0.549662692317,0.110162976274,-0.0530231433921,0.13171430709,-0.98986862137
0.366,9.153910591,2.072725533,9.385641706,-2.7217982695,0.565646116611,0.110092129889,-0.0530225012803,0.131715677637,-0.989868473396
0.367,9.153805227,2.072153081,9.385412538,-3.28096802084,0.581541192063,0.110190569224,-0.0530125756151,0.131713860271,-0.98986924684
0.368,9.153711735,2.071404255,9.385156052,-3.89360796191,0.598948564027,0.110285008048,-0.0529995871338,0.131712248903,-0.989870156764
0.369,9.15393055,2.070865642,9.385250611,-4.54689675925,0.618380834433,0.110070115873,-0.052990222175,0.131716037487,-0.989870154021
0.37,9.154024848,2.070007456,9.385153264,-5.21798738223,0.640555100491,0.109971194101,-0.0529753213024,0.131717675077,-0.989870733685
0.371,9.154154852,2.069272409,9.385117973,-5.89423473731,0.666268332218,0.109865225294,-0.0529625550235,0.131719929679,-0.989871116808
0.372,9.154358263,2.069094386,9.385277129,-6.56668473117,0.695142254214,0.109671143119,-0.0529594487554,0.131723449506,-0.989870814621
0.373,9.154599435,2.068929868,9.3854761,-7.22172140417,0.726919105867,0.10943948265,-0.0529565746975,0.131727622889,-0.989870413016
0.374,9.154917504,2.068684996,9.38573237,-7.84933208311,0.761744243112,0.109127295393,-0.0529522988784,0.131733126421,-0.989869909355
0.375,9.155221072,2.068467813,9.385980608,-8.45548649789,0.798530618224,0.108841650119,-0.0529485054373,0.131738379416,-0.989869413186
0.376,9.155357959,2.068682698,9.386161487,-9.05253539048,0.835042249285,0.108735336989,-0.0529522231108,0.131740745013,-0.989868899487
0.377,9.15569331,2.06859923,9.386470197,-9.64374908297,0.869967633845,0.108428093571,-0.0529507477556,0.131746545962,-0.989868206348
0.378,9.15613366,2.06911077,9.387012463,-10.231860604,0.903515278931,0.108035677963,-0.0529595887523,0.131754159113,-0.989866720077
0.379,9.156542115,2.06994404,9.387594571,-10.8112126477,0.936014410846,0.107677320983,-0.0529740161461,0.131761217225,-0.989865008599
0.38,9.156935921,2.071391585,9.388297959,-11.3702288259,0.967969729842,0.10732853489,-0.0529991054743,0.13176801853,-0.989862760241
0.381,9.157158245,2.07241679,9.388741049,-11.9133298027,0.999538078681,0.107157812943,-0.0530168782135,0.131771855906,-0.989861297665
0.382,9.157577262,2.074016463,9.389502947,-12.4518431424,1.02973471149,0.106799196629,-0.0530446059052,0.131779090366,-0.989858849092
0.383,9.158130358,2.076494069,9.390589932,-12.9838038046,1.05874387246,0.106315757987,-0.0530875571194,0.131788638187,-0.989855275343
0.384,9.158480077,2.078523353,9.391379911,-13.4954899403,1.08889302664,0.106032294584,-0.0531227442699,0.131794670974,-0.98985258435
0.385,9.159059137,2.080553495,9.39239411,-13.9805526435,1.12265365676,0.105542754795,-0.0531579280107,0.13180467117,-0.989849363968
0.386,9.159653071,2.08287413,9.393487586,-14.443306964,1.16013557523,0.105031785479,-0.0531981521824,0.13181492644,-0.989845837377
0.387,9.160012314,2.084860901,9.394278608,-14.8901140054,1.19942284366,0.104761214158,-0.0532326011706,0.131821124061,-0.989843160013
0.388,9.160614294,2.087137785,9.395371114,-15.3230773064,1.23888689625,0.104239776075,-0.0532720646397,0.131831518468,-0.989839652604
0.389,9.160963521,2.088605051,9.396037659,-15.745112974,1.27819902863,0.10397442541,-0.0532974982341,0.131837547063,-0.989837480532
0.39,9.161528112,2.090740073,9.397062913,-16.1690506728,1.31767970266,0.10349715365,-0.0533345032613,0.131847295504,-0.989834188857
0.391,9.161887598,2.091710404,9.397629316,-16.6051112881,1.35648669326,0.103220787506,-0.0533513121061,0.131853506277,-0.989832455711
0.392,9.162262235,2.092925014,9.398264966,-17.0567843432,1.39396588884,0.102912893054,-0.0533723598887,0.131859976278,-0.989830459147
0.393,9.162484997,2.094522198,9.398837936,-17.5168968067,1.42930008323,0.102762019983,-0.0534000584839,0.131863816246,-0.989828453682
0.394,9.162629951,2.095369905,9.39916819,-17.9707842134,1.4612670856,0.102678302777,-0.0534147578653,0.131866316925,-0.989827327418
0.395,9.162788314,2.095984013,9.399459489,-18.4034009689,1.48892624032,0.102581365277,-0.0534254020288,0.131869051369,-0.989826388671
0.396,9.162788655,2.096509846,9.39957709,-18.7933608394,1.5109396143,0.102627623156,-0.0534345267816,0.131869052899,-0.989825895921
0.397,9.162757241,2.096624234,9.399571982,-19.1257678015,1.52817469398,0.102696283386,-0.0534365148147,0.131868508599,-0.989825861111
0.398,9.162442396,2.096390533,9.399212942,-19.4014538217,1.54299620958,0.103055006094,-0.0534324845926,0.131863064268,-0.989826803977
0.399,9.162223514,2.095941373,9.398899401,-19.6244966059,1.55667174815,0.103294389709,-0.0534247084443,0.131859281859,-0.989827727595
0.4,9.16207109,2.095855699,9.39873171,-19.7963737694,1.57034381333,0.103455531327,-0.0534232337428,0.131856646618,-0.989828158237
0.401,9.161703753,2.095299266,9.398249553,-19.9173691708,1.58437564614,0.103828850267,-0.053413607656,0.131850296765,-0.989829523585
0.402,9.161609343,2.094453928,9.39796909,-19.9916825304,1.59781051811,0.103922458018,-0.0533989452359,0.131848670909,-0.989830531266
0.403,9.161342423,2.093828335,9.397569478,-20.0265973068,1.60903065212,0.104190576712,-0.0533881113797,0.131844058743,-0.989831730011
0.404,9.161149211,2.093082162,9.397214896,-20.0198378076,1.61679636998,0.10437585463,-0.0533751783068,0.13184072269,-0.989832871843
0.405,9.161035524,2.092295073,9.396928782,-19.9732239409,1.62176205272,0.104479906436,-0.0533615285743,0.131838762668,-0.989833868852
0.406,9.160668291,2.091692897,9.396436703,-19.8950226427,1.62439678602,0.104844047738,-0.0533511081149,0.131832416195,-0.989835275843
0.407,9.160227603,2.090621833,9.395768696,-19.7844026345,1.62341467327,0.105287725513,-0.0533325576484,0.131824801318,-0.989837289686
0.408,9.160022774,2.090112988,9.395455791,-19.6479797958,1.61851854275,0.105490133019,-0.0533237440312,0.131821262757,-0.989838235778
0.409,9.159930517,2.08966671,9.395266576,-19.4934255012,1.60960701325,0.105583780752,-0.0533160066178,0.131819670639,-0.989838864599
0.41,9.159795669,2.089201899,9.395031734,-19.317336357,1.59643523518,0.10572681158,-0.0533079512813,0.131817342348,-0.989839608516
0.411,9.159693691,2.089726673,9.39504902,-19.1133957235,1.57837030262,0.105850167052,-0.053317067099,0.13181557403,-0.989839353026
0.412,9.159537232,2.08973841,9.394899091,-18.8797297901,1.55459573026,0.106012652438,-0.0533172831799,0.131812867764,-0.989839701773
0.413,9.159404929,2.089594021,9.394737986,-18.62747292,1.52591076187,0.106157290272,-0.0533147884196,0.131810580599,-0.989840140719
0.414,9.159214586,2.089999372,9.39464258,-18.3660834192,1.49382768079,0.106356115173,-0.053321838506,0.131807284929,-0.989840199819
0.415,9.159153482,2.090389302,9.394669763,-18.0945476468,1.45948836114,0.106429183042,-0.0533286103485,0.13180622457,-0.9898399762
0.416,9.158957728,2.091073396,9.394631159,-17.8078586924,1.42369367495,0.106630671933,-0.053340497377,0.131802833182,-0.989839787291
0.417,9.15877146,2.091218179,9.394481791,-17.5097860647,1.38765181653,0.106828631527,-0.0533430254799,0.131799609962,-0.989840080238
0.418,9.158943393,2.092273705,9.394884424,-17.2121624865,1.35220039851,0.106664556428,-0.0533613290064,0.131802575856,-0.989838698761
0.419,9.158710547,2.092240595,9.394650052,-16.9210688139,1.31743239022,0.106910984307,-0.0533607735306,0.131798548809,-0.989839264921
0.42,9.15872352,2.092504363,9.394721445,-16.6429246586,1.28300228039,0.106902845926,-0.0533653496531,0.131798770288,-0.989838988728
0.421,9.158618093,2.09314323,9.394760984,-16.3829021157,1.2488343254,0.10700578663,-0.0533764451777,0.131796942338,-0.989838633864
0.422,9.158648479,2.093440414,9.394856824,-16.1435508961,1.21579324875,0.106974004899,-0.0533815999725,0.131797465158,-0.989838286268
0.423,9.158591773,2.093394277,9.394791262,-15.9331285141,1.18377037712,0.107029393717,-0.0533808040022,0.131796484747,-0.989838459736
0.424,9.158485019,2.093676509,9.394750086,-15.75616124,1.15208173741,0.107127846864,-0.0533857103088,0.131794635952,-0.989838441297
0.425,9.158432135,2.093773374,9.39472012,-15.6073463553,1.12248558691,0.107169858115,-0.0533873950347,0.131793720437,-0.98983847233
0.426,9.158232879,2.094265283,9.39463552,-15.4718394448,1.09679556703,0.10735502847,-0.053395947918,0.131790269849,-0.989838470418
0.427,9.158271178,2.094256557,9.394670909,-15.3369931229,1.07489635588,0.107313780055,-0.0533957935741,0.13179093255,-0.989838390509
0.428,9.158319746,2.094088228,9.394680733,-15.2105239083,1.05615851054,0.107253717002,-0.0533928681809,0.13179177375,-0.989838436311
0.429,9.158290289,2.094013435,9.394635345,-15.1053989908,1.04059181846,0.107266995581,-0.0533915730045,0.131791265265,-0.989838573876
0.43,9.158352197,2.093775289,9.394642618,-15.0193807414,1.02839260767,0.107189597922,-0.0533874346315,0.131792337414,-0.989838654338
0.431,9.158229421,2.093840391,9.39453744,-14.9434410935,1.01910181248,0.107292595839,-0.0533885752469,0.131790213894,-0.989838875552
0.432,9.158267548,2.093947412,9.394598461,-14.8748734846,1.01203478992,0.107237551205,-0.0533904295214,0.131790871893,-0.989838687929
0.433,9.158331206,2.093755104,9.394617657,-14.8100534953,1.00646372487,0.107156991111,-0.0533870865406,0.131791974273,-0.989838721463
0.434,9.158115193,2.093374756,9.394322315,-14.7466032828,1.00190945484,0.107357800393,-0.0533805041239,0.131788241587,-0.989839573446
0.435,9.158282969,2.093596651,9.39453532,-14.6907791635,0.99916657216,0.107162764602,-0.0533843406542,0.131791141427,-0.989838980448
0.436,9.158179647,2.093080585,9.394319602,-14.6488843522,0.999134027411,0.107252925419,-0.0533753932727,0.131789358501,-0.989839700345
0.437,9.15821607,2.092968102,9.394330049,-14.6245799066,1.00163869795,0.107198594907,-0.0533734383594,0.131789989854,-0.989839721698
0.438,9.158163276,2.092621005,9.394201257,-14.6146852597,1.0069866593,0.107239905045,-0.0533674195503,0.131789079174,-0.989840167472
0.439,9.158089657,2.092592607,9.394123162,-14.6102720002,1.01423702828,0.107308998802,-0.0533669329567,0.131787806052,-0.989840363212
0.44,9.15803374,2.093040016,9.394168324,-14.6040067882,1.02015873249,0.107354835576,-0.0533747010193,0.131786835354,-0.989840073607
0.441,9.157825291,2.092826268,9.393917492,-14.5881449312,1.02222633316,0.107561117498,-0.053371008729,0.13178323167,-0.989840752484
0.442,9.157723577,2.093130097,9.393886029,-14.5572956424,1.02048506338,0.107658183751,-0.0533762900909,0.131781469204,-0.989840702351
0.443,9.157741808,2.093333901,9.393949214,-14.5159853062,1.01693443245,0.107630711033,-0.0533798250154,0.131781783443,-0.989840469891
0.444,9.157532011,2.093717789,9.393830247,-14.4677735109,1.01318628393,0.107831423989,-0.0533865039392,0.131778151034,-0.989840593281
0.445,9.157400907,2.094043985,9.393775151,-14.4100956674,1.00894173054,0.10796406332,-0.0533921760354,0.131775881119,-0.989840589536
0.446,9.157183923,2.094422513,9.393648016,-14.3455388175,1.00402492203,0.108173893895,-0.0533987627391,0.131772125249,-0.989840734232
0.447,9.157025118,2.094650405,9.393544024,-14.2808590669,0.998700913758,0.108336270278,-0.0534027305161,0.131769376144,-0.989840886145
0.448,9.156772449,2.095194715,9.39341911,-14.220067324,0.994636973927,0.108580485672,-0.0534121970723,0.131765001527,-0.989840957718
0.449,9.156619933,2.095378275,9.393311382,-14.1576065948,0.995354506755,0.10873001869,-0.0534153942764,0.131762361606,-0.989841136606
0.45,9.156458344,2.096096696,9.393314152,-14.0861423519,1.00244632907,0.108879362945,-0.0534278747893,0.131759560852,-0.989840835852
0.451,9.156310962,2.096227536,9.393199684,-14.009919997,1.016140293,0.109016399061,-0.0534301578241,0.131757010649,-0.989841052078
0.452,9.156140528,2.096751746,9.39315055,-13.9378280793,1.03580946682,0.109182929176,-0.0534392691294,0.131754058519,-0.989840953173
0.453,9.156070955,2.096527221,9.393032616,-13.8750952197,1.05922445186,0.109237761177,-0.0534353779,0.131752856427,-0.989841323249
0.454,9.155721355,2.09720881,9.392843996,-13.821598265,1.08461680499,0.109571942107,-0.053447234402,0.131746804357,-0.989841488662
0.455,9.155661929,2.097284556,9.392802983,-13.7719151709,1.11041158899,0.109614130956,-0.0534485535979,0.131745776136,-0.989841554285
0.456,9.155232711,2.096748715,9.392264964,-13.7300855675,1.1356439463,0.110030796737,-0.0534392900832,0.131738355718,-0.989843042057
0.457,9.155094911,2.09698651,9.392183732,-13.7051080565,1.15918218733,0.110148359791,-0.053443428278,0.131735970111,-0.989843136135
0.458,9.154890791,2.09688962,9.391963132,-13.6962807568,1.17934775485,0.110331275908,-0.0534417633911,0.131732440576,-0.989843695755
0.459,9.154617286,2.096720905,9.391658863,-13.7019297528,1.19594438875,0.110585548935,-0.0534388581248,0.131727710608,-0.989844482078
0.46,9.15448085,2.096734328,9.391528867,-13.7168749581,1.21076192588,0.11071581237,-0.0534391019781,0.131725351194,-0.989844782899
0.461,9.154149923,2.096486106,9.391150877,-13.733982887,1.22508525303,0.111039320122,-0.0534348213687,0.131719628763,-0.989845775494
0.462,9.153988672,2.096350968,9.390963528,-13.7517467719,1.2392992514,0.11118463453,-0.0534324897999,0.131716841265,-0.989846272287
0.463,9.153679876,2.096086674,9.390603528,-13.7692118067,1.25404304593,0.111492043961,-0.0534279283797,0.131711501977,-0.989847228978
0.464,9.153476388,2.096221313,9.390435228,-13.7862676889,1.26828303043,0.111684380528,-0.0534302813783,0.131707980515,-0.989847570538
0.465,9.153128676,2.096015117,9.390050263,-13.8042505109,1.27960233872,0.112027787096,-0.0534267315371,0.131701968337,-0.989848562101
0.466,9.152850265,2.096082091,9.389793827,-13.8244216436,1.28595351135,0.112305688721,-0.0534279161756,0.131697152085,-0.989849138963
0.467,9.152631946,2.095946833,9.389550824,-13.8449514785,1.28635500751,0.112531649726,-0.0534255878303,0.13169337678,-0.989849766923
0.468,9.152395241,2.09615115,9.389365702,-13.8594967878,1.28202227294,0.112771610541,-0.05342915222,0.131689280149,-0.989850119557
0.469,9.152260557,2.096149641,9.38923408,-13.8651467781,1.27527825073,0.112908598206,-0.0534291367861,0.131686951222,-0.989850430227
0.47,9.151959459,2.09584414,9.388872382,-13.8671705164,1.26736642622,0.113221115458,-0.0534238600825,0.131681744766,-0.989851407672
0.471,9.151744877,2.095960597,9.388689212,-13.8703691862,1.25738040724,0.113438697572,-0.0534258983005,0.131678032678,-0.989851791482
0.472,9.1516158,2.095842314,9.388536987,-13.8706895665,1.24373809948,0.113590155654,-0.0534238569115,0.131675801048,-0.989852198528
0.473,9.151493311,2.095881148,9.388426259,-13.8621422056,1.22581671234,0.113730879632,-0.0534245407315,0.131673682221,-0.989852443477
0.474,9.151264432,2.095669231,9.388155849,-13.8486529822,1.20426408919,0.11397649276,-0.0534208818483,0.131669724394,-0.989853167425
0.475,9.151178241,2.095195106,9.387966006,-13.8388615812,1.1811296066,0.11407280062,-0.0534126603682,0.131668237591,-0.989853808864
0.476,9.151091658,2.095328994,9.387911489,-13.8363168408,1.15782074198,0.114166689212,-0.053414991029,0.131666738784,-0.989853882465
0.477,9.151136624,2.095471082,9.387987035,-13.8385622254,1.13461714229,0.114135031719,-0.0534174539983,0.131667514849,-0.989853646324
0.478,9.151096132,2.095466846,9.387946619,-13.8349463803,1.11362158045,0.114175593275,-0.05341738326,0.131666814814,-0.989853743258
0.479,9.151126709,2.095437626,9.387969902,-13.8184993838,1.09726650262,0.114148934867,-0.0534168734528,0.131667343645,-0.989853700427
0.48,9.151120336,2.0955639,9.387991876,-13.7951183089,1.08521097652,0.114159395702,-0.0534190659322,0.131667233224,-0.989853596796
0.481,9.151186597,2.095343438,9.388007257,-13.773326498,1.07775694151,0.114086741485,-0.0534152346664,0.131668380619,-0.989853650926
0.482,9.151117006,2.095484287,9.387970859,-13.7539671156,1.07628210079,0.114154276668,-0.0534176846148,0.13166717566,-0.989853678997
0.483,9.151202493,2.095042202,9.387955523,-13.7345362538,1.07928741071,0.114066352338,-0.0534100049589,0.131668657883,-0.98985389624
0.484,9.151190034,2.095243317,9.387988261,-13.7210117049,1.08488291103,0.114065004264,-0.0534134968564,0.131668440516,-0.989853736734
0.485,9.15113761,2.095056272,9.387895416,-13.7178757081,1.09229099463,0.114114137067,-0.0534102547632,0.131667535782,-0.98985403202
0.486,9.151167354,2.094850338,9.387878455,-13.7243005222,1.10027739841,0.114075132192,-0.0534066790915,0.131668051977,-0.989854156286
0.487,9.151120674,2.094815052,9.387825078,-13.7398884696,1.10830048761,0.114122265027,-0.053406069801,0.131667245133,-0.989854296484
0.488,9.151149189,2.094648538,9.387815719,-13.7638352143,1.11574055312,0.114092080026,-0.0534031778749,0.131667739195,-0.98985438679
0.489,9.151123492,2.09503036,9.387875871,-13.7938409569,1.12110661603,0.114108825247,-0.0534098066339,0.1316672914,-0.989854088707
0.49,9.151296291,2.094753232,9.387982473,-13.8272947305,1.12316245816,0.113927472787,-0.0534049827106,0.131670282561,-0.989853951102
0.491,9.151196415,2.09491868,9.387922033,-13.8645941886,1.12213607538,0.114015425945,-0.0534078626021,0.131668554352,-0.989854025605
0.492,9.151157285,2.094970246,9.387895397,-13.8971423268,1.11848173901,0.114051174535,-0.0534087607543,0.131667876898,-0.989854067258
0.493,9.150998398,2.094619704,9.387662296,-13.9157178554,1.11136266325,0.114217092492,-0.0534026905529,0.131665131621,-0.98985475993
0.494,9.150983615,2.094756569,9.387678425,-13.9269935835,1.10034422873,0.114228878652,-0.0534050669269,0.131664874732,-0.989854665892
0.495,9.1508591,2.094816674,9.387570462,-13.9377746054,1.08627104033,0.114361144222,-0.0534061198076,0.131662719941,-0.989854895702
0.496,9.150753026,2.095014132,9.387511127,-13.948916009,1.07170091867,0.114472366905,-0.0534095551076,0.131660883909,-0.989854954562
0.497,9.150689632,2.095362626,9.387527112,-13.957880026,1.05958207854,0.114536346462,-0.053415607891,0.131659784354,-0.989854774206
0.498,9.150578384,2.095678126,9.387489098,-13.9565327829,1.04943575476,0.114648442279,-0.0534210917271,0.131657858101,-0.989854734473
0.499,9.150531193,2.096067059,9.387529932,-13.9336728377,1.03834425588,0.1147042589,-0.053427845418,0.131657038651,-0.989854478955
0.5,9.150456707,2.096214035,9.387490145,-13.8883167405,1.02495128994,0.114781024443,-0.0534304021747,0.131655748268,-0.989854512578
0.501,9.150346779,2.096683698,9.38748788,-13.8348293775,1.01006091272,0.114902434268,-0.0534385613321,0.131653843186,-0.989854325513
0.502,9.150268461,2.097149584,9.387515607,-13.7794609517,0.994742446916,0.114984957435,-0.0534466524705,0.131652485393,-0.989854069259
0.503,9.150322365,2.098064103,9.387772492,-13.7149106719,0.980262898442,0.114929480355,-0.0534625186814,0.131653410362,-0.989853089421
0.504,9.15022149,2.098317425,9.387730787,-13.6403339373,0.96800961755,0.115022115166,-0.0534669230814,0.131651663066,-0.989853083921
0.505,9.150229356,2.098551452,9.387790766,-13.5703970294,0.959793386698,0.11501417125,-0.0534709834882,0.131651797619,-0.989852846694
0.506,9.15018892,2.098987716,9.387848886,-13.5216257456,0.957899697574,0.115053020784,-0.0534785580639,0.131651094235,-0.989852531044
0.507,9.150181406,2.099464476,9.38794817,-13.4980210902,0.961776131449,0.115043265244,-0.0534868325154,0.131650960947,-0.989852101695
0.508,9.150170435,2.099694516,9.387988925,-13.4945471433,0.968430868563,0.11504565356,-0.0534908256338,0.131650768797,-0.989851911474
0.509,9.149998235,2.100074895,9.38790617,-13.5063587574,0.975572045866,0.115207525707,-0.0534974400836,0.131647787125,-0.989851950571
0.51,9.150032517,2.100290393,9.387987792,-13.5311526034,0.982621775456,0.115158887486,-0.053501177281,0.131648378271,-0.989851669963
0.511,9.149815832,2.100628233,9.387852189,-13.5669191888,0.990292314264,0.115356915541,-0.0535070571444,0.13164462733,-0.989851851001
0.512,9.149785515,2.100332638,9.387756503,-13.6130811288,0.999065173832,0.115369211282,-0.0535019307256,0.131644106202,-0.989852197407
0.513,9.149817195,2.100836672,9.387900161,-13.6714473162,1.00910492274,0.115320619988,-0.0535106752582,0.131644649305,-0.989851652493
0.514,9.149814869,2.100929379,9.38791864,-13.7413256723,1.0198948791,0.115316091835,-0.0535122840457,0.131644608557,-0.989851570941
0.515,9.149774167,2.101228557,9.387945929,-13.818371295,1.03060927737,0.115336443843,-0.0535174792479,0.131643901795,-0.989851384065
0.516,9.149738129,2.101422221,9.387954154,-13.8961239836,1.04090717823,0.11535438717,-0.0535208421754,0.131643277254,-0.989851285298
0.517,9.149593699,2.101335224,9.387793914,-13.9711006938,1.05119752369,0.115482728603,-0.053519345164,0.131640779416,-0.989851698432
0.518,9.149645213,2.101159379,9.387804762,-14.0441717693,1.06204882565,0.115411793836,-0.0535162892209,0.131641672634,-0.989851744866
0.519,9.149560483,2.101156143,9.387721458,-14.1133401082,1.07194322146,0.115487823546,-0.0535162396831,0.131640206286,-0.989851942555
0.52,9.14955556,2.100556153,9.387582388,-14.1779886776,1.07864912348,0.115485908089,-0.05350582788,0.131640126203,-0.989852516063
0.521,9.14954753,2.100770285,9.387622478,-14.2428469925,1.08243020651,0.115477038254,-0.0535095449353,0.131639985359,-0.989852333864
0.522,9.149530217,2.100707924,9.387591649,-14.3065867853,1.08458841967,0.11549287288,-0.0535084640651,0.131639686767,-0.989852432003
0.523,9.149362037,2.100404414,9.38735982,-14.3665732963,1.0867241344,0.115641382332,-0.0535032110012,0.131636780608,-0.989853102437
0.524,9.149301559,2.099865041,9.387180206,-14.4276623161,1.08976149774,0.11570888182,-0.0534938558062,0.131635737919,-0.989853746719
0.525,9.149354939,2.099298143,9.387105437,-14.4980034605,1.09315366397,0.11563958399,-0.0534840133739,0.131636666698,-0.989854155062
0.526,9.149201728,2.099579899,9.387019122,-14.5784011599,1.09756253912,0.115796785148,-0.0534889150362,0.131634013979,-0.989854242973
0.527,9.149262685,2.099475992,9.387055296,-14.6577712099,1.10344423995,0.115737166253,-0.0534871067415,0.131635069046,-0.98985420038
0.528,9.149282534,2.098941801,9.386955181,-14.7235305887,1.11033750782,0.115713773191,-0.053477835533,0.131635416602,-0.98985465509
0.529,9.149210515,2.098813943,9.386856397,-14.7665009046,1.1176007552,0.11579261571,-0.0534756223265,0.131634172006,-0.989854940169
0.53,9.149082408,2.098531894,9.386668473,-14.7889989408,1.12414442965,0.115912346548,-0.0534707380225,0.131631958245,-0.989855498416
0.531,9.14912373,2.098165168,9.386626769,-14.8043017379,1.12949137061,0.115881565655,-0.0534643704673,0.131632676172,-0.989855746892
0.532,9.149082452,2.098002262,9.386550122,-14.8207433705,1.13287633906,0.115921934807,-0.0534615473722,0.131631963146,-0.989855994188
0.533,9.148982219,2.097760392,9.386398367,-14.8397657604,1.13412752298,0.116026173167,-0.0534573579201,0.131630231906,-0.98985645067
0.534,9.149049722,2.097782042,9.386469001,-14.8591471579,1.13405085322,0.115963835821,-0.0534577278807,0.131631398989,-0.989856275492
0.535,9.148941633,2.097710714,9.386347706,-14.875894932,1.13315454498,0.116077218664,-0.0534564996053,0.131629529656,-0.989856590407
0.536,9.149001898,2.098310525,9.386540512,-14.8881657422,1.13184229093,0.116015931032,-0.0534669029383,0.131630567121,-0.989855890567
0.537,9.149008573,2.097920568,9.386459853,-14.8945638905,1.13085702777,0.116012648476,-0.0534601358848,0.131630685883,-0.989856240272
0.538,9.149023267,2.098148518,9.386525126,-14.8955101721,1.13133513464,0.115991400802,-0.0534640899279,0.131630938799,-0.989855993081
0.539,9.148924107,2.098320586,9.386466939,-14.8827067705,1.13411873773,0.116085455581,-0.053467083854,0.131629222184,-0.989856059643
0.54,9.148942896,2.098559087,9.386538571,-14.8438082935,1.13833236909,0.116067921943,-0.053471221345,0.131629545316,-0.989855793178
0.541,9.148922446,2.098532313,9.386512653,-14.7797022211,1.14209754097,0.116091596517,-0.0534707587655,0.131629191304,-0.989855865242
0.542,9.148917247,2.099056003,9.38662468,-14.6974897891,1.14433139689,0.116099611682,-0.0534798469158,0.131629096908,-0.989855386822
0.543,9.148876553,2.09880602,9.386529118,-14.6103907944,1.14482206245,0.116140150699,-0.0534755121455,0.13162839511,-0.989855714335
0.544,9.148798615,2.099475079,9.386602778,-14.5322955352,1.14412163658,0.116213112364,-0.0534871295907,0.131627042157,-0.989855266562
0.545,9.148770041,2.099633914,9.386610455,-14.4585016402,1.14301099746,0.116245527022,-0.0534898884258,0.131626546624,-0.989855183378
0.546,9.14874287,2.100077214,9.386683142,-14.3858624926,1.14180900604,0.116265913083,-0.0534975831366,0.131626073162,-0.989854830499
0.547,9.148658977,2.099872818,9.386555648,-14.3251568745,1.14069511539,0.116353498693,-0.0534940426659,0.131624623031,-0.989855214671
0.548,9.148661246,2.099949193,9.386574945,-14.2876855574,1.13888886203,0.116360747674,-0.0534953681671,0.131624662232,-0.989855137824
0.549,9.148674828,2.10026709,9.386659308,-14.2778216023,1.13573131692,0.116339956972,-0.0535008839174,0.131624894392,-0.989854808846
0.55,9.148653669,2.100536514,9.386698973,-14.2925565839,1.13176884761,0.116363729262,-0.053505561145,0.131624526125,-0.989854605005
0.551,9.148582168,2.100907657,9.386712347,-14.3245037725,1.12750202222,0.116436182557,-0.0535120077681,0.131623286486,-0.989854421357
0.552,9.148613105,2.100711475,9.386698591,-14.3680460583,1.12267635174,0.116409053712,-0.0535086003969,0.131623822998,-0.989854534213
0.553,9.148709131,2.100767254,9.386804665,-14.4235012497,1.11738648619,0.116308426684,-0.053509560847,0.131625484017,-0.989854261422
0.554,9.148537916,2.10086445,9.386659546,-14.4883676322,1.11216281491,0.116485629229,-0.0535112619039,0.131622521585,-0.989854563388
0.555,9.148582665,2.100663467,9.386658179,-14.5552286898,1.10747338524,0.116441364842,-0.0535077698807,0.131623297307,-0.989854649011
0.556,9.148513347,2.100898419,9.386643204,-14.6107670878,1.10338065058,0.116518723155,-0.053511852778,0.131622096291,-0.989854587998
0.557,9.148570125,2.1006959,9.386653216,-14.6436479959,1.0994833696,0.116459620564,-0.0535083343189,0.131623079359,-0.98985464748
0.558,9.148556659,2.100396883,9.386573177,-14.6664252655,1.09554111417,0.116475045289,-0.0535031457707,0.131622849223,-0.989854958545
0.559,9.148557442,2.100587117,9.38661651,-14.6952612561,1.09145286116,0.116476512692,-0.0535064475234,0.131622861329,-0.989854778464
0.56,9.148641645,2.100692398,9.386722138,-14.7287003846,1.08774015518,0.116382547982,-0.0535082675631,0.131624316636,-0.989854486565
0.561,9.148650345,2.10071326,9.386735286,-14.7673244963,1.0853145411,0.116370159821,-0.0535086286692,0.131624467441,-0.989854446992
0.562,9.148650206,2.100790558,9.38675245,-14.8128490367,1.08446208233,0.116371730755,-0.0535099696404,0.131624464081,-0.989854374948
0.563,9.148525482,2.100801393,9.386633315,-14.8621543681,1.08496621227,0.116494936883,-0.0535101681808,0.131622306495,-0.989854651115
0.564,9.148513487,2.100820801,9.386625968,-14.9133880646,1.08635933305,0.116501403214,-0.0535105060612,0.131622099231,-0.98985466041
0.565,9.148503201,2.100889797,9.386631385,-14.9641254989,1.08825602578,0.116503316153,-0.0535117042798,0.131621921074,-0.989854619324
0.566,9.148421635,2.101023503,9.386581815,-15.0102846572,1.09057287321,0.116579805898,-0.0535140315276,0.131620508653,-0.98985468132
0.567,9.148488257,2.101310528,9.386710996,-15.0479022001,1.09303215673,0.116510369963,-0.0535190066111,0.13162165893,-0.98985425939
0.568,9.148439683,2.101374746,9.386678031,-15.0792924089,1.0950562881,0.116559742074,-0.0535201251519,0.131620817854,-0.98985431075
0.569,9.148483181,2.101467716,9.386741238,-15.1114335269,1.09707195733,0.11650997744,-0.0535217344916,0.131621569276,-0.989854123817
0.57,9.148401105,2.101571606,9.386684505,-15.1496737842,1.10004536206,0.116580185732,-0.053523544183,0.131620149083,-0.989854214808
0.571,9.148447649,2.101331076,9.386676019,-15.1958733555,1.1042385724,0.116530285389,-0.0535193667454,0.131620956105,-0.989854333373
0.572,9.148360266,2.101821691,9.386700697,-15.2443553804,1.10852255681,0.116617707768,-0.0535278879723,0.131619440507,-0.989854074139
0.573,9.148360158,2.102047591,9.386751176,-15.2888475586,1.11214046668,0.116607380227,-0.0535318084195,0.131619437035,-0.989853862589
0.574,9.148358712,2.102071999,9.386755234,-15.332617104,1.11585478613,0.116608755763,-0.0535322313467,0.131619412034,-0.989853843041
0.575,9.148321141,2.102349608,9.386780789,-15.3764996339,1.12002976688,0.116641695482,-0.0535370519769,0.131618760159,-0.989853669004
0.576,9.148318542,2.102431993,9.386796708,-15.4128707383,1.12511628851,0.116639352565,-0.0535384824206,0.131618714472,-0.989853597711
0.577,9.14830293,2.102748525,9.386852394,-15.4397214963,1.13173336862,0.116659891443,-0.0535439764199,0.131618441464,-0.989853336841
0.578,9.148301817,2.102803036,9.38686352,-15.4646117207,1.13876726744,0.116646363619,-0.0535449222791,0.131618421656,-0.98985328831
0.579,9.148168508,2.102990353,9.386775563,-15.4956703172,1.14487946909,0.116792763265,-0.0535481845958,0.131616114306,-0.989853418634
0.58,9.148178579,2.10259056,9.386695818,-15.5336370587,1.14948368213,0.116781865594,-0.0535412453762,0.13161629165,-0.989853770421
0.581,9.148180686,2.102912921,9.386770085,-15.5724429943,1.15296991686,0.116779289699,-0.0535468396658,0.131616325821,-0.989853463266
0.582,9.14801461,2.102851101,9.38659438,-15.6065962059,1.15599347603,0.116946803655,-0.0535457799278,0.131613453102,-0.989853902561
0.583,9.148069731,2.10277033,9.386630006,-15.6395598476,1.15938591091,0.116883801954,-0.0535443743508,0.131614407217,-0.989853851732
0.584,9.147964664,2.102413775,9.386447739,-15.6773754259,1.16460886214,0.116989254274,-0.0535381952971,0.13161259315,-0.98985442716
0.585,9.148064257,2.102790337,9.386629153,-15.7150796251,1.17054787622,0.116898588144,-0.0535447218786,0.131614312547,-0.98985384552
0.586,9.148039706,2.102856607,9.386620072,-15.7418884985,1.17533375579,0.116924677142,-0.0535458732328,0.1316138879,-0.989853839701
0.587,9.148116386,2.102782875,9.386678286,-15.7615920545,1.17864622252,0.11685694934,-0.0535445878853,0.131615214513,-0.98985373284
0.588,9.148138337,2.102522057,9.386641254,-15.7878020595,1.18065963068,0.116832850551,-0.0535400600947,0.131615596094,-0.989853927016
0.589,9.147949482,2.102529348,9.386458831,-15.8242340119,1.18156344505,0.117026930453,-0.0535402016092,0.131612329972,-0.989854353635
0.59,9.147942333,2.102394503,9.38642166,-15.8675640831,1.1817726466,0.117032761778,-0.0535378619482,0.131612207434,-0.989854496475
0.591,9.147971141,2.102043707,9.38637117,-15.9124999329,1.18196453072,0.11700512277,-0.0535317726199,0.13161270802,-0.989854759249
0.592,9.148057868,2.102064847,9.386460429,-15.9510496267,1.18197160943,0.116923098901,-0.0535321321907,0.131614208488,-0.989854540297
0.593,9.147959024,2.101725754,9.386288161,-15.9829882132,1.18153347158,0.117021392921,-0.0535262554894,0.131612500856,-0.989855085147
0.594,9.14801707,2.102055362,9.386418543,-16.0077888302,1.1811895601,0.116971290703,-0.0535319714183,0.131613502635,-0.989854642844
0.595,9.148109358,2.101682712,9.386425041,-16.0150081527,1.18100078506,0.116880662238,-0.0535254966844,0.131615102146,-0.989854780305
0.596,9.147967859,2.101811919,9.386316066,-16.0013538968,1.18063697075,0.117025164581,-0.0535277499826,0.131612653139,-0.989854984084
0.597,9.148064258,2.102122407,9.386479547,-15.9747984635,1.18000142568,0.116923710052,-0.0535331306153,0.131614318399,-0.989854471687
0.598,9.148078763,2.102190736,9.386508986,-15.9441938941,1.17925018013,0.11690149854,-0.0535343153123,0.131614568047,-0.989854374422
0.599,9.148025333,2.102052285,9.386425907,-15.9170245611,1.17846210714,0.116962582212,-0.0535319167223,0.13161364522,-0.989854626844
0.6,9.147987777,2.102055693,9.386390068,-15.9003147484,1.17775234151,0.116990509084,-0.0535319789504,0.131612995459,-0.989854709872
0.601,9.147871207,2.102553119,9.38638787,-15.8874425152,1.17732204864,0.117116185721,-0.0535406210364,0.131610975828,-0.989854510997
0.602,9.147909145,2.102588326,9.38643273,-15.864060791,1.17664918439,0.117081396424,-0.0535412287367,0.131611631095,-0.989854391002
0.603,9.147985092,2.102710812,9.386534185,-15.8346473386,1.17551269379,0.117005334777,-0.0535433482104,0.131612943781,-0.989854101821
0.604,9.147814283,2.102887978,9.386407407,-15.809943173,1.17406706123,0.117179652021,-0.0535464361025,0.131609988292,-0.989854327748
0.605,9.147862618,2.103279854,9.386542314,-15.7867878501,1.17221571739,0.117129474978,-0.0535532333534,0.131610820508,-0.989853849375
0.606,9.147891063,2.103625032,9.386647388,-15.7628493744,1.17025382883,0.117097635887,-0.0535592213561,0.131611309981,-0.989853460313
0.607,9.148007494,2.103614697,9.386758541,-15.7516367501,1.16884285631,0.116975861755,-0.053559031791,0.131613324379,-0.989853202732
0.608,9.147943742,2.10408925,9.386802772,-15.7664783512,1.16818435451,0.117039955442,-0.0535672726446,0.131612217673,-0.989852903951
0.609,9.147953871,2.104183763,9.386833829,-15.8054991452,1.1681777704,0.117030047164,-0.0535689120168,0.131612392089,-0.989852792042
0.61,9.147858674,2.104314638,9.386770394,-15.858607432,1.16865374022,0.117121891531,-0.0535711910339,0.131610744635,-0.98985288775
0.611,9.147848494,2.104396518,9.386778829,-15.9167409904,1.16905295389,0.117135368867,-0.0535726126343,0.131610567631,-0.989852834346
0.612,9.147883182,2.104355055,9.386803339,-15.9776373982,1.16918254155,0.117095867646,-0.0535718905595,0.131611168516,-0.989852793532
0.613,9.147837687,2.104232609,9.386731551,-16.044509693,1.16939546651,0.117135728249,-0.053569769,0.131610381773,-0.989853012956
0.614,9.147887857,2.104551017,9.386851827,-16.115227993,1.16991568123,0.117082362506,-0.0535752906548,0.131611246909,-0.989852599087
0.615,9.147864783,2.104497818,9.386817413,-16.1821829182,1.17007452719,0.117107880261,-0.0535743691655,0.131610848807,-0.989852701893
0.616,9.147836319,2.1041547,9.386712754,-16.2458031619,1.16894682787,0.117140190772,-0.0535684176521,0.131610358935,-0.989853089126
0.617,9.147921701,2.104710446,9.386920555,-16.3092867292,1.16696178375,0.117050066022,-0.0535780546742,0.131611831114,-0.989852371805
0.618,9.147817745,2.104570029,9.386787763,-16.3699591427,1.1650537227,0.117153436312,-0.0535756258586,0.131610034622,-0.989852742129
0.619,9.147908774,2.104458931,9.386851567,-16.4280317495,1.16320837397,0.117065434896,-0.0535736908814,0.131611610316,-0.989852637353
0.62,9.147803077,2.104333857,9.38672052,-16.4845548934,1.16149765464,0.1171619959,-0.0535715286857,0.131609782322,-0.989852997425
0.621,9.147881182,2.104258731,9.386779795,-16.5399073005,1.16063091439,0.117078079036,-0.053570219102,0.131611134069,-0.989852888572
0.622,9.147807911,2.104718962,9.386811572,-16.5918708327,1.16009361514,0.117161931983,-0.0535782119265,0.131609862815,-0.989852624999
0.623,9.147826053,2.104444223,9.386767654,-16.6371147692,1.15946430376,0.117135552702,-0.0535734423012,0.131610179615,-0.989852841033
0.624,9.147790989,2.10459197,9.386766607,-16.6797938299,1.15964241728,0.117173057516,-0.0535760089746,0.131609570985,-0.989852783038
0.625,9.14786847,2.104560644,9.386835092,-16.7189364926,1.16100570095,0.117092310667,-0.0535754589637,0.131610911637,-0.989852634555
0.626,9.147852372,2.104550535,9.386817137,-16.7493891578,1.16320502017,0.11710303623,-0.0535752854463,0.131610633968,-0.989852680865
0.627,9.147761979,2.104456531,9.386707971,-16.7741388241,1.16570797359,0.117192175066,-0.053573660692,0.131609071029,-0.98985297661
0.628,9.147875494,2.104563388,9.386842553,-16.7987125001,1.16821146916,0.11707251219,-0.0535755058427,0.131611033709,-0.989852615787
0.629,9.147768682,2.104214697,9.386660287,-16.8270348014,1.17077665764,0.117179674882,-0.0535694635681,0.131609188989,-0.989853188077
0.63,9.147738463,2.104354175,9.386662105,-16.8611865333,1.17342050333,0.117212668841,-0.0535718872147,0.131608664604,-0.989853126631
0.631,9.147785091,2.104534305,9.386747931,-16.8980553545,1.17654720773,0.117162668689,-0.053575008729,0.131609469802,-0.989852850629
0.632,9.147742671,2.104387441,9.386673664,-16.9356556599,1.17986272857,0.117212105267,-0.0535724637873,0.131608736881,-0.989853085816
0.633,9.14774283,2.104198105,9.386631374,-16.972785854,1.18235116269,0.117203038013,-0.0535691779794,0.131608741269,-0.989853263061
0.634,9.147749374,2.104392592,9.386681351,-17.0019803192,1.18426743063,0.117194709003,-0.0535725530144,0.131608853488,-0.989853065484
0.635,9.14775192,2.104527856,9.386714158,-17.0214233913,1.18606152959,0.117201765881,-0.0535748991691,0.131608895699,-0.98985293289
0.636,9.147607985,2.104467602,9.386560378,-17.0369174498,1.18763650759,0.117338903435,-0.0535738662442,0.13160640738,-0.989853319635
0.637,9.147756019,2.104660757,9.38674795,-17.0477739297,1.18925065038,0.117194254273,-0.0535772053992,0.131608966488,-0.989852798653
0.638,9.147789332,2.105096804,9.386878193,-17.0481471406,1.19155832864,0.117160161535,-0.0535847698628,0.13160953833,-0.989852313155
0.639,9.147716393,2.104811065,9.386743036,-17.0349743579,1.19489610846,0.117243389739,-0.0535798173515,0.131608279264,-0.989852748646
0.64,9.147737513,2.105130957,9.386835354,-17.0080806411,1.19893896528,0.117208879307,-0.0535853663962,0.13160864238,-0.989852399987
0.641,9.147772629,2.105197997,9.38688461,-16.9722108622,1.20349798755,0.117173488306,-0.0535865272765,0.131609248989,-0.989852256488
0.642,9.147727211,2.105256832,9.386853544,-16.9401915509,1.20779295036,0.117230413207,-0.0535875520305,0.131608462651,-0.989852305562
0.643,9.147670309,2.105419453,9.386834565,-16.9228328033,1.21096515104,0.117291066223,-0.0535903786113,0.131607477768,-0.989852283483
0.644,9.14763672,2.105376839,9.386792274,-16.9264389799,1.21284850919,0.117329812027,-0.0535896418672,0.131606896445,-0.98985240066
0.645,9.147527124,2.105254435,9.386658016,-16.9534702995,1.21312324344,0.117441772561,-0.0535875270281,0.131605002207,-0.989852767002
0.646,9.147646671,2.105249404,9.38677339,-16.9980599278,1.21231619787,0.117309540309,-0.0535874302862,0.131607070267,-0.98985249728
0.647,9.147606536,2.105103169,9.386701481,-17.0536961638,1.211762172,0.117349159,-0.0535848953276,0.131606377103,-0.989852726671
0.648,9.147586012,2.105285787,9.386722436,-17.115062688,1.21140075099,0.117372840778,-0.053588065754,0.131606020027,-0.989852602513
0.649,9.147624178,2.105655792,9.386842622,-17.1749857503,1.21031631578,0.117343094243,-0.0535944838572,0.131606677774,-0.989852167581
0.65,9.147529556,2.10529199,9.386668809,-17.2334367151,1.20844398152,0.117442320414,-0.0535881780838,0.131605044127,-0.989852726182
0.651,9.147617359,2.104968606,9.386681851,-17.2950722092,1.20612062393,0.117362734981,-0.0535825595608,0.13160656523,-0.989852828101
0.652,9.1476328,2.105343621,9.386781004,-17.3574646523,1.20411046282,0.117341119273,-0.0535890657122,0.131606829476,-0.989852440756
0.653,9.14759735,2.105308605,9.386738603,-17.4183241921,1.20303902722,0.117373199545,-0.0535884608636,0.131606216051,-0.98985255506
0.654,9.147544263,2.105455782,9.386719879,-17.4738363203,1.20218533719,0.117426279609,-0.0535910197293,0.13160529702,-0.989852538715
0.655,9.147451472,2.105675149,9.38667866,-17.5113715518,1.20033018569,0.117531605044,-0.0535948341099,0.131603689566,-0.989852545912
0.656,9.147582911,2.105756845,9.386825076,-17.5247785626,1.19785637499,0.117396298096,-0.0535962415622,0.131605962636,-0.989852167492
0.657,9.147508369,2.105688222,9.386737039,-17.5190066263,1.19610139484,0.117466265334,-0.053595056281,0.131604673532,-0.989852403062
0.658,9.147579616,2.106308187,9.386945564,-17.4955383505,1.1953965868,0.117393573324,-0.0536058088353,0.131605901482,-0.98985165755
0.659,9.14742976,2.106453038,9.386832033,-17.4527283945,1.19531271484,0.117540065512,-0.0536083354874,0.131603307983,-0.989851865531
0.66,9.147422117,2.106760099,9.386893496,-17.3961178546,1.19523195235,0.117546942693,-0.0536136649515,0.131603173297,-0.98985159479
0.661,9.147471352,2.106786149,9.386947321,-17.3374922191,1.19475786191,0.117502725558,-0.0536141121551,0.131604024345,-0.989851457419
0.662,9.147522761,2.107443746,9.38714503,-17.2877460496,1.19423456185,0.117451850974,-0.053625519616,0.131604908806,-0.989850721889
0.663,9.147392057,2.107395821,9.387006902,-17.2493755072,1.19440627806,0.117579134488,-0.0536246991262,0.131602648118,-0.989851066904
0.664,9.147405366,2.1077032,9.387088884,-17.2220440695,1.19555682682,0.117561223428,-0.0536300325574,0.13160287628,-0.989850747619
0.665,9.147400635,2.108043618,9.387160714,-17.2106272479,1.19784776693,0.117558889476,-0.0536359397936,0.131602791392,-0.989850438834
0.666,9.147427713,2.107681269,9.387105736,-17.2187763444,1.20065864387,0.117534985209,-0.0536296493594,0.131603263165,-0.989850716944
0.667,9.147293087,2.107635207,9.386964205,-17.2471057736,1.20245496302,0.11767006454,-0.0536288612659,0.131600934247,-0.989851069275
0.668,9.147302076,2.107880677,9.387028082,-17.293092529,1.2027964773,0.117656253737,-0.0536331200389,0.131601087744,-0.989850818123
0.669,9.147406529,2.107809083,9.387113791,-17.3528208486,1.20240955799,0.117544335295,-0.0536318695121,0.131602895234,-0.989850645572
0.67,9.147255789,2.107816431,9.386968551,-17.4270545498,1.20239829604,0.117696376026,-0.0536320093805,0.131600287904,-0.98985098464
0.671,9.147263653,2.107696053,9.386949185,-17.5149048037,1.20332090737,0.117688623336,-0.0536299196454,0.131600424435,-0.989851079712
0.672,9.147294078,2.107730864,9.386986649,-17.6120963461,1.20447441261,0.117654903503,-0.0536305211348,0.131600951093,-0.989850977104
0.673,9.147289633,2.107807271,9.386999474,-17.7125188508,1.20571827235,0.117655044651,-0.0536318476869,0.131600873763,-0.989850915511
0.674,9.147302286,2.107887593,9.38702984,-17.8095804028,1.20708614277,0.117643704323,-0.0536332403662,0.13160109151,-0.989850811103
0.675,9.147309376,2.107736433,9.387002806,-17.9015828475,1.20836135825,0.117635498986,-0.0536306169183,0.131601215585,-0.98985093675
0.676,9.147258516,2.107647459,9.386933267,-17.99002255,1.20958497328,0.117687197044,-0.0536290764042,0.131600336724,-0.98985113706
0.677,9.147363349,2.107995483,9.387113571,-18.0732530649,1.21096924965,0.117590806891,-0.0536351073403,0.131602147116,-0.989850569599
0.678,9.147325327,2.107747065,9.387020738,-18.1492604765,1.21270876878,0.117616773214,-0.0536307997278,0.131601491234,-0.989850890198
0.679,9.147220936,2.107930746,9.386960258,-18.2181917142,1.21464245322,0.117726560699,-0.0536339955015,0.131599684083,-0.989850957304
0.68,9.147327368,2.107853571,9.387046641,-18.2796971727,1.21626513138,0.117619755948,-0.0536326480552,0.131601525442,-0.989850785504
0.681,9.147374667,2.108040772,9.387134771,-18.3360246179,1.21758764623,0.117570376288,-0.0536358929282,0.131602342758,-0.98985050102
0.682,9.147361468,2.107745013,9.387055495,-18.3892399644,1.219275192,0.117589129236,-0.0536307616996,0.131602116557,-0.989850809121
0.683,9.147300135,2.108151721,9.387087058,-18.438662196,1.22125151482,0.117653462485,-0.0536378246681,0.131601051695,-0.989850567994
0.684,9.147229083,2.107516553,9.386875194,-18.4857252173,1.22312198345,0.117723930234,-0.0536268071441,0.131599828661,-0.98985132755
0.685,9.147279534,2.10764468,9.386953125,-18.5291558666,1.22507558777,0.117669896381,-0.0536290265152,0.131600699817,-0.989851091489
0.686,9.147209256,2.107859609,9.386932902,-18.5605211929,1.22727879666,0.117742372146,-0.0536327621387,0.131599482343,-0.989851050953
0.687,9.147253729,2.107820825,9.38696753,-18.581320857,1.2294336207,0.117697777868,-0.0536320853828,0.131600252397,-0.989850985243
0.688,9.147209974,2.107433752,9.386837984,-18.6028145112,1.23142622387,0.117740798846,-0.0536253716495,0.131599498656,-0.989851449193
0.689,9.147235921,2.107552826,9.386890002,-18.6301463596,1.23308256346,0.117715023709,-0.05362743676,0.131599946137,-0.989851277821
0.69,9.14727484,2.108048552,9.38703924,-18.6577729124,1.23497623389,0.117672705066,-0.0536360359581,0.131600615943,-0.989850722852
0.691,9.147211282,2.10816746,9.38700401,-18.6787384219,1.23775372,0.117739043182,-0.0536381045993,0.131599514951,-0.989850757134
0.692,9.1471337,2.108179519,9.386931118,-18.6937841514,1.24138887987,0.117812008146,-0.0536383198885,0.131598172596,-0.989850923932
0.693,9.1471915,2.10819058,9.386989925,-18.7077711666,1.24655586427,0.117743701666,-0.0536385078967,0.131599172751,-0.989850780776
0.694,9.147121707,2.108179106,9.386919338,-18.725049179,1.25298593824,0.117823182739,-0.0536383136341,0.131597965975,-0.989850951741
0.695,9.147183162,2.10846956,9.387044459,-18.7449789943,1.25915892415,0.117759485605,-0.0536433497028,0.131599025911,-0.989850537916
0.696,9.147194724,2.108631121,9.387092016,-18.7647021184,1.26491994629,0.117742199914,-0.0536461526659,0.131599225212,-0.989850359513
0.697,9.14713185,2.108397697,9.386978317,-18.7869314032,1.27077492673,0.117814312599,-0.0536421069171,0.131598138893,-0.989850723193
0.698,9.147110593,2.108559729,9.386993999,-18.813768701,1.27592041647,0.117827925217,-0.053644919997,0.131597770173,-0.989850619762
0.699,9.147066058,2.108777385,9.386999495,-18.8358601626,1.27951235905,0.117877266478,-0.0536487007513,0.131596997816,-0.98985051754
0.7,9.147106628,2.108728466,9.38702804,-18.8455420035,1.28209590431,0.117834128295,-0.0536478485029,0.131597700744,-0.989850470278
0.701,9.14708995,2.108805087,9.387029001,-18.8493160547,1.28435392505,0.117854615329,-0.0536491797339,0.131597411449,-0.989850436588
0.702,9.147207014,2.10873107,9.387126445,-18.8579413316,1.28621641461,0.117739828882,-0.0536478857047,0.131599436605,-0.989850237483
0.703,9.147109056,2.108394124,9.386955303,-18.8805026285,1.28734735673,0.117837997725,-0.0536420460699,0.131597744782,-0.989850778886
0.704,9.147140076,2.108552752,9.387021161,-18.9122573511,1.28764376482,0.117802986006,-0.0536447966105,0.131598280453,-0.989850558609
0.705,9.147106021,2.108767456,9.387036206,-18.9371168389,1.28738665578,0.117840328822,-0.0536485254016,0.13159768945,-0.989850435093
0.706,9.147160757,2.108274023,9.386978709,-18.9567550246,1.28692470659,0.117788880947,-0.0536399579093,0.131598640545,-0.989850772956
0.707,9.147178985,2.108560345,9.387060781,-18.982991558,1.28667501439,0.117763054611,-0.0536449251973,0.131598953594,-0.989850462147
0.708,9.147142056,2.108638392,9.387042328,-19.0152390952,1.28661346106,0.117808067216,-0.0536462824753,0.131598313468,-0.989850473692
0.709,9.147051902,2.108562419,9.386937411,-19.0444559101,1.28613729824,0.117900745571,-0.0536449715622,0.131596755026,-0.989850751928
0.71,9.147142734,2.108446746,9.38699994,-19.0643885363,1.28529876576,0.117805569287,-0.0536429573338,0.131598327144,-0.989850652079
0.711,9.147072983,2.108822987,9.387016488,-19.0748365729,1.28457509082,0.117875478401,-0.0536494921896,0.131597117273,-0.989850458763
0.712,9.147145501,2.109100546,9.38714951,-19.0765272259,1.28434284625,0.117796939141,-0.0536543028596,0.131598369835,-0.98985003149
0.713,9.147043857,2.108857439,9.386995846,-19.0774417109,1.28430003757,0.117909311486,-0.0536500921618,0.131596613072,-0.989850493276
0.714,9.147075704,2.108977999,9.387053964,-19.0899719402,1.28403264957,0.117876331128,-0.0536521813423,0.131597163494,-0.989850306863
0.715,9.147006394,2.109176089,9.387030933,-19.1125545407,1.28422449909,0.117943614428,-0.0536556249237,0.131595963218,-0.989850279779
0.716,9.147092757,2.109248225,9.387131297,-19.1382544888,1.2851788615,0.117858135312,-0.053656869202,0.131597456293,-0.989850013833
0.717,9.147096684,2.109673323,9.38723065,-19.1685067906,1.2861506381,0.117855542541,-0.0536642463749,0.131597520984,-0.98984960531
0.718,9.147086593,2.10962361,9.387209645,-19.202973095,1.28709201189,0.117854400879,-0.0536633848329,0.131597346921,-0.989849675159
0.719,9.147038897,2.109808396,9.387204698,-19.2387000263,1.28820623187,0.117905179415,-0.0536665949367,0.131596520112,-0.989849611043
0.72,9.146975247,2.109521483,9.387078196,-19.2762243891,1.28892008186,0.117962657774,-0.0536616213554,0.131595421719,-0.989850026709
0.721,9.147028259,2.11003009,9.387244162,-19.3164541097,1.28880422327,0.117911311788,-0.0536704426378,0.131596333754,-0.989849427201
0.722,9.146910809,2.109943492,9.387110252,-19.3511024892,1.28784184998,0.118035940672,-0.0536689498097,0.131594303308,-0.989849778079
0.723,9.146947603,2.110408769,9.387250696,-19.3717963547,1.28661246524,0.117991893829,-0.0536770210247,0.131594936269,-0.989849256282
0.724,9.146951625,2.110523315,9.387280367,-19.3819049376,1.286184276,0.117988646928,-0.0536790091683,0.131595004564,-0.989849139389
0.725,9.146932247,2.110337232,9.387219651,-19.3923466248,1.28672291986,0.118007653227,-0.053675780788,0.131594671319,-0.98984935876
0.726,9.146979142,2.110778665,9.387364593,-19.4121141454,1.28740992257,0.117960759622,-0.0536834372005,0.131595478394,-0.989848836256
0.727,9.146876067,2.110914489,9.387294699,-19.4399164056,1.2879460381,0.118054109711,-0.0536858026225,0.131593694915,-0.98984894507
0.728,9.146972366,2.11083778,9.387371283,-19.4730579172,1.2891916947,0.117957388529,-0.0536844641635,0.131595360581,-0.989848796221
0.729,9.146869625,2.111054722,9.387319957,-19.5051692787,1.29122443732,0.118068687282,-0.0536882370453,0.131593581783,-0.989848828072
0.73,9.146790008,2.111241823,9.387284457,-19.5255747907,1.2934963569,0.118144623986,-0.0536914906192,0.131592203689,-0.989848834804
0.731,9.146801735,2.111333734,9.387316556,-19.5353664196,1.29583001193,0.118135817319,-0.0536930845089,0.131592405444,-0.989848721525
0.732,9.146795647,2.110973962,9.387229713,-19.5437257726,1.29739176155,0.118149009848,-0.0536868417077,0.131592303304,-0.989849073717
0.733,9.146898437,2.111332436,9.387410488,-19.5596304586,1.2979699021,0.118036083811,-0.0536930538729,0.131594077619,-0.989848500884
0.734,9.146864303,2.111022471,9.387307519,-19.5871473161,1.29865266556,0.118073693547,-0.0536876774744,0.131593490542,-0.989848870553
0.735,9.146839371,2.111127508,9.387306847,-19.6254501074,1.29981330116,0.118099073878,-0.053689503158,0.131593057552,-0.989848829092
0.736,9.146864012,2.11120661,9.387348646,-19.6703968609,1.3015917595,0.118073257188,-0.0536908730111,0.131593483818,-0.989848698121
0.737,9.146980691,2.111334585,9.387491118,-19.7151527473,1.30413935701,0.117964576001,-0.0536930846863,0.131595501168,-0.989848309959
0.738,9.146753132,2.110894546,9.387170428,-19.7544505201,1.30645768476,0.118189297832,-0.0536854672306,0.131591568622,-0.989849245934
0.739,9.147000191,2.111047186,9.387445484,-19.7883926305,1.30810531401,0.11793245952,-0.0536880953941,0.131595840897,-0.989848535419
0.74,9.146852515,2.110867968,9.387261289,-19.8201736242,1.30971467933,0.118077723502,-0.0536849981632,0.131593287483,-0.989849042865
0.741,9.146821305,2.110953027,9.387250005,-19.8527808063,1.31117933738,0.118110585563,-0.0536864760086,0.131592746924,-0.989849034576
0.742,9.1468738,2.111025583,9.387317472,-19.8873291908,1.31223157552,0.118063684007,-0.0536877312715,0.131593653906,-0.989848845917
0.743,9.146798248,2.11124213,9.387292555,-19.921440574,1.31321896173,0.118133590444,-0.0536914952129,0.131592345861,-0.989848815654
0.744,9.146737701,2.110821918,9.38713906,-19.9531681231,1.31445806129,0.118205769496,-0.0536842082666,0.131591301452,-0.989849349732
0.745,9.146813412,2.110856396,9.387220586,-19.9838123113,1.31597377669,0.118131614215,-0.0536848001952,0.131592611017,-0.989849143533
0.746,9.14684648,2.111167683,9.387322809,-20.0127312892,1.31744431393,0.118082626664,-0.0536901997968,0.131593180724,-0.989848774931
0.747,9.14685431,2.110850113,9.387259023,-20.0408305998,1.31873116475,0.118078322224,-0.0536846875508,0.131593319153,-0.989849055501
0.748,9.146978946,2.111118489,9.387440818,-20.072112895,1.31988583487,0.11795903946,-0.0536893348489,0.131595472508,-0.989848517168
0.749,9.146890968,2.111403921,9.387419289,-20.1035553945,1.32132862952,0.1180438161,-0.0536942948447,0.13159394833,-0.989848450756
0.75,9.146819682,2.111382815,9.387345082,-20.1322627553,1.32295787467,0.118121045891,-0.053693934692,0.131592715614,-0.989848634173
0.751,9.14687583,2.111067179,9.387328804,-20.161408073,1.32404553154,0.118057594519,-0.0536884529328,0.131593689047,-0.989848802103
0.752,9.146823165,2.111118395,9.387289006,-20.1912612264,1.32464660491,0.118121694194,-0.0536893464143,0.131592777402,-0.989848874838
0.753,9.146791437,2.111077371,9.387248865,-20.2196875925,1.32493641323,0.118145497709,-0.0536886362509,0.131592228804,-0.989848986288
0.754,9.14662042,2.11097346,9.387058861,-20.2493658715,1.32447884254,0.118327936013,-0.0536868476102,0.131589272094,-0.989849476367
0.755,9.14681246,2.111097265,9.387273824,-20.2786754125,1.32353778365,0.118129000502,-0.0536889802301,0.131592592854,-0.989848919234
0.756,9.146727186,2.110949566,9.387157519,-20.3007769294,1.32310776435,0.118213708355,-0.0536864237029,0.131591118683,-0.989849253873
0.757,9.14675444,2.110980642,9.387191063,-20.3182349885,1.32328364662,0.118194214869,-0.0536869608225,0.131591589723,-0.989849162121
0.758,9.146772559,2.111300675,9.387280692,-20.3310865982,1.32326634771,0.118161424646,-0.0536925137154,0.131591901135,-0.989848819531
0.759,9.146769237,2.111017435,9.387213755,-20.3350288195,1.32258194943,0.118176100789,-0.053687598269,0.131591845956,-0.989849093483
0.76,9.146749839,2.111119978,9.387217915,-20.3403834621,1.32153716934,0.118189558343,-0.0536893798535,0.131591509797,-0.989849041541
0.761,9.146794948,2.111228485,9.387286272,-20.3554902544,1.3206620369,0.118153926051,-0.0536912583654,0.131592289262,-0.989848836026
0.762,9.146861131,2.111441621,9.387398696,-20.3774223864,1.32025381229,0.118086169877,-0.053694951504,0.131593432099,-0.989848483765
0.763,9.146758103,2.111334236,9.387274155,-20.4014846375,1.32051467412,0.118184110913,-0.0536930973241,0.131591650571,-0.989848821184
0.764,9.146756116,2.111380816,9.387282694,-20.4185938294,1.32096569865,0.118187047621,-0.0536939054123,0.131591615703,-0.989848781986
0.765,9.146719613,2.111169051,9.387199499,-20.4272481312,1.3209661258,0.118222515833,-0.0536902337556,0.131590986549,-0.989849064786
0.766,9.146714299,2.111629198,9.387297818,-20.4375130594,1.32115835054,0.118217409967,-0.0536982193823,0.131590890403,-0.989848644389
0.767,9.146759124,2.111309817,9.387269657,-20.4550520223,1.3221174628,0.118176336663,-0.0536926729115,0.131591668322,-0.989848841846
0.768,9.146849247,2.111492818,9.387398632,-20.4825605417,1.32344527561,0.118084393103,-0.053695841805,0.131593225453,-0.989848462942
0.769,9.146735573,2.111903072,9.387380158,-20.5202537987,1.32458141266,0.118205861992,-0.0537029702815,0.131591256446,-0.989848337984
0.77,9.146716377,2.112023744,9.387388603,-20.5647054997,1.32554348161,0.118219814043,-0.0537050661695,0.131590922966,-0.989848268605
0.771,9.146698721,2.111865516,9.387335802,-20.615725397,1.32678377997,0.118238929614,-0.0537023218691,0.131590618808,-0.989848457931
0.772,9.14675677,2.112468696,9.387528077,-20.6663855247,1.32792739394,0.118186322078,-0.0537127836288,0.131591618627,-0.989847757376
0.773,9.14667899,2.112304847,9.387415422,-20.6987598899,1.32848559001,0.118254245678,-0.0537099466692,0.131590274275,-0.989848090035
0.774,9.1466627,2.112434647,9.387428758,-20.7058992601,1.32879603476,0.118269955479,-0.0537122009945,0.131589990987,-0.989848005371
0.775,9.146752055,2.112382696,9.387504131,-20.6983045097,1.32915019602,0.11818422914,-0.0537112917639,0.131591537562,-0.989847849106
0.776,9.146702937,2.112387571,9.38745737,-20.6919706984,1.32959044653,0.118233978301,-0.0537113802119,0.131590687583,-0.989847957303
0.777,9.146698002,2.112727154,9.387528981,-20.6937356894,1.32996516771,0.118240568659,-0.0537172738675,0.131590599338,-0.989847649214
0.778,9.146678314,2.112657617,9.387494149,-20.6993060093,1.33032886502,0.118258308718,-0.0537160685888,0.131590259324,-0.989847759823
0.779,9.146712176,2.113272505,9.387665541,-20.705557159,1.33149851296,0.118210284463,-0.0537267362278,0.131590840633,-0.989847103585
0.78,9.146651235,2.113599529,9.387679787,-20.711617844,1.3336281728,0.118271521013,-0.0537324163861,0.13158978359,-0.989846935786
0.781,9.14659869,2.113217365,9.387542555,-20.7226978368,1.33561425308,0.118324273979,-0.053725789112,0.131588877852,-0.989847415923
0.782,9.146597892,2.113498681,9.387605108,-20.7462086153,1.33655723352,0.118336642256,-0.0537306711492,0.131588861946,-0.989847153044
0.783,9.146616993,2.113734562,9.387676828,-20.7793064377,1.33643916118,0.11831173613,-0.0537347631349,0.13158919053,-0.989846887234
0.784,9.14667641,2.113643733,9.387714268,-20.8173865822,1.33653807347,0.118250356073,-0.0537331819684,0.131590218488,-0.989846836411
0.785,9.146603736,2.113623742,9.387638959,-20.8613144246,1.33795115896,0.118316957676,-0.053732840759,0.131588961878,-0.989847021987
0.786,9.146497452,2.113350573,9.387473904,-20.9125546784,1.3400695698,0.118420165553,-0.0537281095391,0.131587125916,-0.989847522873
0.787,9.146615394,2.113393197,9.387598413,-20.9698607903,1.3420521675,0.118305860552,-0.0537288394839,0.131589165577,-0.989847212104
0.788,9.146505967,2.113442554,9.387502907,-21.0296336418,1.34456196474,0.118413387317,-0.0537297045995,0.131587272045,-0.989847416868
0.789,9.146460677,2.113696421,9.387515938,-21.0878208114,1.34874252216,0.118464081006,-0.0537341138405,0.131586486487,-0.98984728195
0.79,9.146646446,2.113446568,9.387640684,-21.1430584458,1.35346921689,0.118282154127,-0.0537297626465,0.131589702393,-0.989847090631
0.791,9.14648804,2.113607439,9.387522563,-21.1969445006,1.35745284564,0.118436991704,-0.0537325673134,0.131586960908,-0.989847302835
0.792,9.146422749,2.11360479,9.387458352,-21.2488326196,1.36048670136,0.118500308049,-0.0537325265949,0.131585831129,-0.989847455233
0.793,9.146450034,2.113512893,9.387464247,-21.3009936011,1.36286116915,0.118467796227,-0.0537309300213,0.131586303962,-0.989847479043
0.794,9.146471952,2.11366883,9.387520711,-21.3574839419,1.36531490374,0.118445747764,-0.0537336337494,0.131586681758,-0.989847282053
0.795,9.146550955,2.113469745,9.387552862,-21.4150760688,1.3674645417,0.118381292295,-0.0537301722702,0.13158805054,-0.989847287991
0.796,9.146468746,2.1137224,9.387529648,-21.4623125465,1.36873359537,0.118459274585,-0.0537345636613,0.131586625705,-0.989847239024
0.797,9.146506052,2.113644797,9.387548524,-21.4912560452,1.36940397122,0.118424198728,-0.0537332140499,0.131587272218,-0.989847226343
0.798,9.146462549,2.113676043,9.387513173,-21.5039344285,1.36945691294,0.118464288482,-0.0537337603554,0.131586519382,-0.989847296766
0.799,9.146410592,2.113875294,9.387507415,-21.5027575057,1.36903975166,0.118514384563,-0.0537372216329,0.131585618869,-0.989847228575
0.8,9.146454027,2.113637598,9.387496214,-21.4979939202,1.36857421157,0.118467851412,-0.0537330934289,0.131586371815,-0.989847352587
0.801,9.146474937,2.113580682,9.387503772,-21.4987975532,1.36825108097,0.118453765312,-0.0537321040808,0.131586733839,-0.989847358166
0.802,9.146412621,2.113829003,9.387498969,-21.4991008187,1.3678288657,0.118524167756,-0.0537364183436,0.131585654246,-0.989847267481
0.803,9.146394514,2.113983841,9.387516194,-21.4980783038,1.36723072688,0.118541411835,-0.0537391070369,0.1315853395,-0.989847163356
0.804,9.146374307,2.113793509,9.387453646,-21.5041897752,1.36675278614,0.118564838314,-0.0537358055123,0.131584992402,-0.989847388733
0.805,9.146452069,2.114072034,9.38759213,-21.5194189073,1.36677196145,0.118478225873,-0.0537406328694,0.131586334788,-0.989846948208
0.806,9.146441452,2.113807849,9.387522296,-21.5402914687,1.36753749326,0.118483114801,-0.0537360491278,0.131586153612,-0.989847221142
0.807,9.146405983,2.114251513,9.387587649,-21.5644395001,1.36871404133,0.118519356244,-0.0537437508331,0.131585536402,-0.989846885057
0.808,9.146507024,2.11433528,9.38770496,-21.5898339628,1.3700561605,0.118421504264,-0.0537451962853,0.13158728354,-0.989846574317
0.809,9.146413871,2.114127271,9.387567353,-21.6201787694,1.37137834569,0.118517479261,-0.0537415941369,0.1315856735,-0.989846983927
0.81,9.146354593,2.114368747,9.387563983,-21.6536643885,1.37226421088,0.118579347051,-0.053745789736,0.131584646543,-0.989846892645
0.811,9.146431015,2.114338082,9.387631535,-21.6781475506,1.37289451219,0.118500762737,-0.0537452514449,0.131585968655,-0.989846746118
0.812,9.146516924,2.114350216,9.387717969,-21.6949509308,1.37397528812,0.118408932395,-0.0537454548054,0.131587454801,-0.989846537513
0.813,9.14646797,2.114283757,9.387655305,-21.7140780563,1.37602669451,0.118457501782,-0.0537443054914,0.131586608292,-0.989846712449
0.814,9.146464876,2.114300158,9.387655984,-21.740135726,1.37865268133,0.11846549813,-0.053744590086,0.131586554879,-0.989846704097
0.815,9.146473746,2.114555676,9.387722178,-21.7729924787,1.38090199107,0.118457229619,-0.0537490235999,0.131586706244,-0.989846443244
0.816,9.146380564,2.114304942,9.387574917,-21.8102951532,1.38230530689,0.118553182958,-0.0537446807873,0.131585095533,-0.989846893171
0.817,9.146345638,2.114658336,9.387620487,-21.8493360379,1.38256611577,0.118592212424,-0.0537508160156,0.131584488954,-0.989846640669
0.818,9.146380095,2.114384287,9.38759233,-21.8891797526,1.3818933635,0.118546920357,-0.05374605692,0.131585087017,-0.989846819584
0.819,9.146272106,2.114373655,9.387484721,-21.9323819321,1.38163349488,0.11865711266,-0.0537458820551,0.131583219893,-0.989847077282
0.82,9.146382721,2.114505619,9.387622217,-21.9784172347,1.38231300301,0.118542012896,-0.0537481625872,0.13158513192,-0.98984669928
0.821,9.146357044,2.114422837,9.387578554,-22.0257993767,1.38309420379,0.118585664421,-0.0537467285533,0.131584688257,-0.989846836125
0.822,9.146352716,2.114653459,9.387626284,-22.0744472339,1.38315417805,0.118584388315,-0.0537507305726,0.131584611608,-0.989846629004
0.823,9.14647302,2.114570809,9.387724879,-22.1232906902,1.38257681734,0.118467527771,-0.05374928608,0.131586692996,-0.989846430752
0.824,9.146400045,2.114479099,9.387633122,-22.1731032381,1.38203721239,0.118536281023,-0.053747700927,0.131585431454,-0.98984668453
0.825,9.146249963,2.114681495,9.387532488,-22.2185221506,1.38155185767,0.118685574594,-0.0537512253484,0.131582833834,-0.989846838462
0.826,9.146275628,2.114509664,9.387518787,-22.2479069781,1.38076676719,0.118663732788,-0.0537482414364,0.131583279127,-0.989846941298
0.827,9.146335588,2.114951903,9.387676829,-22.2535185931,1.38004839696,0.118600173831,-0.0537559107655,0.131584312719,-0.989846387428
0.828,9.146383909,2.114771126,9.387683182,-22.2338095389,1.38016243226,0.118545146866,-0.0537527698559,0.131585150294,-0.989846446655
0.829,9.146315474,2.11521848,9.387717293,-22.2000937513,1.38090078795,0.118618488263,-0.0537605389288,0.131583963063,-0.989846182555
0.83,9.146454878,2.115392253,9.387892268,-22.1669632574,1.38119942692,0.118482188005,-0.0537635430934,0.131586372952,-0.98984569903
0.831,9.146408931,2.115679035,9.387912128,-22.1390613841,1.38094924707,0.118525291681,-0.0537685234613,0.131585575123,-0.989845534568
0.832,9.146294132,2.115552119,9.387771681,-22.1211934008,1.38079359556,0.118637655457,-0.0537663305324,0.131583591123,-0.989845917428
0.833,9.14627258,2.115614535,9.387764748,-22.1216929866,1.38126668873,0.118657354385,-0.05376741538,0.131583217608,-0.989845908153
0.834,9.146245998,2.116013282,9.387828719,-22.1342779508,1.38258666927,0.118687025402,-0.0537743376654,0.131582754844,-0.989845593634
0.835,9.146261585,2.11591619,9.387822021,-22.1446103903,1.38433827004,0.118665305082,-0.0537726510424,0.131583024435,-0.989845649422
0.836,9.146331628,2.116226658,9.387960243,-22.1542406289,1.38640992211,0.118594888777,-0.0537780328586,0.131584234312,-0.989845196211
0.837,9.146201505,2.116517493,9.387899034,-22.1692043689,1.38867036333,0.118717171254,-0.0537830903779,0.131581980387,-0.989845221046
0.838,9.146121186,2.116372686,9.387788136,-22.1921946084,1.39043653055,0.118798377287,-0.0537805849248,0.13158059236,-0.989845541688
0.839,9.146062435,2.116633655,9.387789735,-22.225676235,1.39176466945,0.118854663673,-0.0537851179516,0.131579574302,-0.989845430718
0.84,9.146218327,2.116506659,9.38791298,-22.2704373276,1.39365781831,0.118693008997,-0.0537829013954,0.131582272043,-0.989845192543
0.841,9.146130852,2.116488637,9.387823695,-22.3269879414,1.39652234018,0.118787579699,-0.0537825962797,0.131580758858,-0.989845410272
0.842,9.145980276,2.116711531,9.387727249,-22.3899705904,1.39966036712,0.118933810205,-0.0537864764278,0.131578152015,-0.989845545965
0.843,9.146167965,2.116758665,9.387920733,-22.4505504942,1.40231764757,0.11875462927,-0.0537872783691,0.131581398346,-0.989845070854
0.844,9.146153547,2.1164868,9.387845391,-22.5045085686,1.40446616937,0.118760462755,-0.0537825620427,0.131581151908,-0.989845359883
0.845,9.146230573,2.116652388,9.387957767,-22.5516401088,1.40648059772,0.118681505789,-0.0537854296018,0.13158248207,-0.989845027252
0.846,9.146139536,2.11651637,9.387838407,-22.5944303465,1.40842166108,0.118770891179,-0.053783076715,0.131580908832,-0.989845364231
0.847,9.146066623,2.116924829,9.387859469,-22.6359702195,1.41035617161,0.118834437295,-0.0537901700578,0.131579644582,-0.989845146847
0.848,9.14610237,2.116700983,9.387843821,-22.6780759458,1.41226992983,0.11880796128,-0.053786283058,0.131580264678,-0.989845275638
0.849,9.146058116,2.116981873,9.387864044,-22.7226074586,1.41386227894,0.118852306012,-0.0537911609478,0.131579496577,-0.989845112674
0.85,9.146059694,2.116935715,9.387855173,-22.7642676661,1.4152923205,0.118851911913,-0.0537903604515,0.13157952441,-0.989845152475
0.851,9.146131173,2.116644367,9.387859118,-22.7987480448,1.41706557969,0.118775884554,-0.0537852985206,0.131580762708,-0.989845262932
0.852,9.146129879,2.116950497,9.387926884,-22.8307343461,1.4194775167,0.118779412532,-0.053790610404,0.131580738539,-0.989844977498
0.853,9.146090415,2.117009606,9.387901765,-22.863210402,1.42164444126,0.118822973719,-0.0537916401945,0.131580054718,-0.989845012437
0.854,9.146114262,2.116654098,9.387844836,-22.9004023556,1.42282150119,0.118802964083,-0.0537854687128,0.131580470213,-0.989845292565
0.855,9.146161617,2.117218045,9.388018139,-22.9452279695,1.42397406702,0.118751158549,-0.0537952511853,0.131581284797,-0.989844652681
0.856,9.146059571,2.117017013,9.387873386,-22.987585608,1.42613722085,0.118852153653,-0.0537917704128,0.131579521671,-0.989845076218
0.857,9.146100281,2.116898825,9.387886396,-23.0140517104,1.42881823424,0.11880996113,-0.0537897161786,0.131580227175,-0.989845094068
0.858,9.146150223,2.117079046,9.387975692,-23.0172748401,1.43102860498,0.118765342556,-0.053792839882,0.131581088931,-0.989844809762
0.859,9.146014252,2.117090292,9.387845759,-23.0026923649,1.43272035034,0.118896166872,-0.0537930467037,0.131578736598,-0.989845111218
0.86,9.146101102,2.117546652,9.388033297,-22.9797538957,1.43452066821,0.118801966447,-0.0538009583439,0.131580235485,-0.989844481982
0.861,9.145980763,2.11720804,9.387839687,-22.9543711152,1.43669168169,0.118928809575,-0.0537950923641,0.131578157002,-0.989845077089
0.862,9.146003323,2.117235263,9.387867806,-22.9352241954,1.43849642456,0.118915534103,-0.0537955628343,0.131578546866,-0.989844999696
0.863,9.14602495,2.117710259,9.387996012,-22.9229434062,1.4397863825,0.118891408556,-0.0538038042369,0.131578916989,-0.989844502563
0.864,9.145976103,2.117357187,9.387868785,-22.918322892,1.44119902062,0.118941486716,-0.0537976808488,0.131578074643,-0.989844947357
0.865,9.145968156,2.117766384,9.387953342,-22.9233736771,1.44323308752,0.118933532366,-0.0538047830387,0.131577934286,-0.989844579988
0.866,9.146010772,2.117774607,9.387996715,-22.9294944371,1.44605710706,0.118899527704,-0.0538049214403,0.131578671572,-0.989844474459
0.867,9.145958595,2.117694641,9.387927845,-22.9374598471,1.44915191627,0.118948969073,-0.0538035381059,0.131577769476,-0.989844669565
0.868,9.145938083,2.117651615,9.387898156,-22.9576390935,1.45222709046,0.118962732861,-0.0538027932901,0.131577414528,-0.989844757232
0.869,9.145871601,2.117685221,9.387840968,-22.9887200382,1.45501128447,0.119036918003,-0.0538033819918,0.131576264603,-0.989844878089
0.87,9.145946738,2.11757455,9.387889204,-23.0228145393,1.457232679,0.118957502265,-0.0538014548825,0.131577565216,-0.98984480995
0.871,9.145894766,2.117355917,9.387789258,-23.0632403021,1.45935275303,0.119011880493,-0.0537976658313,0.131576667854,-0.989845135174
0.872,9.146015606,2.117661699,9.387975956,-23.1094391811,1.46218187272,0.118877222183,-0.0538029624311,0.131578756056,-0.989844569712
0.873,9.145893408,2.117464359,9.387812394,-23.1522046576,1.46601648543,0.119006425787,-0.0537995473959,0.131576643886,-0.989845036096
0.874,9.145968279,2.117420656,9.387875478,-23.1943010537,1.47066735492,0.118927936859,-0.0537987828594,0.131577939274,-0.989844905457
0.875,9.145848194,2.117503614,9.387777199,-23.2435411039,1.47526287776,0.119059976161,-0.0538002324628,0.131575861712,-0.989845102833
0.876,9.145946906,2.117246737,9.38781543,-23.3016995315,1.47918443474,0.118964994695,-0.0537957665194,0.131577570852,-0.989845118366
0.877,9.145959903,2.117467491,9.387877882,-23.369120156,1.48230436144,0.118945936773,-0.0537995963407,0.131577793944,-0.989844880562
0.878,9.146011235,2.117357623,9.38790311,-23.4436284674,1.48455014582,0.118897532893,-0.0537976859885,0.131578682379,-0.989844866293
0.879,9.145897098,2.117442391,9.387811034,-23.5182238795,1.48393337858,0.119016995869,-0.0537991663995,0.131576707898,-0.989845048295
0.88,9.145947103,2.117305256,9.387828821,-23.5811948564,1.47830197554,0.118966469503,-0.0537967824189,0.131577574081,-0.989845062725
0.881,9.145925069,2.117437525,9.387837187,-23.6272631288,1.46924625522,0.119000739815,-0.0537990789754,0.131577192007,-0.989844988695
0.882,9.145932556,2.117325823,9.387819287,-23.6615794383,1.45969681053,0.118993254667,-0.0537971401488,0.131577321747,-0.989845076824
0.883,9.145994252,2.11748341,9.387914936,-23.6820759245,1.45197070283,0.118927075845,-0.0537998698075,0.131578388054,-0.989844786725
0.884,9.145874466,2.117417381,9.387783344,-23.6877974537,1.44690088583,0.119048287793,-0.0537987335114,0.131576316318,-0.989845123874
0.885,9.145878048,2.11772015,9.387855128,-23.6921988186,1.44331937991,0.119044905372,-0.0538039877389,0.131576376359,-0.989844830308
0.886,9.145953453,2.117729893,9.387930787,-23.701597591,1.4417922785,0.118964835988,-0.0538041504142,0.131577680036,-0.989844648172
0.887,9.146016333,2.117931522,9.388037532,-23.7129684037,1.44369856227,0.118902858358,-0.0538076449002,0.131578765801,-0.98984431389
0.888,9.145975178,2.117953574,9.388002413,-23.7291713147,1.44818773698,0.118939563877,-0.0538080302008,0.131578054034,-0.989844387559
0.889,9.145902529,2.118217002,9.38799107,-23.7533642713,1.45368371951,0.119013298343,-0.0538126076551,0.131576795094,-0.989844306065
0.89,9.145811679,2.118512849,9.387969321,-23.778793329,1.45909549319,0.119108472006,-0.053817748869,0.131575221548,-0.989844235716
0.891,9.145842754,2.118788703,9.388061848,-23.7983023736,1.46373968599,0.119072548104,-0.0538225337098,0.131575757106,-0.989843904364
0.892,9.145788807,2.11895835,9.388047581,-23.8170320374,1.46761844705,0.119115421689,-0.0538254824176,0.131574822015,-0.989843868322
0.893,9.145837128,2.119027091,9.388110171,-23.8421990554,1.47053455013,0.11907953166,-0.0538266715376,0.13157565775,-0.989843692569
0.894,9.14582643,2.119151513,9.388127834,-23.8779533836,1.47212038809,0.119083043003,-0.0538288312769,0.131575471397,-0.989843599893
0.895,9.145869691,2.119557375,9.3882616,-23.9173383979,1.47273388238,0.119045628852,-0.0538358708022,0.131576216797,-0.989843117968
0.896,9.145871947,2.119737806,9.388304535,-23.9451866584,1.47290076919,0.11904264231,-0.0538390019565,0.131576253427,-0.989842942796
0.897,9.14574359,2.11951806,9.388129878,-23.9668765508,1.47279781822,0.119168345505,-0.0538351984832,0.131574035815,-0.989843444441
0.898,9.145819379,2.119559694,9.388213111,-23.9970492132,1.47222590618,0.119089771283,-0.0538359149765,0.131575345749,-0.98984323135
0.899,9.145764841,2.119586895,9.388166122,-24.037712522,1.47118679374,0.119140761178,-0.0538363913524,0.131574402597,-0.989843330809
0.9,9.145679364,2.119740606,9.388117557,-24.0856257906,1.47036693269,0.119217391359,-0.0538390663262,0.131572922233,-0.989843382092
0.901,9.145766389,2.119694912,9.388192018,-24.1372793394,1.46988842591,0.119146505574,-0.0538382658768,0.131574427988,-0.989843225479
0.902,9.145716006,2.119984687,9.388208367,-24.1883042822,1.46939526784,0.119189063642,-0.053843298415,0.131573554459,-0.989843067856
0.903,9.145639589,2.119906263,9.388116215,-24.2378176939,1.46900605507,0.119270352013,-0.0538419444101,0.131572233086,-0.989843317148
0.904,9.145651104,2.120127428,9.388177375,-24.287700614,1.46888876132,0.119252400567,-0.0538457807786,0.131572431162,-0.989843082135
0.905,9.145680307,2.11982941,9.388138527,-24.3371694872,1.46920361579,0.119226305304,-0.0538406070725,0.131572937831,-0.989843296214
0.906,9.145789542,2.119947942,9.388271706,-24.3877823345,1.47000934414,0.119109198594,-0.0538426548793,0.131574826762,-0.989842933742
0.907,9.145724109,2.120037747,9.388228243,-24.4415098281,1.47123902554,0.119177759038,-0.0538442190951,0.131573694356,-0.989842999179
0.908,9.145812988,2.120011951,9.388309,-24.4946144672,1.47261273841,0.119086430845,-0.0538437640501,0.131575232003,-0.989842819541
0.909,9.145729787,2.119865123,9.388194793,-24.5388105334,1.47373017465,0.119179148881,-0.0538412224159,0.1315737937,-0.989843148979
0.91,9.145678429,2.119448089,9.388050603,-24.5724843368,1.47426111986,0.119235171828,-0.0538339901728,0.131572908861,-0.989843659956
0.911,9.145675063,2.119969779,9.388165114,-24.6027721172,1.47461325564,0.119224783307,-0.0538430431026,0.131572846383,-0.989843175864
0.912,9.145641642,2.120064663,9.388153984,-24.6315526631,1.47559716843,0.119266020406,-0.0538446923791,0.131572268048,-0.989843163023
0.913,9.14564194,2.1200719,9.388155908,-24.6598045137,1.47689813488,0.119259251844,-0.0538448182865,0.131572272798,-0.989843155543
0.914,9.145709931,2.120244322,9.388261081,-24.6849712037,1.47783641788,0.119190503659,-0.0538478051413,0.13157344759,-0.989842836904
0.915,9.145570029,2.120504638,9.388183588,-24.693932975,1.47812530409,0.119338422215,-0.0538523341555,0.131571025327,-0.989842912487
0.916,9.145644402,2.120430572,9.388239309,-24.6839421516,1.47794265674,0.11925691218,-0.0538510419666,0.13157231209,-0.989842811749
0.917,9.145650049,2.120523586,9.388265819,-24.6706222471,1.4781449602,0.119258686171,-0.0538526561264,0.131572409181,-0.989842711026
0.918,9.145678902,2.120560637,9.388302296,-24.6680813715,1.47968039542,0.119221719233,-0.053853296895,0.13157290822,-0.989842609831
0.919,9.145565312,2.120869709,9.388261457,-24.6771591214,1.48250631472,0.11933781478,-0.0538586689589,0.131570940611,-0.989842579082
0.92,9.145701583,2.120935805,9.388409137,-24.6940060989,1.48587439095,0.119197088027,-0.0538598047787,0.131573296979,-0.989842204067
0.921,9.145747167,2.121042598,9.388477669,-24.7165489354,1.48912212421,0.119144756956,-0.0538616550939,0.131574085001,-0.989841998638
0.922,9.14568252,2.120980071,9.388400567,-24.7388667222,1.49247093313,0.1192055623,-0.0538605746929,0.13157296721,-0.989842206007
0.923,9.145640844,2.120808426,9.388321193,-24.7569684409,1.4961636761,0.119257023408,-0.0538575999381,0.131572247761,-0.9898424635
0.924,9.145609926,2.121046573,9.388344875,-24.7750508865,1.4994446833,0.119289756719,-0.0538617352254,0.131571710586,-0.989842309892
0.925,9.145536097,2.121084551,9.388281535,-24.7908401552,1.50169748838,0.119363876879,-0.0538624003624,0.131570433522,-0.989842443447
0.926,9.145583731,2.12126019,9.38836762,-24.7972695173,1.50343327931,0.119302975304,-0.0538654444755,0.131571255615,-0.989842168524
0.927,9.145504409,2.12135314,9.388311352,-24.7986009859,1.5053308071,0.119387217265,-0.0538670637663,0.131569883296,-0.989842262813
0.928,9.145621989,2.121521007,9.388463822,-24.8006209222,1.50762074306,0.119265734997,-0.0538699665629,0.131571915538,-0.989841834711
0.929,9.14551982,2.121283608,9.388310653,-24.8049228068,1.51038702742,0.119361447898,-0.0538658558337,0.131570150042,-0.989842293092
0.93,9.145436941,2.121569913,9.388294613,-24.8171472734,1.51292694897,0.119453697491,-0.0538708311742,0.131568714195,-0.98984221318
0.931,9.145469708,2.121493723,9.388309315,-24.8380544001,1.51418165416,0.119429264963,-0.0538695055892,0.131569281651,-0.989842209897
0.932,9.145515225,2.121488257,9.388352419,-24.8651247392,1.5145333304,0.119385321539,-0.0538694069444,0.131570069618,-0.989842110529
0.933,9.145451511,2.121323926,9.388253221,-24.9011259976,1.51487503372,0.119440080258,-0.0538665607826,0.131568968156,-0.989842411825
0.934,9.145403958,2.121383517,9.388220363,-24.9479248624,1.51566407863,0.119483901501,-0.0538675994021,0.131568145216,-0.989842464688
0.935,9.145509719,2.121406438,9.388328567,-25.0015834144,1.51692510188,0.119375828611,-0.0538679880462,0.131569974315,-0.989842200415
0.936,9.14552543,2.121606926,9.388389177,-25.0573498361,1.51846883226,0.119366068134,-0.0538714658914,0.131570245039,-0.989841975157
0.937,9.145465148,2.121490142,9.388304064,-25.1129296653,1.5197588846,0.119442197979,-0.0538694446647,0.131569203093,-0.989842223654
0.938,9.145557021,2.121529757,9.388402513,-25.1689281718,1.52050496357,0.119344010011,-0.0538701242981,0.131570792283,-0.989841975432
0.939,9.145527778,2.121643477,9.388399724,-25.226935274,1.5212461794,0.119378824651,-0.0538720999157,0.131570285101,-0.989841935326
0.94,9.145494915,2.121556856,9.388348136,-25.2879949325,1.52193194025,0.119409459306,-0.0538705990998,0.131569717828,-0.989842092408
0.941,9.145466049,2.121456309,9.388297296,-25.3478920197,1.52282638817,0.119424415227,-0.0538688572756,0.131569218784,-0.989842253536
0.942,9.145420819,2.121390029,9.38823826,-25.3998443293,1.52400980347,0.11947527915,-0.0538677101915,0.131568437058,-0.989842419867
0.943,9.145425771,2.121901303,9.388358625,-25.4426875318,1.52489777496,0.119470339615,-0.0538765827208,0.131568518515,-0.989841926153
0.944,9.145434168,2.121637188,9.388307115,-25.4788817977,1.52558176993,0.11947255186,-0.0538719988466,0.131568665804,-0.989842156063
0.945,9.145520036,2.122039733,9.388481738,-25.5137530875,1.52624003509,0.119390686793,-0.0538789771669,0.131570147539,-0.989841579292
0.946,9.145394889,2.121925975,9.388334118,-25.551492551,1.52695158023,0.119511416222,-0.0538770130951,0.131567983996,-0.989841973775
0.947,9.145394049,2.122478928,9.388458292,-25.5871227728,1.52760871832,0.11951076333,-0.0538866090466,0.131567964995,-0.989841453947
0.948,9.145412751,2.1223631,9.388450325,-25.6137189025,1.52833476875,0.119492760095,-0.0538845972105,0.131568289454,-0.989841520342
0.949,9.145438916,2.122788361,9.388571957,-25.635464464,1.52940651952,0.119466387864,-0.0538919751392,0.131568738569,-0.989841058982
0.95,9.145394828,2.12288511,9.388550887,-25.6532155321,1.53087830622,0.1195023019,-0.0538936575437,0.131567974755,-0.989841068907
0.951,9.145378672,2.123094993,9.388582609,-25.6574763962,1.53291622241,0.119520337624,-0.0538973013797,0.13156769367,-0.989840907867
0.952,9.145336265,2.123141774,9.38855188,-25.6463982727,1.53458293114,0.119578953806,-0.0538981167321,0.131566960462,-0.989840960926
0.953,9.14537241,2.123546226,9.388678559,-25.6253124872,1.5353713223,0.119528738026,-0.0539051324552,0.131567581948,-0.98984049628
0.954,9.145364395,2.123488805,9.388657765,-25.600682715,1.53625109201,0.11953973968,-0.0539041359976,0.131567443705,-0.98984056892
0.955,9.145301975,2.123693453,9.388643251,-25.5809317036,1.53737875542,0.119597642809,-0.0539076923036,0.131566362109,-0.989840519009
0.956,9.145412041,2.124050195,9.388831164,-25.5649479379,1.53837076485,0.119484600912,-0.0539138746125,0.131568263588,-0.989839929555
0.957,9.145432494,2.123247719,9.388669575,-25.5567686966,1.53907922325,0.119470607007,-0.0538999468999,0.131568624076,-0.989840640145
0.958,9.145402017,2.123562844,9.388711157,-25.5688521225,1.53962058973,0.119501097516,-0.0539054181914,0.131568094102,-0.989840412644
0.959,9.145331111,2.123635722,9.388658574,-25.5977290086,1.53992971583,0.119580883212,-0.0539066883568,0.131566866934,-0.989840506585
0.96,9.145245664,2.123682384,9.388585896,-25.6357837984,1.5400468749,0.119655673352,-0.0539075051959,0.131565388287,-0.989840658636
0.961,9.145325879,2.123949492,9.388724455,-25.6800533831,1.54032906434,0.119575948237,-0.053912133868,0.131566774246,-0.989840222327
0.962,9.145381955,2.123766261,9.388737627,-25.7279650333,1.54047341036,0.119519602582,-0.0539089492159,0.13156774561,-0.989840266664
0.963,9.145402035,2.123813455,9.388767862,-25.7812619045,1.54049915586,0.119489958403,-0.0539097673667,0.131568092667,-0.989840175975
0.964,9.145267936,2.123592058,9.388587159,-25.8421375237,1.54099989,0.119626083048,-0.0539059357678,0.131565774076,-0.989840692829
0.965,9.145155192,2.123627214,9.388485289,-25.9078735789,1.54156330974,0.119748165667,-0.0539065548667,0.131563824381,-0.989840918257
0.966,9.145261422,2.123523302,9.388565262,-25.9738865681,1.54186434485,0.119642858938,-0.0539047436368,0.131565662297,-0.989840772608
0.967,9.145158578,2.123256327,9.388404702,-26.0395925778,1.54177562063,0.119751002945,-0.0539001191946,0.131563885466,-0.989841260603
0.968,9.14534264,2.123540428,9.388648249,-26.1045677845,1.54105448013,0.119555723619,-0.053905033463,0.131567066996,-0.989840570117
0.969,9.145335187,2.123347185,9.388597283,-26.165356815,1.54063500504,0.119563174237,-0.0539016809146,0.131566939852,-0.989840769585
0.97,9.145302189,2.123537597,9.388608207,-26.2148267071,1.54080906183,0.119599963549,-0.0539049877192,0.131566367489,-0.989840665585
0.971,9.145334387,2.123161459,9.388554502,-26.2491579962,1.54078733698,0.11957328057,-0.0538984576964,0.13156692727,-0.989840946772
0.972,9.145312901,2.123285244,9.388561567,-26.2764845179,1.54025030604,0.119589367305,-0.053900607635,0.131566554787,-0.989840879211
0.973,9.145313062,2.123306321,9.388566489,-26.3039769148,1.53995011625,0.119581936439,-0.0539009735143,0.131566556917,-0.989840859005
0.974,9.145205786,2.12334292,9.388470271,-26.3334768107,1.54032783548,0.119695528923,-0.0539016176226,0.131564701971,-0.989841070482
0.975,9.145245562,2.123051284,9.388443063,-26.3664225182,1.54032156282,0.119663095519,-0.0538965532578,0.131565391589,-0.989841254587
0.976,9.145202959,2.123384116,9.388476834,-26.3957179757,1.53952706619,0.119706332948,-0.0539023331902,0.131564652714,-0.989841038063
0.977,9.145278229,2.123145579,9.388496207,-26.4096160613,1.53958460929,0.119614509909,-0.0538981867201,0.13156595596,-0.98984109063
0.978,9.145203758,2.123339818,9.388467594,-26.4033732816,1.5412797857,0.119700959277,-0.0539015635751,0.131564666015,-0.989841078204
0.979,9.145282225,2.123605089,9.388604026,-26.3792739216,1.54321960545,0.119625974644,-0.053906160527,0.131566021313,-0.989840647727
0.98,9.145335263,2.123634662,9.388662378,-26.3513366391,1.54470902145,0.119564184187,-0.0539066696288,0.131566939029,-0.989840498022
0.981,9.14522308,2.123532272,9.388529943,-26.3337146002,1.54702020573,0.119662290287,-0.0539049017413,0.131564998877,-0.989840852177
0.982,9.145326503,2.123908858,9.38871587,-26.3270869718,1.55054624487,0.119560630628,-0.05391142909,0.131566784531,-0.989840259346
0.983,9.145273498,2.124122645,9.388712604,-26.3271291608,1.55425378262,0.119615316714,-0.0539151431018,0.131565866093,-0.989840179132
0.984,9.145346001,2.124368963,9.388838957,-26.3282181383,1.55797188079,0.119536065216,-0.0539194111255,0.131567118614,-0.989839780168
0.985,9.145289971,2.124288264,9.388766122,-26.3275932053,1.56182813067,0.119603725962,-0.0539180160407,0.131566149554,-0.989839984966
0.986,9.145186886,2.124600402,9.388736339,-26.3296017172,1.56506469643,0.119702314299,-0.0539234410905,0.131564364749,-0.98983992667
0.987,9.145222813,2.12444118,9.388735304,-26.3422862022,1.56790478763,0.119652607608,-0.0539206752722,0.131564986819,-0.989839994657
0.988,9.145120112,2.124762723,9.388708031,-26.3709648574,1.57096086694,0.119759816493,-0.0539262634088,0.131563207979,-0.989839926665
0.989,9.145088019,2.124514259,9.388620543,-26.410463739,1.57333754697,0.119793056624,-0.0539219542788,0.1315626546,-0.989840234968
0.99,9.145033511,2.124656722,9.388599688,-26.4555894199,1.5746377563,0.119842023027,-0.0539244312784,0.131561711059,-0.989840225438
0.991,9.145013257,2.124340732,9.388508456,-26.5020277718,1.57576678474,0.119859436071,-0.0539189489971,0.131561362958,-0.989840570353
0.992,9.14506801,2.124747416,9.388653817,-26.5427828257,1.57757789409,0.119809956792,-0.0539260017812,0.131562307141,-0.989840060652
0.993,9.145022256,2.12503165,9.388673579,-26.5731423633,1.58013992032,0.119857143605,-0.0539309382709,0.131561513196,-0.989839897227
0.994,9.145038716,2.125256683,9.388740548,-26.5872969472,1.58278065898,0.119834835782,-0.0539348416517,0.131561795804,-0.989839646984
0.995,9.145084595,2.124964613,9.388719127,-26.5842491968,1.58513707546,0.119793222904,-0.0539297695139,0.131562592253,-0.989839817486
0.996,9.145165468,2.125290029,9.388871559,-26.575164736,1.58720056395,0.119711521739,-0.0539354101251,0.131563987778,-0.989839324666
0.997,9.145043377,2.12544854,9.38878852,-26.5680356826,1.58989436192,0.119824281561,-0.0539381706855,0.1315618748,-0.989839455085
0.998,9.145139286,2.125170174,9.388818926,-26.5641694169,1.59466312785,0.119734668128,-0.0539333325466,0.131563535978,-0.989839497919
0.999,9.145178656,2.125391541,9.388907384,-26.5676874849,1.6011151599,0.11970208006,-0.053937170233,0.131564215666,-0.989839198468
1,9.145084899,2.125258659,9.388785979,-26.5784608083,1.60721586904,0.119798102377,-0.0539348726758,0.131562594929,-0.989839539079
1.001,9.145026915,2.125481189,9.388779876,-26.5935047716,1.61167790223,0.119853189849,-0.0539387386224,0.131561590405,-0.989839461936
1.002,9.145035719,2.125627778,9.388821638,-26.6163209958,1.61442217949,0.119842819465,-0.0539412817787,0.131561740896,-0.989839303348
1.003,9.145018002,2.125534171,9.388783189,-26.650598125,1.61580902604,0.119862011498,-0.0539396592463,0.131561435463,-0.989839432362
1.004,9.144855561,2.125487045,9.388614297,-26.6956546843,1.61666072037,0.120013679407,-0.0539388548539,0.131558625768,-0.989839849634
1.005,9.144987791,2.125508402,9.388747928,-26.7505252575,1.61838948511,0.119880632767,-0.053939214028,0.131560913337,-0.98983952602
1.006,9.145037432,2.125718683,9.388843888,-26.8117568662,1.62097925634,0.119840039176,-0.0539428591975,0.131561769974,-0.989839213521
1.007,9.14494599,2.125619479,9.38873236,-26.8776218954,1.62412448033,0.119935395671,-0.0539411455649,0.131560188595,-0.989839517089
1.008,9.144970758,2.125607947,9.388753874,-26.9498553025,1.62857483942,0.119903099802,-0.0539409433328,0.131560617729,-0.989839471074
1.009,9.14498198,2.125280643,9.388690709,-27.0278382269,1.63382657497,0.119892683935,-0.0539352618785,0.131560814828,-0.989839754469
1.01,9.144982427,2.125345739,9.388705879,-27.1100763513,1.63839010846,0.119891444581,-0.0539363914818,0.131560821306,-0.989839692057
1.011,9.144858179,2.125997802,9.38873249,-27.1887223007,1.64152412053,0.120014066835,-0.0539477173986,0.131558667405,-0.989839361118
1.012,9.144828928,2.125922841,9.388687025,-27.2574251151,1.64321909138,0.120043419554,-0.0539464196212,0.131558161743,-0.989839499055
1.013,9.144915537,2.125864796,9.388758241,-27.3222812893,1.64423071627,0.119964067913,-0.0539454045497,0.1315596598,-0.98983935527
1.014,9.144992135,2.126107026,9.3888877,-27.383519665,1.64508603303,0.119890266446,-0.0539496016605,0.13156098293,-0.989838950664
1.015,9.144840003,2.126207752,9.388762329,-27.4274050354,1.64564072871,0.120040258284,-0.0539513622378,0.131558350887,-0.98983920453
1.016,9.144976855,2.126211358,9.388896443,-27.4443944408,1.64559315868,0.119905780772,-0.053951414224,0.131560718123,-0.989838887067
1.017,9.144797918,2.126226299,9.388725538,-27.4428496483,1.64479657342,0.120080854033,-0.0539516874072,0.131557622739,-0.989839283584
1.018,9.144906717,2.126643123,9.388925915,-27.4355798161,1.64333538918,0.119974503267,-0.0539589124894,0.131559501638,-0.989838640028
1.019,9.144873513,2.12692196,9.388956736,-27.4206132165,1.64201521676,0.120003627687,-0.0539637533155,0.131558925027,-0.989838452766
1.02,9.144770251,2.127141622,9.388905922,-27.3973791972,1.6411931119,0.120117229871,-0.0539675737144,0.131557136507,-0.989838482189
1.021,9.14481575,2.127223179,9.388968716,-27.3783894087,1.63997317364,0.120078007113,-0.0539689850922,0.131557923375,-0.989838300656
1.022,9.144918844,2.126986205,9.389015443,-27.3770458917,1.63825871004,0.119971616453,-0.0539648644224,0.131559708136,-0.989838288107
1.023,9.14490152,2.127023113,9.38900693,-27.3991100783,1.63704566048,0.119986959946,-0.0539655070116,0.131559408339,-0.98983829292
1.024,9.144926891,2.127074745,9.389043339,-27.4379840554,1.63662371317,0.119962026382,-0.0539664001043,0.131559846705,-0.989838185965
1.025,9.144918117,2.127133381,9.389048077,-27.4834434658,1.63601497002,0.119983008152,-0.05396741888,0.131559694734,-0.989838150619
1.026,9.144809419,2.12762025,9.389052521,-27.5224445877,1.63432686483,0.12009297365,-0.0539758764377,0.131557809912,-0.989837939975
1.027,9.144858755,2.127733543,9.389126247,-27.545745921,1.63219621976,0.120038033361,-0.0539778386509,0.131558662326,-0.98983771968
1.028,9.144906074,2.127335874,9.389082225,-27.5604593127,1.63074309327,0.119993639051,-0.0539709336766,0.131559484286,-0.989837986952
1.029,9.14478312,2.12711685,9.388912845,-27.5761118979,1.62990394897,0.120113150262,-0.0539671430222,0.131557358969,-0.989838476104
1.03,9.144767359,2.127494426,9.388983043,-27.5965466127,1.62939662431,0.120121700823,-0.0539736968606,0.131557083666,-0.989838155349
1.031,9.144812153,2.127357171,9.388995572,-27.6261686391,1.62907423913,0.120081378397,-0.0539713110112,0.13155785922,-0.989838182364
1.032,9.144901572,2.127056163,9.389014468,-27.6638237891,1.6285341289,0.119990809033,-0.053966080575,0.131559408843,-0.989838261582
1.033,9.144793576,2.127382669,9.388983255,-27.6987594676,1.62782372119,0.120102132687,-0.0539717549762,0.13155753774,-0.989838200884
1.034,9.144834595,2.127363231,9.389018803,-27.7257467755,1.62729213189,0.120063700684,-0.0539714141095,0.131558247595,-0.989838125124
1.035,9.144946041,2.12761835,9.389185158,-27.7522502824,1.62746000856,0.119947912712,-0.0539758323803,0.131560173065,-0.989837628292
1.036,9.144788458,2.127145884,9.388924622,-27.7857084632,1.62851545119,0.120099444402,-0.0539676467986,0.131557451362,-0.989838436357
1.037,9.144889874,2.127323643,9.389063674,-27.8283814391,1.62930147917,0.120003307549,-0.0539707230017,0.13155920455,-0.989838035618
1.038,9.144895538,2.127546474,9.389119681,-27.8753968592,1.62704561868,0.119999040551,-0.0539745894337,0.131559300194,-0.989837812082
1.039,9.144865581,2.127206591,9.389013494,-27.9221801462,1.61981922278,0.120033727565,-0.0539686935623,0.131558785477,-0.98983820197
1.04,9.14482509,2.127424155,9.389023349,-27.9703459311,1.61009297549,0.120067268138,-0.0539724726769,0.131558082422,-0.989838089357
1.041,9.144764092,2.127208706,9.388915122,-28.0226003259,1.60102203109,0.120142708784,-0.0539687390899,0.131557029717,-0.989838432843
1.042,9.144837848,2.12744677,9.3890409,-28.0786750824,1.59374859223,0.120059417551,-0.0539728634918,0.131558302934,-0.98983803874
1.043,9.144706575,2.127174421,9.388851333,-28.1372611723,1.58879198845,0.120192905074,-0.0539681479524,0.131556035145,-0.989838597259
1.044,9.144881157,2.127648011,9.389128684,-28.1952504355,1.58592201135,0.120010970554,-0.0539763521144,0.131559051102,-0.989837749071
1.045,9.144872376,2.127425325,9.389069671,-28.24892604,1.58476879671,0.12002159747,-0.0539724892015,0.131558900548,-0.98983797972
1.046,9.144873061,2.127547774,9.389098084,-28.2964665841,1.58522387596,0.120015463939,-0.0539746140753,0.131558911903,-0.989837862346
1.047,9.144816383,2.12739305,9.389007821,-28.3346381951,1.58671148292,0.120085124658,-0.0539719332425,0.131557932436,-0.989838138705
1.048,9.144814922,2.127598013,9.389052841,-28.3656146397,1.58869450461,0.120075148128,-0.053975490285,0.131557905978,-0.989837948264
1.049,9.144875811,2.127864187,9.389172466,-28.3955394523,1.59163022595,0.120009187551,-0.0539801038999,0.131558956856,-0.989837557003
1.05,9.144706249,2.12791229,9.389018218,-28.4276008757,1.59558569116,0.120177326032,-0.053980952702,0.131556023203,-0.98983790062
1.051,9.144797843,2.128263245,9.389186973,-28.4623112647,1.60010625129,0.120079980187,-0.0539870352623,0.131557604807,-0.989837358681
1.052,9.144721863,2.128144311,9.389086013,-28.4931330643,1.604933733,0.120156536598,-0.0539849781205,0.131556290901,-0.989837645506
1.053,9.144678975,2.12839284,9.389100577,-28.5097337687,1.60973077414,0.120203837102,-0.0539892941906,0.131555547275,-0.989837508935
1.054,9.144668448,2.12832368,9.389074646,-28.5102644921,1.61395807271,0.120214469664,-0.0539880946545,0.131555366341,-0.989837598408
1.055,9.144730802,2.128581726,9.389193874,-28.5053736613,1.61774176608,0.12014615092,-0.0539925684904,0.131556442011,-0.989837211421
1.056,9.144696565,2.128846681,9.389220599,-28.5006189253,1.62182117138,0.120177650868,-0.0539971690432,0.131555847767,-0.989837039443
1.057,9.144720665,2.129096506,9.389300718,-28.4885657981,1.62644684457,0.12014520524,-0.0540015019255,0.131556262556,-0.98983674794
1.058,9.144638923,2.12904663,9.389209795,-28.4686843572,1.63106116314,0.120228207927,-0.0540006428424,0.131554848919,-0.989836982689
1.059,9.144643131,2.129243743,9.389258592,-28.4541456123,1.63510010619,0.12022358094,-0.0540040636937,0.131554920113,-0.989836786596
1.06,9.144767799,2.129356371,9.389405554,-28.4530282885,1.63881467358,0.120098153978,-0.0540060076015,0.131557076335,-0.989836393961
1.061,9.144466837,2.129061059,9.389045464,-28.4681585097,1.6421636084,0.120401340063,-0.0540009079955,0.13155187288,-0.989837363751
1.062,9.144437446,2.129491715,9.389114504,-28.4999631949,1.64490133948,0.120426812049,-0.0540083835195,0.131551361049,-0.989837023916
1.063,9.144537338,2.129866455,9.389296791,-28.5373889333,1.64760137491,0.120323383612,-0.054014878436,0.131553085705,-0.989836440302
1.064,9.144406246,2.129666932,9.389123858,-28.5722856793,1.65049167037,0.120454465988,-0.0540114269667,0.131550819587,-0.989836929814
1.065,9.144488896,2.129852399,9.389246424,-28.6085384696,1.65316058689,0.120378407704,-0.0540146378866,0.131552247918,-0.989836564773
1.066,9.14445813,2.129515947,9.389140145,-28.6516323699,1.65526787007,0.120406703533,-0.0540088025751,0.13155171825,-0.989836953579
1.067,9.144440112,2.129967806,9.389225091,-28.7023067592,1.65786170148,0.120414992218,-0.0540166447674,0.131551402682,-0.989836567591
1.068,9.144438391,2.129938344,9.389216732,-28.7540513803,1.66161605518,0.120426764672,-0.0540161335069,0.131551373115,-0.989836599421
1.069,9.144480481,2.129973604,9.389265723,-28.8038256755,1.66576102407,0.120378265204,-0.0540167425172,0.131552101022,-0.989836469446
1.07,9.1444606,2.129859332,9.389220439,-28.8543538261,1.6694750888,0.120393372368,-0.0540147611751,0.131551757687,-0.989836623198
1.071,9.14452202,2.12996861,9.389305047,-28.9053215945,1.67394439841,0.120330315357,-0.0540166522813,0.131552819786,-0.989836378844
1.072,9.144494381,2.129972278,9.38927896,-28.9559699945,1.68054542859,0.120355456224,-0.0540167179452,0.13155234096,-0.989836438898
1.073,9.144335212,2.130172856,9.389169445,-29.0065291145,1.68794072756,0.120522244004,-0.0540202120809,0.131549586718,-0.989836614256
1.074,9.144425017,2.129871039,9.389188439,-29.0569084469,1.69439762026,0.120439047176,-0.0540149667341,0.131551142429,-0.98983669375
1.075,9.14450173,2.129943461,9.38927958,-29.1072429393,1.69942764615,0.120366246939,-0.0540162175677,0.131552468377,-0.98983644927
1.076,9.144538328,2.130115224,9.38935419,-29.1565228227,1.70345020452,0.120322678835,-0.0540191951188,0.131553100788,-0.989836202728
1.077,9.144466072,2.130281311,9.389321499,-29.2035847778,1.70710102549,0.120393989443,-0.0540220837081,0.131551848754,-0.989836211482
1.078,9.144454334,2.130249212,9.389302784,-29.2465250408,1.71093678157,0.120404764119,-0.054021526973,0.131551646074,-0.989836268803
1.079,9.144495056,2.130181693,9.389327126,-29.2863146222,1.71560057379,0.120372738278,-0.054020351733,0.131552351457,-0.989836239196
1.08,9.144456299,2.130174255,9.389287692,-29.3264194712,1.72062524978,0.120408243862,-0.0540202258756,0.131551681377,-0.98983633512
1.081,9.144277981,2.130526672,9.389193985,-29.3650038289,1.72480016348,0.12058959705,-0.0540263564933,0.131548593682,-0.98983641088
1.082,9.144367045,2.130343691,9.389239207,-29.4000203691,1.72738723058,0.12050122773,-0.0540231739245,0.131550136229,-0.989836379579
1.083,9.144440332,2.130608634,9.3893707,-29.4279488353,1.72844615135,0.120426537489,-0.0540277652452,0.131551401624,-0.98983596081
1.084,9.144492121,2.130694554,9.389440635,-29.442709369,1.72881304569,0.120370391363,-0.0540292520334,0.131552296207,-0.989835760764
1.085,9.144395696,2.130768763,9.389363565,-29.4457196453,1.72906991196,0.120465619367,-0.0540305482717,0.131550628214,-0.989835911689
1.086,9.144449483,2.130666347,9.389392709,-29.4416143206,1.72932890112,0.120414428802,-0.0540287660722,0.131551559291,-0.989835885228
1.087,9.144242679,2.130897814,9.389243828,-29.4349971795,1.72916733792,0.120628736937,-0.0540327999483,0.131547980276,-0.98983614069
1.088,9.144371893,2.130862882,9.389361743,-29.4317949171,1.72804557948,0.120500065328,-0.0540321835394,0.131550215624,-0.98983587726
1.089,9.144426062,2.131234587,9.389498861,-29.4375721972,1.72647948068,0.120442063435,-0.0540386287867,0.131551149529,-0.989835401295
1.09,9.144364251,2.13090405,9.389363644,-29.4550277209,1.72535640504,0.120502810268,-0.0540328978021,0.131550082397,-0.989835855976
1.091,9.144373141,2.131212816,9.38944238,-29.4834717493,1.72450483128,0.120495054848,-0.0540382552672,0.13155023457,-0.989835543286
1.092,9.144435024,2.131443941,9.389555111,-29.5162520067,1.72334607409,0.120432828043,-0.0540422612975,0.131551302393,-0.98983518266
1.093,9.144379883,2.13138535,9.389488109,-29.5484275888,1.72203107132,0.120494592906,-0.054041249398,0.131550349715,-0.989835364519
1.094,9.144299465,2.131515268,9.389439283,-29.5772275857,1.72024278751,0.120586061942,-0.0540435098215,0.131548957658,-0.989835426111
1.095,9.144318834,2.131620729,9.389482087,-29.5951271451,1.71766879431,0.120561184146,-0.0540453387985,0.131549291777,-0.989835281846
1.096,9.144373991,2.131692369,9.389552068,-29.6019338911,1.71499549632,0.12050856252,-0.0540465773172,0.131550244365,-0.989835087622
1.097,9.144232711,2.131759194,9.389429649,-29.6031372018,1.71241338893,0.120643066698,-0.0540477482576,0.131547800951,-0.989835348416
1.098,9.144128912,2.132121118,9.389410739,-29.5974212902,1.71027864178,0.120738077468,-0.0540540378439,0.131546001887,-0.989835244059
1.099,9.144329594,2.132154439,9.389613745,-29.582300319,1.70934444555,0.120540065653,-0.0540545999811,0.131549473266,-0.989834752019
1.1,9.14429613,2.132125337,9.389574546,-29.5611300232,1.70960021329,0.120577050306,-0.054054097746,0.131548894777,-0.989834856327
1.101,9.144143875,2.131989405,9.389395403,-29.5396517205,1.71107255327,0.120725189731,-0.054051750977,0.131546261722,-0.989835334408
1.102,9.144246957,2.132268637,9.389559199,-29.523922991,1.71342502428,0.120622025396,-0.054056588459,0.131548042399,-0.989834833589
1.103,9.144093931,2.132478318,9.38945779,-29.5103811152,1.71559222273,0.120769464143,-0.0540602394257,0.131545393769,-0.989834986193
1.104,9.143955479,2.132219057,9.389264077,-29.4954609287,1.71644879424,0.120911518286,-0.0540557516708,0.13154300156,-0.989835549196
1.105,9.144015062,2.132250025,9.389329136,-29.4896561066,1.71628365926,0.120845249919,-0.0540562842879,0.131544031415,-0.989835383247
1.106,9.14409682,2.132591376,9.389486281,-29.4997393398,1.71487515955,0.120775615918,-0.0540622013201,0.131545443525,-0.989834872429
1.107,9.144139824,2.132826157,9.389581489,-29.5170481337,1.71039180709,0.120728592426,-0.0540662721449,0.131546184736,-0.989834551578
1.108,9.143961404,2.132504137,9.389334591,-29.5360701113,1.70547658191,0.120903758888,-0.0540606984782,0.131543101311,-0.989835265778
1.109,9.144078827,2.132855282,9.389528702,-29.5652544862,1.70483548553,0.120788980622,-0.0540667823175,0.131545129858,-0.989834663901
1.11,9.144135567,2.132515835,9.389506859,-29.6106985638,1.7088545554,0.120726094127,-0.0540608865709,0.131546114259,-0.989834855098
1.111,9.143990383,2.132463398,9.389353559,-29.6706667682,1.71567839155,0.12086671233,-0.0540599884558,0.131543602594,-0.989835237938
1.112,9.144056647,2.132590472,9.389446953,-29.7383988718,1.72478317907,0.120803535607,-0.0540621886702,0.131544747687,-0.989834965594
1.113,9.144158876,2.132676559,9.389566063,-29.8075002679,1.73589911748,0.120700186117,-0.0540636736056,0.131546516165,-0.989834649465
1.114,9.144109413,2.133033745,9.389599029,-29.8723322226,1.74717104815,0.120751098889,-0.0540698763024,0.131545656774,-0.989834424871
1.115,9.144073318,2.132858989,9.389524179,-29.9283286828,1.75630427966,0.120794698782,-0.0540668474596,0.131545033952,-0.989834673089
1.116,9.144137217,2.133093852,9.38963976,-29.9796832754,1.76286369302,0.120731952607,-0.0540709171232,0.131546137778,-0.989834304092
1.117,9.144044989,2.132768472,9.389476029,-30.0325789563,1.76669652452,0.120832736009,-0.0540652787432,0.131544545505,-0.989834823686
1.118,9.143995021,2.132869526,9.389450323,-30.0895681405,1.76703112424,0.120886451144,-0.0540670363405,0.131543679673,-0.989834842749
1.119,9.144018833,2.133133658,9.389533515,-30.1493139343,1.76324472746,0.120860136594,-0.0540716181801,0.131544089242,-0.989834538038
1.12,9.143827119,2.132785927,9.38926782,-30.2058035077,1.75537750727,0.121058152156,-0.0540655990897,0.131540776363,-0.989835307083
1.121,9.143943048,2.133447738,9.38953107,-30.2507178146,1.74534017633,0.120943664445,-0.0540770742291,0.131542775755,-0.989834414531
1.122,9.143829202,2.133195171,9.389362817,-30.2844801167,1.73613218304,0.12105461861,-0.0540727014142,0.131540809371,-0.989834914737
1.123,9.143808176,2.13302223,9.389303052,-30.3197118797,1.7301166853,0.121082660498,-0.0540697019732,0.131540446883,-0.989835126757
1.124,9.143788852,2.13283691,9.389242134,-30.3647804574,1.7281928098,0.121103941273,-0.0540664870789,0.131540113759,-0.989835346635
1.125,9.143934531,2.133293017,9.389487622,-30.4167589945,1.72891377653,0.120946833968,-0.0540743902308,0.131542629584,-0.989834580586
1.126,9.143806286,2.133436974,9.389395439,-30.4711544033,1.73107654519,0.12106931882,-0.0540768989353,0.131540410163,-0.989834738477
1.127,9.143846427,2.133359084,9.389416833,-30.5205610202,1.73465746478,0.121026198155,-0.0540755441386,0.131541105125,-0.989834720137
1.128,9.143892882,2.133352593,9.389460599,-30.5560813589,1.73903552797,0.12098034423,-0.0540754273643,0.131541909215,-0.989834619659
1.129,9.143881761,2.13357679,9.38950071,-30.5759968349,1.74352825595,0.120991449662,-0.0540793186788,0.131541714421,-0.989834432953
1.13,9.143812052,2.133567722,9.389430764,-30.577217918,1.74700225693,0.121066448094,-0.0540791672083,0.131540509029,-0.989834601415
1.131,9.143844683,2.133537249,9.389455617,-30.5577046378,1.74872964693,0.121028904606,-0.0540786355211,0.131541073651,-0.98983455543
1.132,9.143829187,2.133895491,9.389521935,-30.5201842087,1.74855702692,0.121043275455,-0.054084853873,0.131540802834,-0.989834251666
1.133,9.143778088,2.13424012,9.389550501,-30.4647831305,1.74620093833,0.12109748793,-0.0540908380772,0.131539916541,-0.98983404245
1.134,9.143705987,2.134262443,9.389485361,-30.4003143741,1.74220366701,0.121170920857,-0.0540912317272,0.131538668805,-0.98983418675
1.135,9.143820965,2.134469072,9.389644299,-30.3413524425,1.73759389575,0.121054871794,-0.0540948080685,0.131540655644,-0.989833727276
1.136,9.143822335,2.134819529,9.389725305,-30.2932034259,1.73484450446,0.121047502635,-0.0541008893422,0.131540676465,-0.989833392146
1.137,9.143711004,2.134900086,9.389635206,-30.2612615991,1.73640468516,0.121146484693,-0.0541022961115,0.13153875024,-0.989833571233
1.138,9.143692305,2.134904802,9.389618069,-30.25206081,1.74056270785,0.121165975677,-0.0541023800966,0.131538426432,-0.989833609674
1.139,9.143809007,2.13476614,9.389700188,-30.2655354029,1.7444356135,0.121049698269,-0.0540999641432,0.131540446557,-0.989833473267
1.14,9.14370626,2.135148447,9.389687059,-30.2939199867,1.74663052885,0.121161294065,-0.0541066071056,0.13153866573,-0.989833346824
1.141,9.143591681,2.134732806,9.389480975,-30.3288676552,1.74699614701,0.121270530583,-0.0540994033888,0.131536687855,-0.989834003407
1.142,9.143730854,2.134690367,9.389606855,-30.3722734661,1.74618952906,0.121134339678,-0.0540986560249,0.131539095286,-0.989833724333
1.143,9.143561032,2.134825452,9.389472192,-30.4266036108,1.74483806879,0.121300701726,-0.0541010138304,0.131536156323,-0.989833986021
1.144,9.143664922,2.13486997,9.389583483,-30.4911060413,1.74326423295,0.121197662714,-0.0541017775436,0.131537953682,-0.989833705431
1.145,9.143721853,2.134680526,9.389595852,-30.5647768695,1.74149994771,0.121140053696,-0.0540984859811,0.131538940227,-0.989833754233
1.146,9.143647398,2.13521059,9.38964387,-30.6408305826,1.738998319,0.121213121811,-0.0541076897717,0.131537647772,-0.989833422918
1.147,9.143574865,2.134906218,9.389504027,-30.7114524802,1.73523710452,0.121284905074,-0.0541024146175,0.131536395794,-0.989833877635
1.148,9.143579855,2.134950281,9.389518905,-30.7761702988,1.73063768116,0.121291162046,-0.0541031779479,0.131536481484,-0.989833824525
1.149,9.143615575,2.134978207,9.389560039,-30.8363925205,1.72643817917,0.121253856212,-0.054103660594,0.131537098601,-0.989833716137
1.15,9.143579943,2.134786827,9.389481826,-30.896764936,1.72365019571,0.121281149457,-0.054100342035,0.131536483822,-0.989833979218
1.151,9.143522172,2.134963835,9.389465815,-30.959171834,1.72268955373,0.121335030168,-0.054103418147,0.131535483662,-0.989833943994
1.152,9.143606668,2.134993271,9.389554791,-31.0143954588,1.72300081712,0.121256150434,-0.0541039219965,0.131536944447,-0.989833722334
1.153,9.143539069,2.13478002,9.389440475,-31.0558056409,1.72347136908,0.121317404298,-0.0541002271714,0.131535777689,-0.989834079332
1.154,9.143564927,2.135091791,9.389536545,-31.0884717108,1.72392795179,0.121290484313,-0.0541056353122,0.131536221536,-0.989833724749
1.155,9.143631442,2.135092359,9.389601446,-31.1148244036,1.72457378626,0.121223546281,-0.0541056395025,0.131537372742,-0.989833571539
1.156,9.143718603,2.135150687,9.389699587,-31.1330045472,1.72578491924,0.121134553591,-0.0541066444035,0.131538879907,-0.989833316324
1.157,9.143439541,2.135518775,9.389511546,-31.1477003689,1.72763660167,0.121416349994,-0.0541130554521,0.131534049928,-0.989833607703
1.158,9.143568497,2.135514466,9.389636143,-31.1658738391,1.72948046909,0.121289894031,-0.0541129699262,0.131536279902,-0.989833316046
1.159,9.143591627,2.135573279,9.389672042,-31.1927280586,1.73214625743,0.121252687127,-0.0541139882823,0.131536680244,-0.989833207173
1.16,9.14359855,2.13530384,9.389617507,-31.2299974427,1.73724543143,0.121247542293,-0.0541093120471,0.131536801395,-0.989833446711
1.161,9.143542096,2.135835532,9.38968346,-31.2745381463,1.74346442093,0.12131092998,-0.0541185432149,0.131535820402,-0.989833072407
1.162,9.14358162,2.135990949,9.389757301,-31.3174914323,1.74913686155,0.121266015169,-0.0541212378081,0.131536503375,-0.98983283432
1.163,9.143543567,2.136135378,9.389753101,-31.3547163864,1.75435046955,0.1212993206,-0.0541237471152,0.131535844148,-0.989832784718
1.164,9.143570575,2.136385963,9.389836412,-31.3881871656,1.75882531118,0.121277291128,-0.0541280933363,0.131536309099,-0.989832485272
1.165,9.143633979,2.136075939,9.389827621,-31.4143507469,1.7622961537,0.121209545383,-0.0541227073514,0.131537408304,-0.989832633714
1.166,9.143611825,2.136496105,9.38990164,-31.4291216764,1.76408135445,0.121225634081,-0.0541300013388,0.13153702174,-0.989832286232
1.167,9.143524901,2.136392639,9.389793455,-31.4389678656,1.76225707231,0.121318679417,-0.0541282127977,0.131535518797,-0.989832583761
1.168,9.143344363,2.136512502,9.389644925,-31.4522731085,1.75717378286,0.121498612327,-0.0541303072269,0.131532395089,-0.98983288432
1.169,9.143401886,2.136497572,9.389697542,-31.4660429446,1.75140656495,0.121442967564,-0.0541300433598,0.131533389872,-0.989832766559
1.17,9.143425706,2.136791652,9.389787655,-31.4742714893,1.74725003668,0.121411916368,-0.0541351449925,0.131533800046,-0.989832433052
1.171,9.143434617,2.137193281,9.389887737,-31.474059125,1.74609953894,0.121409489499,-0.0541421134595,0.131533950798,-0.989832031881
1.172,9.143343327,2.137135176,9.389785618,-31.4585437531,1.74737470221,0.12150229192,-0.0541411126681,0.131532371725,-0.989832296456
1.173,9.143428261,2.13728513,9.389902454,-31.4238978867,1.7490312893,0.12142040206,-0.0541437086573,0.131533840078,-0.989831959338
1.174,9.143406859,2.13733807,9.389893663,-31.3790684764,1.75057654763,0.121441478568,-0.0541446282527,0.131533469302,-0.989831958306
1.175,9.143250815,2.137413486,9.389758883,-31.3409589014,1.75289902294,0.121592102072,-0.0541459506572,0.131530769381,-0.989832244743
1.176,9.143254271,2.137373746,9.389753202,-31.3220520063,1.75574584738,0.121601862291,-0.0541452601555,0.131530829144,-0.989832274574
1.177,9.143256762,2.137347835,9.389749729,-31.3264710192,1.75840218256,0.121595794334,-0.0541448108628,0.131530873161,-0.989832293301
1.178,9.143130548,2.137380443,9.389634252,-31.3516530121,1.76136419449,0.121719337619,-0.0541453869913,0.131528689389,-0.989832551968
1.179,9.143174781,2.137539752,9.389713588,-31.3898871878,1.76488583028,0.121680050409,-0.0541481474601,0.131529452682,-0.989832299536
1.18,9.143272593,2.137587813,9.389819773,-31.4354136292,1.76803530768,0.121572687778,-0.0541489732348,0.131531144789,-0.989832029512
1.181,9.143235522,2.137282716,9.389714225,-31.4875845535,1.77018350882,0.121612752641,-0.0541436821106,0.131530505486,-0.989832403902
1.182,9.143232993,2.137542086,9.389770803,-31.5415600951,1.77106897752,0.121616507219,-0.0541481834429,0.131530459904,-0.989832163726
1.183,9.143137983,2.137614357,9.38969474,-31.58897633,1.77092967496,0.121713817098,-0.0541494450251,0.131528816061,-0.989832313147
1.184,9.143178729,2.137253702,9.389652318,-31.633908541,1.77055820872,0.121682067403,-0.0541431837641,0.131529524063,-0.989832561574
1.185,9.143148883,2.137495435,9.389678282,-31.679197869,1.77047359665,0.121703026919,-0.0541473807589,0.131529005242,-0.989832400933
1.186,9.143126312,2.137583822,9.389676424,-31.7156068564,1.77086195706,0.121731672424,-0.054148916428,0.13152861416,-0.989832368892
1.187,9.143146098,2.137424863,9.389659505,-31.7445731106,1.77103369367,0.121713089928,-0.0541461557857,0.131528958128,-0.989832474203
1.188,9.143212853,2.137429183,9.389725491,-31.778021557,1.77075320044,0.121640601709,-0.0541462257922,0.131530112121,-0.98983231703
1.189,9.143206748,2.137373188,9.3897068,-31.8203596628,1.77081127681,0.12164446025,-0.0541452546751,0.131530006925,-0.989832384131
1.19,9.143301896,2.137481436,9.38982409,-31.8690099957,1.77096643753,0.121543928483,-0.05414712542,0.131531652347,-0.98983206315
1.191,9.143168508,2.137397918,9.389675192,-31.9160119063,1.77000996751,0.12168354937,-0.0541456870608,0.131529345591,-0.989832448357
1.192,9.143057054,2.137384041,9.389563506,-31.9530299469,1.76595127716,0.121799140085,-0.0541454548581,0.131527417497,-0.989832717263
1.193,9.143276314,2.137427797,9.38978697,-31.9833493286,1.75763090978,0.12158365772,-0.0541461963048,0.1315312099,-0.989832172769
1.194,9.143108392,2.137550779,9.389651452,-32.0139940515,1.74744745986,0.121745994132,-0.0541483443854,0.131528304376,-0.98983244135
1.195,9.143281909,2.137825712,9.389883005,-32.0457966872,1.73913496295,0.121563496875,-0.0541531009857,0.131531304013,-0.989831782536
1.196,9.143151849,2.137259163,9.389627387,-32.084180387,1.73423150797,0.121690727234,-0.0541432801407,0.131529058678,-0.989832618142
1.197,9.143225246,2.137499767,9.389753626,-32.1349522479,1.73445450413,0.121621270024,-0.0541474492675,0.131530325943,-0.98983222169
1.198,9.143117251,2.137674979,9.389688353,-32.1872023682,1.74126824763,0.121739430516,-0.0541504989755,0.131528456956,-0.989832303207
1.199,9.143139818,2.137753403,9.389728182,-32.2285179671,1.75267258093,0.121710744276,-0.0541518581272,0.131528846416,-0.9898321771
1.2,9.143245234,2.13785949,9.389854983,-32.263574578,1.76636195976,0.121601443699,-0.0541536906104,0.131530669132,-0.989831834642
1.201,9.14318591,2.137950428,9.389817922,-32.2999816614,1.78011921207,0.121666184437,-0.0541552729656,0.131529641774,-0.989831884587
1.202,9.143254199,2.137843653,9.389860108,-32.3353836614,1.7916472637,0.121592647942,-0.0541534145894,0.131530824555,-0.98983182909
1.203,9.143161997,2.137906389,9.38978461,-32.3642420487,1.80058009935,0.121683496284,-0.0541545114395,0.13152922873,-0.989831981136
1.204,9.143205925,2.138022569,9.389853838,-32.3894597955,1.8066174333,0.121645274085,-0.0541565233793,0.131529987461,-0.989831770239
1.205,9.143139694,2.138261237,9.389843693,-32.413326759,1.80994255788,0.121712015968,-0.0541606708433,0.131528839974,-0.989831695789
1.206,9.14312045,2.13832746,9.389840035,-32.4309299936,1.81161147224,0.121734345992,-0.0541618212308,0.131528507087,-0.989831677077
1.207,9.143046739,2.138381773,9.38978063,-32.4449308767,1.81234826436,0.121799084795,-0.0541627698029,0.131527231497,-0.989831794671
1.208,9.14305621,2.137967834,9.389695592,-32.4633052073,1.81203790256,0.121785429219,-0.0541555862971,0.131527398785,-0.989832165492
1.209,9.142999676,2.138486899,9.389758745,-32.4897478083,1.81021393903,0.121840684009,-0.0541645982915,0.131526416786,-0.989831802873
1.21,9.143063925,2.13846109,9.389815428,-32.5217553238,1.80682972607,0.121779206082,-0.0541641448424,0.131527528343,-0.989831679985
1.211,9.142854694,2.138742924,9.389675887,-32.5508088203,1.80233101341,0.121991830014,-0.0541690532144,0.131523906719,-0.989831892614
1.212,9.142900741,2.13889722,9.389755869,-32.5693444044,1.79696964856,0.121951858135,-0.0541717263524,0.131524702036,-0.989831640643
1.213,9.143002542,2.139365626,9.389961702,-32.5763438159,1.79103363865,0.121848929727,-0.0541798471414,0.131526459074,-0.989830962704
1.214,9.142987238,2.139365132,9.389946688,-32.5753386527,1.78553939152,0.121862813762,-0.0541798396046,0.131526194257,-0.989830998305
1.215,9.142843825,2.139827602,9.389912427,-32.5702997417,1.78094942711,0.122003217864,-0.0541878761459,0.13152370967,-0.989830888523
1.216,9.14292594,2.139577421,9.389935372,-32.5634479956,1.77730972142,0.121914094643,-0.0541835286661,0.13152513165,-0.989830937568
1.217,9.142797718,2.139381602,9.389765905,-32.5638517101,1.77452327113,0.122044023981,-0.0541801408023,0.13152291536,-0.989831417504
1.218,9.142828695,2.140006499,9.389938464,-32.5783172911,1.77327300763,0.122012685048,-0.0541909822014,0.131523446592,-0.989830753434
1.219,9.142892441,2.140080166,9.390017322,-32.6041828402,1.77431255151,0.121954994399,-0.054192255564,0.131524548332,-0.989830537326
1.22,9.142851257,2.14006907,9.389974693,-32.6377905176,1.776802983,0.12199530106,-0.0541920662707,0.131523835766,-0.989830642372
1.221,9.142923698,2.140589295,9.390163804,-32.6738513414,1.77997259744,0.121916809994,-0.0542010873434,0.131525084691,-0.989829982486
1.222,9.142777508,2.140298911,9.389955271,-32.709316679,1.78322496981,0.122065759741,-0.0541960610255,0.131522558004,-0.989830593438
1.223,9.142790081,2.140562639,9.390027629,-32.7426152649,1.78554649529,0.122046562055,-0.0542006362308,0.131522773836,-0.989830314243
1.224,9.142644445,2.140357813,9.389839137,-32.7693408215,1.78702396616,0.122189946527,-0.0541970933826,0.13152025623,-0.989830842756
1.225,9.142740239,2.140488766,9.389962259,-32.7888917338,1.78851213847,0.122095505758,-0.0541993586889,0.131521911972,-0.989830498716
1.226,9.142705277,2.14055891,9.389944208,-32.8025154102,1.79043045903,0.122128140251,-0.0542005780102,0.131521306667,-0.989830512379
1.227,9.142750355,2.14060868,9.389999445,-32.8146391148,1.79292606885,0.122082624522,-0.054201438789,0.131522086427,-0.989830361635
1.228,9.142682624,2.14060224,9.389932029,-32.8321929336,1.79630316602,0.122147402116,-0.0542013324776,0.131520914129,-0.989830523223
1.229,9.142775457,2.140309199,9.389955619,-32.860670851,1.80080768027,0.122056642978,-0.0541962390768,0.13152252286,-0.989830588359
1.23,9.142692419,2.140609434,9.389943206,-32.9016462224,1.805666821,0.122133526917,-0.0542014562907,0.131521084138,-0.989830493854
1.231,9.142726685,2.14068922,9.389994759,-32.9523333243,1.81007099423,0.122097626726,-0.0542028383919,0.13152167639,-0.989830339477
1.232,9.142716901,2.140685359,9.389984352,-33.0108230473,1.81363559437,0.122112562278,-0.0542027716148,0.131521506275,-0.989830365738
1.233,9.142634209,2.14060949,9.389886542,-33.0675927092,1.81620520987,0.122202251343,-0.0542014619438,0.131520077294,-0.989830627326
1.234,9.142656259,2.140932431,9.389981637,-33.1093762193,1.81810632315,0.122178822506,-0.0542070640876,0.131520455428,-0.989830270302
1.235,9.142720503,2.140714809,9.389994574,-33.1337494729,1.82015045156,0.122106798361,-0.0542032827717,0.131521569093,-0.9898303294
1.236,9.142709012,2.140268614,9.389881672,-33.1498243657,1.82253457433,0.122115165069,-0.0541955406753,0.131521373805,-0.989830779277
1.237,9.142640737,2.140435316,9.389853193,-33.1714428749,1.82512644201,0.122182319357,-0.0541984393013,0.131520191571,-0.989830777652
1.238,9.142576849,2.140739985,9.389860442,-33.2012189043,1.8279585505,0.122252153965,-0.0542037315527,0.131519084029,-0.989830635019
1.239,9.14248857,2.140866979,9.389803442,-33.2331764603,1.83074377899,0.122336791387,-0.054205942123,0.131517555901,-0.989830717006
1.24,9.142522334,2.140780299,9.389816554,-33.2674205619,1.83268543526,0.122314982976,-0.0542044350103,0.131518140034,-0.989830721925
1.241,9.142654404,2.140773456,9.389943586,-33.3092504529,1.83394165364,0.12217763963,-0.0542043053621,0.131520424743,-0.989830425455
1.242,9.142600537,2.141077514,9.389960463,-33.3579948454,1.83524126882,0.122231431722,-0.0542095865055,0.131519490688,-0.989830260348
1.243,9.142537294,2.14084854,9.389846678,-33.4061463561,1.83664977356,0.122294092436,-0.0542056180072,0.131518398473,-0.989830622803
1.244,9.142563421,2.140978263,9.389901695,-33.4483168652,1.83762821351,0.12226562497,-0.0542078669135,0.131518849285,-0.989830439746
1.245,9.142503677,2.140919909,9.389830219,-33.4801375467,1.83808357973,0.122327912842,-0.0542068592364,0.131517816266,-0.989830632187
1.246,9.142518111,2.140822417,9.389822045,-33.5059902102,1.83793474978,0.122320276621,-0.0542051667452,0.131518067052,-0.989830691551
1.247,9.142550794,2.14131149,9.389965384,-33.5326067336,1.83700462255,0.122287586552,-0.0542136509777,0.131518628555,-0.989830152294
1.248,9.14255532,2.141164031,9.389936165,-33.5603473677,1.83596775967,0.122278257658,-0.0542110920598,0.131518707963,-0.989830281894
1.249,9.142593161,2.141518954,9.390053948,-33.5919792249,1.8359417387,0.122239256706,-0.0542172470787,0.131519359275,-0.989829858236
1.25,9.142594747,2.141472965,9.390045004,-33.6284217984,1.83649893769,0.122241240741,-0.0542164489524,0.131519387374,-0.989829898219
1.251,9.142585443,2.141560272,9.390055856,-33.6685029841,1.83685508415,0.122246893561,-0.0542179652253,0.131519225658,-0.989829836653
1.252,9.142352457,2.141616049,9.389841732,-33.7121078292,1.83658160303,0.12247667297,-0.0542189523338,0.131515195101,-0.989830318118
1.253,9.142529851,2.141700168,9.390033636,-33.7583512998,1.83590095336,0.122301283315,-0.0542203974773,0.131518262395,-0.989829831412
1.254,9.14251955,2.141841098,9.390055751,-33.7993806535,1.83567581466,0.122314730254,-0.0542228438689,0.131518083571,-0.989829721162
1.255,9.142528088,2.141885589,9.390074212,-33.8258164283,1.83643467889,0.122300918917,-0.0542236151297,0.131518230847,-0.989829659344
1.256,9.142614835,2.142206892,9.390231967,-33.8419449061,1.83806629689,0.12221689971,-0.0542291834128,0.131519728988,-0.989829155235
1.257,9.142560349,2.142252176,9.390189249,-33.8568295307,1.83938716039,0.122276529226,-0.0542299745775,0.131518786183,-0.989829237161
1.258,9.142543954,2.142472482,9.390223548,-33.870313886,1.83957090306,0.122289758585,-0.0542337982781,0.13151850046,-0.989829065628
1.259,9.142487539,2.14209083,9.390081551,-33.8807531473,1.83939089289,0.122343922358,-0.0542271806058,0.131517527883,-0.98982955742
1.26,9.142496439,2.142219135,9.390119486,-33.8959851243,1.83966809003,0.122344789098,-0.0542294063944,0.131517680777,-0.989829415165
1.261,9.142411903,2.142257123,9.390045845,-33.9214347375,1.84020491544,0.1224319713,-0.0542300719404,0.13151621841,-0.989829573004
1.262,9.142463677,2.142128762,9.390066971,-33.9559373545,1.84058559993,0.122379062024,-0.0542278403141,0.131517114465,-0.989829576209
1.263,9.142429328,2.142266436,9.390064936,-33.9973580052,1.84068380562,0.122409696363,-0.0542302319728,0.131516519599,-0.989829524218
1.264,9.142457799,2.142201117,9.390077755,-34.0362216383,1.84107655644,0.122376214211,-0.0542290968425,0.131517012369,-0.989829520934
1.265,9.142580862,2.14273567,9.390319535,-34.0590344609,1.84213113753,0.122248133969,-0.0542383623879,0.131519137,-0.989828730967
1.266,9.142533944,2.142478549,9.390215186,-34.06449771,1.8432339501,0.122300900122,-0.0542339048012,0.131518327463,-0.989829082777
1.267,9.142551247,2.142415356,9.390217616,-34.0622320689,1.84349551829,0.122281468198,-0.0542328059692,0.131518626946,-0.98982910319
1.268,9.14248985,2.142631518,9.390207158,-34.0525537291,1.84306709356,0.122348905924,-0.054236562606,0.131517563026,-0.98982903872
1.269,9.142440656,2.142706887,9.39017646,-34.0300132879,1.84245677464,0.122398578794,-0.0542378745215,0.131516711196,-0.989829080015
1.27,9.142453271,2.14282282,9.390215197,-33.9991633577,1.8417512875,0.122389305758,-0.0542398854548,0.131516928609,-0.989828940936
1.271,9.142499981,2.143178236,9.390341786,-33.9690309259,1.84124031137,0.12233935661,-0.0542460489862,0.131517734238,-0.98982849613
1.272,9.142354071,2.143147251,9.390192655,-33.9453954433,1.84164473639,0.122468575271,-0.054245523793,0.131515210006,-0.989828860301
1.273,9.142421147,2.143131928,9.390254463,-33.9364025104,1.84258677548,0.122410883866,-0.0542452519595,0.131516370943,-0.989828720948
1.274,9.142401991,2.14325261,9.390263357,-33.9460114487,1.84331081437,0.122433592672,-0.0542473477525,0.131516037772,-0.989828650359
1.275,9.142422296,2.143298383,9.390293573,-33.9714044882,1.84333649784,0.122409093114,-0.0542481409144,0.131516389489,-0.989828560157
1.276,9.142230552,2.143098405,9.390061248,-34.0097971501,1.8429596858,0.122608129181,-0.0542446861696,0.131513073918,-0.989829190018
1.277,9.142267616,2.143258879,9.39013396,-34.0581720212,1.84283499652,0.122563642707,-0.0542474678818,0.131513713467,-0.989828952597
1.278,9.142197272,2.142928298,9.389990024,-34.1155044878,1.84330866759,0.122642807234,-0.0542417372615,0.131512500153,-0.989829427852
1.279,9.142278153,2.143446227,9.390186982,-34.1807906609,1.84461037189,0.122543653001,-0.0542507180384,0.131513894976,-0.989828750351
1.28,9.142456308,2.14304354,9.390268524,-34.2512916714,1.84681256448,0.122362367227,-0.0542437149982,0.131516979553,-0.989828724312
1.281,9.142369728,2.143349697,9.390254105,-34.3268342416,1.84932111937,0.122452818229,-0.0542490347326,0.131515479348,-0.989828632099
1.282,9.142291481,2.143168137,9.390136484,-34.4016683662,1.85150663668,0.122532325498,-0.0542458910846,0.131514127062,-0.989828984059
1.283,9.142384729,2.143518604,9.390307265,-34.4710765222,1.85349181674,0.122438322924,-0.0542519647538,0.131515737504,-0.98982843721
1.284,9.142326976,2.143420907,9.390228737,-34.5388316961,1.85493773388,0.122506757028,-0.0542502745484,0.131514739584,-0.989828662438
1.285,9.142283592,2.143489733,9.390202208,-34.6072927345,1.85577804785,0.122543200528,-0.0542514720028,0.131513987985,-0.989828696669
1.286,9.142361558,2.143436482,9.39026596,-34.6730863473,1.85685512816,0.122460236952,-0.0542505423441,0.131515337278,-0.989828568347
1.287,9.142300115,2.143525159,9.390226382,-34.7342362638,1.85889200972,0.122517397889,-0.0542520853909,0.131514273999,-0.989828625048
1.288,9.142329835,2.143432029,9.390234059,-34.7907130407,1.86145265272,0.122487575422,-0.0542504671254,0.13151478863,-0.989828645367
1.289,9.142137003,2.143613549,9.390087754,-34.8368058951,1.86354645997,0.122686946353,-0.0542536326653,0.131511451628,-0.989828915234
1.29,9.142334652,2.143522246,9.390259342,-34.8679362459,1.86496784908,0.12249092036,-0.0542520322644,0.131514871205,-0.989828548612
1.291,9.142307893,2.14381635,9.390300429,-34.8929106704,1.86642139463,0.122514990091,-0.054257137969,0.131514406144,-0.989828330548
1.292,9.142252657,2.143935296,9.390273808,-34.9196459103,1.86843703973,0.122565607159,-0.054259206647,0.131513449678,-0.989828344233
1.293,9.142184748,2.143464092,9.390100121,-34.9508966472,1.87088482434,0.122633344347,-0.0542510352422,0.131512278621,-0.989828947721
1.294,9.142285188,2.144016461,9.390324012,-34.9835984043,1.87333802049,0.122528573611,-0.0542606125126,0.131514011192,-0.989828192562
1.295,9.142252571,2.144608218,9.390427385,-35.0057097443,1.87568641784,0.122554316266,-0.0542708841443,0.131513442493,-0.989827704996
1.296,9.142326486,2.144221654,9.390411071,-35.014847267,1.87803176637,0.122490719786,-0.0542641700062,0.131514724369,-0.989827902783
1.297,9.142231611,2.14442263,9.390364596,-35.0162580183,1.88024579862,0.122583637704,-0.0542676650186,0.13151308096,-0.989827929526
1.298,9.142312862,2.14443722,9.390447032,-35.0175574076,1.88288409961,0.122496066635,-0.0542679116002,0.131514486429,-0.989827729269
1.299,9.142329718,2.144593633,9.390499162,-35.0272293447,1.88630646953,0.122484652711,-0.0542706249577,0.131514776698,-0.989827541937
1.3,9.142162853,2.144289008,9.390267141,-35.048587003,1.88959051553,0.12265096237,-0.0542653521104,0.131511893111,-0.989828214152
1.301,9.142139036,2.14481298,9.390363618,-35.077187574,1.8917933246,0.12266733002,-0.0542744465737,0.131511476257,-0.989827770909
1.302,9.142116176,2.144617954,9.390296819,-35.1012777871,1.89343552691,0.122688866857,-0.0542710643839,0.131511082854,-0.989828008624
1.303,9.142153413,2.144932361,9.390404882,-35.1168432653,1.89540625077,0.122653343086,-0.0542765175941,0.131511724215,-0.989827624403
1.304,9.142007327,2.144989782,9.390275776,-35.1300656554,1.89774618623,0.122802684056,-0.0542775260202,0.131509196702,-0.989827904917
1.305,9.14208894,2.1452305,9.390410219,-35.1471880999,1.90074411284,0.122714895792,-0.0542816965873,0.131510606594,-0.989827488893
1.306,9.142114053,2.145064188,9.390396676,-35.172991847,1.90409112299,0.122702159194,-0.0542788084515,0.131511042864,-0.989827589309
1.307,9.142045209,2.144834356,9.390277153,-35.2095107208,1.9069322931,0.122764319633,-0.0542748253051,0.131509853488,-0.989827965746
1.308,9.142064058,2.145380429,9.390420248,-35.2529562949,1.90933194586,0.122737460375,-0.0542842998237,0.13151017535,-0.989827403426
1.309,9.142067124,2.145292104,9.390403054,-35.2915303853,1.91172692884,0.122743793836,-0.0542827667267,0.131510228334,-0.989827480463
1.31,9.142037609,2.145329904,9.390382955,-35.3158432257,1.9136575567,0.122772900079,-0.0542834254393,0.131509718408,-0.989827512088
1.311,9.142125205,2.145510168,9.390509419,-35.3318283646,1.91607122772,0.122682271554,-0.0542865464943,0.131511232009,-0.989827139821
1.312,9.141965133,2.145546775,9.390361945,-35.3506518912,1.92071164038,0.122841354398,-0.0542871945704,0.131508462889,-0.989827472186
1.313,9.141980784,2.145579266,9.390384605,-35.3777746605,1.92637997633,0.122836913568,-0.0542877574969,0.131508732544,-0.989827405486
1.314,9.142089003,2.145365372,9.390441093,-35.4160534623,1.93153741443,0.122721997773,-0.054284036697,0.131510606127,-0.989827360622
1.315,9.142020911,2.145840346,9.390483328,-35.4605162171,1.93606164316,0.122789684079,-0.0542922851359,0.131509425064,-0.989827065145
1.316,9.142085003,2.145881368,9.390555097,-35.5028856693,1.93933803844,0.122725283327,-0.0542929908933,0.131510533511,-0.989826879164
1.317,9.142080091,2.14570632,9.390510316,-35.5453763521,1.941364908,0.12273261289,-0.054289954172,0.131510449379,-0.989827056904
1.318,9.142003188,2.145658514,9.390424524,-35.5874735092,1.94273955232,0.122802378927,-0.0542891310693,0.131509120127,-0.989827278656
1.319,9.141945616,2.145592636,9.390353423,-35.6196870836,1.94361562741,0.122871230789,-0.0542879927801,0.131508124354,-0.989827473386
1.32,9.142058575,2.145887404,9.390530749,-35.6416058521,1.94377020001,0.122755432438,-0.0542930986526,0.131510075469,-0.98982693411
1.321,9.141929852,2.145906093,9.390409702,-35.6605662419,1.94325150248,0.122887791955,-0.0542934330596,0.131507848746,-0.989827211611
1.322,9.141884412,2.145809536,9.3903434,-35.683125392,1.94232488567,0.122928490692,-0.0542917617468,0.131507064286,-0.989827407506
1.323,9.141946806,2.146442228,9.39054874,-35.7120373577,1.94117429868,0.12286877588,-0.0543027349716,0.131508137867,-0.989826662931
1.324,9.141992403,2.145934039,9.390476984,-35.7467900964,1.94020546977,0.122823437176,-0.0542939125989,0.131508930912,-0.98982704153
1.325,9.142023538,2.146222849,9.390573299,-35.786377154,1.9396905039,0.122796822067,-0.0542989217719,0.131509467533,-0.989826695459
1.326,9.14195472,2.146542216,9.3905793,-35.8249461502,1.93933091726,0.122868795309,-0.0543044696656,0.131508274148,-0.989826549657
1.327,9.141878083,2.146699583,9.390540665,-35.8581217236,1.93850439946,0.122954591854,-0.0543072071154,0.131506947534,-0.989826575722
1.328,9.141943517,2.146365457,9.390527991,-35.8892197188,1.93761480755,0.122872364788,-0.054301402987,0.131508081368,-0.98982674351
1.329,9.141924945,2.14675388,9.390598698,-35.9223270537,1.93787483295,0.122889136531,-0.0543081453275,0.13150775689,-0.989826416716
1.33,9.142003784,2.147127737,9.390760923,-35.953481707,1.93949620109,0.122807645405,-0.0543146266074,0.131509118066,-0.989825880245
1.331,9.141969787,2.147138266,9.390730233,-35.9796421,1.94200674397,0.122841710839,-0.0543148117645,0.131508529627,-0.989825948265
1.332,9.142009925,2.147487925,9.390849262,-35.9997421585,1.94469876071,0.122800613017,-0.0543208767013,0.131509220595,-0.989825523642
1.333,9.141920426,2.147271995,9.390712758,-36.010073142,1.94686896544,0.122893792274,-0.0543171364166,0.131507674241,-0.989825934348
1.334,9.141914219,2.147258749,9.390703687,-36.0173912136,1.94867974026,0.122896941162,-0.0543169074829,0.131507567011,-0.989825961157
1.335,9.141848143,2.147040437,9.390589444,-36.0303956004,1.95013311946,0.12296882226,-0.0543131239093,0.131506426457,-0.989826320307
1.336,9.141762013,2.147235812,9.390550268,-36.0462163503,1.94981158038,0.123052046493,-0.0543165220185,0.131504934633,-0.989826332042
1.337,9.141811167,2.147585313,9.390678042,-36.055344868,1.9460257143,0.122996572549,-0.054322582281,0.131505782059,-0.989825886881
1.338,9.141850685,2.147875856,9.390782962,-36.0575721227,1.93862835894,0.122954536525,-0.0543276209279,0.131506463774,-0.989825519771
1.339,9.14183657,2.147968914,9.390790506,-36.0633544257,1.92986848508,0.122970135677,-0.0543292372658,0.13150621844,-0.98982546365
1.34,9.141768876,2.148259831,9.390791153,-36.0746526972,1.92234356013,0.123042012252,-0.0543342914498,0.131505045138,-0.989825342106
1.341,9.141720507,2.148190861,9.390728289,-36.0793619065,1.9169990106,0.123089656096,-0.054333098713,0.131504209376,-0.989825518615
1.342,9.141865219,2.147975368,9.390819871,-36.0755779172,1.91413652665,0.122940697816,-0.0543293472301,0.131506713709,-0.989825391814
1.343,9.141734138,2.148162422,9.390735054,-36.0762395049,1.91434956672,0.123070568445,-0.0543326036021,0.131504444768,-0.989825514519
1.344,9.14168202,2.148103839,9.390670916,-36.0880576981,1.91735106833,0.123126052184,-0.0543315909258,0.131503544096,-0.989825689764
1.346,9.141765422,2.148623214,9.390870925,-36.1456341241,1.92643967365,0.123033262358,-0.0543405974205,0.131504982381,-0.989825004271
1.347,9.141727319,2.148101631,9.390714509,-36.18191029,1.93188689405,0.123079378955,-0.0543315494185,0.131504327649,-0.989825587943
1.348,9.141720925,2.148380619,9.390772106,-36.2205208797,1.93651163011,0.123089251131,-0.0543363910748,0.131504214591,-0.989825337193
1.349,9.14160254,2.148110662,9.390595104,-36.2616056103,1.94003647451,0.123208553493,-0.0543317163433,0.13150216899,-0.989825865569
1.35,9.141647209,2.148708747,9.390775419,-36.3027244747,1.94278184251,0.123164871839,-0.0543420910208,0.131502936988,-0.989825194015
1.351,9.141601091,2.148503112,9.390683475,-36.3400326128,1.94536091841,0.123214850013,-0.0543385270513,0.131502140485,-0.989825495492
1.352,9.141736138,2.14864137,9.390846572,-36.37176103,1.94837114774,0.12306717915,-0.0543409149222,0.131504475875,-0.989825054133
1.353,9.141691068,2.148526514,9.39077642,-36.3998025581,1.95176857133,0.12311772681,-0.0543389252637,0.131503697087,-0.989825266829
1.354,9.141619415,2.148423376,9.39068307,-36.4316655116,1.95512657355,0.123189947771,-0.0543371417085,0.131502457894,-0.989825529373
1.355,9.14167098,2.148607339,9.390775356,-36.4696030769,1.95799772248,0.123139838581,-0.0543403296819,0.131503349015,-0.989825235972
1.356,9.141683332,2.148398497,9.390739601,-36.5058554712,1.96060704176,0.123122693101,-0.0543367042726,0.131503563702,-0.989825406475
1.357,9.14163347,2.148420464,9.390696087,-36.5341525261,1.96336495093,0.123172933916,-0.0543370896557,0.131502701938,-0.989825499808
1.358,9.141621434,2.148526478,9.390708624,-36.55677288,1.96540324683,0.123189318505,-0.0543389299408,0.131502492217,-0.989825426645
1.359,9.141612444,2.148642973,9.390726527,-36.5802203833,1.96650617442,0.123186631929,-0.0543409523395,0.13150233595,-0.989825336379
1.36,9.141687019,2.148320266,9.390725293,-36.6071200408,1.96773281761,0.123118954558,-0.0543353464399,0.131503628351,-0.989825472423
1.361,9.14158504,2.148424925,9.390649961,-36.6338987661,1.96871241664,0.12323015258,-0.0543371716211,0.131501863223,-0.989825606735
1.362,9.14164846,2.148393014,9.390704399,-36.6539234827,1.9691159381,0.123156040435,-0.0543366120875,0.131502961258,-0.989825491573
1.363,9.141476456,2.148663901,9.390598934,-36.6584555516,1.96953186584,0.123334167833,-0.0543413274508,0.131499983765,-0.98982562828
1.364,9.141626529,2.14820313,9.39063961,-36.6489323296,1.96981558278,0.123177633694,-0.0543333189796,0.131502583138,-0.989825722578
1.365,9.141643564,2.14857432,9.390741114,-36.6365411132,1.96992747224,0.123162200282,-0.0543397587377,0.131502875139,-0.989825330273
1.366,9.14163285,2.148900636,9.390805349,-36.6248817601,1.97022181243,0.123166839842,-0.0543454218471,0.13150268668,-0.989825044399
1.367,9.141660992,2.148752659,9.390798884,-36.6213372111,1.97058678061,0.123142662881,-0.0543428522803,0.131503174494,-0.989825120667
1.368,9.141600924,2.149120725,9.390824636,-36.6308817299,1.97025333943,0.12321468469,-0.0543492439277,0.131502132367,-0.989824908187
1.369,9.141613947,2.149291485,9.390876394,-36.6376658566,1.96906391114,0.123193605407,-0.0543522066173,0.131502356668,-0.989824715708
1.37,9.141658805,2.14935559,9.390934733,-36.6295432767,1.96811356944,0.123149764678,-0.05435331544,0.131503131553,-0.989824551874
1.371,9.14165972,2.149621381,9.39099646,-36.6128238828,1.96827955429,0.123142641933,-0.054357927543,0.13150314525,-0.989824296783
1.372,9.14168676,2.149414817,9.390975502,-36.5983720986,1.96895121549,0.123115436715,-0.0543543407984,0.131503614571,-0.989824431397
1.373,9.14159693,2.149780101,9.39097167,-36.5905444564,1.9692892238,0.123206208335,-0.0543606870547,0.131502058282,-0.989824289645
1.374,9.141553115,2.149588463,9.390885151,-36.5941760793,1.96933231569,0.123240925037,-0.0543573652963,0.131501301457,-0.989824572615
1.375,9.141601018,2.149685303,9.390953949,-36.6164300609,1.96962474004,0.123202241964,-0.0543590408976,0.131502129477,-0.989824370591
1.376,9.141498443,2.149996391,9.390925314,-36.6541373789,1.96973265893,0.123310767326,-0.0543644481416,0.131500352826,-0.989824309655
1.377,9.141568171,2.149977734,9.39098892,-36.6988911111,1.96946058923,0.123242879969,-0.054364118324,0.131501559027,-0.989824167523
1.378,9.141466272,2.149847383,9.390859884,-36.7489883051,1.96969722686,0.123337049713,-0.0543618653686,0.131499797832,-0.989824525239
1.379,9.141426416,2.14976062,9.390801225,-36.8034499044,1.9705443965,0.123383232564,-0.0543603623019,0.131499108477,-0.989824699369
1.38,9.141526837,2.149681881,9.390880954,-36.8579752225,1.97327235464,0.123270453044,-0.0543589875839,0.131500846274,-0.989824543997
1.381,9.141542468,2.149898259,9.390945704,-36.9133327225,1.98043687081,0.123240976221,-0.0543627419857,0.131501115112,-0.98982430209
1.382,9.141448834,2.14985801,9.390845342,-36.9713104577,1.99087464535,0.123334538455,-0.0543620507878,0.131499495673,-0.989824555198
1.383,9.141469696,2.150136626,9.390929438,-37.0301334121,2.00119176551,0.123316853396,-0.0543668840047,0.131499853687,-0.989824242178
1.384,9.141493875,2.150132593,9.390952052,-37.0890944434,2.00912974355,0.123300668122,-0.0543668115178,0.131500272393,-0.989824190534
1.385,9.141469819,2.150069178,9.390914115,-37.1502425806,2.01441048293,0.123321736927,-0.0543657139017,0.131499856686,-0.989824306048
1.386,9.141428513,2.150223429,9.390909224,-37.2146631512,2.01791961271,0.123365090043,-0.0543683937183,0.131499140624,-0.989824253986
1.387,9.141510384,2.150035041,9.390945787,-37.2822918107,2.02020208332,0.123281571275,-0.0543651179209,0.131500559278,-0.989824245441
1.388,9.141446774,2.149875464,9.390847332,-37.3540437861,2.02048564806,0.123344059197,-0.0543623535991,0.131499459557,-0.989824543365
1.389,9.141426689,2.150421687,9.390952845,-37.4197405702,2.01821297782,0.123358857413,-0.05437183413,0.131499108052,-0.989824069335
1.39,9.141419714,2.150427116,9.390947299,-37.4654895746,2.01465104411,0.123364723945,-0.0543719291754,0.13149898713,-0.989824080179
1.391,9.141376535,2.150314091,9.390879387,-37.4993195816,2.01134446036,0.12341691002,-0.0543699711974,0.131498241605,-0.989824286774
1.392,9.141343932,2.150145948,9.39080915,-37.5328636911,2.00808501582,0.123447688402,-0.0543670565965,0.13149767859,-0.989824521662
1.393,9.141351206,2.150430266,9.390881333,-37.5629760176,2.00522807381,0.123437083019,-0.0543719892729,0.131497802364,-0.989824234274
1.394,9.141340146,2.150355987,9.390853557,-37.58973122,2.00367879058,0.123452099139,-0.0543707011631,0.131497611362,-0.989824330405
1.395,9.141379282,2.150603996,9.390948447,-37.6198521266,2.00366067876,0.123413850838,-0.0543750012574,0.131498286791,-0.989824004462
1.396,9.141324581,2.150909028,9.390965059,-37.6502354285,2.00475636386,0.123467640056,-0.0543802994689,0.13149733787,-0.98982383946
1.397,9.141444387,2.1513946,9.391192906,-37.665861193,2.00651941724,0.123343541518,-0.0543887160111,0.131499405895,-0.989823102286
1.398,9.141238931,2.151229206,9.390955026,-37.6605055733,2.00851285369,0.123547027203,-0.0543858629264,0.131495853153,-0.989823731034
1.399,9.14126544,2.151731336,9.391095868,-37.6380028608,2.01026428125,0.123524151587,-0.0543945741532,0.131496308132,-0.989823191914
1.4,9.141288971,2.151562361,9.391080057,-37.5997195747,2.01117472349,0.123508244688,-0.0543916403442,0.131496716168,-0.989823298926
1.401,9.141278958,2.15187442,9.391141811,-37.5514155088,2.0116269636,0.123519219228,-0.0543970562117,0.131496540548,-0.989823024636
1.402,9.141252105,2.151993456,9.391142949,-37.4991308956,2.01216797218,0.123543910712,-0.0543991234605,0.131496074833,-0.989822972895
1.403,9.14120878,2.152115224,9.391128681,-37.4493057455,2.01269869029,0.123593355715,-0.0544012398685,0.131495324726,-0.989822956228
1.404,9.141177451,2.15233403,9.39114833,-37.4136635249,2.01283135764,0.123614056616,-0.0544050398112,0.131494780194,-0.989822819713
1.405,9.14119642,2.152352498,9.391171027,-37.4000500186,2.01316528347,0.123589322324,-0.0544053588036,0.131495108614,-0.98982275855
1.406,9.141114028,2.152219192,9.391060277,-37.4119606677,2.01472220966,0.123666231511,-0.0544030526983,0.131493684096,-0.989823074544
1.407,9.14117434,2.152210389,9.391116966,-37.4473158719,2.01727870899,0.123612120695,-0.0544028949095,0.131494727449,-0.989822944611
1.408,9.141154748,2.152551076,9.391175979,-37.4974524217,2.0195842874,0.123635258003,-0.0544088081136,0.131494385967,-0.989822664955
1.409,9.141051922,2.152197211,9.390994787,-37.5573944602,2.02122413719,0.123741243579,-0.0544026762219,0.131492610241,-0.989823237892
1.41,9.141069063,2.152148305,9.391000263,-37.6284903894,2.02301009608,0.12372445963,-0.0544018261871,0.131492906965,-0.989823245194
1.411,9.140997527,2.152432475,9.390995759,-37.7066307201,2.02629804076,0.12378388745,-0.0544067628486,0.131491667353,-0.989823138532
1.412,9.141123195,2.152314441,9.391091029,-37.7804218779,2.03101936196,0.123661156274,-0.054404704019,0.13149384219,-0.98982296278
1.413,9.14108618,2.152392036,9.391072784,-37.8436680787,2.03558833499,0.123707210084,-0.0544060542868,0.13149320096,-0.989822973747
1.414,9.14122068,2.15232464,9.391188257,-37.8963344865,2.03871862643,0.12357942495,-0.0544048730185,0.13149552876,-0.989822729436
1.415,9.141263525,2.152267744,9.391216922,-37.940712939,2.0404257801,0.123528173589,-0.0544038823296,0.131496270417,-0.98982268536
1.416,9.141068125,2.152010579,9.390967788,-37.9763683385,2.04116034615,0.123730822858,-0.0543994363221,0.131492892505,-0.989823378461
1.417,9.141099985,2.152157526,9.391032475,-37.9998364309,2.04065290078,0.123704863512,-0.054401982811,0.131493442473,-0.989823165446
1.418,9.141215758,2.152490026,9.391221371,-38.0170521931,2.03955137477,0.123576764117,-0.0544077435045,0.131495441855,-0.989822583203
1.419,9.140954227,2.152040814,9.39086385,-38.0380744825,2.03862217088,0.123845106807,-0.0543999699251,0.131490922262,-0.989823610869
1.42,9.141057642,2.152082219,9.390974002,-38.0685547769,2.03740801749,0.123746304836,-0.054400679813,0.131492710205,-0.989823334337
1.421,9.140984414,2.152389891,9.390973235,-38.1083578396,2.03573099512,0.123825088451,-0.0544060251129,0.131491441296,-0.989823209112
1.422,9.141054328,2.152327824,9.391027063,-38.1516622772,2.03393252249,0.123752043394,-0.054404942729,0.13149265114,-0.989823107885
1.423,9.141109503,2.152118978,9.391032906,-38.2001920748,2.03276201629,0.123693298914,-0.0544013137908,0.131493606827,-0.989823180382
1.424,9.141168543,2.152297141,9.391131205,-38.2598685779,2.0328641085,0.123627076181,-0.0544044000458,0.131494626429,-0.989822875304
1.425,9.141108312,2.152353963,9.3910856,-38.3271954711,2.03360988184,0.123690720547,-0.0544053916127,0.131493584645,-0.989822959201
1.426,9.141183761,2.152075202,9.391095156,-38.3974210621,2.03400815078,0.123611610238,-0.0544005474424,0.131494891479,-0.989823051839
1.427,9.141209427,2.152312543,9.391174531,-38.4704616648,2.03417537023,0.123585333697,-0.0544046642643,0.131495334165,-0.989822766761
1.428,9.141132854,2.152210981,9.39107672,-38.5405482893,2.0345667018,0.123664730429,-0.0544029084039,0.1314940099,-0.989823039193
1.429,9.141124472,2.15227992,9.391084361,-38.5994627465,2.03552991555,0.123676558367,-0.0544041052805,0.131493864719,-0.989822992696
1.43,9.141007267,2.152960949,9.391126381,-38.6418468309,2.03670280833,0.123792717603,-0.054415932552,0.131491831328,-0.989822612683
1.431,9.141021754,2.15262256,9.391062911,-38.6708974396,2.03772608721,0.123776875907,-0.0544100595763,0.131492085497,-0.98982290177
1.432,9.141073821,2.152503634,9.391086332,-38.703970246,2.03879196073,0.123722057469,-0.054407991765,0.131492986531,-0.989822895737
1.433,9.141017661,2.153166403,9.391183602,-38.7430332224,2.04008091848,0.123773689997,-0.0544194976037,0.131492009492,-0.989822393018
1.434,9.141016534,2.153335018,9.391221166,-38.7708252461,2.04185853545,0.123768815761,-0.0544224233894,0.131491988808,-0.989822234905
1.435,9.141034711,2.153172616,9.391201622,-38.7903836266,2.04407667401,0.123752974579,-0.0544196034046,0.131492304755,-0.989822347977
1.436,9.140969426,2.153417596,9.391194247,-38.809596644,2.04607012995,0.123824848572,-0.0544238599012,0.131491173512,-0.989822264228
1.437,9.141030399,2.153561896,9.391286685,-38.8227823912,2.04778127721,0.123759760792,-0.0544263590164,0.131492226433,-0.989821986941
1.438,9.140973007,2.153779144,9.391280643,-38.8279015057,2.04951509589,0.123817553388,-0.054430133664,0.131491232475,-0.989821911422
1.439,9.141018015,2.154169242,9.391413923,-38.8212216653,2.05072407833,0.123777754172,-0.0544368990435,0.131492007345,-0.989821436435
1.44,9.140931318,2.154173895,9.391330605,-38.8037897672,2.05125931765,0.12385160006,-0.0544369877741,0.13149050806,-0.989821630726
1.441,9.140987964,2.154491501,9.391458598,-38.7895754254,2.05192938721,0.123796210599,-0.0544424944013,0.13149148451,-0.989821198149
1.442,9.14109469,2.154579357,9.391582632,-38.7847752022,2.05294266,0.123693201069,-0.0544440098542,0.131493329787,-0.989820869659
1.443,9.140943921,2.154744531,9.39147378,-38.7808289221,2.05403347753,0.123847958009,-0.0544468889164,0.131490720769,-0.989821057888
1.444,9.140957182,2.154694302,9.391475163,-38.7686446592,2.05546214072,0.123828736195,-0.0544460162401,0.131490950482,-0.989821075375
1.445,9.140941953,2.154675843,9.391456105,-38.7507183873,2.05705054718,0.1238511939,-0.0544456971421,0.131490686939,-0.989821127937
1.446,9.140902047,2.154726923,9.391428984,-38.7407105215,2.0590734065,0.123883866208,-0.0544465867453,0.131489996994,-0.989821170658
1.447,9.140960128,2.155179302,9.391589316,-38.7455704892,2.06293074493,0.123824188628,-0.0544544316928,0.131490997749,-0.989820606161
1.448,9.141048254,2.154993342,9.391632418,-38.7633257205,2.06849990443,0.123732223886,-0.0544511978578,0.131492523629,-0.989820581359
1.449,9.140861441,2.154944601,9.391439406,-38.7941558608,2.07397202518,0.12392329499,-0.0544503673546,0.131489292789,-0.98982105624
1.45,9.140862693,2.154855806,9.391420251,-38.8380135589,2.07821382899,0.123914529066,-0.0544488264636,0.131489315075,-0.989821138044
1.451,9.140915956,2.154878625,9.391477328,-38.8924061719,2.08151660611,0.123876167749,-0.0544492180812,0.131490235751,-0.989820994197
1.452,9.140956142,2.154934219,9.391529198,-38.95317555,2.08439185723,0.123830508541,-0.0544501791693,0.131490930439,-0.989820849043
1.453,9.140830138,2.154934816,9.391406693,-39.0155960339,2.08691241867,0.123953265652,-0.054450200027,0.131488751282,-0.98982113738
1.454,9.140948354,2.155176348,9.391577179,-39.0764079085,2.08880999869,0.123837548314,-0.0544543813279,0.131490793622,-0.989820636048
1.455,9.140913965,2.154845879,9.391467877,-39.1378449725,2.08982940008,0.123866788985,-0.0544486497036,0.131490201962,-0.989821029951
1.456,9.140840484,2.154846977,9.391396608,-39.2063912495,2.09006570056,0.123947724276,-0.0544486753758,0.131488930488,-0.989821197444
1.457,9.140898559,2.155078116,9.39150617,-39.279182948,2.08994717618,0.123882133606,-0.0544526810229,0.131489933767,-0.989820843813
1.458,9.140868597,2.155066702,9.391474389,-39.3483873815,2.08974377923,0.123914918984,-0.0544524850496,0.131489415335,-0.989820923464
1.459,9.140877055,2.155341962,9.391545789,-39.4103973135,2.08985908588,0.123910869177,-0.0544572616846,0.131489559393,-0.989820641541
1.46,9.14088124,2.15521841,9.391521509,-39.4639610854,2.09009803437,0.12390658522,-0.0544551167519,0.131489632636,-0.989820749817
1.461,9.140832087,2.155406805,9.391516902,-39.5075816657,2.08988374644,0.123956835471,-0.054458389891,0.131488780711,-0.989820682911
1.462,9.140814107,2.155240541,9.391461246,-39.5385372356,2.08939094748,0.123970831624,-0.0544555064421,0.131488471087,-0.98982088268
1.463,9.140925017,2.155253111,9.39157208,-39.5634252342,2.08938384551,0.12385588364,-0.0544557150643,0.131490389997,-0.989820616291
1.464,9.140914519,2.155313102,9.39157563,-39.5861772076,2.09003320859,0.123866095915,-0.0544567576858,0.131490207899,-0.989820583121
1.465,9.140881861,2.155376247,9.391558335,-39.5973348601,2.09113291099,0.1238913774,-0.0544578564753,0.131489641699,-0.989820597883
1.466,9.140904039,2.155662473,9.391645614,-39.5883692175,2.0925071645,0.123876556182,-0.0544628208614,0.131490023639,-0.989820274003
1.467,9.140878975,2.15578261,9.391648796,-39.5573080705,2.09359482287,0.123907718648,-0.0544649081022,0.13148958858,-0.989820216949
1.468,9.140825678,2.155733718,9.391585699,-39.5165487602,2.09444529868,0.123956468744,-0.0544640638221,0.131488666815,-0.989820385854
1.469,9.140864278,2.155437934,9.391555379,-39.4891812074,2.09537217944,0.12392640898,-0.054458928306,0.131489336923,-0.9898205794
1.47,9.140802458,2.155757039,9.391568452,-39.4856744588,2.09606031146,0.123985071299,-0.0544644708746,0.131488265678,-0.989820416743
1.471,9.140933654,2.156263711,9.391812459,-39.4981857115,2.09687303258,0.123838092653,-0.0544732516311,0.131490530167,-0.989819632728
1.472,9.140880771,2.156012889,9.391703405,-39.5192512547,2.09844186937,0.12389284118,-0.054468904083,0.131489618289,-0.989819993115
1.473,9.140788669,2.155900024,9.391587853,-39.5524898752,2.09998595529,0.123994657625,-0.0544669531821,0.131488025419,-0.989820312068
1.474,9.140843998,2.156071376,9.391681041,-39.598294141,2.10083966756,0.12393355397,-0.0544699218548,0.131488981599,-0.989820021686
1.475,9.140900582,2.156166868,9.391758036,-39.650654835,2.10191443798,0.123876563067,-0.0544715735929,0.131489958951,-0.989819800956
1.476,9.140813026,2.156272158,9.391696992,-39.704528466,2.10377494072,0.123960675179,-0.0544734087015,0.13148844371,-0.989819901252
1.477,9.140757874,2.156125588,9.391609663,-39.7581710432,2.10586930647,0.124015965601,-0.054470869378,0.131487491045,-0.98982016755
1.478,9.140831252,2.156273381,9.391715012,-39.8148115234,2.1077415776,0.123940295351,-0.0544734285115,0.131488759067,-0.98981985827
1.479,9.140855493,2.156207319,9.391723439,-39.8769888449,2.10925349399,0.123913592607,-0.0544722800693,0.131489178538,-0.989819865749
1.48,9.140768162,2.156146363,9.391624445,-39.940917096,2.11043659014,0.124005870774,-0.054471228851,0.13148766867,-0.989820124172
1.481,9.140735485,2.156443407,9.391660842,-40.0037981911,2.11131901533,0.124046384621,-0.05447638684,0.131487100883,-0.989819915731
1.482,9.140857908,2.156578323,9.391810973,-40.0649966333,2.11228000726,0.123917887775,-0.0544787174369,0.131489217193,-0.989819506329
1.483,9.140759268,2.156519108,9.391701371,-40.1236589689,2.11321454932,0.124020247919,-0.0544776985742,0.131487511319,-0.989819789015
1.484,9.140761348,2.156803863,9.391768786,-40.1728906744,2.11355586612,0.124021093764,-0.0544826388465,0.131487545741,-0.989819512527
1.485,9.140807904,2.156577357,9.391762083,-40.2061321343,2.11362301481,0.123967963565,-0.0544787045747,0.131488352611,-0.989819621888
1.486,9.140684982,2.156868742,9.39170936,-40.2300993125,2.11378013653,0.124093535989,-0.0544837717657,0.13148622354,-0.989819625807
1.487,9.140706376,2.156804334,9.391715391,-40.2527371251,2.11311348115,0.124073279979,-0.0544826518177,0.131486594649,-0.989819638156
1.488,9.140665889,2.156704425,9.391653042,-40.2791691639,2.11168321618,0.124116611279,-0.0544809216837,0.131485894781,-0.989819826355
1.489,9.14068481,2.156702954,9.39167112,-40.3139102496,2.11128403982,0.124091167005,-0.0544808944396,0.131486222184,-0.989819784363
1.49,9.140663242,2.156965617,9.39171045,-40.3488559592,2.11187918017,0.124124151862,-0.0544854539131,0.131485847505,-0.989819583165
1.491,9.140757801,2.157354891,9.391891891,-40.372422034,2.11222938973,0.124026280049,-0.0544922016881,0.131487479412,-0.989818994924
1.492,9.140640636,2.157482523,9.391807178,-40.3820079892,2.11200890268,0.124149801833,-0.0544944258244,0.13148545141,-0.989819141875
1.493,9.140754874,2.157673068,9.391962134,-40.3815519808,2.11178839665,0.12402529183,-0.0544977235176,0.131487426187,-0.989818697988
1.494,9.140701534,2.157694462,9.391915136,-40.3842285626,2.11226197857,0.12408069962,-0.0544980989468,0.131486503374,-0.989818799903
1.495,9.140609852,2.158268812,9.391957875,-40.3983215204,2.11301822145,0.12417856188,-0.0545080731718,0.13148491265,-0.989818461994
1.496,9.140631364,2.158144684,9.391950288,-40.4142562635,2.11339660432,0.124151797004,-0.0545059171824,0.13148528547,-0.989818531195
1.497,9.140627693,2.158494164,9.392027027,-40.4230667718,2.11416192672,0.124153047302,-0.0545119818243,0.131485219368,-0.989818205998
1.498,9.140706788,2.158246934,9.392047189,-40.4311893115,2.11582584469,0.124073882092,-0.0545076856489,0.131486589618,-0.989818260569
1.499,9.14060907,2.158496733,9.392009493,-40.442451316,2.11781380762,0.124176623886,-0.0545120277748,0.131484896618,-0.989818246341
1.5,9.140629071,2.158562032,9.392043966,-40.4496872449,2.11919180954,0.124143840028,-0.0545131596286,0.131485242571,-0.98981813805
1.501,9.140586267,2.1587252,9.39203981,-40.4568178419,2.12007564527,0.124189845708,-0.0545159947161,0.131484500751,-0.989818080448
1.502,9.140548849,2.158694122,9.391996251,-40.4713427101,2.12047272201,0.12422331035,-0.0545154588331,0.13148385388,-0.989818195891
1.503,9.140611228,2.158767456,9.392073815,-40.4959032011,2.12041512374,0.124169765489,-0.0545167254823,0.131484931705,-0.989817982953
1.504,9.140550024,2.158710037,9.392001052,-40.5320567,2.12067715701,0.124224151156,-0.054515734545,0.131483873823,-0.989818178057
1.505,9.14058101,2.158818711,9.392056187,-40.5768470616,2.12211228103,0.12418858955,-0.054517618004,0.131484408602,-0.989818003282
1.506,9.140534169,2.159226026,9.392104233,-40.6165894553,2.12473243374,0.124235827624,-0.0545246894118,0.131483595504,-0.989817721784
1.507,9.1405037,2.159270565,9.39208482,-40.6382794102,2.12711968035,0.124262387894,-0.0545254655228,0.131483067656,-0.989817749148
1.508,9.140442989,2.15927023,9.392025658,-40.6485351848,2.12856061029,0.124317310415,-0.0545254641061,0.131482017875,-0.989817888674
1.509,9.140424702,2.159340953,9.392024121,-40.6615388593,2.12981272069,0.124341021769,-0.0545266932532,0.131481700777,-0.989817863086
1.51,9.140544175,2.15920045,9.392108091,-40.6816815443,2.13121629504,0.124220113793,-0.0545242451516,0.131483768261,-0.989817723308
1.511,9.140435768,2.159347183,9.392036322,-40.7022496315,2.13297194786,0.124327368511,-0.0545268001686,0.131481892448,-0.989817831735
1.512,9.140438496,2.15949921,9.392073932,-40.7166642817,2.13454511363,0.124333539088,-0.0545294383725,0.131481937671,-0.989817680392
1.513,9.140517181,2.159540332,9.392159964,-40.7293735036,2.1352904498,0.124252869211,-0.0545301455812,0.131483298807,-0.989817460625
1.514,9.140484461,2.159398356,9.392095477,-40.747500872,2.13517346283,0.124289614416,-0.0545276842644,0.131482734392,-0.989817671193
1.515,9.140386491,2.159269311,9.391970462,-40.7754201329,2.13514096073,0.124377898479,-0.0545254527646,0.131481040187,-0.989818019169
1.516,9.140379611,2.159568903,9.392032649,-40.81424534,2.13602922335,0.124384862446,-0.0545306522848,0.131480918895,-0.989817748845
1.517,9.140413532,2.159534568,9.392057767,-40.8605261837,2.13777131111,0.124358812757,-0.0545300542362,0.131481506055,-0.989817703797
1.518,9.140504685,2.159807568,9.392209252,-40.9110501653,2.1398850466,0.124256967502,-0.0545347836871,0.131483080136,-0.989817234143
1.519,9.140419493,2.159985033,9.392167154,-40.9551179275,2.14192313304,0.124355189753,-0.0545378705082,0.131481604894,-0.989817260031
1.52,9.140341363,2.159857392,9.392061765,-40.9838272795,2.14339126974,0.124431936243,-0.0545356621304,0.131480254791,-0.989817561047
1.521,9.140509971,2.159929068,9.392242337,-41.0002285305,2.14495305323,0.124258990532,-0.0545368921201,0.131483170315,-0.989817105996
1.522,9.140490123,2.159785124,9.392189918,-41.003632359,2.14706884857,0.124271980105,-0.0545343951356,0.131482828564,-0.989817288968
1.523,9.140511032,2.16016935,9.392298629,-40.9964966964,2.14937430755,0.124247368436,-0.0545410608626,0.131483187155,-0.989816874061
1.524,9.140370272,2.159992226,9.392120907,-40.989681251,2.15130442246,0.124399666798,-0.0545379991286,0.131480753843,-0.989817365992
1.525,9.140506106,2.160192956,9.392299265,-40.9945559386,2.15277411681,0.124263639932,-0.0545414711086,0.131483101686,-0.989816862809
1.526,9.140323798,2.160412839,9.39217242,-41.0141754821,2.15409060134,0.12444820068,-0.0545453014153,0.131479946116,-0.989817070909
1.527,9.14038517,2.160010104,9.392139517,-41.0461259775,2.15560740068,0.124390479588,-0.0545383084669,0.131481011157,-0.989817314768
1.528,9.140411094,2.160593694,9.392298977,-41.087390384,2.15702700282,0.124358208604,-0.0545484331365,0.131481455025,-0.989816697893
1.53,9.140400718,2.160039057,9.392161307,-41.1868605194,2.16049435409,0.124365091267,-0.0545388089263,0.131481280505,-0.989817251414
1.531,9.140230286,2.16005334,9.391998729,-41.2443028226,2.16234698714,0.124542622228,-0.054539071128,0.131478332241,-0.989817628592
1.532,9.140189111,2.160269817,9.392008447,-41.3002431572,2.16351617709,0.124589030325,-0.054542831424,0.131477617679,-0.989817516308
1.533,9.140358961,2.160347164,9.392191533,-41.3538417238,2.16417790843,0.124413236366,-0.0545441590583,0.131480554883,-0.989817052995
1.534,9.140292189,2.160200286,9.392092769,-41.4066763241,2.16505408224,0.124484489178,-0.0545416165234,0.131479401522,-0.989817346303
1.535,9.140305126,2.160039405,9.392068357,-41.4594003053,2.16652987294,0.124461597215,-0.0545388232442,0.13147962613,-0.989817470381
1.536,9.140241345,2.159988143,9.391994496,-41.5133884214,2.16835433409,0.124525152109,-0.0545379386195,0.131478523825,-0.989817665544
1.537,9.140340472,2.16032999,9.39216959,-41.5685535068,2.17024682942,0.124426295519,-0.0545438630009,0.131480235256,-0.989817111767
1.538,9.140343294,2.160019151,9.392100844,-41.6235365377,2.17170925361,0.124425164569,-0.0545384686659,0.131480287165,-0.989817402111
1.539,9.140407829,2.160077418,9.392177049,-41.6745493397,2.17278026544,0.124362205503,-0.0545394743973,0.131481403127,-0.989817198458
1.54,9.140248153,2.160339245,9.392081875,-41.7135630419,2.1736851968,0.124521955259,-0.054544031469,0.131478638754,-0.98981731455
1.541,9.140368114,2.160385393,9.392209234,-41.741690045,2.17439620089,0.124406290571,-0.0545448223653,0.131480713539,-0.989816995368
1.542,9.140330239,2.160430427,9.392182734,-41.7683050423,2.17483437526,0.124438231462,-0.0545456065175,0.131480057385,-0.989817039316
1.543,9.140291696,2.16061035,9.392186613,-41.7927880244,2.17524523245,0.124479284054,-0.0545487319674,0.131479389691,-0.989816955769
1.544,9.140308526,2.160417206,9.392158562,-41.8101010465,2.17552873667,0.124460474784,-0.0545453787166,0.131479681901,-0.989817101745
1.545,9.140274218,2.160635221,9.392175325,-41.8279096787,2.17579893586,0.124496669567,-0.0545491646515,0.131479087199,-0.989816972104
1.546,9.14037846,2.161022193,9.392365799,-41.8486131636,2.17591208719,0.124387687894,-0.0545558716279,0.131480886483,-0.989816363454
1.547,9.140214064,2.161182561,9.392242714,-41.8562204747,2.17582071228,0.124560750723,-0.0545586677401,0.131478041964,-0.98981658718
1.548,9.140310213,2.161354936,9.392375948,-41.8409243646,2.17534189293,0.124466716012,-0.0545616513745,0.131479703114,-0.989816202064
1.549,9.140330119,2.161853641,9.392510093,-41.8061529562,2.17503945054,0.124441256371,-0.0545703035008,0.13148004392,-0.989815679825
1.55,9.140213716,2.162048378,9.39244164,-41.7570848794,2.17515820256,0.124560863667,-0.0545736920613,0.131478028715,-0.989815760685
1.551,9.140257147,2.161980806,9.39246835,-41.698973168,2.17494265732,0.124510693274,-0.0545725162633,0.131478779872,-0.989815725735
1.552,9.14024997,2.162707645,9.392628699,-41.6411008719,2.17436529697,0.124521917515,-0.0545851291426,0.131478650173,-0.989815047484
1.553,9.140118083,2.162245658,9.39239399,-41.5938295182,2.1743738417,0.124652110878,-0.0545771242245,0.131476371926,-0.989815791517
1.554,9.140076593,2.162497888,9.392411684,-41.5631812491,2.1754239694,0.124692562242,-0.054581504554,0.131475653032,-0.989815645472
1.555,9.140056502,2.162698765,9.392438385,-41.5491193329,2.17744837043,0.124714324529,-0.0545849914025,0.131475303636,-0.9898154996
1.556,9.139960827,2.162467272,9.392291979,-41.5500772365,2.17956508159,0.124812724642,-0.0545809826939,0.131473650854,-0.989815940193
1.557,9.140050139,2.162589386,9.392407008,-41.5660102339,2.18142418267,0.124714727874,-0.0545830942499,0.131475194079,-0.989815618772
1.558,9.140043465,2.162881236,9.392467715,-41.5955863166,2.18375243705,0.124717753739,-0.0545881589551,0.131475076522,-0.989815355082
1.559,9.140014565,2.162818977,9.392425256,-41.636576601,2.18626476333,0.124744993107,-0.0545870813939,0.131474577432,-0.989815480801
1.56,9.139959541,2.162602036,9.392321757,-41.6913437472,2.18809210472,0.124799266452,-0.0545833210557,0.131473626777,-0.989815814445
1.561,9.139970525,2.162865236,9.392393051,-41.7616423422,2.18962124186,0.124792303869,-0.0545878877964,0.131473814298,-0.989815537694
1.562,9.140003161,2.162607836,9.39236554,-41.8462983513,2.19146316407,0.124759769055,-0.054583418096,0.131474381082,-0.989815708901
1.563,9.140003016,2.16260281,9.392364242,-41.9422083733,2.19384534414,0.124750702929,-0.0545833311462,0.131474378926,-0.989815713983
1.564,9.139936752,2.16282818,9.392351653,-42.0408843597,2.19642270196,0.124818906161,-0.0545872467113,0.131473231214,-0.989815650498
1.565,9.139973724,2.16280584,9.392382487,-42.1344227639,2.19871207973,0.124776731576,-0.0545868564729,0.131473870727,-0.989815587075
1.566,9.140016164,2.162983977,9.392464808,-42.219101572,2.20106984491,0.124728497979,-0.054589943766,0.131474603231,-0.989815319514
1.567,9.139953834,2.162649383,9.392327105,-42.2912463287,2.20394105687,0.12480187641,-0.0545841427863,0.131473528007,-0.989815782249
1.568,9.139945183,2.162532655,9.392291809,-42.3474489449,2.20690779331,0.124812143581,-0.0545821179454,0.131473379656,-0.989815913613
1.569,9.139997892,2.162499191,9.392335397,-42.3874597801,2.20948785742,0.124761592126,-0.0545815336608,0.131474290836,-0.989815824804
1.57,9.140009601,2.162422178,9.392329061,-42.4207275073,2.21183846242,0.124750195451,-0.0545801959555,0.131474494282,-0.989815871545
1.571,9.1399961,2.16232631,9.39229385,-42.4595064439,2.21445548993,0.124748219685,-0.054578533454,0.131474261993,-0.989815994071
1.572,9.140038043,2.162356345,9.392341582,-42.5055424953,2.21724620469,0.12471375567,-0.0545790511617,0.131474986707,-0.989815869263
1.573,9.140033376,2.16249076,9.392367987,-42.5506025772,2.21907213945,0.124723868268,-0.0545813834885,0.1314749056,-0.989815751427
1.574,9.140011355,2.162748841,9.392405982,-42.588792935,2.21960543445,0.124749357869,-0.0545858643062,0.131474521837,-0.989815555306
1.575,9.140079685,2.162485194,9.39241177,-42.6230425111,2.22040502387,0.124670082891,-0.0545812835065,0.131475706028,-0.989815650621
1.576,9.140005694,2.162656889,9.392379299,-42.6564636889,2.22255099572,0.124748405728,-0.0545842688454,0.131474424442,-0.989815656227
1.577,9.140015197,2.162828059,9.392427962,-42.6892961434,2.22513657016,0.124746056949,-0.0545872381502,0.131474588244,-0.98981547072
1.578,9.139899592,2.162591662,9.39226103,-42.7251026718,2.22723428581,0.124856726632,-0.0545831460684,0.131472589712,-0.989815961843
1.579,9.139987917,2.163016312,9.392444767,-42.7642961493,2.22893441607,0.124763997061,-0.0545905074568,0.131474113925,-0.989815353419
1.58,9.139938261,2.162629487,9.392307369,-42.8036757025,2.23043034822,0.124812089781,-0.0545837990767,0.131473258411,-0.989815837013
1.581,9.139899278,2.162802252,9.392309215,-42.8450490871,2.23162380186,0.124853425938,-0.0545868004881,0.131472583146,-0.989815761187
1.582,9.139943947,2.16335541,9.392480077,-42.8787892074,2.23285156943,0.124803108577,-0.0545963950697,0.131473350974,-0.989815130026
1.583,9.139940639,2.163312358,9.392466941,-42.8941887134,2.23485277523,0.124814828256,-0.0545956485421,0.131473294413,-0.989815178716
1.584,9.139954465,2.163126098,9.392437497,-42.9028665792,2.23750417877,0.12479708275,-0.054592415118,0.1314735348,-0.989815325128
1.585,9.139863764,2.163312062,9.392392065,-42.9208134561,2.2402433474,0.124890673572,-0.054595649507,0.131471964112,-0.98981535536
1.586,9.139856836,2.163441288,9.392415088,-42.9498797907,2.24293847672,0.124891047432,-0.0545978925253,0.131471843102,-0.989815247712
1.587,9.13988518,2.163852719,9.392537447,-42.9773677578,2.2455341736,0.124860761435,-0.0546050305483,0.131472329808,-0.989814789308
1.588,9.139865319,2.163909238,9.392531141,-42.993696685,2.24786091797,0.124877785301,-0.0546060127952,0.131471986459,-0.989814780726
1.589,9.139945467,2.164202175,9.392676625,-43.0009131599,2.25039946421,0.124790794591,-0.0546110889254,0.13147336976,-0.989814316935
1.59,9.139804828,2.164490896,9.392606301,-42.9962626562,2.25442382644,0.124934364664,-0.0546161111284,0.131470934788,-0.989814363258
1.591,9.139770428,2.164204262,9.392506778,-42.9890431185,2.25959731235,0.124982794971,-0.0546111397507,0.131470342267,-0.989814716257
1.592,9.139869556,2.164241468,9.39261181,-42.9927254984,2.2639596616,0.124884661689,-0.0546117777024,0.131472056782,-0.98981445333
1.593,9.139825532,2.164583412,9.392647769,-42.9977720101,2.26707881054,0.124923978345,-0.0546177145505,0.131471292196,-0.98981422731
1.594,9.1398473,2.164626077,9.392678783,-42.9954070844,2.2694369616,0.124911263363,-0.0546184528647,0.131471668764,-0.989814136553
1.595,9.139782659,2.164977017,9.392696766,-42.9880716729,2.27047815806,0.12497296973,-0.0546245480513,0.131470547305,-0.989813949155
1.596,9.139897225,2.164858384,9.392780904,-42.9789317059,2.27040347199,0.124855492636,-0.0546224808347,0.13147252979,-0.989813799913
1.598,9.139840168,2.165064034,9.392772784,-42.9960811699,2.2695766527,0.124922873682,-0.0546260532843,0.131471541113,-0.989813734083
1.599,9.139774279,2.165185601,9.392736691,-43.0251851262,2.26878042037,0.124988133109,-0.0546281687605,0.131470400846,-0.989813768786
1.6,9.139813035,2.165058351,9.392745072,-43.0645194607,2.26850495188,0.124940363677,-0.0546259572412,0.131471072098,-0.98981380168
1.601,9.139783425,2.165276528,9.392766552,-43.1126753758,2.26883753881,0.124972577915,-0.0546297459325,0.131470557809,-0.989813660892
1.602,9.139893509,2.165415592,9.392905729,-43.1645150435,2.26917263557,0.124853619684,-0.0546321493491,0.13147246048,-0.989813275519
1.603,9.139766209,2.165216319,9.392735921,-43.2178291814,2.26945888659,0.124991145516,-0.0546287026375,0.131470260909,-0.989813757908
1.604,9.139814305,2.16504306,9.392742783,-43.2744771178,2.26932189057,0.124946890647,-0.0546256919411,0.131471094136,-0.989813813395
1.605,9.139817158,2.165297219,9.392804146,-43.3349708799,2.26856859853,0.124944251289,-0.0546301017435,0.131471140915,-0.989813563804
1.606,9.13983264,2.165299282,9.392819687,-43.396331349,2.26770156451,0.124925422304,-0.0546301368222,0.131471408805,-0.989813526285
1.607,9.139707952,2.165471482,9.392738056,-43.4561464826,2.26682266304,0.125050361212,-0.0546331349384,0.131469250878,-0.989813647431
1.608,9.139786838,2.165162557,9.3927436,-43.5142048795,2.26614296677,0.124973750796,-0.0546277680446,0.131470618156,-0.989813762038
1.609,9.139780175,2.165249907,9.392757253,-43.5709541114,2.2658557141,0.124973433761,-0.0546292838698,0.131470502117,-0.989813693791
1.61,9.139809936,2.165352591,9.392809884,-43.626223239,2.26653032819,0.124935555327,-0.0546310630458,0.131471016016,-0.989813527336
1.611,9.139707452,2.165501959,9.392744596,-43.6791206252,2.26765522114,0.125050709269,-0.0546336636191,0.131469242157,-0.989813619408
1.612,9.139735335,2.165374202,9.392742274,-43.7297773756,2.2681519239,0.125022815234,-0.0546314445156,0.131469725148,-0.989813677739
1.613,9.139839411,2.165375187,9.392843774,-43.773840404,2.26802266866,0.124922314996,-0.0546314526667,0.131471525836,-0.989813438115
1.614,9.139744251,2.165270614,9.39272707,-43.8043675153,2.26803435184,0.12501576789,-0.0546296459252,0.131469880649,-0.989813756354
1.615,9.1397041,2.165478677,9.392735966,-43.8184910092,2.26816759216,0.125053358966,-0.054633260506,0.131469183645,-0.98981364943
1.616,9.139728899,2.165644816,9.392798402,-43.8183148868,2.26815227438,0.125016988031,-0.0546361414751,0.131469611349,-0.989813433601
1.617,9.139879316,2.165985653,9.393023355,-43.8133153847,2.2685739718,0.124863662933,-0.0546420428274,0.131472211038,-0.989812762537
1.618,9.139744285,2.165653563,9.39281539,-43.8135053139,2.26940736532,0.125006055687,-0.0546362921625,0.131469877833,-0.989813389888
1.619,9.13972699,2.1661113,9.39290411,-43.8245752549,2.27001943002,0.125021966967,-0.0546442361679,0.131469574961,-0.989812991586
1.62,9.139731671,2.166017917,9.39288713,-43.8469174226,2.27017822908,0.125023364027,-0.0546426152427,0.131469656192,-0.989813070282
1.621,9.139645681,2.166165908,9.392837586,-43.8764597223,2.26980516697,0.125113215765,-0.0546451905024,0.131468168134,-0.989813125758
1.622,9.139827257,2.16634279,9.393055061,-43.9106239544,2.26909195867,0.124923629925,-0.0546482447787,0.131471306822,-0.989812540244
1.623,9.139835453,2.166513938,9.393102509,-43.9499673489,2.26880385462,0.124912167519,-0.0546512139339,0.131471447205,-0.989812357665
1.624,9.139807279,2.166861343,9.39315523,-43.9902214184,2.26915539689,0.124936947332,-0.0546572446086,0.131470956725,-0.989812089818
1.625,9.139775032,2.166608472,9.393065522,-44.0278320897,2.26998321106,0.124971180304,-0.0546528595954,0.131470401237,-0.98981240573
1.626,9.13972402,2.166724711,9.393042699,-44.0664395568,2.27105000595,0.125023971886,-0.0546548803963,0.131469518249,-0.98981241143
1.627,9.139847765,2.16680458,9.39318153,-44.1064661728,2.27236305928,0.124898805858,-0.0546562559854,0.13147165791,-0.989812051274
1.628,9.139638137,2.166965476,9.393014673,-44.1411842194,2.27356857782,0.125116361169,-0.0546590657168,0.131468029928,-0.989812378
1.629,9.139693044,2.167054707,9.393088685,-44.1630257669,2.2742122056,0.125054139397,-0.054660609586,0.131468979469,-0.989812166624
1.63,9.139665048,2.167083098,9.393067994,-44.1711922284,2.27444334935,0.125081160337,-0.0546611047989,0.131468495132,-0.989812203607
1.631,9.139602305,2.167041868,9.392997432,-44.169457148,2.27501396755,0.125143340146,-0.0546603946259,0.131467409829,-0.989812386977
1.632,9.139554003,2.166984331,9.392937159,-44.1628721578,2.27549368972,0.125194377878,-0.0546594000802,0.131466575026,-0.989812552776
1.633,9.13964934,2.167468528,9.393141641,-44.15184302,2.27579478914,0.12510031544,-0.0546677942611,0.131468219543,-0.989811870772
1.634,9.139598594,2.167192154,9.393028494,-44.1376085446,2.2760400225,0.125146279322,-0.0546630027761,0.131467344205,-0.989812251659
1.635,9.139591051,2.167284522,9.393042466,-44.1244456065,2.27666149977,0.125158405971,-0.0546646064481,0.13146721306,-0.989812180513
1.636,9.139531285,2.167426766,9.393017135,-44.1121078251,2.27798801209,0.125207902726,-0.0546670791153,0.13146617789,-0.989812181442
1.637,9.139508284,2.167450111,9.393000142,-44.1008352887,2.28032929611,0.125233309694,-0.0546674860421,0.131465780298,-0.989812211776
1.638,9.139630421,2.167275507,9.393078694,-44.0936665633,2.28280198797,0.125113917927,-0.054664446113,0.131467894362,-0.989812098877
1.639,9.139609316,2.16738358,9.393083095,-44.0914229991,2.28439984909,0.125130170721,-0.0546663235009,0.131467528304,-0.989812043813
1.64,9.139641601,2.167515459,9.393144939,-44.0958775365,2.2857622824,0.125094884407,-0.0546686098021,0.131468085668,-0.98981184351
1.641,9.139550403,2.167338644,9.393015404,-44.1124711433,2.2874245293,0.125193342828,-0.0546655485135,0.13146650992,-0.989812221876
1.642,9.139595899,2.167309921,9.393053044,-44.1440016011,2.28916861862,0.125145285643,-0.0546650461933,0.131467296889,-0.989812145093
1.643,9.139545306,2.167369489,9.393017561,-44.1886800703,2.29068413363,0.125203044726,-0.05466608377,0.131466420896,-0.989812204139
1.644,9.139553554,2.167164522,9.392978294,-44.2446398659,2.2916240461,0.125184974961,-0.054662527362,0.131466565376,-0.989812381359
1.645,9.139621132,2.167885331,9.39321038,-44.3089455095,2.29244070383,0.125122303879,-0.0546750295188,0.131467728123,-0.989811536409
1.646,9.139690388,2.167512981,9.393191839,-44.3742535831,2.29390918452,0.125044741294,-0.0546685618742,0.131468929817,-0.989811734036
1.647,9.139684744,2.167413134,9.393163307,-44.4380494264,2.29630407276,0.125050036061,-0.0546668302383,0.131468833209,-0.989811842507
1.648,9.139600782,2.167523745,9.393107135,-44.4976524328,2.29918846696,0.125136969265,-0.0546687566064,0.131467379042,-0.989811929257
1.649,9.139597118,2.167693039,9.393142637,-44.5461037951,2.30166771952,0.125145719657,-0.0546716940236,0.131467314678,-0.989811775563
1.65,9.13964323,2.167288455,9.393094146,-44.5820897373,2.30323794223,0.125110515614,-0.0546646702893,0.131468116007,-0.989812057057
1.651,9.139510366,2.167417398,9.392994618,-44.6095703007,2.30406495018,0.125229898606,-0.0546669183121,0.131465816705,-0.989812238296
1.652,9.139497078,2.16751771,9.393004837,-44.6301704013,2.30465771799,0.125242097464,-0.0546686602515,0.131465585824,-0.989812172753
1.653,9.139483773,2.167680637,9.393029489,-44.6384793547,2.30532883682,0.125252997205,-0.0546714887652,0.131465354032,-0.989812047313
1.654,9.139440055,2.167858486,9.393027996,-44.6300834638,2.30619134864,0.125297669344,-0.0546745780888,0.131464596309,-0.989811977311
1.655,9.139469472,2.167839451,9.393052226,-44.612327467,2.30724173415,0.12527558223,-0.0546742452798,0.13146510567,-0.989811928042
1.656,9.139601246,2.168138528,9.393249471,-44.6012408822,2.30959923772,0.125129455499,-0.0546794242779,0.131467382058,-0.989811339607
1.657,9.13958124,2.167943325,9.39318495,-44.6080926111,2.31449652682,0.125165124423,-0.0546760391747,0.131467037834,-0.989811572322
1.658,9.139463971,2.168114227,9.393110293,-44.6289366442,2.32002914027,0.125291192287,-0.0546790145456,0.131465008059,-0.989811677555
1.659,9.139549788,2.168282241,9.393232575,-44.6515354483,2.32476312846,0.125180744763,-0.054681922386,0.13146649137,-0.989811319905
1.66,9.139535455,2.168185981,9.39319641,-44.6703799517,2.32906934748,0.125200320061,-0.054680253866,0.131466244325,-0.989811444892
1.661,9.139442686,2.168267412,9.393124943,-44.6821049096,2.33274989174,0.125293865803,-0.0546816743115,0.131464638324,-0.989811579729
1.662,9.139449613,2.168632124,9.393215878,-44.6822658639,2.33542144659,0.12528338042,-0.0546880021899,0.13146475563,-0.989811214547
1.663,9.139473718,2.168418318,9.393189972,-44.6763744593,2.33736879416,0.125267012641,-0.0546842904002,0.131465173773,-0.989811364083
1.664,9.139461492,2.168671477,9.393236521,-44.6769316292,2.33815009457,0.125284798645,-0.0546886841777,0.131464960756,-0.989811149622
1.665,9.139478819,2.168421396,9.393195645,-44.689023606,2.33757889368,0.125259713922,-0.0546843436044,0.131465262338,-0.989811349381
1.666,9.13941558,2.168646979,9.393186194,-44.7105997505,2.33659500662,0.125322531713,-0.0546882627869,0.131464166879,-0.989811278346
1.667,9.139379553,2.168752254,9.393175446,-44.7402848189,2.33561346554,0.125366075802,-0.0546900926533,0.131463542538,-0.989811260165
1.668,9.13946019,2.16890266,9.393288632,-44.7731613438,2.3347157341,0.125273536157,-0.0546926960743,0.131464936232,-0.989810931207
1.669,9.139391495,2.168739216,9.393184055,-44.8044696796,2.33422735085,0.125349956502,-0.054689865769,0.131463749395,-0.989811245227
1.67,9.13939557,2.168674327,9.393173038,-44.8410385795,2.33380100425,0.125348862819,-0.0546887398384,0.131463820002,-0.989811298059
1.671,9.139339305,2.168815757,9.393150947,-44.8890950749,2.33309142888,0.12541086285,-0.0546911976566,0.131462845125,-0.989811291737
1.672,9.139424465,2.168795105,9.393229038,-44.9463992366,2.33232914414,0.125314268027,-0.0546908324551,0.131464318868,-0.989811116178
1.673,9.139368855,2.168876293,9.393193676,-45.010505097,2.33240792389,0.125365373177,-0.0546922459806,0.131463356384,-0.989811165909
1.674,9.139398428,2.16887799,9.393222842,-45.0793676139,2.33365300414,0.125334682679,-0.0546922733079,0.131463867541,-0.989811096509
1.675,9.13927846,2.169253952,9.393192933,-45.1499303589,2.33457259602,0.125472310665,-0.0546988073599,0.131461789122,-0.989811011494
1.676,9.13937152,2.169066019,9.393240079,-45.2157970801,2.33438253441,0.125373030555,-0.0546955382997,0.131463401188,-0.989810978035
1.677,9.139420684,2.168885119,9.393246142,-45.2744708139,2.33426619997,0.125327339751,-0.0546923949433,0.131464252588,-0.989811038647
1.678,9.139410505,2.169211783,9.39331167,-45.3298500273,2.33465957966,0.125332526829,-0.0546980642223,0.131464073444,-0.989810749166
1.679,9.139420982,2.168848106,9.393237886,-45.3881101279,2.33562672797,0.125316683715,-0.0546917528594,0.131464257988,-0.989811073408
1.68,9.139386645,2.168964776,9.393231416,-45.4522390204,2.33664022641,0.125358258062,-0.0546937800781,0.131463662825,-0.98981104044
1.681,9.1393649,2.169164744,9.393256435,-45.5119754618,2.33725579008,0.125373303424,-0.0546972522615,0.13146328532,-0.989810898711
1.682,9.139388593,2.169432443,9.393341311,-45.5586203204,2.3378952457,0.125344664867,-0.0547018951925,0.13146369272,-0.989810588021
1.683,9.139377087,2.169357969,9.393312916,-45.5956826876,2.33875573295,0.125367005789,-0.054700604124,0.131463494478,-0.989810685701
1.684,9.139337841,2.169569682,9.393323628,-45.6194469768,2.33914233774,0.125405249992,-0.0547042812522,0.131462814214,-0.989810572833
1.685,9.139309592,2.169787509,9.393346456,-45.624111384,2.33956114736,0.125434246884,-0.0547080637743,0.13146232308,-0.989810429006
1.686,9.139377363,2.169920255,9.393443058,-45.6129327629,2.34035209458,0.125369586335,-0.0547103613751,0.131463494372,-0.989810146445
1.687,9.139386411,2.17006355,9.393484964,-45.59053454,2.34119593828,0.125350483714,-0.0547128467087,0.13146364979,-0.989809988427
1.688,9.139369325,2.170061268,9.393467814,-45.5588184881,2.34202491774,0.125368039419,-0.0547128082918,0.131463353829,-0.989810029859
1.689,9.139215766,2.170493578,9.393418291,-45.5192654727,2.34231462899,0.125525625767,-0.0547203232103,0.131460694048,-0.989809967695
1.69,9.139298686,2.170568654,9.393516315,-45.4740663305,2.34223594159,0.125441532139,-0.0547216188765,0.131462127696,-0.989809705655
1.691,9.139262499,2.171010042,9.393583109,-45.4271240465,2.34236798118,0.12547792516,-0.0547292816081,0.131461498521,-0.989809365555
1.692,9.139280341,2.170853265,9.393564236,-45.3863378978,2.34313912107,0.125453372042,-0.0547265599123,0.13146180854,-0.989809474867
1.693,9.139135031,2.171040322,9.393466091,-45.3658455123,2.34422755801,0.125609956755,-0.0547298176161,0.131459292735,-0.989809628877
1.694,9.139188975,2.171111309,9.393534981,-45.3734602675,2.34495065418,0.125550234233,-0.054731044991,0.131460225247,-0.989809437161
1.695,9.139142858,2.171416455,9.393560646,-45.4067561412,2.34593288356,0.125586175109,-0.0547363433692,0.131459425689,-0.989809250367
1.696,9.139177961,2.171311236,9.393570476,-45.4611664888,2.34774429161,0.125549372197,-0.0547345150619,0.131460033481,-0.989809270748
1.697,9.139095191,2.171391246,9.393508442,-45.5316209431,2.34941193129,0.125639524835,-0.0547359103045,0.131458601157,-0.989809383823
1.698,9.139050802,2.171130217,9.39340492,-45.6107438146,2.35054681589,0.125686717736,-0.0547313843622,0.131457834984,-0.989809735852
1.699,9.13920098,2.171824663,9.393711562,-45.691868849,2.35194833005,0.125525825812,-0.0547434227502,0.13146042761,-0.989808725784
1.7,9.139200839,2.171615874,9.393663156,-45.766849759,2.35424683835,0.125535328087,-0.054739799042,0.131460426541,-0.989808926336
1.701,9.139238445,2.17144547,9.393660351,-45.8320615746,2.35688199314,0.125490503166,-0.0547368392272,0.131461078589,-0.989809003418
1.702,9.139106902,2.17143497,9.393529943,-45.8955219746,2.35922219846,0.125625452562,-0.0547366679135,0.131458803181,-0.989809315097
1.703,9.139088533,2.171166913,9.393450111,-45.9663424978,2.36110810949,0.125648601745,-0.054732017984,0.131458487778,-0.989809614117
1.704,9.139030211,2.171112025,9.393380682,-46.0445773876,2.36226678709,0.125704401879,-0.0547310701064,0.13145747907,-0.989809800498
1.705,9.139073616,2.171343653,9.39347645,-46.1187833267,2.36333049628,0.125663639673,-0.0547350865671,0.131458227806,-0.989809478961
1.706,9.139163534,2.171460654,9.393590979,-46.1767998493,2.36476373368,0.125575432658,-0.0547371089949,0.131459782982,-0.989809160575
1.707,9.139134345,2.171502573,9.393572271,-46.2219317254,2.36616326793,0.125597895871,-0.054737839205,0.13145927719,-0.989809187369
1.708,9.139074296,2.17147574,9.393507645,-46.2639300818,2.36685370803,0.125659564124,-0.0547373778025,0.131458238911,-0.989809350781
1.709,9.13914305,2.17155654,9.393593215,-46.3084832009,2.36722982077,0.125583627173,-0.0547387745098,0.131459427248,-0.989809115715
1.71,9.139283052,2.171815553,9.393789305,-46.3582896045,2.36860604792,0.125436500534,-0.0547432577167,0.131461846649,-0.989808546442
1.711,9.139079403,2.171481624,9.393513973,-46.414349301,2.37110671023,0.12566093191,-0.0547374802794,0.131458327423,-0.989809333359
1.712,9.139102708,2.171772132,9.393603808,-46.4699516806,2.37317503815,0.125637422631,-0.0547425191806,0.131458727367,-0.989809001572
1.713,9.139232059,2.171497389,9.393666139,-46.5145828122,2.37454441048,0.125501745863,-0.0547377411168,0.131460967366,-0.989808968315
1.714,9.13910375,2.171961795,9.393648673,-46.548855773,2.37607397474,0.125628776197,-0.0547458106697,0.131458743687,-0.989808817359
1.715,9.139111423,2.172047012,9.393675842,-46.572398324,2.37777557081,0.125614201885,-0.0547472881616,0.131458876376,-0.989808718016
1.716,9.139055113,2.171924518,9.393592735,-46.58536111,2.37927339505,0.125673452389,-0.0547451671905,0.131457903024,-0.9898089646
1.717,9.139025087,2.171846153,9.393545404,-46.5960761071,2.38032933594,0.125704977371,-0.0547438104085,0.131457384579,-0.989809108496
1.718,9.139038808,2.171941317,9.393580756,-46.6080892718,2.38093385213,0.12569165543,-0.0547454603249,0.13145762149,-0.989808985778
1.719,9.139082127,2.172305603,9.393707136,-46.6180271145,2.38193476894,0.125646420614,-0.0547517783141,0.131458367602,-0.989808537223
1.72,9.139035277,2.172441376,9.393692955,-46.6231369834,2.38359802149,0.125702865688,-0.0547541377819,0.131457555748,-0.989808514528
1.721,9.139088622,2.172527893,9.393764862,-46.6285580149,2.38486435894,0.125655563763,-0.0547556347355,0.131458477312,-0.989808309324
1.722,9.139080131,2.172619526,9.393777794,-46.6421139625,2.38551817977,0.125650994981,-0.0547572258356,0.131458329574,-0.989808240926
1.723,9.138968894,2.173049157,9.39376895,-46.6602783081,2.38673563553,0.125751554914,-0.0547646897455,0.131456402264,-0.989808083954
1.724,9.139107733,2.173161824,9.393930087,-46.6740594801,2.38879157404,0.125615271102,-0.0547666338086,0.13145880261,-0.989807657597
1.725,9.1389874,2.173262947,9.393836412,-46.6861670481,2.39089858184,0.125734670199,-0.0547683987529,0.131456720623,-0.989807836452
1.726,9.139057586,2.173455249,9.393949185,-46.7040527595,2.39299935525,0.125667103221,-0.054771729272,0.131457932521,-0.989807491207
1.727,9.138895892,2.173432863,9.393786699,-46.7321646657,2.39481631494,0.125834733402,-0.0547713548678,0.131455136531,-0.989807883261
1.728,9.13887284,2.173263213,9.393725021,-46.7722956665,2.39609969592,0.125853049109,-0.054768412599,0.131454738966,-0.989808098868
1.729,9.138878122,2.173449266,9.393773205,-46.8213353452,2.39687746297,0.12585445129,-0.0547716405879,0.131454828219,-0.989807908397
1.73,9.138858135,2.173362124,9.393733599,-46.8752798294,2.39762732976,0.12586344291,-0.0547701304292,0.131454483909,-0.989808037689
1.731,9.139014518,2.173361878,9.393885683,-46.9293231194,2.39913695958,0.125706592855,-0.0547701133658,0.13145718884,-0.989807679392
1.732,9.138918234,2.173595565,9.39384608,-46.9754360781,2.4011661604,0.125805540523,-0.0547741764102,0.131455521082,-0.989807676054
1.733,9.138849235,2.17351528,9.393760377,-47.0124108775,2.4030133129,0.125883474692,-0.054772788095,0.131454328561,-0.989807911257
1.734,9.138907951,2.173511072,9.393816525,-47.0491464581,2.40461255965,0.125822529648,-0.0547727105817,0.131455343773,-0.989807780718
1.735,9.13892355,2.173360329,9.393796824,-47.0943645464,2.40611502341,0.125804689354,-0.0547700936263,0.1314556153,-0.989807889467
1.736,9.138914292,2.173857052,9.393902753,-47.1475812361,2.40773491486,0.125809536786,-0.0547787137497,0.131455450611,-0.989807434315
1.738,9.139043169,2.173710137,9.393994135,-47.2394175194,2.41043724642,0.125686175585,-0.0547761539063,0.131457681772,-0.989807279659
1.739,9.138826344,2.173869269,9.393820019,-47.2845679309,2.41128528184,0.12591168309,-0.054778932631,0.131453929182,-0.98980762426
1.74,9.138911232,2.173808073,9.393888441,-47.3285099323,2.41192863115,0.125816010985,-0.0547778640828,0.131455398599,-0.989807488245
1.741,9.138888655,2.174083759,9.393930277,-47.3533573355,2.41287379851,0.125846196091,-0.0547826500536,0.131455005044,-0.989807275636
1.742,9.138917518,2.17426998,9.394001456,-47.3491668878,2.41407322972,0.125818388422,-0.0547858790279,0.131455503521,-0.989807030715
1.743,9.138955088,2.174254377,9.394034394,-47.3239721688,2.41530362798,0.125772938461,-0.0547856046965,0.131456153074,-0.989806959633
1.744,9.138858684,2.174373138,9.393968096,-47.295232316,2.4169277549,0.125864478876,-0.0547876742355,0.131454484871,-0.989807066634
1.745,9.13884016,2.174309579,9.393935364,-47.2737118654,2.41914463649,0.125879595504,-0.0547865723006,0.131454164662,-0.989807170154
1.746,9.138804634,2.174320728,9.393903383,-47.2676346346,2.42169421932,0.125927397997,-0.0547867686202,0.131453549509,-0.989807240985
1.747,9.138779995,2.174701366,9.393967523,-47.2792093535,2.42380720138,0.125948827248,-0.054793376597,0.131453120284,-0.989806932209
1.748,9.138775328,2.174419996,9.39389785,-47.3042848683,2.42511748928,0.125954447511,-0.05478849395,0.131453042359,-0.989807212838
1.749,9.138886638,2.174789446,9.39409166,-47.3391754759,2.42640871009,0.125834465449,-0.0547948956985,0.131454964277,-0.989806603217
1.75,9.138753321,2.174740153,9.393950553,-47.3771218084,2.42821211504,0.125979441108,-0.0547940508877,0.131452658965,-0.989806956148
1.751,9.138779503,2.174297192,9.393873486,-47.4172902298,2.43103444063,0.125938212582,-0.054786362562,0.131453115337,-0.989807321121
1.752,9.138790692,2.174471118,9.39392463,-47.4656436766,2.43555707587,0.125929277354,-0.0547893803347,0.131453307367,-0.989807128579
1.753,9.138864338,2.174568742,9.394018874,-47.5216174808,2.4412656714,0.125845598081,-0.0547910681901,0.131454580473,-0.98980686607
1.754,9.138809225,2.175042812,9.39407501,-47.5789711264,2.44675491385,0.125916143013,-0.0547992991149,0.131453623188,-0.989806537545
1.755,9.138790701,2.174660107,9.393968387,-47.6336110484,2.45117422859,0.125931954138,-0.0547926592673,0.131453305945,-0.989806947261
1.756,9.138739625,2.174956638,9.393987349,-47.6849782989,2.4543969312,0.125985489824,-0.0547978089996,0.131452420462,-0.989806779773
1.757,9.138732637,2.175019812,9.393995177,-47.7306560956,2.45686345931,0.125990747235,-0.0547989060002,0.131452298677,-0.989806735213
1.758,9.138700661,2.175100246,9.393982694,-47.7725743204,2.45828423784,0.126022921466,-0.0548003040043,0.131451744597,-0.989806731399
1.759,9.138799883,2.174878063,9.394027778,-47.8181685141,2.45884453583,0.125913863432,-0.0547964404334,0.131453463427,-0.989806717025
1.76,9.138836912,2.174833286,9.394053434,-47.8696973512,2.45928965577,0.125874338539,-0.0547956609138,0.13145410415,-0.989806675087
1.761,9.138763158,2.174992018,9.394018434,-47.9218502193,2.4591845881,0.125967771448,-0.0547984207901,0.131452827143,-0.989806691892
1.762,9.138852727,2.1753153,9.394180423,-47.9680293387,2.45773110284,0.125871062696,-0.0548040233864,0.13145437347,-0.989806176338
1.763,9.138782767,2.175028628,9.394045986,-48.0070825492,2.45583571041,0.125944241048,-0.054799055086,0.131453165399,-0.989806611853
1.764,9.138821412,2.174887724,9.394050959,-48.0412014737,2.45396313715,0.12590028193,-0.054796606836,0.131453835103,-0.989806658452
1.765,9.138873764,2.175411702,9.394223212,-48.0731885682,2.45217970493,0.125849340736,-0.054805694854,0.131454735971,-0.989806035647
1.766,9.138874215,2.175517112,9.39424806,-48.1011404251,2.45093293085,0.125848683472,-0.0548075233634,0.131454742925,-0.989805933477
1.767,9.138739348,2.175317048,9.394070531,-48.1197906519,2.44996612283,0.12598422316,-0.0548040635542,0.131452412481,-0.989806434547
1.768,9.138632236,2.175460562,9.393999563,-48.1320573393,2.44903228856,0.126095078858,-0.0548065628428,0.131450557851,-0.989806542467
1.769,9.13877819,2.175511054,9.394153243,-48.1471528019,2.44828874684,0.125949163815,-0.0548074267414,0.131453082286,-0.989806159372
1.77,9.138767633,2.175625942,9.39416958,-48.1676888863,2.44783247552,0.12595442059,-0.0548094206498,0.131452899187,-0.989806073281
1.771,9.138719224,2.175689845,9.394137287,-48.1823841147,2.4474928909,0.126004626901,-0.0548105342883,0.131452060953,-0.989806122936
1.772,9.138740125,2.176015719,9.394233097,-48.1845826739,2.44723303664,0.125976107751,-0.0548161864954,0.131452419664,-0.98980576229
1.773,9.138753172,2.176231926,9.394295872,-48.1761798123,2.44709077872,0.125971222938,-0.0548199378431,0.13145264348,-0.989805524806
1.774,9.13874761,2.176239425,9.394292199,-48.155342231,2.4472757118,0.125971034089,-0.0548200686362,0.131452547326,-0.989805530332
1.775,9.138767893,2.176264978,9.394317849,-48.128755693,2.44826032325,0.125955335463,-0.054820509793,0.131452898226,-0.989805459297
1.776,9.138831476,2.176535949,9.394442478,-48.1108911376,2.45001490086,0.125894557686,-0.0548252064119,0.131453995141,-0.989805053484
1.777,9.138693974,2.176614532,9.394326925,-48.1062393599,2.45189456793,0.126026416834,-0.0548265818537,0.131451616222,-0.989805293234
1.778,9.138705338,2.176703801,9.394358663,-48.1108994451,2.45327012039,0.126009134862,-0.0548281296879,0.131451812307,-0.989805181455
1.779,9.138596537,2.176910345,9.394300682,-48.1216615605,2.45427226949,0.126118940754,-0.0548317226725,0.131449928656,-0.989805232581
1.78,9.138490503,2.17670459,9.394149858,-48.1384225877,2.45559502651,0.12622395555,-0.0548281615153,0.13144809564,-0.98980567328
1.781,9.138528684,2.176853439,9.39422149,-48.1650680696,2.45676913645,0.126187381252,-0.0548307407836,0.131448755152,-0.989805442819
1.782,9.138580005,2.177028176,9.394311906,-48.2028595331,2.45757210377,0.126142735938,-0.0548337696004,0.131449641724,-0.989805157292
1.783,9.138516246,2.17699497,9.394242187,-48.2478944608,2.45819364136,0.126207936583,-0.0548331985644,0.131448538766,-0.989805335403
1.784,9.138555081,2.17715039,9.394315983,-48.3003361279,2.4590964395,0.126163336844,-0.054835891993,0.131449208573,-0.989805097236
1.785,9.138613216,2.177226095,9.394390081,-48.3546912202,2.46063542019,0.126097578753,-0.0548372005753,0.13145021423,-0.989804891184
1.786,9.138597143,2.177044113,9.394332271,-48.4000337898,2.46235067503,0.126118943194,-0.054834044267,0.131449937285,-0.989805102824
1.787,9.138614933,2.177462919,9.39444664,-48.4397334698,2.46364058336,0.126097333721,-0.0548413103341,0.131450241654,-0.989804659845
1.788,9.138697394,2.177234229,9.394473852,-48.483027199,2.46533112629,0.126009706752,-0.0548373346377,0.131451670399,-0.98980469037
1.789,9.1386166,2.177252167,9.394399414,-48.53495624,2.46802613312,0.126100581685,-0.05483765315,0.131450272677,-0.989804858348
1.79,9.13849935,2.176859972,9.394194468,-48.5936372219,2.47064782581,0.126216318349,-0.0548308565482,0.131448247867,-0.989805503775
1.791,9.138577824,2.177057538,9.394316589,-48.6549332254,2.47216331452,0.126140885977,-0.0548342793339,0.131449603074,-0.989805134186
1.792,9.13863186,2.177162672,9.394393518,-48.7170557677,2.47283026469,0.126077778051,-0.0548360988246,0.131450536674,-0.989804909401
1.793,9.138538424,2.177656361,9.394417052,-48.7756156055,2.47329510689,0.126172507624,-0.0548446736719,0.131448916386,-0.989804649489
1.794,9.138460018,2.177353627,9.394270611,-48.827530272,2.47340974883,0.126270160889,-0.0548394263982,0.131447562646,-0.989805120004
1.795,9.138537105,2.177238605,9.394318941,-48.8781984126,2.47349113977,0.126183475075,-0.0548374242664,0.131448896961,-0.989805053729
1.796,9.138637156,2.17709291,9.394382503,-48.9325495858,2.47414745705,0.126087422465,-0.0548348880676,0.131450629156,-0.989804964195
1.797,9.138578129,2.177539291,9.394428539,-48.9871199323,2.47550619902,0.12614076472,-0.0548426382856,0.131449604473,-0.989804670887
1.798,9.138568696,2.177207443,9.394342449,-49.0362317731,2.47723289371,0.126145732566,-0.0548368808209,0.131449443782,-0.989805011217
1.799,9.138658609,2.177378158,9.394469481,-49.0814760008,2.47907668217,0.126055934876,-0.0548398354722,0.131450997661,-0.989804641159
1.8,9.138520148,2.177610775,9.394388707,-49.1205595967,2.48099692815,0.126188443799,-0.0548438835868,0.131448600751,-0.989804735185
1.801,9.138530953,2.177553628,9.394385972,-49.1442004804,2.48358671313,0.126179160818,-0.0548428913149,0.131448788457,-0.989804765237
1.802,9.138482817,2.177917032,9.394423389,-49.1499508915,2.48745258205,0.126236355483,-0.0548492015071,0.131447952405,-0.989804526613
1.803,9.138584139,2.177933391,9.394525742,-49.1485158198,2.49223486029,0.126135744036,-0.0548494767263,0.131449704643,-0.989804278659
1.804,9.138581585,2.178212063,9.394587866,-49.1496304642,2.49706789009,0.126137059509,-0.0548543130536,0.131449658401,-0.989804016786
1.805,9.138514864,2.178622976,9.394618246,-49.1444475525,2.50120315543,0.126200195552,-0.0548614484051,0.131448501217,-0.989803775001
1.806,9.13845302,2.178565084,9.394544663,-49.1270957787,2.5042824754,0.126254843724,-0.0548604492284,0.131447431676,-0.989803972419
1.807,9.138502625,2.178906617,9.394672121,-49.1047902045,2.50672883824,0.126193787494,-0.0548663714258,0.131448287042,-0.989803530566
1.808,9.138447996,2.179105891,9.394665202,-49.081675946,2.50907125868,0.12625744998,-0.0548698336104,0.131447340089,-0.989803464402
1.809,9.13846444,2.178969107,9.394649472,-49.0596886023,2.51112974485,0.126246810996,-0.0548674588613,0.131447625807,-0.9898035581
1.81,9.138376621,2.179059888,9.394585103,-49.0412796051,2.51228692718,0.126333678713,-0.0548690418973,0.131446105995,-0.989803672179
1.811,9.13848869,2.179190142,9.394724328,-49.0318200264,2.51262866415,0.126223612639,-0.0548712926876,0.131448042734,-0.989803290205
1.812,9.138315776,2.178699489,9.39444233,-49.0379609304,2.51296980752,0.126396963189,-0.054862793077,0.131445056074,-0.989804157988
1.813,9.138270228,2.179346206,9.394548027,-49.0584813086,2.51348074105,0.126442173577,-0.0548740187747,0.131444262974,-0.989803641029
1.814,9.138294653,2.179299529,9.394560959,-49.0877969028,2.51388505672,0.126406970206,-0.0548732067359,0.131444685886,-0.989803629886
1.815,9.138270741,2.179187465,9.394511703,-49.1260344452,2.5146123741,0.126433471249,-0.0548712644478,0.131444273014,-0.98980379239
1.818,9.138323878,2.179026058,9.394525952,-49.296788966,2.51546012753,0.126396148851,-0.054868459252,0.131445193578,-0.989803825647
1.819,9.138306347,2.179018481,9.394507142,-49.3651969475,2.51475930941,0.126406670934,-0.0548683293694,0.131444890213,-0.989803873133
1.82,9.138320538,2.179277781,9.394581092,-49.43616127,2.51532799371,0.126383328956,-0.0548728272145,0.131445133816,-0.989803591441
1.821,9.138341448,2.17889854,9.394513466,-49.5092639818,2.51722347618,0.12636003327,-0.054866244721,0.131445499052,-0.989803907837
1.822,9.138195964,2.179214268,9.394445183,-49.5790768783,2.51943694086,0.126512952357,-0.05487173547,0.131442979174,-0.989803938097
1.823,9.138229227,2.178901099,9.394404899,-49.6400368375,2.52127077953,0.126481717732,-0.0548662983829,0.131443558012,-0.98980416263
1.824,9.138213976,2.17909293,9.394434558,-49.6936805311,2.52255101274,0.126502245915,-0.05486962846,0.131443292379,-0.989804013308
1.825,9.138204585,2.179012842,9.394406846,-49.7423599256,2.52376601118,0.126512686022,-0.0548682391376,0.131443130404,-0.989804111834
1.826,9.138225431,2.179163564,9.394462085,-49.7882284333,2.52536783115,0.126483192313,-0.0548708530855,0.131443490068,-0.989803919168
1.827,9.138310761,2.179330328,9.394583772,-49.8335289014,2.52737200409,0.126391186312,-0.0548737394571,0.131444963718,-0.989803563457
1.828,9.138355574,2.179296515,9.394619519,-49.8811541572,2.53032603436,0.126344167804,-0.0548731494397,0.131445739187,-0.989803493184
1.829,9.138256903,2.179564655,9.394585745,-49.931606707,2.53451765563,0.126448726426,-0.0548778110817,0.131444030847,-0.989803461605
1.83,9.13829907,2.179705707,9.394659486,-49.9811695644,2.5390539385,0.126418069905,-0.0548802544861,0.131444758828,-0.989803229457
1.831,9.138392624,2.179516572,9.394706607,-50.0261699359,2.54388084761,0.126316861204,-0.0548769645827,0.13144637875,-0.989803196738
1.832,9.138231371,2.179837781,9.394624279,-50.0591128662,2.5485968236,0.12648417908,-0.0548825523703,0.13144358624,-0.989803257765
1.833,9.138252666,2.180098761,9.394705551,-50.0720730433,2.55241283113,0.12645941429,-0.0548870788978,0.131443952809,-0.989802958088
1.834,9.138224743,2.179901018,9.394632504,-50.0723826648,2.55484568158,0.126483741832,-0.0548836502774,0.131443471638,-0.989803212106
1.835,9.138215978,2.180009471,9.394649145,-50.0724176682,2.55627489534,0.126490515679,-0.0548855331791,0.131443318993,-0.98980312797
1.836,9.138341685,2.180548143,9.394896432,-50.0668137906,2.55744186244,0.126357152022,-0.054894869647,0.131445488417,-0.989802322113
1.837,9.138186877,2.180746847,9.394791973,-50.0489793496,2.55804168127,0.126527026566,-0.0548983305064,0.131442809329,-0.989802485945
1.838,9.138201828,2.180739486,9.394804806,-50.0249648251,2.55762931313,0.126518301604,-0.0548982019193,0.131443067433,-0.989802458802
1.839,9.138205875,2.180963912,9.39486084,-49.9996847222,2.55656513775,0.126514757068,-0.0549020955662,0.131443136274,-0.989802233696
1.84,9.138224524,2.180955287,9.394876977,-49.9746225149,2.55545317309,0.126496408841,-0.0549019448005,0.131443457968,-0.989802199338
1.841,9.138003638,2.181337614,9.394750889,-49.9466353673,2.55419136216,0.126710126856,-0.054908597456,0.131439634753,-0.989802338016
1.842,9.138132862,2.181398267,9.394890664,-49.9142797992,2.55301556926,0.126575601278,-0.0549096385392,0.131441869374,-0.989801983515
1.843,9.138121595,2.181746902,9.394960661,-49.8886770205,2.55215224191,0.126581210001,-0.0549156894599,0.131441671079,-0.989801674152
1.844,9.138056609,2.181185218,9.394767029,-49.8833099892,2.55106535429,0.126653594451,-0.0549059486452,0.131440552395,-0.989802363095
1.845,9.138054063,2.181786707,9.394904219,-49.8997252816,2.55018892649,0.126657719185,-0.0549163863245,0.131440502597,-0.989801790658
1.846,9.13811244,2.18176128,9.394955096,-49.9287988238,2.55003658559,0.126596193632,-0.0549159397254,0.13144151275,-0.989801681293
1.847,9.138091119,2.181640403,9.394906287,-49.9677930794,2.55031929242,0.126620560285,-0.0549138438227,0.131441145358,-0.989801846363
1.848,9.138137489,2.181667952,9.394957787,-50.016874002,2.55055984711,0.126574368821,-0.0549143182815,0.131441947251,-0.989801713552
1.849,9.138107543,2.181296525,9.394842415,-50.0775158298,2.55112004037,0.126591301023,-0.0549078753053,0.131441431651,-0.989802139458
1.85,9.138027148,2.181552125,9.394823566,-50.1503330571,2.55203950556,0.126678657407,-0.0549123172824,0.131440038952,-0.989802077979
1.851,9.138030671,2.181594156,9.394836753,-50.2249367668,2.55272801025,0.126685241697,-0.054913046722,0.131440099429,-0.98980202948
1.852,9.138049267,2.181604547,9.394857253,-50.2945672951,2.55293777228,0.126657255053,-0.0549132250256,0.131440420967,-0.989801976889
1.853,9.13802468,2.181282537,9.394758568,-50.3581889015,2.55325192501,0.126686288943,-0.0549076395713,0.131439998867,-0.989802342801
1.854,9.137989627,2.181388382,9.394749049,-50.410930184,2.55356455059,0.126728104656,-0.0549094789301,0.131439391529,-0.989802321415
1.855,9.138229303,2.181377976,9.394979759,-50.4547780414,2.55358107492,0.126480329829,-0.0549092787782,0.13144353709,-0.989801782006
1.856,9.138056727,2.181063324,9.394738845,-50.5005957656,2.55463072475,0.126649582522,-0.0549038334767,0.131440555556,-0.989802480005
1.857,9.138115857,2.18128014,9.394846697,-50.5502672451,2.55627952927,0.126589981873,-0.0549075904782,0.1314415764,-0.989802136036
1.858,9.138165309,2.181242715,9.394886109,-50.5975450484,2.55723470138,0.12654660212,-0.0549069371078,0.131442432098,-0.989802058647
1.859,9.138123683,2.181254194,9.394848285,-50.6388501031,2.55759539332,0.126588102929,-0.0549071398876,0.13144171129,-0.989802143119
1.86,9.138153354,2.181264197,9.394879468,-50.6715029377,2.55779336353,0.126556681964,-0.0549073106506,0.131442225084,-0.989802065416
1.861,9.137949978,2.181132049,9.394650969,-50.6992087884,2.55796876105,0.126768874205,-0.0549050344733,0.131438708031,-0.989802658726
1.862,9.138088167,2.181674868,9.39491142,-50.726687291,2.55822712298,0.126618465093,-0.0549144424062,0.131441093412,-0.989801820052
1.863,9.13816893,2.181454092,9.394938709,-50.7514179348,2.5592062148,0.126527737303,-0.0549106051101,0.131442492243,-0.989801847179
1.864,9.138061136,2.181684801,9.394887434,-50.7704333939,2.56081570276,0.126638092354,-0.0549146168347,0.131440625804,-0.98980187247
1.865,9.138006744,2.181632252,9.394822326,-50.7868364167,2.5614535584,0.126698612813,-0.0549137092472,0.131439685557,-0.989802047683
1.866,9.137978824,2.181586779,9.39478461,-50.811352326,2.56102070531,0.126732402519,-0.0549129229219,0.13143920284,-0.989802155409
1.867,9.1379418,2.181993032,9.394842943,-50.8450843878,2.56027292979,0.126769714202,-0.054919975753,0.131438558901,-0.989801849613
1.868,9.137984013,2.182098846,9.394908578,-50.8817143488,2.56027320146,0.126726211284,-0.0549218085007,0.131439288664,-0.989801651012
1.869,9.137971306,2.182320816,9.394947777,-50.9199895616,2.56152022161,0.126738339401,-0.054925660629,0.131439066529,-0.989801466757
1.87,9.138004074,2.182375658,9.394992387,-50.9603475992,2.56379873478,0.126694637636,-0.0549266100801,0.131439632916,-0.989801338857
1.871,9.13810825,2.182453351,9.395111762,-51.0027052074,2.56632137144,0.126581140643,-0.0549279493325,0.131441433971,-0.989801025367
1.872,9.13784553,2.182631734,9.394897669,-51.0418289887,2.56860826432,0.126846854726,-0.0549310668265,0.131436888253,-0.989801456002
1.873,9.137923341,2.182816825,9.395016353,-51.0669183552,2.57119433868,0.12676868903,-0.0549342722264,0.131438232767,-0.989801099566
1.874,9.137882565,2.183063097,9.395033915,-51.0797935667,2.57386085242,0.126816506962,-0.0549385487089,0.131437525295,-0.989800956157
1.875,9.137949157,2.183093414,9.395105728,-51.0872715702,2.57594317679,0.126746132803,-0.0549390697699,0.131438676911,-0.98980077431
1.876,9.137900551,2.182631991,9.394951245,-51.0953302589,2.5774737887,0.126796214999,-0.0549310668419,0.131437840506,-0.98980132955
1.877,9.137846819,2.182924822,9.394967018,-51.1139407502,2.57878640867,0.126850885428,-0.0549361518655,0.131436908306,-0.989801171121
1.878,9.137868305,2.183218536,9.395056164,-51.1428977844,2.58016575946,0.126818049185,-0.0549412473402,0.131437277165,-0.989800839317
1.879,9.137909856,2.18345177,9.395150779,-51.1762973795,2.58194790368,0.126776743845,-0.054945291237,0.131437993572,-0.989800519709
1.88,9.137914761,2.183366036,9.395135626,-51.2127794502,2.58393543025,0.126778004618,-0.0549438027715,0.131438079791,-0.989800590886
1.881,9.137870819,2.183767351,9.395186158,-51.2498746217,2.58601655234,0.126817365921,-0.0549507703073,0.131437315612,-0.98980030557
1.882,9.13794943,2.183633838,9.395231584,-51.2865569558,2.58791971613,0.12675702615,-0.0549484469735,0.131438676945,-0.989800253778
1.883,9.137829549,2.183752071,9.395142467,-51.3208063185,2.58840091206,0.126870596201,-0.0549505084984,0.131436602116,-0.989800414851
1.884,9.137786019,2.183860669,9.395125371,-51.3440479227,2.58799242402,0.126909604226,-0.0549523967227,0.131435848662,-0.989800410073
1.885,9.137766907,2.183550805,9.395034761,-51.3593658767,2.58756349425,0.126936099522,-0.0549470212489,0.131435520392,-0.989800752089
1.886,9.137804618,2.183502661,9.39506025,-51.3812860106,2.5872189841,0.126897450384,-0.0549461829315,0.131436172862,-0.989800711984
1.887,9.137970488,2.183494006,9.395219568,-51.4150255665,2.58776111955,0.126731456971,-0.0549460188968,0.131439042128,-0.989800340075
1.888,9.137948922,2.18345285,9.395189027,-51.4530639653,2.58980706636,0.12675282173,-0.0549453065023,0.131438669929,-0.989800429047
1.889,9.137840755,2.183760071,9.395155226,-51.4832564506,2.59211465237,0.126855922094,-0.0549506470372,0.131436795703,-0.989800381454
1.89,9.137839336,2.18403468,9.395217677,-51.5008165531,2.59409191152,0.126851909299,-0.0549554122424,0.131436768788,-0.989800120467
1.891,9.137934816,2.184016245,9.395306256,-51.5075714498,2.5961888366,0.126755826074,-0.0549550841597,0.131438420621,-0.989799919332
1.892,9.137872487,2.184014158,9.39524515,-51.5063533384,2.5990042862,0.126820117681,-0.0549550529159,0.131437342989,-0.989800064168
1.893,9.13773811,2.184317195,9.395184904,-51.4979668332,2.60203422159,0.126951044276,-0.0549603229429,0.131435015424,-0.989800080634
1.894,9.137842419,2.184144179,9.395246131,-51.4825811318,2.60507862255,0.126853336121,-0.0549573121009,0.131436821484,-0.989800007984
1.895,9.137831518,2.183979392,9.395197222,-51.4714670808,2.60802231957,0.126862318148,-0.0549544534787,0.131436634306,-0.989800191556
1.896,9.137868681,2.184218168,9.395288875,-51.4733437799,2.61058520037,0.126826349698,-0.0549585938136,0.131437274718,-0.989799876632
1.897,9.137749616,2.184498652,9.395238284,-51.4855323087,2.61271774624,0.126945564106,-0.0549634702553,0.13143521329,-0.989799879594
1.898,9.137683497,2.18442011,9.395155715,-51.5070702855,2.61423700309,0.127010499901,-0.0549621127279,0.131434070392,-0.989800106741
1.899,9.137721198,2.184356928,9.395177693,-51.5407260837,2.61567113786,0.126967431232,-0.0549610133415,0.131434722584,-0.989800081184
1.9,9.137761214,2.184357925,9.395216844,-51.5849992165,2.61738909337,0.126921556435,-0.0549610279724,0.13143541528,-0.989799988389
1.901,9.137892426,2.184281294,9.395326645,-51.6393593517,2.61939701419,0.126784000062,-0.0549596871214,0.131437685089,-0.989799761432
1.902,9.137685349,2.184060469,9.395073904,-51.70165732,2.62123422382,0.127005232523,-0.0549558724625,0.131434105157,-0.989800448618
1.903,9.137749935,2.184342464,9.395202279,-51.7653471214,2.62281744752,0.126941917593,-0.0549607601481,0.13143522039,-0.98980002914
1.904,9.137801722,2.184174021,9.395213487,-51.8283818883,2.62420814527,0.126891614686,-0.0549578333861,0.131436117006,-0.989800072588
1.905,9.137726708,2.18424667,9.395157418,-51.8941871182,2.62687857441,0.126961187455,-0.0549590998472,0.131434819133,-0.989800174613
1.906,9.137765475,2.184210211,9.395186647,-51.9602310313,2.63147854095,0.126929411326,-0.0549584642134,0.131435490043,-0.989800120817
1.907,9.137731197,2.184615417,9.395247519,-52.0153381465,2.63675427705,0.12695122625,-0.0549654978289,0.13143489378,-0.989799809429
1.908,9.137647479,2.184117921,9.395050427,-52.0577663871,2.64173517274,0.127040981903,-0.0549568725619,0.131433450202,-0.98980048006
1.909,9.137708358,2.184024387,9.395087896,-52.0961701348,2.6453833258,0.126989155049,-0.0549552440479,0.131434503223,-0.98980043065
1.91,9.137754296,2.184744021,9.395299889,-52.1216369597,2.64697744566,0.126943421688,-0.054967727612,0.131435291599,-0.989799632776
1.911,9.137775797,2.184727829,9.395317036,-52.1250584018,2.64713582448,0.126928671934,-0.0549674452611,0.131435663828,-0.989799599028
1.912,9.137686325,2.184649613,9.395211829,-52.1164715037,2.64678128953,0.127009678015,-0.0549660951738,0.131434117503,-0.989799879338
1.913,9.137724649,2.18477095,9.395277317,-52.10630853,2.64632676423,0.126977815969,-0.0549681978752,0.131434778856,-0.989799674747
1.914,9.137786521,2.184937731,9.395376278,-52.1041270116,2.64563502981,0.126907336025,-0.0549710866789,0.131435847488,-0.989799372411
1.915,9.137688095,2.185405632,9.395389375,-52.1139175681,2.64483712774,0.127007110462,-0.0549792136237,0.131434141182,-0.989799147606
1.916,9.137704851,2.185461055,9.395418563,-52.1324652313,2.6442111019,0.126987100303,-0.0549801746613,0.131434430111,-0.989799055857
1.917,9.13777295,2.185366952,9.395462905,-52.1618544125,2.64377195111,0.126924585872,-0.0549785358599,0.131435609738,-0.989798990244
1.918,9.137654052,2.186012021,9.395497333,-52.1951037892,2.64336935813,0.127047627357,-0.0549897394337,0.131433546954,-0.989798641791
1.919,9.137527101,2.186029075,9.395377833,-52.2185616709,2.64253571178,0.127173914632,-0.0549900458952,0.131431350626,-0.989798916409
1.92,9.137862554,2.186038117,9.395706185,-52.234283871,2.64185722823,0.126827030217,-0.0549901745775,0.131437153326,-0.989798138726
1.921,9.137626975,2.186053851,9.395480731,-52.244198053,2.64159296704,0.127073193501,-0.0549904677689,0.131433078627,-0.989798663516
1.922,9.137620315,2.186206754,9.395509831,-52.2458228204,2.64088453732,0.127075546469,-0.0549931211083,0.131432961547,-0.989798531647
1.923,9.137601917,2.186100094,9.395467121,-52.2441987071,2.64028306376,0.12709103119,-0.0549912717543,0.131432644962,-0.989798676433
1.924,9.137560559,2.18619384,9.395448711,-52.2428074885,2.64065034475,0.127132467329,-0.0549929016589,0.131431928499,-0.989798681015
1.925,9.13756266,2.186226696,9.395458399,-52.2481612343,2.64167346557,0.127128317192,-0.0549934724389,0.131431963917,-0.989798644599
1.926,9.137597325,2.186560323,9.395569749,-52.2645440089,2.64294308789,0.127097222821,-0.0549992582939,0.131432561512,-0.989798243766
1.927,9.137535155,2.186481186,9.39549087,-52.290261328,2.64417752587,0.127150522932,-0.054997889829,0.131431486736,-0.989798462521
1.928,9.137513913,2.186404449,9.395452353,-52.3265947731,2.64557887117,0.127169402266,-0.0549965603754,0.13143111946,-0.98979858516
1.929,9.137583937,2.186383949,9.395515685,-52.3734750033,2.64691947324,0.127100267876,-0.0549961993743,0.131432330869,-0.98979844436
1.93,9.137522612,2.186789825,9.395550501,-52.4269545672,2.64780300913,0.127163269607,-0.0550032468452,0.131431266815,-0.989798194048
1.931,9.137451102,2.186608325,9.395438713,-52.4825777197,2.64850173023,0.12723533547,-0.055000103169,0.131430031195,-0.989798532809
1.932,9.13758137,2.186495793,9.395539215,-52.5420260446,2.64931095019,0.127102944106,-0.0549981396326,0.131432285405,-0.989798342588
1.933,9.13750319,2.186515111,9.395467678,-52.6073192428,2.65026362998,0.127187279175,-0.0549984812085,0.131430932918,-0.9897985032
1.934,9.137486275,2.186395514,9.395423395,-52.6752538508,2.65085639945,0.127200230113,-0.0549964073203,0.131430641182,-0.989798657172
1.935,9.137647257,2.186514604,9.395607671,-52.7433266358,2.6512958271,0.127036944101,-0.0549984610671,0.131433425314,-0.989798173362
1.936,9.137552322,2.186355649,9.395478351,-52.8112834166,2.65224717996,0.12712917516,-0.0549957106786,0.131431784844,-0.989798544018
1.937,9.137467878,2.186476303,9.395424304,-52.8800421274,2.65295417713,0.127225026498,-0.0549978110884,0.131430322833,-0.989798621446
1.938,9.137500148,2.1862955,9.395413614,-52.949033471,2.65268960369,0.127193333694,-0.0549946712751,0.131430882761,-0.989798721553
1.939,9.137510196,2.186483584,9.395467154,-53.0119370799,2.65210673902,0.127187047489,-0.0549979343949,0.131431054948,-0.98979851738
1.94,9.137486301,2.186597671,9.395470466,-53.059291831,2.6516787563,0.127210458149,-0.0549999152867,0.13143064012,-0.989798462393
1.941,9.137526547,2.186983791,9.395599475,-53.0859677035,2.65217216799,0.127158561104,-0.055006612962,0.13143133273,-0.989797998234
1.942,9.137670255,2.186934065,9.395727662,-53.0883588986,2.65388176559,0.127020637855,-0.0550057379132,0.13143381954,-0.989797716646
1.943,9.13748799,2.187007063,9.395567394,-53.0735155649,2.65538647146,0.127199258962,-0.05500701969,0.131430665688,-0.989798064204
1.944,9.137454579,2.18706419,9.395548199,-53.0596988275,2.65617618597,0.127228663817,-0.0550080137611,0.131430087079,-0.989798085789
1.945,9.137503002,2.187243431,9.395637016,-53.0564185578,2.65651845788,0.127186033161,-0.05501111957,0.131430923898,-0.989797802062
1.946,9.137557989,2.187455372,9.395739833,-53.060810063,2.65691872638,0.127125207638,-0.0550147927049,0.131431872981,-0.989797471884
1.947,9.137477348,2.187572536,9.395688686,-53.070534724,2.65801855159,0.127211142883,-0.0550168331596,0.131430476843,-0.989797543857
1.948,9.13749988,2.187566806,9.395709264,-53.0859856193,2.65945128043,0.127188379681,-0.0550167318566,0.131430866742,-0.989797497715
1.949,9.137407401,2.1880786,9.395738501,-53.1006955709,2.66121674741,0.127274168254,-0.0550256196083,0.131429262464,-0.989797216684
1.95,9.137363197,2.187889321,9.395651434,-53.1068185603,2.66346829541,0.127312568836,-0.055022339657,0.131428499874,-0.98979750028
1.951,9.137437721,2.188205732,9.395797594,-53.1125523626,2.66574572496,0.127240924511,-0.0550278235493,0.131429785897,-0.989797024654
1.952,9.137429046,2.187978115,9.39573615,-53.1292619328,2.66795316115,0.127249475442,-0.0550238750733,0.131429638228,-0.98979726377
1.953,9.137379098,2.188300318,9.395762612,-53.1540571044,2.66995134199,0.1272998432,-0.0550294694838,0.131428771053,-0.989797067902
1.954,9.137347624,2.188421175,9.395760152,-53.1765889414,2.67020524511,0.127326353407,-0.0550315699707,0.131428225553,-0.989797023553
1.955,9.137374561,2.188440468,9.395790842,-53.1965378294,2.66704951946,0.127303812307,-0.0550319025329,0.131428691566,-0.989796943184
1.956,9.137426996,2.188449328,9.395843898,-53.221870664,2.66181006836,0.127255251301,-0.0550320512626,0.131429598063,-0.989796814547
1.957,9.137423379,2.18853208,9.395859656,-53.2523713792,2.65740839242,0.1272507601,-0.0550334873952,0.131429535036,-0.989796743067
1.958,9.137246796,2.188623136,9.39570914,-53.2822253491,2.65518950612,0.127425965747,-0.0550350825958,0.131426479583,-0.989797060083
1.959,9.137308983,2.188531286,9.395748222,-53.312825639,2.65464263024,0.12735445828,-0.0550334833982,0.131427556473,-0.989797006009
1.96,9.137273918,2.188274412,9.395654291,-53.3487122998,2.65520986639,0.12739640767,-0.0550290288541,0.131426952195,-0.989797333912
1.961,9.137290006,2.188533636,9.395730313,-53.3894317871,2.65607501748,0.12738256375,-0.0550335257524,0.131427227747,-0.989797047303
1.962,9.137313981,2.188669274,9.395785224,-53.4314042398,2.6576241524,0.127355745385,-0.0550358771619,0.131427641259,-0.989796861653
1.963,9.137256381,2.188525725,9.395695771,-53.4733497929,2.66077248186,0.127417152285,-0.0550333909591,0.131426646509,-0.989797131976
1.964,9.137319865,2.188679659,9.395793365,-53.5175978801,2.6654269558,0.127349124748,-0.0550360569944,0.131427742802,-0.989796838171
1.965,9.1372641,2.188894029,9.395789073,-53.5660465948,2.67023493054,0.127408456549,-0.0550397815103,0.131426777302,-0.989796759269
1.966,9.137232967,2.188148152,9.39558506,-53.6194189462,2.67354162821,0.127445165228,-0.055026842037,0.131426244624,-0.989797549441
1.967,9.137261409,2.188864662,9.395779615,-53.6773519815,2.67613227657,0.127412342228,-0.0550392725682,0.131426730864,-0.989796793736
1.968,9.137194352,2.18887332,9.395716419,-53.7345872523,2.67958263262,0.127477266848,-0.0550394283229,0.131425570859,-0.989796939101
1.969,9.137190136,2.188852005,9.395707354,-53.7902379962,2.68359362044,0.12748939525,-0.0550390589956,0.131425497536,-0.989796969374
1.97,9.13734113,2.18880994,9.395844394,-53.8464685736,2.68777277042,0.127334946878,-0.0550383160391,0.131428110002,-0.9897966638
1.971,9.137400964,2.188800703,9.39590043,-53.9041479551,2.69208697925,0.12727567144,-0.0550381513415,0.131429145384,-0.989796535476
1.972,9.137284514,2.188973783,9.395827506,-53.9579529488,2.69662857265,0.127386786323,-0.0550411638613,0.131427129267,-0.989796635665
1.973,9.137250222,2.188849639,9.395765235,-53.9982362512,2.70144309799,0.127415433227,-0.0550390128856,0.131426537255,-0.989796833883
1.974,9.137278764,2.189069254,9.395844156,-54.0216550511,2.7061868916,0.12739301451,-0.0550428212484,0.131427029194,-0.989796556786
1.975,9.137315795,2.189145234,9.395897871,-54.0303955214,2.71089541341,0.127353480352,-0.055044136475,0.131427669149,-0.989796398671
1.976,9.137304988,2.189449094,9.395958162,-54.0345521135,2.71503939647,0.127369350259,-0.0550494105652,0.131427479693,-0.989796130513
1.977,9.137350112,2.189699449,9.396060385,-54.0434993196,2.71847133441,0.127317500229,-0.0550537503518,0.131428257584,-0.989795785847
1.978,9.137229736,2.189860302,9.39598081,-54.0611830086,2.72203206024,0.127427790454,-0.0550565523596,0.131426173699,-0.989795906695
1.979,9.137080906,2.18971965,9.395803298,-54.0834866168,2.72523603862,0.127581060638,-0.0550541238417,0.131423600989,-0.98979638338
1.98,9.137108766,2.189959077,9.395886193,-54.0976489307,2.72743330782,0.127549461575,-0.055058276362,0.131424080244,-0.989796088766
1.981,9.137129955,2.190325491,9.395992208,-54.0976839432,2.72870820474,0.127532829787,-0.0550646323937,0.131424443798,-0.989795686913
1.982,9.137193843,2.190355578,9.396061349,-54.0885796053,2.72950614883,0.127477987592,-0.0550651492159,0.131425549275,-0.989795511376
1.983,9.137141887,2.190535661,9.396052806,-54.0768085723,2.73021537814,0.127524157633,-0.0550682785238,0.131424648642,-0.989795456865
1.984,9.137129316,2.190775347,9.396096464,-54.0698912321,2.73105028033,0.127532519386,-0.0550724388577,0.131424429359,-0.989795254508
1.985,9.13717645,2.190748471,9.396136033,-54.071633933,2.73156923635,0.127500452566,-0.055071968205,0.131425244624,-0.989795172444
1.986,9.137202573,2.19138784,9.396310527,-54.0747247335,2.73128456977,0.127458519155,-0.0550830607745,0.131425691356,-0.989794495876
1.987,9.137065619,2.191153415,9.396122679,-54.0773464737,2.73106170245,0.127590731456,-0.0550790045182,0.131423323677,-0.989795035982
1.988,9.1370641,2.190934793,9.396070223,-54.0872113323,2.73139612265,0.127602293086,-0.0550752106922,0.131423299294,-0.989795250327
1.989,9.137126826,2.191194905,9.396191874,-54.1032391769,2.73187174201,0.127536419265,-0.0550797189245,0.131424382596,-0.989794855625
1.99,9.13698736,2.191495443,9.396126345,-54.1161986306,2.73244136518,0.127681562828,-0.0550849458531,0.131421966964,-0.989794885489
1.991,9.136985689,2.19129267,9.396077429,-54.1237231916,2.73313311185,0.127680895384,-0.0550814269989,0.131421940145,-0.989795084878
1.992,9.136965468,2.191423261,9.396088222,-54.1377796547,2.73398228082,0.127698486758,-0.0550836955812,0.13142158961,-0.989795005173
1.993,9.136939235,2.191205381,9.396011899,-54.1646794833,2.7349423078,0.127729755861,-0.0550799169335,0.131421137841,-0.989795275438
1.994,9.137084312,2.191296173,9.396174149,-54.201493126,2.7358436906,0.127569883206,-0.0550814797843,0.131423646019,-0.989794855438
1.995,9.136949109,2.191597154,9.396112873,-54.2450067968,2.73768066539,0.127706691658,-0.055086714043,0.131421305009,-0.989794874974
1.996,9.137018019,2.191374298,9.396127905,-54.2929616433,2.7409731508,0.127647126181,-0.0550828407376,0.131422498799,-0.989794932027
1.997,9.136967218,2.191249789,9.396049466,-54.3470744496,2.74504378545,0.127697767372,-0.055080684916,0.131421621443,-0.98979516849
1.998,9.137083966,2.191346528,9.396185557,-54.4061258763,2.74912841646,0.12758577154,-0.055082353636,0.131423639251,-0.989794807707
1.999,9.136999835,2.191162808,9.3960609,-54.4668306919,2.75271242922,0.12766476273,-0.0550791730536,0.131422186424,-0.989795177606
2,9.137010291,2.191445215,9.396136929,-54.5294555028,2.75569329895,0.127651147415,-0.0550840720942,0.131422364614,-0.989794881317
2.001,9.13702137,2.191375321,9.396131402,-54.5881541772,2.75688324106,0.12763829847,-0.0550828583266,0.131422556647,-0.989794923367
2.002,9.137026939,2.191271728,9.396112658,-54.6348799274,2.75451761332,0.127639898958,-0.0550810602482,0.131422653857,-0.989795010522
2.003,9.136881583,2.191536082,9.396032964,-54.6729823643,2.74903275254,0.127790142478,-0.0550856595185,0.131420137513,-0.989795088678
2.004,9.136963897,2.191554722,9.396117356,-54.7053176936,2.7428313829,0.127705018812,-0.0550859760675,0.131421561032,-0.989794882052
2.005,9.136969268,2.19174053,9.396165917,-54.7248347293,2.73803185382,0.12769216537,-0.0550892002953,0.131421652375,-0.989794690478
2.006,9.13690135,2.191537737,9.396052572,-54.7301209615,2.73702354587,0.127762364781,-0.0550856866768,0.131420478679,-0.989795041868
2.007,9.137018686,2.191663519,9.396196009,-54.7341937265,2.74055295961,0.127652707123,-0.0550878594816,0.13142250733,-0.989794651584
2.008,9.136880148,2.191669179,9.396062613,-54.7498565713,2.74594642547,0.127782386367,-0.0550879693134,0.131420111681,-0.989794963557
2.009,9.136973758,2.191863677,9.39619901,-54.7796047992,2.75104794459,0.127687457086,-0.0550913365627,0.131421728976,-0.989794561406
2.01,9.136956761,2.191769525,9.396160519,-54.8149426035,2.75511146213,0.12770916234,-0.0550897046318,0.131421436072,-0.989794691128
2.011,9.136952429,2.192284363,9.396276412,-54.8439467667,2.75873914751,0.127709347338,-0.0550986386314,0.131421355998,-0.989794204473
2.012,9.136890713,2.192366762,9.396235625,-54.8600326413,2.7621813296,0.127773993049,-0.0551000732533,0.131420287542,-0.989794266477
2.013,9.136866251,2.192161218,9.396163881,-54.868261526,2.76488768676,0.127803982479,-0.0550965091492,0.131419866692,-0.989794520756
2.014,9.136804853,2.192536994,9.396191856,-54.8763994786,2.7666309677,0.127852820769,-0.0551030349031,0.131418801429,-0.989794298921
2.015,9.136787578,2.19248089,9.396161966,-54.8845819605,2.76770719848,0.127875054552,-0.0551020619997,0.131418503364,-0.989794392658
2.016,9.136841567,2.192529945,9.396225911,-54.8980517794,2.76784420384,0.127811732496,-0.0551029088234,0.131419436421,-0.989794221629
2.017,9.136839361,2.19252258,9.396222048,-54.9251503857,2.76730943038,0.127815312197,-0.0551027812153,0.131419398605,-0.989794233754
2.018,9.136824723,2.192784205,9.396268865,-54.9642283652,2.7668480367,0.127839481521,-0.055107322464,0.13141914283,-0.989794014888
2.019,9.136708093,2.192853145,9.396171544,-55.0111044266,2.76604394472,0.127960332972,-0.0551085285307,0.131417124435,-0.989794215728
2.02,9.136840693,2.193002205,9.39633527,-55.0571922321,2.76491111988,0.127827737921,-0.055111104099,0.131419416845,-0.989793767954
2.021,9.136839094,2.192626947,9.396246141,-55.0904537954,2.76401345415,0.127828024739,-0.0551045930277,0.131419392617,-0.989794133682
2.022,9.136940093,2.193255404,9.396491022,-55.1092239456,2.76340633601,0.127720459861,-0.0551154891388,0.131421134371,-0.989793295743
2.023,9.136866449,2.192781791,9.396308875,-55.1249345087,2.7621926295,0.12780314819,-0.0551072767793,0.131419864897,-0.98979392156
2.024,9.136724179,2.192798587,9.396174454,-55.1525377826,2.75997138268,0.127932025208,-0.055107580799,0.131417403278,-0.989794231471
2.025,9.136801888,2.193009179,9.396299165,-55.1965449617,2.75793237487,0.12785736367,-0.0551112281552,0.131418746186,-0.989793850093
2.026,9.136809009,2.192947367,9.396291663,-55.2499746467,2.75688269883,0.127860523557,-0.0551101546044,0.131418870035,-0.989793893423
2.027,9.136805107,2.193133672,9.396331351,-55.307481773,2.75662942683,0.127859517001,-0.055113387935,0.131418800814,-0.989793722582
2.028,9.136735607,2.193145782,9.396266597,-55.3659045349,2.75660475268,0.127933856304,-0.0551136038601,0.131417598645,-0.989793870175
2.029,9.136751735,2.19351706,9.396368946,-55.4163812601,2.75609475393,0.127912960323,-0.0551200457797,0.13141787422,-0.989793474867
2.03,9.136750254,2.193331033,9.39632408,-55.4513039857,2.75476731895,0.127917895084,-0.0551168171698,0.131417849976,-0.989793657877
2.031,9.136754327,2.193455891,9.396357186,-55.4733020954,2.75360578266,0.12789986084,-0.0551189841709,0.131417919683,-0.989793527949
2.032,9.136691619,2.193323606,9.396265331,-55.486691061,2.75373990744,0.12796512764,-0.0551166939035,0.131416835825,-0.989793799392
2.033,9.13672387,2.193373762,9.396308399,-55.5025907174,2.75472020613,0.127934985721,-0.055117561253,0.131417393136,-0.989793677098
2.034,9.13671657,2.193735584,9.396385767,-55.5296420282,2.75543720005,0.127954973355,-0.055123839846,0.13141726377,-0.989793344625
2.035,9.136804263,2.193792211,9.396484257,-55.5649475101,2.75582719628,0.12785888324,-0.0551248157961,0.131418779831,-0.989793088979
2.036,9.136884038,2.194077393,9.396628413,-55.6046617512,2.75631462212,0.127777488815,-0.0551297571021,0.131420157559,-0.989792630842
2.037,9.136809615,2.194363562,9.396622872,-55.6448668271,2.7571277737,0.127849168442,-0.0551347297475,0.131418868041,-0.989792525077
2.038,9.136866817,2.19409822,9.396616531,-55.6865851903,2.75815404185,0.12779709065,-0.0551301207693,0.131419859811,-0.98979265012
2.039,9.136846141,2.19405439,9.396586193,-55.7357412601,2.75897773963,0.127817838373,-0.0551293614422,0.131419502083,-0.98979273991
2.04,9.136752447,2.194070819,9.396498924,-55.7919914071,2.75941046114,0.127905943911,-0.0551296547411,0.131417881163,-0.98979293879
2.041,9.136757121,2.194582362,9.396622927,-55.8479297465,2.76018171588,0.127906170682,-0.0551385300328,0.131417957636,-0.989792434259
2.042,9.136701278,2.194540762,9.396558913,-55.8971377786,2.76161170433,0.12796434322,-0.05513781294,0.131416992418,-0.989792602361
2.043,9.136641154,2.194592872,9.396512622,-55.9355361274,2.76318350866,0.128018124968,-0.0551387226435,0.131415951478,-0.989792689891
2.044,9.136593329,2.194618551,9.396472117,-55.9622052009,2.76468387738,0.128059331711,-0.0551391720978,0.13141512442,-0.989792774662
2.045,9.136795287,2.194616542,9.39666802,-55.9853567606,2.76686806913,0.127855220127,-0.0551391204586,0.131418617465,-0.98979231376
2.046,9.136641642,2.194736329,9.396546602,-56.0143280864,2.76977844134,0.128014800155,-0.0551412122407,0.131415958573,-0.989792550257
2.047,9.136490068,2.1949631,9.396452191,-56.048593012,2.77192009997,0.12816884248,-0.055145159064,0.131413334756,-0.989792678736
2.048,9.136647722,2.195254647,9.39667359,-56.0842892364,2.77292585938,0.128007498196,-0.0551502055122,0.131416059764,-0.989792035767
2.049,9.136680185,2.195175055,9.396686561,-56.12012135,2.77393167341,0.127979020812,-0.0551488215077,0.131416622215,-0.989792038204
2.05,9.136620855,2.195271829,9.396651481,-56.1583417417,2.7753952339,0.128029825225,-0.0551505055708,0.131415594275,-0.989792080852
2.051,9.136579574,2.195194189,9.396593204,-56.1952186804,2.77715919601,0.128073264104,-0.0551491622475,0.13141488118,-0.989792250378
2.052,9.136549935,2.195178853,9.396560802,-56.2237019531,2.77839468086,0.128107818279,-0.0551488987592,0.131414368873,-0.989792333078
2.053,9.136552644,2.195398986,9.396614865,-56.2445533404,2.77898489423,0.128102493083,-0.0551527174723,0.131414413458,-0.989792114381
2.054,9.13647287,2.195637127,9.396592941,-56.2626694201,2.77967598612,0.128188039133,-0.0551568567385,0.131413031336,-0.989792067229
2.055,9.136645058,2.195601659,9.396752075,-56.2826674645,2.78080886169,0.128012309601,-0.055156226848,0.131416010902,-0.989791706734
2.056,9.136548029,2.195601771,9.396657758,-56.3085903348,2.78282188715,0.128108598712,-0.0551562367756,0.131414332623,-0.989791929006
2.057,9.13658239,2.195723375,9.396719582,-56.3364769827,2.78527232812,0.12806744796,-0.0551583445932,0.131414925106,-0.989791732882
2.058,9.136480825,2.195863374,9.396653544,-56.3570107393,2.7872230922,0.128170065187,-0.0551607822652,0.131413167587,-0.989791830379
2.059,9.136607975,2.195933135,9.396793476,-56.3701087086,2.78873077178,0.128046389222,-0.0551619822382,0.131415366545,-0.989791471549
2.06,9.136520011,2.195854423,9.396689553,-56.3836992144,2.79054927537,0.1281265483,-0.0551606235331,0.131413845012,-0.989791749284
2.061,9.136600322,2.195911859,9.396781062,-56.4033842589,2.79314884789,0.128058196287,-0.055161613247,0.131415233839,-0.989791509733
2.062,9.136446769,2.196053878,9.396664951,-56.4283096697,2.79582159979,0.128211632057,-0.0551640907453,0.131412576942,-0.989791724412
2.063,9.136614543,2.196201114,9.396862489,-56.4584141721,2.79778997737,0.128045573002,-0.0551666314691,0.131415477037,-0.989791197762
2.064,9.136562242,2.196089302,9.396785505,-56.494895666,2.79953744375,0.128087304757,-0.055164696186,0.131414573977,-0.989791425524
2.065,9.136481421,2.196407356,9.396781259,-56.5340019334,2.80188845491,0.128165219691,-0.0551702212182,0.131413172793,-0.989791303613
2.066,9.136639868,2.196361375,9.39692457,-56.5700796538,2.80498951643,0.128009923054,-0.0551694108887,0.131415913867,-0.989790984847
2.067,9.136494817,2.196098708,9.396722145,-56.6049336466,2.80792163684,0.128161175953,-0.0551648645894,0.131413407776,-0.989791570974
2.068,9.136444078,2.196283743,9.396716058,-56.6408087596,2.80977346267,0.128206360365,-0.0551680796454,0.131412528387,-0.989791508537
2.069,9.136477692,2.196343302,9.396762661,-56.6759495033,2.81135091402,0.1281606894,-0.0551691099899,0.131413109065,-0.989791374012
2.07,9.136402121,2.196155878,9.396645378,-56.711936916,2.81375383214,0.128240711128,-0.0551658641063,0.13141180365,-0.989791728243
2.071,9.136484373,2.196271888,9.396752465,-56.74987789,2.81679186823,0.128162943159,-0.0551678707077,0.131413225095,-0.989791427681
2.072,9.136562863,2.196089991,9.39678627,-56.7888260593,2.81979587447,0.128076821435,-0.0551647072172,0.131414584361,-0.989791423531
2.073,9.136435068,2.19648012,9.396753198,-56.828907572,2.8223826063,0.128212931155,-0.05517148811,0.131412370419,-0.989791339526
2.074,9.136384407,2.196567374,9.396724337,-56.8663438654,2.82409260367,0.128260642883,-0.0551730062813,0.131411493666,-0.989791371305
2.075,9.136552938,2.196910635,9.396968443,-56.8982120496,2.82477495072,0.128104380033,-0.0551789489387,0.131414405636,-0.989790653414
2.076,9.136469308,2.196761631,9.396852296,-56.9265751572,2.82491599774,0.128183587211,-0.0551763696771,0.131412960375,-0.989790989085
2.077,9.13643746,2.196643207,9.396793647,-56.9561526292,2.82538786302,0.12820786901,-0.0551743177048,0.131412410782,-0.98979117644
2.078,9.136511847,2.196783452,9.396898758,-56.9841146827,2.82641696216,0.128137235989,-0.0551767448391,0.131413695812,-0.989790870529
2.079,9.136422144,2.197022021,9.396867316,-56.9971545663,2.82761087416,0.128221293579,-0.0551808924791,0.131412142335,-0.989790845559
2.08,9.136502103,2.197022509,9.396945173,-56.9908841617,2.82847311832,0.128149467718,-0.0551808942699,0.131413525824,-0.989790661775
2.081,9.136413799,2.196672534,9.396777497,-56.976261929,2.82872821872,0.128243575979,-0.0551748286191,0.13141200124,-0.989791202334
2.082,9.136440461,2.19665862,9.396800168,-56.9700257921,2.82859539363,0.128221516285,-0.0551745851662,0.131412462618,-0.989791154648
2.083,9.136436027,2.197081004,9.396894604,-56.9782254252,2.82883505445,0.128215272589,-0.0551819143507,0.131412381865,-0.989790756787
2.084,9.136469056,2.197240657,9.396964048,-56.9898035041,2.82979586285,0.128187212692,-0.0551846826277,0.131412951394,-0.989790526833
2.085,9.136429748,2.197099424,9.396892807,-56.9955325702,2.83136417226,0.128210462103,-0.055182235147,0.13141227346,-0.989790753295
2.086,9.136431152,2.197409808,9.396966748,-56.9993282966,2.83404432485,0.12820086664,-0.0551876205808,0.131412294999,-0.989790450175
2.087,9.136358569,2.197256991,9.396860443,-57.0058641003,2.83698558512,0.128296986093,-0.055184974937,0.131411040886,-0.989790764189
2.088,9.136371724,2.197251516,9.396871953,-57.0210665785,2.83834450241,0.128285119574,-0.0551848793168,0.131411268279,-0.98979073933
2.089,9.136442334,2.197457191,9.3969887,-57.0436969424,2.83840242609,0.128212768743,-0.0551884420887,0.131412488128,-0.989790378729
2.09,9.136360803,2.197186014,9.396846019,-57.0635922479,2.83881659574,0.128282798439,-0.0551837430207,0.131411080062,-0.989790827672
2.091,9.136525774,2.197327344,9.397039463,-57.0827303198,2.84037979654,0.128125697003,-0.05518618134,0.131413932289,-0.989790313041
2.092,9.136223577,2.197331532,9.396746624,-57.1058037751,2.84202620146,0.128433415875,-0.0551862800967,0.131408705133,-0.989791001527
2.093,9.136413362,2.197374554,9.396941207,-57.1282282182,2.84262306364,0.128239052156,-0.05518701029,0.131411986817,-0.989790525119
2.094,9.136383208,2.197417137,9.396921847,-57.1446981441,2.8428338866,0.128266313728,-0.0551877515659,0.131411464803,-0.989790553095
2.095,9.1363972,2.197579818,9.396973494,-57.1598321907,2.84371067891,0.12824615176,-0.0551905733778,0.131411706353,-0.989790363685
2.096,9.136464724,2.19740881,9.396999155,-57.1825956173,2.84504599741,0.128194808683,-0.0551876001848,0.131412874993,-0.989790374308
2.097,9.136445579,2.19744826,9.396989766,-57.2163556555,2.84648352253,0.128197039947,-0.0551882871533,0.131412544367,-0.989790379901
2.098,9.136503347,2.197677266,9.397099487,-57.2581283632,2.84849834477,0.128141047464,-0.0551922558234,0.131413541359,-0.98979002624
2.099,9.136365716,2.197340728,9.396886973,-57.3056812046,2.85086268318,0.128278924524,-0.0551864272142,0.131411163605,-0.989790666925
2.1,9.136349591,2.19778948,9.39697624,-57.3518668064,2.85237798652,0.128292909355,-0.0551942151971,0.131410880496,-0.989790270257
2.101,9.136364828,2.198061037,9.39705457,-57.3777259996,2.8527195225,0.128278353047,-0.0551989264749,0.131411141518,-0.989789972873
2.102,9.136531914,2.197722028,9.397137731,-57.3811454624,2.8524894254,0.128119692484,-0.0551930298857,0.131414034497,-0.989789917603
2.103,9.136254222,2.197665417,9.3968545,-57.3776636567,2.85193567205,0.128394727172,-0.0551920708668,0.131409232323,-0.989790608651
2.104,9.136417663,2.197978719,9.397086685,-57.3753087932,2.85145324775,0.128224488439,-0.0551974934885,0.131412056309,-0.989789931333
2.105,9.13638411,2.198038011,9.397067932,-57.3798861764,2.85131384275,0.128262169753,-0.0551985251426,0.131411475691,-0.989789950888
2.106,9.13645125,2.197913528,9.397104093,-57.3981486076,2.85144017245,0.128184809832,-0.0551963593463,0.131412638163,-0.989789917329
2.107,9.136333757,2.198096325,9.397032616,-57.4309395298,2.85179307765,0.128314219141,-0.0551995413365,0.131410604179,-0.989790009924
2.108,9.136437203,2.198012941,9.397113688,-57.472213603,2.85178227138,0.128208248174,-0.0551980854858,0.131412394418,-0.98978985343
2.109,9.136295364,2.198087101,9.39699313,-57.5180598145,2.85131746416,0.128351220467,-0.0551993846033,0.131409939753,-0.989790106878
2.11,9.136314549,2.198169924,9.397031156,-57.5691459642,2.85097253542,0.128333588254,-0.0552008204947,0.131410270798,-0.989789982848
2.111,9.136348198,2.198350504,9.397106115,-57.6181317681,2.8505050032,0.128305902576,-0.0552039504763,0.131410851156,-0.989789731231
2.112,9.136391381,2.198348164,9.397147552,-57.6569157193,2.84985957424,0.12825768369,-0.0552039067632,0.131411598903,-0.989789634393
2.113,9.136273361,2.198341938,9.397031351,-57.6912572134,2.84982362133,0.128363937449,-0.0552038081494,0.1314095567,-0.989789911028
2.114,9.136317561,2.198342614,9.397074482,-57.7307721305,2.85051272092,0.128327081408,-0.0552038167081,0.131410321276,-0.989789809042
2.115,9.13644066,2.198606062,9.397255799,-57.7761641033,2.85145673935,0.128199787441,-0.0552083773235,0.13141244858,-0.989789272235
2.116,9.1363058,2.19875102,9.397158598,-57.8195273052,2.852783277,0.128331285598,-0.0552109047021,0.131410114327,-0.989789441171
2.117,9.136279881,2.198836045,9.397153293,-57.8531118835,2.85527285759,0.128358941598,-0.055212381638,0.131409665769,-0.989789418339
2.118,9.136274894,2.198739835,9.397125933,-57.8813555418,2.85943852138,0.128374746813,-0.0552107129801,0.131409579898,-0.989789522819
2.119,9.13628341,2.19900012,9.397195118,-57.9141227051,2.86416250014,0.128356593574,-0.0552152289029,0.131409724852,-0.989789251665
2.12,9.136278204,2.198938143,9.397175553,-57.955107755,2.86857341517,0.128361348131,-0.0552141532051,0.131409635542,-0.989789323529
2.121,9.13618157,2.198826333,9.397055439,-57.9975712317,2.87212739008,0.128456858674,-0.0552122212969,0.131407965615,-0.989789653003
2.122,9.13617604,2.199163677,9.397129004,-58.0318216461,2.87406467774,0.128465095133,-0.0552180756391,0.131407866085,-0.989789339634
2.123,9.136161234,2.199300461,9.397146621,-58.0539419918,2.87532949751,0.128471522652,-0.0552204505492,0.131407608935,-0.989789241281
2.124,9.136131995,2.199425857,9.397147542,-58.0645452148,2.87670526036,0.128510554725,-0.0552226291426,0.131407102377,-0.989789186987
2.125,9.136097535,2.199376031,9.397102377,-58.0747071268,2.87739491103,0.128543611505,-0.0552217667108,0.131406507175,-0.989789314124
2.126,9.136081524,2.199451059,9.397104372,-58.0981160905,2.87749966355,0.128557279381,-0.0552230707331,0.131406228936,-0.989789278309
2.127,9.136129024,2.199613528,9.39718858,-58.1293275062,2.87750864463,0.128502816758,-0.055225885943,0.131407049283,-0.989789012326
2.128,9.136185514,2.199949445,9.397322135,-58.1554209187,2.87771132525,0.128443351381,-0.0552317096805,0.131408023386,-0.989788558044
2.129,9.136114448,2.199957483,9.397254925,-58.1725468554,2.87810265682,0.128521960874,-0.0552318549451,0.131406793752,-0.989788713188
2.13,9.136051633,2.200145876,9.397237962,-58.1732119986,2.87814218588,0.128580159605,-0.0552351292115,0.131405705525,-0.989788674949
2.131,9.136072195,2.200009546,9.397226036,-58.1580160675,2.87800768622,0.128573545944,-0.0552327617655,0.131406062877,-0.989788759618
2.132,9.136198062,2.200387948,9.397436999,-58.145497207,2.87824865531,0.128444206131,-0.0552393178502,0.131408236558,-0.989788105166
2.133,9.136041152,2.200675635,9.397351817,-58.1430029072,2.87893061725,0.128595996309,-0.0552443232303,0.131405519893,-0.989788186479
2.134,9.136129983,2.200655442,9.397433449,-58.145102168,2.8800012929,0.128513353658,-0.0552439654266,0.131407057134,-0.989788002362
2.135,9.135963384,2.200794559,9.397304063,-58.1537067758,2.88072122012,0.128675204465,-0.0552463926943,0.131404173432,-0.989788249728
2.136,9.135997938,2.200677283,9.397310191,-58.1743342418,2.88145597348,0.128628071602,-0.0552443555242,0.131404772245,-0.989788283934
2.137,9.136061224,2.200757895,9.397390595,-58.2072772299,2.88367234916,0.128578415809,-0.0552457489949,0.13140586676,-0.989788060849
2.138,9.136044649,2.200925987,9.397413848,-58.2488912272,2.88772349319,0.128590102556,-0.0552486666536,0.131405578329,-0.989787936286
2.139,9.13599002,2.201023609,9.397383603,-58.2945109275,2.89256718469,0.128647579677,-0.0552503651557,0.131404632816,-0.989787967003
2.14,9.136117547,2.201258267,9.397562545,-58.3412715339,2.89788004425,0.128512724267,-0.0552544267066,0.131406836817,-0.989787447671
2.141,9.135991809,2.200973879,9.397373694,-58.3914261029,2.90356992573,0.12863387646,-0.0552495017467,0.131404664161,-0.989788011037
2.142,9.136002009,2.200621012,9.397300972,-58.4500254323,2.90882297016,0.128626617546,-0.0552433782647,0.131404843266,-0.98978832905
2.143,9.135920127,2.200759256,9.397253741,-58.5113462103,2.91248696028,0.128705305975,-0.0552457843393,0.131403425894,-0.989788382926
2.144,9.136017843,2.200678113,9.397329737,-58.5619450506,2.91488261878,0.128605301499,-0.0552443678284,0.131405116888,-0.989788237493
2.145,9.136038655,2.200832183,9.397386052,-58.6027118659,2.91707134917,0.128590885037,-0.0552470396754,0.131405475225,-0.989788040788
2.146,9.135952378,2.200546026,9.397235161,-58.6428039225,2.91929917363,0.128676344859,-0.0552420812188,0.131403985976,-0.989788515256
2.147,9.135864426,2.200574253,9.397156264,-58.6870522653,2.92069950736,0.128777440621,-0.0552425784151,0.131402463568,-0.989788689619
2.148,9.136025742,2.201002302,9.397413341,-58.7281809145,2.92099259196,0.128609390733,-0.0552499925473,0.131405251064,-0.989787905723
2.149,9.13617596,2.20081637,9.397515835,-58.7594169221,2.92101082103,0.128452931927,-0.0552467542632,0.131407850736,-0.989787741341
2.15,9.13599575,2.2006994,9.397313243,-58.784120198,2.92119572373,0.128630916791,-0.0552447391652,0.131404734633,-0.989788267515
2.151,9.136046851,2.201092895,9.397455081,-58.8016947335,2.92157755634,0.128580802777,-0.0552515628271,0.131405614538,-0.989787769814
2.152,9.135948379,2.201190847,9.397382292,-58.8131913756,2.92189532735,0.128682495929,-0.0552532704361,0.131403910322,-0.989787900743
2.153,9.136086312,2.201040791,9.397481241,-58.8248525223,2.92169979051,0.128545060476,-0.0552506557575,0.131406298456,-0.989787729649
2.154,9.136119107,2.201479305,9.39761584,-58.8304078569,2.92144316485,0.1285138161,-0.0552582620564,0.131406861421,-0.98978723029
2.155,9.13599111,2.201227524,9.397432424,-58.8230986026,2.92152150676,0.128631283749,-0.0552539039587,0.131404649469,-0.989787767249
2.156,9.135942316,2.201545211,9.397459407,-58.8139044319,2.92203329904,0.128687165973,-0.0552594199518,0.131403802473,-0.989787571756
2.157,9.135994475,2.201761377,9.397560758,-58.8144333346,2.92259314667,0.128637137129,-0.0552631666906,0.131404703107,-0.989787243002
2.158,9.135996624,2.202017802,9.397622929,-58.8302591015,2.92296307204,0.128629399595,-0.0552676158421,0.131404738435,-0.98978698989
2.159,9.135942538,2.201632965,9.397480182,-58.8643037261,2.92304102784,0.128689684819,-0.0552609431341,0.131403806215,-0.989787486219
2.16,9.135859071,2.201915643,9.397465268,-58.9129708264,2.92330805314,0.128772791035,-0.0552658555905,0.131402359732,-0.989787403973
2.161,9.135947274,2.202181906,9.397613407,-58.9677834495,2.92397285007,0.128683569428,-0.0552704679446,0.131403883119,-0.989786944183
2.162,9.13587489,2.201868592,9.397469622,-59.0220959589,2.92453998521,0.128760893919,-0.0552650369398,0.131402633853,-0.989787413291
2.163,9.135974602,2.20188876,9.397571284,-59.0727426492,2.92459896083,0.128658089223,-0.055265379013,0.131404358236,-0.989787165263
2.164,9.135787145,2.201965254,9.397406969,-59.1159784487,2.92454127115,0.128840600177,-0.0552667218232,0.131401114809,-0.989787520878
2.165,9.135790733,2.201962994,9.397409928,-59.152100743,2.92534105785,0.128843005528,-0.0552666828756,0.131401176798,-0.989787514823
2.166,9.135886703,2.202267414,9.39757456,-59.188205106,2.92833082685,0.128748547503,-0.05527195699,0.131402834227,-0.989787000282
2.167,9.135958891,2.202232277,9.397636504,-59.2293841711,2.9333110887,0.128671635392,-0.0552713408066,0.131404083159,-0.989786868884
2.168,9.135902876,2.20238314,9.397617403,-59.2760827157,2.93867819478,0.12873375542,-0.0552739638868,0.13140311276,-0.989786851233
2.169,9.135911384,2.202368164,9.397622165,-59.3281947261,2.94288428731,0.128714195446,-0.055273703252,0.131403260897,-0.989786846121
2.17,9.135820745,2.202031499,9.397455156,-59.3794842686,2.9453444989,0.128805988219,-0.0552678688164,0.131401695749,-0.989787379709
2.171,9.135881891,2.202716973,9.397675244,-59.415833168,2.94636144942,0.128744274033,-0.0552797578363,0.131402747515,-0.989786576146
2.172,9.135826037,2.202669761,9.39760988,-59.4294688339,2.94679455887,0.128798969429,-0.0552789433236,0.131401781332,-0.989786749905
2.173,9.135740097,2.202649998,9.397521701,-59.4307102534,2.94686045335,0.128900016072,-0.055278607877,0.131400295497,-0.989786965894
2.174,9.135888635,2.203109186,9.397773738,-59.4325501618,2.94631502636,0.128752176047,-0.0552865629971,0.131402860992,-0.989786180988
2.175,9.135721232,2.20289484,9.397560753,-59.4445256125,2.94516311069,0.128918357184,-0.0552828581098,0.131399966601,-0.989786772177
2.176,9.135767744,2.202827533,9.397590192,-59.4725948465,2.94328356408,0.12887594932,-0.0552816857829,0.13140077176,-0.989786730765
2.177,9.135828641,2.203156094,9.397726413,-59.5150136639,2.94117323982,0.128798287155,-0.0552873821257,0.131401822298,-0.989786273129
2.178,9.135744366,2.203162731,9.397646043,-59.5654601579,2.93954077441,0.128888374532,-0.0552875043523,0.131400364865,-0.989786459786
2.179,9.135780326,2.20286276,9.397610681,-59.6200624944,2.93840317064,0.128854721888,-0.0552822959058,0.131400989075,-0.989786667838
2.18,9.135844559,2.203338488,9.397784648,-59.6697460662,2.93763551055,0.128798221805,-0.0552905458769,0.131402096419,-0.989786060012
2.181,9.135702775,2.203466346,9.397676794,-59.7008697563,2.93655916071,0.128942156935,-0.0552927767533,0.131399642179,-0.989786261207
2.182,9.135804267,2.203611184,9.397809418,-59.7123246287,2.93499636446,0.12883468505,-0.0552952816339,0.13140139719,-0.989785888284
2.183,9.135715862,2.203914885,9.397794695,-59.7110076617,2.93378898939,0.128917906739,-0.0553005583765,0.131399864477,-0.989785796957
2.184,9.135862633,2.203934753,9.397942032,-59.7008776029,2.93307836733,0.128775235622,-0.05530089054,0.131402403694,-0.9897854413
2.185,9.135745741,2.203940961,9.397829856,-59.6934856266,2.93251975277,0.128893272274,-0.0553010081292,0.131400381704,-0.989785703164
2.186,9.135787666,2.203736953,9.397822771,-59.7017708357,2.93242758752,0.128847330932,-0.0552974652195,0.131401108877,-0.989785804569
2.187,9.135688555,2.204214897,9.397838511,-59.7240364741,2.93272763961,0.128956349531,-0.05530576676,0.131399390141,-0.989785568916
2.188,9.135757052,2.204136608,9.397886736,-59.7505049453,2.93306497241,0.128879010493,-0.0553044028832,0.131400575003,-0.989785487826
2.189,9.135813695,2.203949655,9.397897954,-59.7816210744,2.93370778324,0.128826878775,-0.0553011534317,0.131401557203,-0.98978553899
2.19,9.135792829,2.204235834,9.397944787,-59.8198741796,2.93477238655,0.128840489462,-0.0553061212723,0.131401193555,-0.989785309692
2.191,9.135669181,2.204364687,9.397854811,-59.8622020144,2.9359731751,0.128956944554,-0.0553083678221,0.131399053677,-0.989785468241
2.192,9.135626735,2.204639217,9.397877948,-59.9048755408,2.93733902365,0.128995739183,-0.0553131352056,0.131398317277,-0.989785299593
2.193,9.13554456,2.204163347,9.397686442,-59.9488203438,2.93885407997,0.129080164967,-0.0553048842888,0.131396899219,-0.989785948905
2.194,9.135672191,2.204215274,9.397822693,-59.9932556581,2.94038258449,0.128954938769,-0.0553057744857,0.131399107208,-0.989785606045
2.195,9.135521078,2.204000795,9.397625491,-60.0323743569,2.94212092786,0.129100603511,-0.0553020652813,0.131396494479,-0.989786160145
2.196,9.135737096,2.20460314,9.397976766,-60.06198526,2.94461077094,0.128884374301,-0.0553124991261,0.131400225937,-0.989785081755
2.197,9.135692212,2.204554375,9.397921695,-60.078011991,2.94733155953,0.128922994092,-0.0553116566834,0.131399450058,-0.989785231835
2.198,9.13568583,2.204627501,9.397932645,-60.0819764195,2.94952403161,0.128930948944,-0.0553129265924,0.131399339229,-0.989785175582
2.199,9.135639221,2.204601783,9.397881304,-60.0805995012,2.95087936121,0.128982570956,-0.0553124836626,0.13139853357,-0.98978530729
2.2,9.135687161,2.204607915,9.397929345,-60.0846166307,2.95009724605,0.128937634122,-0.0553125869099,0.131399362224,-0.989785191512
2.201,9.135664325,2.20479047,9.397949972,-60.1023360946,2.94636741743,0.128957680605,-0.0553157559325,0.131398965215,-0.989785067116
2.202,9.135667309,2.204559785,9.397898756,-60.1345971414,2.94152246382,0.128956417216,-0.055311753413,0.131399019518,-0.989785283586
2.203,9.135616008,2.204440298,9.397820858,-60.1785818599,2.93742658137,0.129010706031,-0.0553096839857,0.131398133492,-0.989785516853
2.204,9.135487951,2.204535127,9.397718619,-60.2273908675,2.93446036566,0.129136968315,-0.0553113397099,0.131395917645,-0.989785718489
2.205,9.135675506,2.204680574,9.39793506,-60.274499132,2.93407285113,0.128936887779,-0.0553138483702,0.131399159784,-0.989785147892
2.206,9.135656582,2.204809319,9.397946867,-60.3204198443,2.93803019326,0.128961137166,-0.0553160839565,0.131398831789,-0.989785066497
2.207,9.13565957,2.205052535,9.398006835,-60.3631680406,2.94475037008,0.128966003065,-0.0553203044338,0.131398881285,-0.989784824047
2.208,9.135568482,2.205244237,9.397963271,-60.3909592848,2.95233315151,0.12904284817,-0.0553236380496,0.131397303945,-0.98978484712
2.209,9.135498261,2.205378575,9.397926534,-60.3995068056,2.95972153796,0.129116204256,-0.05532597477,0.131396087982,-0.98978487793
2.21,9.135631948,2.205450616,9.398073394,-60.3963550548,2.96478773191,0.128979387848,-0.0553272138196,0.131398400093,-0.98978450173
2.211,9.135598705,2.204959654,9.397925876,-60.3853429296,2.96768617402,0.129014583129,-0.0553186974212,0.131397829538,-0.989785053488
2.212,9.135397808,2.205160328,9.397777672,-60.3670087856,2.96979022412,0.129214631292,-0.0553221961974,0.131394352162,-0.989785319566
2.213,9.135354407,2.205296193,9.397767364,-60.3392073529,2.97155268593,0.129258681048,-0.0553245572278,0.131393600811,-0.989785287339
2.214,9.135500355,2.205440735,9.397943156,-60.3043376972,2.97369153075,0.129101322732,-0.0553270537563,0.13139612394,-0.989784812844
2.215,9.135444169,2.20565672,9.397939228,-60.2751651205,2.97614284004,0.129171240137,-0.0553308054898,0.131395150253,-0.989784732381
2.216,9.135426127,2.205544963,9.397895461,-60.2624299128,2.97778195471,0.129183786807,-0.055328868246,0.131394838912,-0.989784882005
2.217,9.135436839,2.205639825,9.397928138,-60.2726733864,2.9785749804,0.129174077295,-0.0553305131632,0.131395022984,-0.989784765617
2.218,9.135405025,2.205871135,9.397951502,-60.3018791111,2.97884010333,0.129211160547,-0.0553345294274,0.131394470678,-0.989784614413
2.219,9.135604431,2.205657441,9.398095183,-60.34242529,2.97952570572,0.128989032478,-0.055330804974,0.131397922427,-0.989784364396
2.22,9.135346463,2.205381742,9.397779717,-60.3957077744,2.98073476226,0.129248584882,-0.0553260429424,0.131393462129,-0.989785222703
2.221,9.135376219,2.205613492,9.39786303,-60.4613180604,2.98053576004,0.129228745223,-0.0553300612941,0.131393975027,-0.989784929994
2.222,9.135375243,2.205555541,9.397848481,-60.5333751275,2.97844491487,0.129227838235,-0.0553290561111,0.131393958482,-0.989784988381
2.223,9.135441771,2.205707676,9.397948857,-60.6082171212,2.97766101583,0.129159135929,-0.05533169066,0.131395108432,-0.989784688449
2.224,9.135282811,2.205619353,9.397773606,-60.6855279746,2.98030431238,0.129318681716,-0.0553301704766,0.131392359386,-0.989785138366
2.225,9.135348686,2.205403126,9.397786898,-60.7646953957,2.98501093721,0.129249048909,-0.055326413517,0.131393501047,-0.989785196823
2.226,9.135294007,2.205364487,9.397724678,-60.8459212153,2.98953396493,0.129312290733,-0.0553257477983,0.131392555539,-0.98978535955
2.227,9.135224063,2.205919105,9.397786856,-60.9201816306,2.99284167118,0.129376239879,-0.0553353774975,0.131391340721,-0.989784982499
2.228,9.135390869,2.205767997,9.397913534,-60.9724294631,2.99516713596,0.129215593911,-0.0553327410575,0.131394227206,-0.989784746712
2.229,9.135337766,2.20574518,9.397856558,-61.0031441611,2.99730006544,0.129272301229,-0.0553323499411,0.131393309104,-0.989784890455
2.23,9.135227347,2.205767689,9.397754508,-61.0256249934,2.99911277643,0.129383207659,-0.0553327498938,0.131391398652,-0.989785121705
2.231,9.135304233,2.205845902,9.397847603,-61.0503973792,3.00099094541,0.129304510646,-0.0553341007301,0.131392727337,-0.989784869807
2.232,9.135315612,2.205758284,9.397838099,-61.0836757537,3.00297183729,0.129293850749,-0.0553325786762,0.131392925282,-0.98978492862
2.233,9.135206337,2.205771913,9.397735076,-61.1277145895,3.00526926869,0.129398095728,-0.0553328241903,0.131391034947,-0.989785165833
2.234,9.135192774,2.206072461,9.397792438,-61.177525131,3.00721329743,0.129416464161,-0.0553380412855,0.131390797696,-0.989784905657
2.235,9.135184113,2.206054461,9.397779795,-61.2265876792,3.00858898019,0.129420562079,-0.0553377293118,0.131390648604,-0.989784942891
2.236,9.13527627,2.206006188,9.397858044,-61.2753117288,3.00997273007,0.129333084622,-0.0553368841677,0.131392242447,-0.989784778563
2.237,9.135231852,2.206721527,9.397982809,-61.3242559038,3.01198838873,0.12937006729,-0.0553492999838,0.13139146771,-0.989784187186
2.238,9.135082361,2.206470111,9.397778466,-61.3722005412,3.0141831445,0.129522768333,-0.0553449502644,0.131388884161,-0.989784773372
2.239,9.135158052,2.206957699,9.397966531,-61.414098852,3.01585340944,0.129442056454,-0.0553534047344,0.131390189774,-0.98978412728
2.24,9.135032274,2.206843143,9.397817369,-61.4357979997,3.01678810797,0.129571061622,-0.0553514275258,0.131388014476,-0.989784526613
2.241,9.135146029,2.207224703,9.398017549,-61.4266189508,3.01696760273,0.129468266509,-0.0553580386406,0.131389978902,-0.989783896112
2.242,9.135236388,2.207054768,9.398065472,-61.392516667,3.01698729436,0.129370473423,-0.055355082667,0.131391543287,-0.989783853766
2.243,9.135184023,2.207750824,9.398178059,-61.3542890432,3.01780452572,0.129421451113,-0.0553671645408,0.131390631224,-0.98978329907
2.244,9.135062575,2.207186843,9.397927538,-61.3302052149,3.01906730071,0.129540313721,-0.0553573886329,0.131388535779,-0.989784124034
2.245,9.135118353,2.207423824,9.398037415,-61.3334281286,3.01959495772,0.129487989072,-0.0553614959387,0.131389498459,-0.989783766518
2.246,9.135139837,2.207681228,9.398118761,-61.3651314633,3.01929238882,0.129448733014,-0.0553659612817,0.1313898684,-0.98978346764
2.247,9.134989148,2.207802332,9.398000738,-61.408566105,3.0191106837,0.129609794265,-0.0553680750965,0.131387260657,-0.98978369556
2.248,9.134996022,2.208013918,9.398057129,-61.4471819757,3.01911501504,0.129600361194,-0.0553717462699,0.13138737692,-0.989783474756
2.249,9.13496104,2.207798578,9.397972535,-61.4777718638,3.01924863342,0.129642692217,-0.0553680120554,0.131386774532,-0.989783763617
2.25,9.134946158,2.207917028,9.397985897,-61.5073350436,3.01931919577,0.12966537371,-0.0553700685427,0.131386515736,-0.989783682929
2.251,9.134991381,2.207949729,9.398037537,-61.5416535423,3.01910384224,0.129609950283,-0.0553706323769,0.131387297575,-0.989783547603
2.252,9.135079412,2.20798216,9.398130722,-61.5786053652,3.01915808472,0.129525496512,-0.0553711877473,0.131388820394,-0.989783314389
2.253,9.135076853,2.208001515,9.398132783,-61.6155318228,3.01988737913,0.129515301863,-0.0553715238922,0.131388775225,-0.98978330158
2.254,9.135021031,2.207884254,9.398050974,-61.6555807213,3.02124572413,0.129566970886,-0.0553694934802,0.131387811051,-0.989783543154
2.255,9.13505616,2.207774425,9.398059319,-61.7020151989,3.02269950924,0.129537460993,-0.0553675849557,0.13138841932,-0.989783569173
2.256,9.135068741,2.207768458,9.398070145,-61.7484760712,3.02360650267,0.129532088727,-0.0553674809857,0.131388637803,-0.989783545987
2.257,9.135055777,2.208059383,9.398125893,-61.782868057,3.02403993629,0.129543026281,-0.0553725299244,0.131388411013,-0.989783293646
2.258,9.134950312,2.208169184,9.398049178,-61.8041255921,3.02421961611,0.129649996742,-0.0553744440508,0.131386585104,-0.989783428938
2.259,9.135015559,2.20753737,9.397964168,-61.8245222167,3.0241754205,0.129583509016,-0.0553634752464,0.131387719541,-0.989783891949
2.26,9.135039071,2.208346952,9.398177222,-61.8527475596,3.02424682358,0.129555912939,-0.0553775211182,0.131388118639,-0.989783053217
2.262,9.134986598,2.208085473,9.398064779,-61.9274896928,3.02444707338,0.129615202018,-0.0553729882326,0.131387213212,-0.989783427007
2.263,9.134986416,2.208479297,9.39815714,-61.9706648586,3.02438684061,0.129612565368,-0.055379821864,0.131387207534,-0.989783045433
2.264,9.134987084,2.20842223,9.398144379,-62.0110923311,3.02404015573,0.129616731877,-0.0553788313914,0.131387218734,-0.989783099364
2.265,9.135042657,2.208698427,9.398263302,-62.0413785881,3.02350519969,0.129558750736,-0.0553836197733,0.131388177954,-0.98978270411
2.266,9.134986638,2.208515615,9.39816589,-62.0552215076,3.02328137653,0.129613131005,-0.0553804517963,0.131387210507,-0.989783009793
2.267,9.134775057,2.208461535,9.397947525,-62.0613039499,3.02454229479,0.129815552463,-0.0553795318027,0.131383550829,-0.989783547059
2.268,9.134875313,2.20824283,9.397993583,-62.0720036051,3.02804014584,0.129728065579,-0.0553757279025,0.131385287141,-0.989783529405
2.269,9.134897264,2.208244063,9.398015209,-62.093472226,3.03277103278,0.129696194684,-0.0553757477109,0.131385667006,-0.989783477873
2.27,9.135004466,2.208621531,9.398208109,-62.1263995112,3.03773279548,0.129589223297,-0.0553822886901,0.13138751807,-0.989782866186
2.271,9.13493715,2.208537807,9.398123003,-62.1671694614,3.04280494964,0.129656425319,-0.055380841733,0.131386354447,-0.989783101611
2.272,9.134950358,2.208674205,9.398167895,-62.2113524286,3.04702063112,0.129652413529,-0.0553832074684,0.131386582099,-0.98978293902
2.273,9.134953265,2.208735752,9.398185185,-62.2527056938,3.05007787103,0.129637965666,-0.0553842753401,0.131386631647,-0.989782872689
2.274,9.134816416,2.20921475,9.398164755,-62.2820239614,3.05237658297,0.129783142585,-0.0553925983834,0.131384260014,-0.989782721745
2.275,9.134952788,2.209366287,9.398332928,-62.2953712238,3.05355639109,0.129640383812,-0.0553952162899,0.131386617898,-0.989782262242
2.276,9.134862734,2.208865269,9.39812763,-62.3069713128,3.05421410826,0.129721645675,-0.0553865300767,0.131385063886,-0.989782954629
2.277,9.134805396,2.209357604,9.398187626,-62.3305639401,3.05488531731,0.129794049959,-0.0553950779659,0.131384068584,-0.989782608384
2.278,9.134702835,2.209205127,9.398052095,-62.3621385434,3.05503126889,0.129889286042,-0.0553924405023,0.131382294938,-0.989782991424
2.279,9.134756614,2.209026957,9.398062487,-62.3987791293,3.05476737266,0.129841041907,-0.0553893443995,0.131383226958,-0.989783040975
2.28,9.134838617,2.209214949,9.39818638,-62.4356157572,3.05461015883,0.129748758301,-0.0553925995775,0.131384644327,-0.989782670664
2.281,9.134813056,2.209577397,9.398246743,-62.461883359,3.05505157919,0.129768784901,-0.0553988909522,0.131384198742,-0.989782377698
2.282,9.134849926,2.209674334,9.39830537,-62.4792358589,3.05585189166,0.129738213337,-0.0554005694766,0.131384835142,-0.989782199272
2.283,9.134850418,2.209658537,9.398302134,-62.4981216083,3.05673856332,0.129729482885,-0.0554002957176,0.131384843952,-0.989782213426
2.284,9.13482602,2.210193404,9.398404189,-62.5161346953,3.05781181757,0.129760984886,-0.0554095787851,0.131384417494,-0.989781750397
2.285,9.134825319,2.20976179,9.398302016,-62.5220369366,3.05883244021,0.129775576776,-0.0554020891738,0.131384409334,-0.989782170732
2.286,9.134788544,2.209671995,9.398245159,-62.5206740263,3.0591661478,0.129811135503,-0.0554005345009,0.131383773888,-0.989782342102
2.287,9.134822418,2.209861816,9.398322714,-62.5195069925,3.05885430465,0.129772673644,-0.0554038257577,0.131384358314,-0.989782080299
2.288,9.134749836,2.210128681,9.398314921,-62.5171101892,3.05863539461,0.129849796962,-0.0554084622784,0.131383100223,-0.989781987755
2.289,9.134764742,2.21007171,9.398316011,-62.5145936821,3.05840266789,0.129830091457,-0.0554074719558,0.131383358982,-0.989782008845
2.29,9.134768956,2.210209316,9.398352467,-62.5121537578,3.05808298111,0.129814956713,-0.0554098595545,0.131383430225,-0.989781865729
2.291,9.134805978,2.210345751,9.398420537,-62.5133120412,3.05830455426,0.129780654031,-0.0554122238897,0.131384069136,-0.989781648557
2.292,9.134701498,2.210498362,9.398354881,-62.5231293731,3.05927646742,0.129883896325,-0.055414880699,0.131382260846,-0.989781739846
2.293,9.134640734,2.21046161,9.398287178,-62.5414984489,3.0605738837,0.129952362652,-0.05541424888,0.131381209785,-0.989781914735
2.294,9.134731175,2.210387015,9.398357537,-62.5694250007,3.06179470364,0.129865075013,-0.0554129469566,0.131382775026,-0.989781779857
2.295,9.134638745,2.210493365,9.398292713,-62.60712399,3.06297016958,0.129952295304,-0.0554147992709,0.13138117528,-0.989781888501
2.296,9.134670328,2.210467674,9.398317368,-62.64657243,3.06456784849,0.129923466119,-0.0554143515814,0.131381722443,-0.989781840936
2.297,9.13462083,2.210563651,9.398291832,-62.6790975436,3.06681404747,0.129963180951,-0.0554160209088,0.131380865378,-0.98978186124
2.298,9.134673131,2.210412672,9.398307156,-62.7081718365,3.0691201825,0.129914664587,-0.055413396455,0.131381771432,-0.989781887907
2.299,9.13477804,2.210206289,9.398360585,-62.7441477352,3.07095836601,0.12980754807,-0.0554098070181,0.13138358784,-0.989781847749
2.3,9.134567914,2.210556809,9.398238791,-62.7902604125,3.07221197637,0.130023484387,-0.0554159067302,0.1313799493,-0.98978198923
2.301,9.134712899,2.210423712,9.398348404,-62.8416608319,3.07289853923,0.129880854735,-0.0554135851887,0.131382458765,-0.989781786105
2.302,9.134607939,2.210416697,9.398244738,-62.898031314,3.07392393429,0.12997790443,-0.0554134715108,0.131380643579,-0.989782033413
2.303,9.1346953,2.210354768,9.398315084,-62.9591893355,3.07565402972,0.129895061253,-0.055412389605,0.131382154763,-0.989781893393
2.304,9.134574296,2.210338449,9.398193636,-63.0214639506,3.07741463204,0.130009123436,-0.0554121167169,0.131380062085,-0.989782186447
2.305,9.134593096,2.210731905,9.398304452,-63.0772343933,3.07897429725,0.129990710444,-0.0554189422579,0.131380383649,-0.989781761618
2.306,9.134596147,2.210801997,9.398323906,-63.115006663,3.07979559293,0.12999627075,-0.0554201587625,0.13138043589,-0.989781686569
2.307,9.134695054,2.210750242,9.398407863,-63.1347524675,3.07947901764,0.129887324685,-0.0554192520242,0.131382147183,-0.989781510186
2.308,9.134596361,2.210695851,9.398299145,-63.1458924581,3.07913725086,0.129979824607,-0.0554183170445,0.131380440167,-0.989781789122
2.309,9.134510697,2.210929585,9.398270868,-63.1576023019,3.07981231445,0.130075237605,-0.0554223798045,0.131378956824,-0.989781758531
2.31,9.134618957,2.210949534,9.398380783,-63.1755445401,3.08092878794,0.129970857472,-0.0554227171004,0.131380829487,-0.989781491074
2.311,9.134597922,2.210945149,9.398359306,-63.1984151607,3.08150302684,0.130001117921,-0.0554226423221,0.13138046531,-0.989781543601
2.312,9.134511124,2.211177271,9.398329554,-63.2190613237,3.08143378527,0.130087824632,-0.0554266779349,0.131378962079,-0.989781517152
2.313,9.134655552,2.211115301,9.398455348,-63.2312738346,3.08138082396,0.129937111427,-0.0554255902034,0.131381460666,-0.989781246409
2.314,9.134683459,2.211020149,9.398460087,-63.2328457955,3.082423326,0.129894989534,-0.0554239370813,0.131381943763,-0.989781274854
2.315,9.134560021,2.211609304,9.398478733,-63.2258450294,3.08421192616,0.130022002994,-0.0554341706843,0.131379803533,-0.989780985847
2.316,9.13457315,2.211256525,9.398408485,-63.220795989,3.08523480704,0.130011980961,-0.0554280478309,0.131380033796,-0.989781298183
2.317,9.134515475,2.211679098,9.398451862,-63.2308649578,3.08550676628,0.130074325188,-0.0554353850196,0.131379033113,-0.989781020098
2.318,9.134683831,2.211868019,9.398659948,-63.25073785,3.08598478355,0.129906318949,-0.0554386489736,0.13138194354,-0.989780450965
2.319,9.134548857,2.212170683,9.3986,-63.2666696593,3.08685960231,0.130043956631,-0.0554439121691,0.131379605647,-0.989780466479
2.32,9.134687784,2.212460213,9.398803174,-63.2735197823,3.08780352468,0.129905448493,-0.0554489250558,0.131382006526,-0.989779866976
2.321,9.134519942,2.212419782,9.398630531,-63.2747387355,3.08865307182,0.130061573534,-0.0554482372008,0.131379102937,-0.989780290925
2.322,9.134523382,2.212367803,9.398621639,-63.2808007807,3.08947041607,0.130051286763,-0.0554473347912,0.131379163581,-0.989780333428
2.323,9.134488905,2.212051398,9.398513656,-63.3017936535,3.09056561431,0.13008862254,-0.0554418472977,0.131378570123,-0.989780719594
2.324,9.134428336,2.212241914,9.398499631,-63.3411852411,3.09143385287,0.130151855546,-0.055445158023,0.131377520742,-0.98978067343
2.325,9.13453066,2.212170954,9.398582377,-63.3943080524,3.09156434384,0.130058890124,-0.0554439182865,0.13137929108,-0.989780507891
2.326,9.134408289,2.212404638,9.398518451,-63.451228937,3.09139612399,0.130178743576,-0.0554479834966,0.131377172335,-0.989780561395
2.327,9.134330087,2.212548157,9.398476232,-63.5049880339,3.0914301111,0.130258478361,-0.0554504805801,0.131375818035,-0.989780601264
2.328,9.134415323,2.212473111,9.398541406,-63.5565444617,3.09190266386,0.130170080177,-0.0554491713074,0.131377293544,-0.989780478764
2.329,9.134457625,2.21275594,9.398649103,-63.6074998806,3.09301604304,0.130119121761,-0.0554540754871,0.131378022326,-0.989780107277
2.33,9.134478666,2.212600727,9.398633011,-63.6582118136,3.09468650963,0.130093589925,-0.0554513806712,0.131378387959,-0.989780209723
2.331,9.134460816,2.21234899,9.398556402,-63.7087024344,3.09644909472,0.130112047824,-0.0554470137559,0.131378081633,-0.989780495025
2.332,9.134474919,2.212874722,9.398693877,-63.7458403079,3.09776609446,0.130106820103,-0.0554561349276,0.131378320979,-0.98977995225
2.333,9.134461645,2.212808857,9.398665468,-63.7523629758,3.09815139598,0.130130413687,-0.0554549932142,0.131378091909,-0.989780046623
2.334,9.134499243,2.212618427,9.398657176,-63.7288210921,3.09803832904,0.130090271673,-0.0554516856069,0.131378743326,-0.989780145469
2.335,9.134549126,2.212464592,9.398669443,-63.6930023561,3.09801713693,0.130044625504,-0.0554490119461,0.131379607968,-0.989780180487
2.336,9.134452014,2.212520287,9.398588171,-63.6662555706,3.0984215549,0.130144068732,-0.0554499865363,0.131377927853,-0.989780348899
2.337,9.13453619,2.212737017,9.398721005,-63.6602009761,3.09910675189,0.130050014006,-0.055453740042,0.131379381137,-0.989779945709
2.338,9.134412528,2.212852526,9.398628013,-63.6721308832,3.09927571068,0.130175743552,-0.0554557552594,0.13137724141,-0.989780116818
2.339,9.134524117,2.212921609,9.398752731,-63.6955658316,3.09871660208,0.130055735136,-0.0554569446438,0.131379170702,-0.989779794094
2.34,9.134361916,2.212774026,9.398560342,-63.7276570757,3.09818431939,0.130216189697,-0.0554543972171,0.131376367163,-0.989780308948
2.341,9.134279104,2.212557291,9.398428832,-63.7699757964,3.09797845381,0.130309874518,-0.0554506434436,0.131374936169,-0.989780709192
2.342,9.134389949,2.21263296,9.398554375,-63.8229512868,3.09824004396,0.13020152994,-0.0554519466005,0.131376852926,-0.989780381768
2.343,9.134423534,2.213081319,9.39869258,-63.8807571263,3.09948597925,0.130161859488,-0.0554597238453,0.131377430005,-0.989779869424
2.344,9.134428433,2.213086204,9.398698493,-63.9374907699,3.10095825783,0.130162799031,-0.0554598089603,0.131377514437,-0.989779853447
2.345,9.134500701,2.213072413,9.398765481,-63.9967486662,3.10204129994,0.13007973339,-0.0554595633229,0.131378764715,-0.989779701256
2.346,9.134396633,2.212962039,9.39863835,-64.0633066999,3.10271581767,0.130184160692,-0.0554576562269,0.131376966012,-0.989780046863
2.347,9.134373121,2.213313079,9.39869816,-64.1312311604,3.10337647752,0.130201700464,-0.0554637498985,0.131376555489,-0.989779759904
2.348,9.134255607,2.21320401,9.398558267,-64.1906037679,3.1048136805,0.130324262577,-0.0554618673878,0.131374524291,-0.989780134996
2.349,9.134364159,2.213122608,9.398644597,-64.2394866783,3.10663430109,0.130222226133,-0.0554604459343,0.131376402043,-0.989779965408
2.35,9.134363952,2.213354723,9.398699055,-64.2742463935,3.10832313226,0.130211800667,-0.0554644736611,0.131376397209,-0.989779740355
2.351,9.134328071,2.213350933,9.398663291,-64.2937090653,3.11020274496,0.130255042783,-0.0554644108792,0.131375775998,-0.989779826328
2.352,9.134310455,2.213324187,9.398639872,-64.3041162893,3.11201465403,0.130263703764,-0.0554639479503,0.131375471998,-0.98977989262
2.353,9.134265706,2.213753499,9.398697491,-64.3106671193,3.11416072549,0.130300330299,-0.0554714013314,0.131374694007,-0.989779578194
2.354,9.134413476,2.213511793,9.398784178,-64.3223143436,3.11810209555,0.130159986266,-0.0554671942093,0.131377252579,-0.989779474364
2.355,9.134276535,2.213577371,9.398666533,-64.3486845166,3.12290794775,0.130294094902,-0.0554683442342,0.131374882869,-0.989779724453
2.356,9.134362554,2.214131023,9.398880543,-64.3813988739,3.12709991296,0.130211139938,-0.0554779439016,0.131376366058,-0.989778989564
2.357,9.134180421,2.21418527,9.398716315,-64.400927136,3.12994133652,0.130403424557,-0.0554789003699,0.131373214479,-0.989779354266
2.358,9.134129849,2.214664325,9.398780037,-64.3972637903,3.13138336377,0.1304558489,-0.0554872176937,0.131372335849,-0.98977900465
2.359,9.134263611,2.214621702,9.398899989,-64.3775541826,3.13200834444,0.130323984886,-0.0554864669299,0.13137464994,-0.989778739588
2.36,9.134172675,2.2150384,9.398909807,-64.3635514672,3.13285130182,0.130404355424,-0.0554937044548,0.131373073136,-0.98977854312
2.361,9.134343726,2.214687668,9.398993391,-64.3714515609,3.13421287734,0.130232214963,-0.0554876046183,0.131376035514,-0.989778491899
2.362,9.134196082,2.214907436,9.398901692,-64.3998823356,3.13544270235,0.130378839676,-0.0554914300849,0.131373479736,-0.989778616666
2.363,9.134217587,2.215273231,9.399008799,-64.4349736036,3.13617700594,0.130350778368,-0.0554977758841,0.131373847874,-0.989778212009
2.364,9.133990087,2.215292079,9.398792152,-64.4709144174,3.13647300779,0.130586168535,-0.0554981216124,0.131369912909,-0.989778714905
2.365,9.134168632,2.215044194,9.398907244,-64.5126395821,3.13688359883,0.130408236595,-0.0554938057077,0.131373003626,-0.989778546669
2.366,9.134203446,2.215271559,9.398994663,-64.5613456529,3.13759090782,0.130375520554,-0.0554977473747,0.131373603405,-0.989778246055
2.367,9.134196985,2.2154117,9.399021415,-64.6112904097,3.13821988733,0.130385814869,-0.0555001801273,0.131373490127,-0.989778124681
2.368,9.134167484,2.215476893,9.399008112,-64.6606210709,3.13850602551,0.130421441036,-0.0555013135224,0.131372980015,-0.989778128835
2.369,9.134117945,2.215310242,9.398920688,-64.711745269,3.1376912695,0.130457324553,-0.0554984259811,0.13137212404,-0.989778404361
2.37,9.134164745,2.21544326,9.398997523,-64.7652723385,3.13688327988,0.130402416253,-0.0555007303492,0.131372932891,-0.98977816779
2.371,9.134107016,2.215549175,9.398966386,-64.8213177974,3.13690731707,0.1304658094,-0.0555025732847,0.13137193354,-0.989778197091
2.372,9.134161635,2.215497463,9.399007276,-64.8780242792,3.13709054118,0.130420153552,-0.0555016709799,0.131372878103,-0.989778122317
2.373,9.134030804,2.215568079,9.398896778,-64.9350129814,3.13767484151,0.130543250353,-0.0555029071726,0.131370614415,-0.989778353453
2.374,9.13411015,2.215395921,9.398933307,-64.989616235,3.13912834915,0.130469554068,-0.0554999141698,0.131371988534,-0.9897783389
2.375,9.134081073,2.21557478,9.398947209,-65.0418557019,3.14050422447,0.130497800169,-0.0555030194104,0.131371484017,-0.989778231739
2.376,9.134122561,2.215599912,9.398993453,-65.0922094261,3.14152306184,0.130441510431,-0.0555034522199,0.131372201375,-0.989778112254
2.377,9.134162691,2.215642806,9.399042564,-65.1414287203,3.14269201369,0.130407151379,-0.055504192912,0.131372895147,-0.989777978635
2.378,9.133973831,2.215836054,9.398904584,-65.1900840351,3.14410058799,0.130602030054,-0.0555075624481,0.131369626697,-0.989778223489
2.379,9.134109507,2.215724554,9.399010149,-65.231989844,3.14590058863,0.130455416192,-0.0555056164695,0.131371974197,-0.989778021041
2.38,9.133991641,2.215750477,9.398901716,-65.2602990684,3.14775671606,0.130585531309,-0.0555060758753,0.131369935269,-0.9897782659
2.381,9.134055294,2.215469734,9.398897396,-65.2813024663,3.14873873149,0.130528524486,-0.0555011994408,0.131371039465,-0.989778392798
2.382,9.134066329,2.215854502,9.398998823,-65.3040395265,3.14882060838,0.130518606473,-0.0555078743492,0.131371226236,-0.989777993695
2.383,9.133997772,2.215795399,9.398918265,-65.3281065331,3.14916801907,0.130576965114,-0.0555068550515,0.131370041226,-0.989778208141
2.384,9.134091597,2.215839168,9.399019764,-65.3538131101,3.15072812932,0.130475705913,-0.0555076068741,0.131371663767,-0.989777950622
2.385,9.134035338,2.216038057,9.399011981,-65.3822372281,3.15328378322,0.130536236013,-0.0555110622421,0.131370689207,-0.989777886188
2.386,9.134177557,2.216047591,9.399152439,-65.4086647156,3.15600259533,0.130393689074,-0.0555112156639,0.131373148595,-0.989777551152
2.387,9.134138554,2.215790783,9.39905399,-65.4298140124,3.15827120769,0.130427781014,-0.0555067631418,0.131372476336,-0.989777890088
2.388,9.13416309,2.216023731,9.399132755,-65.4488486698,3.16017303436,0.130409906497,-0.0555108030827,0.131372898547,-0.98977760748
2.389,9.134038175,2.216266387,9.399068575,-65.4690836715,3.16200458437,0.130533659503,-0.055515024202,0.131370735825,-0.989777657788
2.39,9.133999822,2.216535792,9.399094832,-65.4904387453,3.16379994307,0.130572288346,-0.055519701805,0.131370069785,-0.98977748382
2.391,9.134088696,2.216545462,9.39918348,-65.5128961163,3.16563365014,0.130482545158,-0.0555198624818,0.131371606888,-0.989777270791
2.392,9.134080335,2.216864144,9.399250513,-65.5373580248,3.16777129907,0.130486686804,-0.0555253926782,0.131371459512,-0.989776980129
2.393,9.134024677,2.216866499,9.39919698,-65.5647318789,3.17004816032,0.130543860863,-0.0555254381184,0.131370497375,-0.989777105282
2.394,9.133863644,2.21690005,9.399048404,-65.5971991522,3.17173521333,0.130709747582,-0.0555260343248,0.131367711772,-0.989777441557
2.395,9.13406653,2.216854422,9.399234804,-65.6354056251,3.17304724866,0.130497681688,-0.0555252253717,0.131371220898,-0.989777021186
2.396,9.134038872,2.217099098,9.399265638,-65.6726425758,3.1748333715,0.130522931857,-0.0555294738053,0.131370740998,-0.989776846541
2.397,9.133952542,2.216979936,9.399153636,-65.6999120025,3.1782012708,0.130616821356,-0.0555274126868,0.131369247981,-0.989777160337
2.398,9.133889636,2.217016107,9.399101037,-65.7180467781,3.18310402016,0.130683359974,-0.055528045969,0.131368159499,-0.989777269279
2.399,9.133920333,2.216986355,9.39912385,-65.7354742184,3.18816442317,0.130645541774,-0.0555275272248,0.131368691272,-0.989777227801
2.4,9.13391482,2.217519308,9.399244216,-65.7563808016,3.19274583582,0.130648698668,-0.0555367753667,0.131368590989,-0.989776722238
2.401,9.133877428,2.21745293,9.399192219,-65.778705657,3.196623426,0.130685057266,-0.0555356260606,0.131367944575,-0.98977687252
2.402,9.133945831,2.217316111,9.399226414,-65.8052991443,3.19997375445,0.130620677773,-0.05553324626,0.131369129153,-0.989776848823
2.403,9.133846697,2.217246821,9.399113732,-65.840212864,3.20239919296,0.13072089435,-0.0555320526999,0.131367415204,-0.989777143273
2.404,9.133858308,2.21724017,9.399123447,-65.8809105956,3.20359736259,0.130704899129,-0.0555319359953,0.131367615646,-0.989777123217
2.405,9.133927591,2.217288361,9.399202143,-65.9209012738,3.2039091852,0.130640733779,-0.0555327669492,0.131368814121,-0.989776917528
2.406,9.133940942,2.217583799,9.399284816,-65.951536634,3.20409356562,0.130628879606,-0.0555378917131,0.131369042112,-0.989776599723
2.407,9.133843803,2.217391586,9.399145071,-65.9735955556,3.20379797236,0.130733652608,-0.055534565072,0.131367363516,-0.989777009172
2.408,9.133898392,2.217516233,9.399227525,-65.995024369,3.20287871648,0.130671012602,-0.0555367228691,0.13136830725,-0.989776762843
2.409,9.133910722,2.217736015,9.399291362,-66.0134627673,3.20202629536,0.130656718701,-0.0555405357319,0.131368518283,-0.989776520885
2.41,9.133834178,2.217587554,9.399181952,-66.0237355884,3.20127274891,0.130732224505,-0.0555379662212,0.131367195692,-0.989776840608
2.411,9.13374036,2.217608693,9.399095769,-66.0324357314,3.19992929938,0.130826089066,-0.0555383412437,0.131365572238,-0.989777035035
2.412,9.133729614,2.218092978,9.3991996,-66.0447082567,3.19825513078,0.130836724413,-0.055546744802,0.131365382028,-0.989776588704
2.413,9.133908009,2.217793031,9.399302178,-66.061732664,3.19729669871,0.130660810198,-0.055541525528,0.13136847075,-0.989776471652
2.414,9.133809099,2.217905689,9.399232645,-66.0871078615,3.19742976933,0.130761649639,-0.0555434889211,0.131366759284,-0.989776588627
2.415,9.133807574,2.218158255,9.399290763,-66.1172780035,3.19802588431,0.130765065814,-0.0555478711021,0.131366730698,-0.989776346495
2.416,9.133872286,2.218082213,9.399335702,-66.1500098184,3.19872647038,0.130692488442,-0.0555465463113,0.131367850387,-0.989776272234
2.417,9.133769558,2.217889489,9.399190398,-66.1902213718,3.19940246719,0.130801132329,-0.055543210924,0.131366074936,-0.989776695056
2.418,9.133873831,2.218127672,9.399347931,-66.2363993548,3.20027526751,0.130694145483,-0.0555473346574,0.131367876157,-0.989776224571
2.419,9.133826377,2.218205402,9.399320161,-66.2823744478,3.20178694764,0.130737501725,-0.0555486878839,0.131367054823,-0.989776257637
2.42,9.133653172,2.218028024,9.399109988,-66.3283499557,3.20334498568,0.130914914951,-0.0555456247313,0.131364060694,-0.989776826932
2.421,9.133722479,2.218296862,9.399240783,-66.3695213117,3.20425227365,0.130840627996,-0.0555502838238,0.131365256637,-0.989776406728
2.422,9.133737136,2.218505528,9.399304275,-66.3896500389,3.20539744613,0.130823910654,-0.0555539028308,0.131365508548,-0.989776170174
2.423,9.133712633,2.218604739,9.399303881,-66.3865726074,3.20750705518,0.130854863329,-0.0555556268584,0.131365084428,-0.989776129697
2.424,9.133745438,2.218308234,9.399265777,-66.3787945022,3.2096400809,0.130818116838,-0.0555504783061,0.131365654139,-0.989776343056
2.425,9.133636071,2.218449643,9.399192875,-66.3761192605,3.21127503057,0.130923140995,-0.0555529415553,0.1313637606,-0.989776456118
2.426,9.133780201,2.218472738,9.399338384,-66.37515569,3.21281233408,0.130779278772,-0.0555533305878,0.131366253823,-0.989776103377
2.427,9.133714612,2.218964528,9.399390735,-66.3779754362,3.2148370536,0.130843539426,-0.0555618695707,0.131365115528,-0.989775775149
2.428,9.133662557,2.218838404,9.399310378,-66.3877229547,3.2168658049,0.130904828683,-0.0555596855444,0.13136421548,-0.989776017205
2.429,9.13354946,2.219038694,9.399247761,-66.4053071159,3.21842736939,0.131010425871,-0.0555631701518,0.13136225801,-0.989776081391
2.43,9.133758094,2.219092915,9.399463298,-66.4303514146,3.2204439709,0.130801190636,-0.055564093088,0.13136586649,-0.989775550658
2.431,9.133717961,2.219076809,9.399420497,-66.4615133281,3.22321913855,0.1308441658,-0.0555638173394,0.131365171834,-0.989775658335
2.432,9.133810456,2.219350681,9.399575038,-66.4971430919,3.22589464561,0.130747230627,-0.0555685616166,0.131366769524,-0.98977517994
2.433,9.133636405,2.219126975,9.39935309,-66.5340054506,3.22773538899,0.130922521634,-0.055564694806,0.13136376063,-0.989775796372
2.434,9.133702386,2.219038106,9.399396225,-66.5748863918,3.22900966468,0.130857029623,-0.0555631474915,0.131364902692,-0.989775731659
2.435,9.133695428,2.218922446,9.399362159,-66.6247420205,3.23010243901,0.130861362474,-0.0555611406119,0.131364783469,-0.989775860141
2.436,9.13372418,2.218867743,9.399377184,-66.6819952731,3.23096728489,0.130844383192,-0.0555601894858,0.131365281646,-0.989775847413
2.437,9.133617217,2.21930926,9.399377482,-66.7398168984,3.23192960064,0.130940333726,-0.0555678595039,0.131363426935,-0.989775662993
2.438,9.133713227,2.219301154,9.399468864,-66.786186593,3.23338799245,0.130847981656,-0.0555677110029,0.131365087645,-0.989775450919
2.439,9.133578036,2.219339605,9.399346574,-66.8101254324,3.23492493823,0.130980171598,-0.0555683894424,0.131362748819,-0.989775723241
2.44,9.133666702,2.218961675,9.399343505,-66.8121956552,3.23619571004,0.130890483355,-0.0555618239822,0.131364286602,-0.989775887725
2.441,9.13363624,2.219336616,9.399402427,-66.8001875546,3.23692924002,0.130925466217,-0.0555683320675,0.13136375567,-0.989775592833
2.442,9.13352582,2.219157945,9.399252943,-66.7865034032,3.2372130563,0.131036225608,-0.0555652412958,0.131361847955,-0.989776019543
2.443,9.133693909,2.219700942,9.399544494,-66.7830578643,3.23765494294,0.130867356893,-0.0555746497643,0.131364750829,-0.989775106043
2.444,9.133568388,2.219708322,9.399424266,-66.7905903253,3.23868500916,0.130992924268,-0.0555747878073,0.13136257866,-0.989775386584
2.445,9.133639186,2.22008157,9.399581211,-66.8061080065,3.24073658952,0.130914049747,-0.0555812582707,0.131363800073,-0.989774861147
2.446,9.133646914,2.219487834,9.399448505,-66.8294888242,3.2444180377,0.130917674455,-0.055570955785,0.13136393951,-0.989775421128
2.447,9.133595803,2.219597414,9.399424715,-66.8630188452,3.24957640486,0.130965315456,-0.0555728610716,0.131363054171,-0.989775431657
2.448,9.13367256,2.219759976,9.399537691,-66.9064602588,3.25515398071,0.1308848097,-0.0555756753342,0.131364380253,-0.989775097642
2.449,9.133567599,2.220119994,9.399520725,-66.9470477094,3.26016413199,0.130989880572,-0.0555819313965,0.131362561848,-0.989774987685
2.45,9.133531848,2.219701369,9.399387118,-66.9727440895,3.26413657971,0.131029122742,-0.0555746702821,0.13136194741,-0.989775476962
2.451,9.133585145,2.220026896,9.399515786,-66.9938133066,3.26691710271,0.130977730221,-0.0555803146515,0.131362866285,-0.989775038069
2.452,9.133504905,2.220067168,9.399447328,-67.0183355633,3.26878082292,0.131049310746,-0.0555810201767,0.131361478021,-0.9897751827
2.453,9.133585924,2.21976083,9.399453707,-67.0426472585,3.27044574512,0.130970048883,-0.0555756980836,0.131362881628,-0.989775295263
2.454,9.133562867,2.220032721,9.399495515,-67.0683618595,3.27231124801,0.130991154001,-0.0555804170055,0.131362480864,-0.989775083474
2.455,9.133594113,2.220054001,9.399530902,-67.0971443165,3.27375529783,0.130961218382,-0.0555807843112,0.1313630215,-0.989774991095
2.456,9.133508824,2.219740119,9.399373896,-67.1312915521,3.27455924398,0.131046458365,-0.0555753449001,0.131361548284,-0.989775492054
2.457,9.133512857,2.220143883,9.399473176,-67.173448918,3.27435233358,0.131051282301,-0.0555823501574,0.131361614572,-0.989775089891
2.458,9.133431189,2.220126603,9.399389737,-67.2203939818,3.27349705232,0.131127609942,-0.0555820576762,0.131360202623,-0.989775293706
2.459,9.133353186,2.22044237,9.39938853,-67.2657555782,3.27251139434,0.131205367098,-0.0555875431006,0.131358850456,-0.989775165105
2.46,9.133451339,2.220188879,9.399424026,-67.3032583206,3.27151557582,0.131109862331,-0.0555831366251,0.131360549692,-0.989775187054
2.461,9.133534516,2.220165973,9.399499438,-67.3329939493,3.27044459553,0.131020327926,-0.0555827323964,0.131361989033,-0.989775018727
2.462,9.133571652,2.220769833,9.399678174,-67.3580538122,3.26960403285,0.13097762107,-0.0555932071223,0.131362625645,-0.989774345952
2.463,9.133499046,2.220478261,9.39953874,-67.3779135797,3.26959245124,0.131049765847,-0.0555881533784,0.13136137278,-0.989774796075
2.464,9.13340436,2.220472853,9.399445457,-67.3910081318,3.26982726592,0.13115485303,-0.0555880682661,0.131359734695,-0.989775018258
2.465,9.133480103,2.220650594,9.399561046,-67.3967279209,3.26898550956,0.131083069045,-0.0555911458555,0.13136104314,-0.989774671755
2.466,9.133559615,2.220795417,9.399672522,-67.3950931168,3.26788801212,0.130998751362,-0.0555936525051,0.131362417725,-0.989774348531
2.467,9.133450144,2.220833106,9.399575055,-67.3876822493,3.26732387119,0.131108250487,-0.0555943150315,0.131360524132,-0.989774562633
2.468,9.133486055,2.220680746,9.399573953,-67.3848345894,3.26770387931,0.13106945037,-0.0555916685115,0.131361146224,-0.989774628718
2.469,9.133400989,2.220733519,9.399503763,-67.3971221092,3.26845510046,0.13115619236,-0.0555925912108,0.131359674278,-0.989774772247
2.47,9.133528912,2.221027634,9.399697556,-67.4243458497,3.26892725527,0.131027353494,-0.0555976838837,0.131361884618,-0.989774192842
2.471,9.133484246,2.221052834,9.399660109,-67.4619346173,3.26885350001,0.131072915333,-0.055598125158,0.131361111817,-0.98977427062
2.472,9.133405662,2.22123102,9.399625856,-67.5005135302,3.26884617829,0.131147120746,-0.0556012230954,0.131359751095,-0.989774277188
2.473,9.133410975,2.221566398,9.399710277,-67.5288354725,3.2693077562,0.131148151881,-0.0556070430867,0.131359839995,-0.98977393843
2.474,9.13344418,2.22136642,9.39969528,-67.5508768833,3.27026468285,0.131112803723,-0.0556035694893,0.131360415794,-0.989774057158
2.475,9.133414397,2.22155353,9.399710562,-67.5786004337,3.27148967493,0.13114365461,-0.0556068193524,0.131359898938,-0.989773943177
2.476,9.133390317,2.221390295,9.399648585,-67.616100919,3.27239911988,0.131164777532,-0.055603988318,0.131359483561,-0.989774157352
2.477,9.133453813,2.221149053,9.399653274,-67.6655853227,3.27258681814,0.131101038822,-0.0555997969416,0.131360584275,-0.989774246724
2.478,9.133332813,2.221712827,9.399668939,-67.7238217409,3.27288282613,0.131213284235,-0.0556095902377,0.13135848634,-0.989773974976
2.479,9.133331111,2.221696233,9.399663363,-67.7824431909,3.27385014592,0.131224384618,-0.0556093021165,0.13135845743,-0.989773995001
2.48,9.133353144,2.221764126,9.399700819,-67.8386882171,3.27473879537,0.131211158935,-0.0556104779368,0.131358837721,-0.989773878467
2.481,9.133309918,2.2218975,9.399690344,-67.8912390811,3.27602456001,0.131243971233,-0.0556127963286,0.131358088948,-0.98977384758
2.482,9.133355961,2.221858469,9.399725856,-67.939824894,3.27951439224,0.131200023623,-0.055612115594,0.131358885011,-0.989773780178
2.483,9.133242028,2.221606301,9.399555548,-67.988121423,3.28419915145,0.131322740397,-0.0556077489762,0.131356916766,-0.98977428673
2.484,9.133261748,2.221865288,9.399635925,-68.0327343383,3.28813322528,0.131291221185,-0.0556122408771,0.131357255538,-0.989773989395
2.485,9.13335612,2.222141913,9.399793013,-68.0612085526,3.29131813886,0.131194699498,-0.0556170332006,0.131358886034,-0.989773503726
2.486,9.1333672,2.22209373,9.399792389,-68.0659198611,3.29397213223,0.131186572181,-0.0556161967128,0.131359077689,-0.989773525293
2.487,9.133356982,2.222052077,9.399772614,-68.054080832,3.29621359476,0.131188505435,-0.0556154745682,0.131358901212,-0.989773589292
2.488,9.133361529,2.222298121,9.399835198,-68.0360005573,3.29799519625,0.131195854633,-0.0556197435888,0.131358977604,-0.989773339268
2.489,9.133294206,2.222422906,9.399799286,-68.0102844968,3.29886373903,0.131256583868,-0.0556219150002,0.131357812445,-0.989773371879
2.49,9.13329885,2.222327874,9.399781331,-67.9800249249,3.29917325395,0.131249132843,-0.0556202647824,0.131357893766,-0.989773453822
2.491,9.133231936,2.222675895,9.399798601,-67.9570013847,3.29898849422,0.131320182957,-0.0556263097796,0.131356732873,-0.989773268173
2.492,9.133250498,2.222396744,9.399750632,-67.9418392969,3.29805607577,0.131296692323,-0.0556214637017,0.13135705614,-0.989773497613
2.493,9.133156587,2.222608366,9.399709421,-67.9292182261,3.29666585858,0.131392507212,-0.0556251446158,0.131355430089,-0.989773506552
2.494,9.133206874,2.222640239,9.399765818,-67.9225779957,3.29513022253,0.131342175745,-0.0556256932419,0.13135629979,-0.989773360299
2.495,9.133202068,2.222974036,9.399840082,-67.9289330676,3.2936547208,0.13134973113,-0.0556314854635,0.131356213474,-0.989773046212
2.496,9.133107827,2.222436775,9.399621471,-67.9522240407,3.29237211925,0.131450664849,-0.055622171054,0.131354587969,-0.989773785421
2.497,9.133215846,2.222557607,9.399754997,-67.9934999901,3.29199959169,0.131328662361,-0.0556242586342,0.131356455105,-0.989773420311
2.498,9.133204696,2.222579077,9.39974924,-68.0471150835,3.29309645518,0.131348813617,-0.0556246321347,0.131356262936,-0.989773424824
2.499,9.133209768,2.222358413,9.399701994,-68.1065014657,3.29452176949,0.131341789604,-0.0556208020049,0.13135635255,-0.989773628174
2.5,9.133279176,2.222306533,9.399757169,-68.1712161636,3.29544146295,0.131268069814,-0.0556198968323,0.131357552996,-0.989773519724
2.501,9.133152876,2.222849184,9.39976276,-68.2388738792,3.29605830586,0.131395733551,-0.0556293229807,0.131355363465,-0.989773280562
2.502,9.133165268,2.222459652,9.399682693,-68.3062348183,3.29657170489,0.131387041768,-0.0556225627001,0.131355581733,-0.989773631527
2.503,9.133195976,2.222516373,9.399725941,-68.373981781,3.29741740962,0.131357108819,-0.0556235441639,0.131356112648,-0.989773505912
2.504,9.133163331,2.22250823,9.399692296,-68.4410730019,3.29883377811,0.131386763758,-0.0556234059894,0.131355547528,-0.989773588676
2.505,9.133201774,2.222391611,9.399702076,-68.5060586267,3.30066516817,0.131352322555,-0.0556213793514,0.131356213865,-0.989773614135
2.506,9.133153835,2.22276711,9.399744284,-68.5684058955,3.30262656303,0.131392489946,-0.0556278985374,0.131355381198,-0.989773358267
2.507,9.133216956,2.222651388,9.39977825,-68.6254595732,3.30475468807,0.13133446455,-0.055625885706,0.131356474336,-0.989773326317
2.508,9.13299181,2.222908938,9.399620394,-68.6727573357,3.30657695297,0.131551005138,-0.055630373484,0.131352576992,-0.989773591315
2.509,9.133087312,2.222808614,9.399689462,-68.7062470823,3.30768912254,0.131454419137,-0.0556286243413,0.131354229877,-0.989773470269
2.51,9.133093239,2.222969029,9.399733157,-68.7264999995,3.30868776726,0.131458180521,-0.0556314079416,0.131354331391,-0.989773300345
2.511,9.133064908,2.222970697,9.399706024,-68.7365553839,3.30985226686,0.131482463175,-0.0556314392785,0.131353840776,-0.989773363694
2.512,9.133224999,2.223246228,9.399926738,-68.745349764,3.31145353121,0.131317532762,-0.0556362068831,0.131356608237,-0.989772728436
2.513,9.133137455,2.223610463,9.399927833,-68.7604072056,3.3144172641,0.131398935127,-0.0556425340365,0.131355090674,-0.98977257416
2.514,9.133041878,2.22341865,9.399789595,-68.7841402014,3.31743763752,0.131514060645,-0.055639213964,0.131353438408,-0.989772980076
2.515,9.133170436,2.22359156,9.399955406,-68.8181609802,3.3188956164,0.131370435532,-0.0556422029768,0.131355660578,-0.989772517138
2.516,9.13303428,2.223787328,9.399869427,-68.8551430292,3.31960186619,0.131511196862,-0.0556456121143,0.131353303918,-0.989772638237
2.517,9.133052117,2.224298793,9.400007771,-68.8771044933,3.32044627465,0.131490158167,-0.0556544852749,0.131353608296,-0.989772098948
2.518,9.133135147,2.223980252,9.400013073,-68.8756592371,3.32133406271,0.131410189701,-0.0556489509506,0.131355046888,-0.989772219208
2.519,9.132989853,2.224201955,9.399924361,-68.8597482137,3.3224585618,0.131553886273,-0.0556528095132,0.131352532051,-0.989772336003
2.52,9.132971663,2.224192396,9.399904426,-68.8430924776,3.32357565609,0.131576582459,-0.0556526453367,0.13135221733,-0.989772387001
2.521,9.133108999,2.22425957,9.400053757,-68.8338618673,3.32455753916,0.131444113207,-0.0556537993662,0.131354591858,-0.989772006986
2.522,9.132900003,2.224635006,9.399939541,-68.8317859906,3.32538172047,0.131647964346,-0.0556603316465,0.131350973358,-0.989772119873
2.523,9.133033493,2.224710557,9.400087119,-68.8370228758,3.32625419153,0.131509509142,-0.055661631218,0.131353282228,-0.989771740382
2.524,9.133095456,2.224701942,9.400145283,-68.8533095394,3.32764985949,0.131446252417,-0.0556614774486,0.13135435386,-0.989771606812
2.525,9.13296538,2.224551429,9.399983282,-68.8809427671,3.32963477808,0.131582203019,-0.0556588762658,0.131352105777,-0.989772051434
2.526,9.133024025,2.22507591,9.400164394,-68.9135971071,3.33157869041,0.13152346691,-0.0556679722298,0.131353114918,-0.989771405967
2.527,9.132895287,2.225038829,9.400030538,-68.9457307573,3.33334147498,0.131646585018,-0.0556673397142,0.13135088853,-0.989771737004
2.528,9.132886873,2.224718436,9.399946529,-68.980694889,3.33536611794,0.131651996113,-0.0556617804272,0.131350746039,-0.989772068567
2.529,9.132938262,2.224860816,9.400030157,-69.0244065345,3.33785567016,0.131591604141,-0.0556642471823,0.131351633513,-0.989771812065
2.53,9.132827237,2.22472652,9.3998905,-69.0754594141,3.34042598677,0.131709206702,-0.0556619261822,0.131349714247,-0.989772197296
2.531,9.132802632,2.224801866,9.399884427,-69.1293403268,3.34260263768,0.131724172024,-0.0556632355304,0.131349288316,-0.989772180186
2.532,9.132874681,2.224809003,9.399956119,-69.1804063099,3.34443695167,0.131666838543,-0.0556633526473,0.131350534132,-0.98977200827
2.533,9.132910708,2.224781778,9.399984679,-69.2225389677,3.3459599804,0.13163065905,-0.0556628781434,0.131351157537,-0.989771952225
2.534,9.132836041,2.224774532,9.399910418,-69.2579898945,3.34711862176,0.131707865908,-0.0556627583706,0.131349866238,-0.989772130326
2.535,9.132828461,2.224934329,9.399940875,-69.2910703744,3.34824590317,0.131713987267,-0.0556655316579,0.13134973324,-0.989771992008
2.536,9.132932484,2.224941901,9.400043735,-69.3221381498,3.35020559346,0.131601287634,-0.0556656545849,0.131351533124,-0.989771746235
2.537,9.133001537,2.224601821,9.400030337,-69.3558660755,3.35272952109,0.131540467587,-0.055659747433,0.131352730773,-0.989771919502
2.538,9.132948987,2.224953628,9.400062545,-69.3965458063,3.35497901173,0.131581445105,-0.0556658567351,0.131351818247,-0.989771697028
2.539,9.132942828,2.225053059,9.400080097,-69.4329336018,3.35655213737,0.13159723689,-0.0556675824049,0.131351710309,-0.989771614297
2.54,9.132866517,2.224966672,9.399985506,-69.455138434,3.35708368994,0.131673219886,-0.0556660900176,0.131350391704,-0.989771873222
2.541,9.132941756,2.225186149,9.400110559,-69.4658755866,3.35690806931,0.131603235247,-0.0556698918547,0.131351690968,-0.989771486971
2.542,9.132918166,2.225258028,9.400104654,-69.4623355957,3.35512180821,0.131624986515,-0.0556711409786,0.131351282135,-0.989771470969
2.543,9.132981403,2.225576319,9.400241447,-69.4373716905,3.35039400379,0.1315614467,-0.055676658965,0.131352373487,-0.989771015754
2.544,9.132845974,2.225281003,9.400039953,-69.4004325986,3.34402086107,0.131689318084,-0.0556715455355,0.131350033533,-0.989771613913
2.545,9.132915342,2.225669935,9.400199429,-69.3701915819,3.33815298508,0.131622859473,-0.0556782885615,0.131351229795,-0.989771075863
2.546,9.132901642,2.225596278,9.40016868,-69.3572014041,3.33385662001,0.131637098104,-0.055677011919,0.131350993781,-0.989771178999
2.547,9.132711767,2.225447709,9.399949028,-69.3608807976,3.33172908857,0.131821427762,-0.0556744492193,0.131347710838,-0.989771758822
2.548,9.132887298,2.225753431,9.400191952,-69.3733878331,3.33205733209,0.131650382166,-0.0556797402512,0.131350743847,-0.989771058688
2.549,9.132950551,2.225644798,9.400227685,-69.3910178135,3.3343689516,0.131591834635,-0.0556778497473,0.13135183933,-0.989771019657
2.55,9.132959875,2.225737225,9.400258628,-69.4199948446,3.33765816462,0.131569876412,-0.0556794522318,0.131351999585,-0.989770908243
2.551,9.132958286,2.226068992,9.400335644,-69.4593160178,3.34221899134,0.131575800356,-0.0556852091578,0.131351968617,-0.989770588481
2.552,9.132846595,2.225835018,9.400171725,-69.5050869157,3.34860851325,0.131677446086,-0.0556811592902,0.131350038783,-0.989771072426
2.553,9.132741277,2.225806908,9.400062746,-69.5596019735,3.35636676487,0.13178319697,-0.0556806797088,0.131348217357,-0.989771341121
2.554,9.132808601,2.225754902,9.400115841,-69.6232195429,3.36405214635,0.131714392837,-0.0556797716726,0.131349383144,-0.989771237496
2.555,9.132765147,2.225832751,9.400092056,-69.690442266,3.37157206422,0.131758596723,-0.0556811267921,0.131348630797,-0.989771261104
2.556,9.13280652,2.225926537,9.400154461,-69.7565594494,3.37951120865,0.13172863582,-0.0556827496839,0.131349345473,-0.989771074962
2.557,9.132748368,2.225674416,9.400038264,-69.8233813005,3.38732542222,0.131785997662,-0.0556783805379,0.131348341424,-0.989771453996
2.558,9.132782935,2.226072505,9.400166112,-69.8881474501,3.39458412485,0.131743582273,-0.0556852852958,0.131348935783,-0.989770986678
2.559,9.132762246,2.226070937,9.400145641,-69.9406428397,3.40073926497,0.131769463555,-0.055685259746,0.131348577776,-0.989771035626
2.56,9.132759813,2.225932342,9.400110457,-69.9810916679,3.4047541666,0.131762427244,-0.0556828550114,0.131348537186,-0.989771176301
2.561,9.132745985,2.226730429,9.40028604,-70.005199688,3.40756711603,0.131771444343,-0.0556967042414,0.131348291069,-0.989770429731
2.562,9.132694729,2.226564301,9.400196892,-70.0033869056,3.409776681,0.131827398311,-0.0556938263425,0.131347405786,-0.989770709155
2.563,9.132852029,2.226978193,9.400447758,-69.980114396,3.41096936916,0.131671051789,-0.0557009942563,0.131350122854,-0.989769945222
2.564,9.132718763,2.226928155,9.400306431,-69.9438059838,3.41076011529,0.131812193861,-0.0557001371778,0.131347817989,-0.989770299326
2.565,9.132749056,2.227012246,9.400355784,-69.8989120479,3.40889505894,0.131785731255,-0.0557015943633,0.13134834115,-0.989770147894
2.566,9.132780943,2.226884635,9.400356532,-69.8560361112,3.40599326474,0.131754259958,-0.055699376883,0.131348893745,-0.989770199353
2.567,9.132662149,2.227163951,9.400307293,-69.8319081774,3.40308878191,0.131860798989,-0.0557042339921,0.131346836965,-0.989770198953
2.568,9.132720586,2.226909143,9.400303699,-69.8329078815,3.40075580327,0.13180573054,-0.0556998072415,0.131347850002,-0.989770313645
2.569,9.132676917,2.227284529,9.400350209,-69.8533203117,3.39886589077,0.131847188004,-0.0557063250883,0.131347091579,-0.989770047475
2.57,9.132708423,2.227183677,9.400356922,-69.8801876894,3.3975287632,0.131821721135,-0.0557045720496,0.131347636872,-0.989770073775
2.571,9.132608262,2.227717957,9.400386213,-69.9020256192,3.39633348715,0.131925483281,-0.0557138509747,0.13134589988,-0.989769782017
2.572,9.13257997,2.22757865,9.400325715,-69.9217212488,3.39497852238,0.131952051412,-0.0557114366256,0.131345411176,-0.98976998277
2.573,9.132509566,2.22735252,9.400203733,-69.9499298773,3.39370447398,0.132025484318,-0.0557075185241,0.131344195499,-0.989770364624
2.574,9.132631524,2.227324956,9.400315687,-69.9926705991,3.39279274499,0.131899971828,-0.0557070299578,0.131346305396,-0.989770112133
2.575,9.132470289,2.227266287,9.400145142,-70.0509282368,3.39416674946,0.132053071622,-0.055706025513,0.131343516809,-0.989770538718
2.576,9.13248341,2.227216509,9.400146095,-70.1213480976,3.39986602994,0.13203614774,-0.055705160449,0.131343744349,-0.98977055721
2.577,9.132646244,2.227426834,9.400354127,-70.1978848115,3.40855688939,0.131875628113,-0.0557087967741,0.131346559245,-0.989769979003
2.578,9.132576405,2.227538765,9.4003128,-70.2685231408,3.41732844623,0.13195358058,-0.0557107448873,0.131345350203,-0.989770029797
2.579,9.132524602,2.227383684,9.400225725,-70.3228583921,3.42451692862,0.132004490631,-0.0557080584098,0.131344456064,-0.98977029966
2.58,9.132567719,2.227442611,9.400281577,-70.3669155002,3.42976280178,0.131954645087,-0.0557090767633,0.131345201083,-0.989770143477
2.581,9.132510618,2.227592073,9.400261519,-70.4102098831,3.433590858,0.132013817067,-0.0557116749589,0.131344212075,-0.989770128478
2.582,9.132509593,2.227603588,9.400263252,-70.4548025064,3.43595776023,0.132002791236,-0.0557118749474,0.131344194306,-0.989770119579
2.583,9.132572965,2.227593553,9.400322442,-70.4968737342,3.43634213851,0.131948938008,-0.055711695844,0.131345289907,-0.989769984272
2.584,9.132553566,2.227618406,9.400309484,-70.5297700056,3.43394786333,0.131977238038,-0.0557121281578,0.131344954017,-0.989770004511
2.585,9.132600731,2.227768755,9.400390936,-70.5513432309,3.42938792095,0.131935763461,-0.0557147331862,0.131345769062,-0.989769749717
2.586,9.132575661,2.227845648,9.400384803,-70.56229894,3.42399444801,0.131952626837,-0.0557160699519,0.131345335044,-0.989769732065
2.587,9.132514826,2.227472598,9.400237296,-70.5733735387,3.41879056577,0.13201702034,-0.055709602319,0.131344286086,-0.989770235318
2.588,9.132531997,2.227690997,9.400305732,-70.596872199,3.41434127624,0.131993050989,-0.0557133896275,0.131344580438,-0.98976998308
2.589,9.132452827,2.227816603,9.400258585,-70.6321943489,3.41076448805,0.132072866778,-0.0557155762465,0.131343210258,-0.989770041819
2.59,9.132561527,2.228083635,9.400427476,-70.6743628119,3.40789404078,0.131968402373,-0.0557202010569,0.131345087566,-0.989769532349
2.591,9.132461379,2.227915966,9.400290442,-70.7203438121,3.40550520344,0.132070408105,-0.0557172999678,0.131343357494,-0.989769925249
2.592,9.13247619,2.228276457,9.400390275,-70.7683649035,3.40395550881,0.132054826694,-0.0557235540054,0.131343609807,-0.989769539687
2.593,9.132460416,2.228219412,9.40036143,-70.8117589981,3.40341968238,0.132071172222,-0.055722564579,0.131343337737,-0.989769631494
2.594,9.13245851,2.228493849,9.400424632,-70.843777593,3.40352587543,0.132076084493,-0.0557273271712,0.131343302772,-0.989769367996
2.595,9.13239294,2.22838867,9.400335998,-70.8639570561,3.40415936454,0.132130875588,-0.0557255075178,0.131342169136,-0.989769620881
2.596,9.132446635,2.228697848,9.400461459,-70.8760214815,3.40534592166,0.132077436137,-0.0557308677915,0.13134309512,-0.989769196197
2.597,9.132426184,2.228871392,9.400482737,-70.8857925351,3.40681625935,0.132094325592,-0.0557338811278,0.131342739724,-0.989769073681
2.598,9.132413403,2.228588763,9.400403313,-70.9025228828,3.40855920997,0.132112621721,-0.0557289780408,0.13134252106,-0.989769378779
2.599,9.132355305,2.228941021,9.400430389,-70.9308181676,3.41060886434,0.132163017866,-0.0557350947725,0.13134151313,-0.989769168109
2.6,9.132432851,2.228923298,9.400501521,-70.966696068,3.4130050351,0.132090494149,-0.0557347814814,0.131342854759,-0.989769007717
2.601,9.132323195,2.228946012,9.400400377,-71.0075536067,3.41554366849,0.132204438121,-0.0557351844368,0.131340957357,-0.98976923681
2.602,9.132397857,2.229343886,9.400567259,-71.0461127097,3.41763197099,0.132135141826,-0.0557420823072,0.131342245344,-0.989768677443
2.603,9.13228365,2.229486714,9.400490183,-71.071184587,3.4191997164,0.132231875421,-0.0557445703187,0.131340268462,-0.98976879965
2.604,9.132232929,2.229593771,9.4004663,-71.0811030083,3.42061609534,0.132287798798,-0.0557464316049,0.131339390905,-0.989768811269
2.605,9.132391646,2.229477769,9.400592976,-71.081283836,3.42177907444,0.132127641051,-0.0557444058551,0.131342136817,-0.989768560984
2.606,9.13237839,2.229435552,9.400570086,-71.0813503059,3.42286068587,0.13214677635,-0.0557436740424,0.131341907649,-0.98976863261
2.607,9.132387677,2.230008333,9.400714965,-71.084661824,3.42425291806,0.132141223587,-0.0557536127028,0.131342063819,-0.989768052092
2.608,9.132292798,2.229963413,9.400612138,-71.0933809035,3.42584857926,0.132232855003,-0.0557528408029,0.131340422948,-0.989768313315
2.609,9.132293465,2.229985753,9.400618085,-71.1076321252,3.42757172942,0.132226260818,-0.0557532288542,0.131340433937,-0.989768289998
2.61,9.132267419,2.22980024,9.400548778,-71.1205064049,3.42871871584,0.132257852828,-0.0557500116902,0.131339985594,-0.989768530708
2.611,9.132391154,2.229909872,9.400694987,-71.1341354703,3.42918294402,0.132122799597,-0.0557519033424,0.131342124831,-0.989768140283
2.612,9.132180391,2.229994542,9.400510324,-71.1540505964,3.43005852288,0.132340208773,-0.0557533900132,0.131338477763,-0.989768540499
2.613,9.132357138,2.230164484,9.40072234,-71.1805465612,3.43146339688,0.132166784873,-0.0557563238467,0.13134153418,-0.989767969653
2.614,9.132361447,2.230057473,9.400701141,-71.2127597675,3.43315844788,0.132164025483,-0.055754467129,0.131341609711,-0.989768064222
2.615,9.132321568,2.229866583,9.400617118,-71.2511493588,3.43496802676,0.132214413346,-0.0557511581048,0.131340921343,-0.989768341962
2.616,9.13233666,2.230253175,9.400723488,-71.2901227523,3.43622003295,0.132183429463,-0.0557578653772,0.131341178937,-0.989767929953
2.617,9.132164375,2.22990386,9.400473254,-71.3224566364,3.4365982751,0.132362228196,-0.0557518185332,0.131338202311,-0.98976866557
2.618,9.132274004,2.230194793,9.40064877,-71.3470752401,3.4365800683,0.132248133675,-0.0557568569044,0.131340095707,-0.989768130507
2.619,9.132313579,2.230329962,9.400719283,-71.3624837531,3.43692465994,0.132215618876,-0.0557591995017,0.131340779045,-0.989767907861
2.62,9.132307621,2.229957331,9.400625095,-71.3760255054,3.43753232725,0.132227798365,-0.0557527334635,0.13134067953,-0.989768285313
2.621,9.132334535,2.230057365,9.400674971,-71.3970830539,3.43839595385,0.132189085573,-0.0557544672072,0.131341143734,-0.989768126052
2.622,9.132278547,2.230352063,9.400690495,-71.4196258268,3.44038596196,0.132244452109,-0.0557595857843,0.131340172743,-0.989767966554
2.623,9.132240258,2.230439529,9.400674051,-71.4400947265,3.44291678988,0.132275689874,-0.0557611064338,0.131339509743,-0.989767968864
2.624,9.132193361,2.230597933,9.400666079,-71.4633994563,3.44482166266,0.132318524904,-0.0557638588929,0.131338697443,-0.989767921583
2.625,9.132239435,2.230294574,9.40063886,-71.4928335185,3.44635461758,0.13227015919,-0.0557585916256,0.131339496879,-0.989768112246
2.626,9.132273959,2.230601008,9.400745104,-71.5291209543,3.44798562848,0.132239368946,-0.0557639057359,0.13134009074,-0.989767734058
2.627,9.132219832,2.230400638,9.400644982,-71.5725774082,3.44964265088,0.132294379818,-0.0557604338744,0.131339156849,-0.989768053582
2.628,9.132244377,2.230956543,9.400800735,-71.6202825366,3.45148328061,0.132271010471,-0.0557700777122,0.131339576336,-0.989767454567
2.629,9.132187339,2.230790075,9.400705822,-71.6672121165,3.45323255328,0.132339415399,-0.0557671941583,0.131338591258,-0.989767747758
2.63,9.132225223,2.230729944,9.400728355,-71.71520592,3.45418792865,0.132302494107,-0.0557661471274,0.131339246853,-0.989767719756
2.631,9.13221679,2.230832621,9.400744528,-71.768250973,3.45479879249,0.132301171003,-0.0557679294478,0.131339099915,-0.989767638832
2.632,9.132189788,2.231281814,9.400824903,-71.8229445296,3.45619986884,0.132317633736,-0.0557757264985,0.131338629039,-0.989767261964
2.633,9.132196045,2.230624491,9.400674987,-71.8793599391,3.45832070458,0.132319875833,-0.0557643203316,0.13133874312,-0.989767889524
2.634,9.132289145,2.231345878,9.400936626,-71.9385815553,3.46009430311,0.13222486468,-0.0557768293506,0.131340346683,-0.989766971888
2.635,9.132318544,2.231018604,9.400887511,-71.9962228198,3.46162026045,0.13219535581,-0.055771148416,0.131340858866,-0.989767224047
2.636,9.132188091,2.231470812,9.400868115,-72.0444695625,3.46312477864,0.132330755072,-0.055779005627,0.131338598067,-0.989767081282
2.637,9.132353577,2.231405613,9.401013396,-72.0767307118,3.46431999454,0.132163774729,-0.0557778602754,0.131341460802,-0.989766765949
2.638,9.132128192,2.231338798,9.400778593,-72.0985069802,3.46529665111,0.132381184099,-0.0557767199627,0.131337563509,-0.989767347371
2.639,9.132120029,2.231410694,9.400787728,-72.1078521668,3.46573267447,0.132398002115,-0.0557779683066,0.131337421492,-0.989767295867
2.64,9.132246737,2.231629228,9.400962689,-72.0955513532,3.46559988529,0.132267778718,-0.0557817495904,0.131339610987,-0.989766792229
2.641,9.132135227,2.232008038,9.400944298,-72.0622247141,3.46607755773,0.132375881452,-0.0557883321851,0.13133767881,-0.989766677615
2.642,9.132047121,2.232025316,9.400862813,-72.0135590557,3.46687584243,0.132475265898,-0.055788639311,0.131336154864,-0.989766862523
2.643,9.132168629,2.232133827,9.401006611,-71.9568453851,3.4666123419,0.132356828236,-0.0557905120275,0.131338255129,-0.98976647827
2.644,9.13209236,2.232089092,9.400921901,-71.9030245175,3.46584620164,0.132419743782,-0.0557897424336,0.131336936537,-0.989766696621
2.645,9.132052625,2.232098656,9.400885573,-71.8688134975,3.46601824669,0.132453845886,-0.0557899111441,0.131336248845,-0.989766778364
2.646,9.13199293,2.232238054,9.400860684,-71.8569638275,3.46696647909,0.132516333701,-0.0557923348312,0.131335215259,-0.989766778896
2.647,9.132046895,2.232474459,9.400969243,-71.8555621907,3.46787243947,0.132461930026,-0.0557964326997,0.131336146279,-0.989766424354
2.648,9.132090831,2.23251659,9.401021927,-71.8609413113,3.46900122379,0.132421762504,-0.0557971602621,0.131336906711,-0.989766282434
2.649,9.132019809,2.232493344,9.400947416,-71.8769315614,3.47054610957,0.132500994568,-0.0557967628777,0.131335677728,-0.989766467915
2.65,9.132090786,2.232584956,9.401038118,-71.9057768069,3.47243987206,0.132423088551,-0.0557983466656,0.13133690472,-0.989766215815
2.651,9.132125821,2.232391983,9.401026326,-71.9494976733,3.47494500447,0.132388137984,-0.0557949947516,0.131337512751,-0.989766324091
2.652,9.132045096,2.232602163,9.400997822,-72.0065497475,3.47751822444,0.13247147431,-0.0557986490699,0.131336114838,-0.989766303579
2.653,9.131953571,2.231846858,9.400729568,-72.0760012951,3.47918027126,0.132557228276,-0.0557855506077,0.131334538039,-0.989767251156
2.654,9.131939331,2.232693285,9.400916724,-72.1582643278,3.48020994206,0.132572605705,-0.0558002383783,0.131334283765,-0.989766456951
2.655,9.132031123,2.232323696,9.400918121,-72.2470652203,3.48120172514,0.132474790092,-0.0557938178233,0.131335875364,-0.989766607709
2.656,9.131993235,2.232746176,9.400981647,-72.3356399115,3.48254970624,0.132521443349,-0.0558011519774,0.131335216066,-0.989766281735
2.657,9.131890117,2.232599309,9.400846599,-72.4181337058,3.48408609403,0.132631543203,-0.0557986123365,0.131333433751,-0.989766661411
2.658,9.131981655,2.232296852,9.400863693,-72.4982084872,3.48555191185,0.13253956944,-0.0557933563108,0.131335019504,-0.989766747291
2.659,9.131985229,2.232356083,9.40088123,-72.5775751979,3.48727401305,0.132528615538,-0.055794383603,0.131335080897,-0.989766681236
2.66,9.131861364,2.232744923,9.400853252,-72.6405841236,3.48920908041,0.132651035311,-0.0558011413052,0.131332934833,-0.989766585038
2.661,9.131880642,2.232495786,9.40081281,-72.6801188429,3.49072685326,0.132628948622,-0.0557968164272,0.13133327066,-0.989766784295
2.662,9.1320566,2.232852056,9.401068347,-72.7033477895,3.49182405134,0.132457188735,-0.055802983471,0.131336311386,-0.989766033135
2.663,9.131990842,2.232638672,9.400953791,-72.7109587287,3.49296123119,0.132528363378,-0.055799286998,0.131335175997,-0.989766392194
2.664,9.131946463,2.232912196,9.400975644,-72.7017602469,3.49388897724,0.132578542466,-0.0558040369682,0.13133440571,-0.989766226609
2.665,9.132113689,2.232937717,9.401144147,-72.6820981482,3.49451324296,0.132396222236,-0.0558044653525,0.131337297571,-0.989765818724
2.666,9.132069059,2.233040618,9.401125236,-72.6662627354,3.49511409112,0.132451618054,-0.0558062552476,0.131336524494,-0.989765820388
2.667,9.132030022,2.233068701,9.401093987,-72.6669372043,3.49545078532,0.132493498374,-0.0558067457274,0.131335849302,-0.989765882327
2.668,9.131991608,2.233464439,9.401150681,-72.6860042164,3.49575658201,0.132527822345,-0.0558136153196,0.131335181384,-0.989765583598
2.669,9.131935955,2.233574534,9.401122778,-72.7136862094,3.49647731622,0.132583644693,-0.0558155305005,0.131334217382,-0.989765603514
2.67,9.131922503,2.233816515,9.401167205,-72.7374229336,3.49777637115,0.132595217161,-0.0558197306691,0.131333983072,-0.989765397737
2.671,9.131946592,2.234137575,9.401266897,-72.7510512954,3.49953238081,0.132565239952,-0.0558252997383,0.131334396487,-0.989765028786
2.672,9.13194146,2.234150649,9.401265019,-72.7545987301,3.5013509123,0.132565631618,-0.0558255268887,0.131334307547,-0.989765027776
2.673,9.131784197,2.233983247,9.40107248,-72.7602403215,3.50312257809,0.13272406457,-0.055822634638,0.131331589439,-0.989765551571
2.674,9.131832187,2.234492514,9.401240125,-72.7785536803,3.50517836311,0.132670776316,-0.0558314677271,0.131332414649,-0.98976494385
2.675,9.13173103,2.234303609,9.401096969,-72.8065878782,3.50706795379,0.132780263945,-0.0558281984781,0.131330666202,-0.989765360259
2.676,9.131817763,2.234087417,9.401129839,-72.8440110375,3.50872109804,0.132692844775,-0.0558244395075,0.131332168574,-0.98976537293
2.677,9.131981178,2.234393494,9.401361312,-72.8938121302,3.51097567554,0.132526287914,-0.0558297366002,0.131334992336,-0.989764699461
2.678,9.131862142,2.234238653,9.401208887,-72.9516266476,3.51431683724,0.132644927812,-0.0558270605741,0.131332935179,-0.989765123373
2.679,9.131853941,2.234270439,9.401208475,-73.0101224782,3.51770402878,0.132647237583,-0.0558276129451,0.131332792891,-0.989765111097
2.68,9.131820362,2.234317298,9.401186995,-73.0649020778,3.52045438604,0.132680399599,-0.0558284286162,0.131332211474,-0.989765142237
2.681,9.131842048,2.233975732,9.401126888,-73.1195584917,3.52276052177,0.132658357133,-0.0558224993213,0.131332589899,-0.989765426452
2.682,9.13175909,2.234054026,9.401064911,-73.1786215299,3.52457397954,0.132744236586,-0.0558238653886,0.131331154093,-0.989765539922
2.683,9.131790944,2.234240569,9.401140184,-73.2361083601,3.52620763462,0.13271803037,-0.0558270995824,0.131331703343,-0.989765284625
2.684,9.131826025,2.234141916,9.401150815,-73.2876513986,3.52813129991,0.132674036807,-0.0558253848876,0.131332311307,-0.989765300669
2.685,9.131729979,2.234353682,9.401107849,-73.3321740028,3.53040572826,0.132777252786,-0.055829066991,0.131330647931,-0.989765313695
2.686,9.131654254,2.234376894,9.401039811,-73.3638696737,3.53207163463,0.132851787641,-0.0558294767976,0.131329338294,-0.989765464352
2.687,9.131735482,2.234270557,9.401093438,-73.381371449,3.53234800079,0.132773814753,-0.0558276248209,0.131330743483,-0.989765382362
2.688,9.131704846,2.234239672,9.40105634,-73.3831833369,3.53173550607,0.132810613638,-0.0558270909425,0.131330214261,-0.989765482697
2.689,9.131797218,2.234062879,9.401104051,-73.3751287773,3.53096205547,0.132720065274,-0.0558240156048,0.131331813626,-0.989765443937
2.69,9.131807764,2.234455533,9.401207612,-73.3725476317,3.53133350756,0.132706517237,-0.0558308278827,0.131331992396,-0.989765035971
2.691,9.131871651,2.234374887,9.401250501,-73.3805901158,3.53306275773,0.132639851986,-0.0558294232195,0.131333098219,-0.989764968472
2.692,9.131750429,2.234550294,9.401174443,-73.3975099447,3.53515661043,0.132752522362,-0.0558324770865,0.131331000166,-0.9897650746
2.693,9.131754149,2.234757831,9.401227388,-73.4209467072,3.53703686208,0.132752314134,-0.0558360784036,0.131331062532,-0.989764863168
2.694,9.131856885,2.234855487,9.401350393,-73.4422243108,3.53879089316,0.132641151722,-0.0558377641542,0.131332838582,-0.989764532404
2.695,9.1317688,2.23475779,9.401241609,-73.4521630221,3.54100158724,0.132736604727,-0.0558360757344,0.131331316277,-0.98976482965
2.696,9.131805909,2.234898501,9.401311103,-73.4516863106,3.54305599565,0.132706537027,-0.0558385145935,0.131331956509,-0.98976460711
2.697,9.131804459,2.234987034,9.401330742,-73.4527089553,3.54487814384,0.132704419662,-0.055840050557,0.131331930424,-0.989764523917
2.698,9.131809903,2.23508124,9.401358426,-73.4659635971,3.54720864694,0.132700375481,-0.0558416849159,0.131332023806,-0.989764419318
2.699,9.131773273,2.235060885,9.401318007,-73.4926868093,3.54940661617,0.132726931069,-0.0558413346776,0.131331390548,-0.989764523105
2.7,9.131663737,2.235131364,9.401228367,-73.5297544253,3.55152959045,0.132825640058,-0.0558425668788,0.131329495393,-0.989764705051
2.701,9.131701494,2.235287626,9.401302194,-73.5728058236,3.5540478181,0.132791511254,-0.055845274903,0.131330147026,-0.989764465796
2.702,9.13166908,2.235068281,9.40121856,-73.6211412156,3.55581203092,0.132830747111,-0.0558414719468,0.131329588411,-0.989764754484
2.703,9.131585486,2.235111616,9.401147665,-73.6768857844,3.55736291587,0.132904145427,-0.0558422305515,0.131328141711,-0.989764903642
2.704,9.131546326,2.235494147,9.401200582,-73.7348313672,3.5597984408,0.132947589171,-0.0558488718162,0.131327461055,-0.989764619235
2.706,9.13162716,2.235481521,9.401276095,-73.8435542316,3.56510348447,0.132866641745,-0.0558486454344,0.131328859145,-0.989764446502
2.707,9.131688578,2.235684334,9.40138398,-73.8983487012,3.56874345721,0.132804397339,-0.0558521596801,0.131329919822,-0.989764107461
2.708,9.131670166,2.235693137,9.401368189,-73.9461067673,3.57310626644,0.132826446194,-0.0558523143453,0.131329601714,-0.989764140943
2.709,9.131603376,2.235883119,9.401348495,-73.9831450094,3.57718615106,0.132888961037,-0.055855616752,0.131328444169,-0.989764108174
2.71,9.131706974,2.235785028,9.401425794,-74.0139835743,3.58053932788,0.132789696997,-0.0558539060331,0.131330236616,-0.989763966879
2.711,9.131652014,2.235909869,9.4014021,-74.0388055041,3.58288562136,0.132841505518,-0.0558560764093,0.131329284808,-0.989763970692
2.712,9.131617375,2.235859531,9.401356483,-74.0541577803,3.58424089401,0.132891085696,-0.055855206214,0.131328686855,-0.989764099141
2.713,9.13161743,2.235881432,9.401361745,-74.0678871348,3.58436076054,0.132890576372,-0.0558555863826,0.131328687182,-0.989764077643
2.714,9.13160078,2.235806548,9.401327764,-74.0836101379,3.58397924436,0.132901182773,-0.0558542876879,0.131328399939,-0.989764189045
2.715,9.131522634,2.236242469,9.401355541,-74.0943398341,3.58349982792,0.132977322632,-0.0558618586617,0.131327044099,-0.989763941672
2.716,9.131624963,2.236225515,9.401450899,-74.1018634738,3.58275297357,0.132874737994,-0.0558615561579,0.131328814442,-0.989763723846
2.717,9.131593225,2.236487697,9.401482438,-74.116551794,3.58216739105,0.132907186476,-0.0558661075425,0.131328263375,-0.989763540078
2.718,9.131649551,2.23661002,9.401566248,-74.135135833,3.58157962876,0.13285501906,-0.0558682260663,0.131329236446,-0.989763291384
2.719,9.131632521,2.236613145,9.40155045,-74.1442560702,3.58090620902,0.132870426549,-0.0558682809702,0.131328942172,-0.989763327331
2.72,9.131579929,2.236833453,9.401551781,-74.1408073035,3.58055245007,0.132923368679,-0.0558721079034,0.131328030055,-0.989763232334
2.721,9.131565244,2.236869189,9.40154602,-74.1361667945,3.58047299498,0.132936751994,-0.0558727297219,0.131327775529,-0.989763231004
2.722,9.131573898,2.237150897,9.401621455,-74.1410531169,3.58061691004,0.13292089951,-0.0558776169328,0.131327922724,-0.989762935575
2.723,9.131560744,2.237242487,9.401630474,-74.156632808,3.58129378599,0.132940335094,-0.0558792077766,0.131327694285,-0.989762876073
2.724,9.131552186,2.237181223,9.401607583,-74.1810313732,3.58220093339,0.132951276681,-0.0558781453455,0.13132754691,-0.989762955609
2.725,9.131489507,2.237194054,9.401549758,-74.2132123125,3.58267992304,0.133019094075,-0.0558783729611,0.131326462824,-0.989763086601
2.726,9.13146058,2.237145238,9.401510046,-74.2532872777,3.58312764321,0.133039791747,-0.055877528484,0.131325963159,-0.989763200574
2.727,9.131407696,2.236976785,9.401418597,-74.2998685773,3.58407371863,0.133087388474,-0.0558746100181,0.131325049091,-0.989763486615
2.728,9.131562638,2.236994499,9.401573304,-74.3502282663,3.58532397802,0.132925657914,-0.055874904603,0.131327729445,-0.989763114343
2.729,9.131475202,2.237059447,9.401503834,-74.4017561955,3.58744800452,0.133011969674,-0.0558760389682,0.13132621688,-0.989763251
2.73,9.131528841,2.237577389,9.401679187,-74.4516364514,3.5918915726,0.132951767288,-0.0558850210457,0.13132714007,-0.989762621392
2.731,9.131522422,2.237200364,9.401583229,-74.5002486055,3.59716775082,0.132971768082,-0.0558784794576,0.13132703226,-0.989763005033
2.732,9.131421665,2.237343781,9.401519496,-74.5473993987,3.60149050937,0.133068746928,-0.0558809770325,0.131325287644,-0.989763095509
2.733,9.131476533,2.237350086,9.401574288,-74.5841794961,3.60444161121,0.133020127731,-0.0558810814945,0.131326236918,-0.989762963657
2.734,9.131540792,2.237577704,9.40169087,-74.6067826531,3.60640403934,0.132958999097,-0.0558850256014,0.131327346247,-0.989762593778
2.735,9.131379161,2.237064157,9.401411672,-74.6198724601,3.60714219643,0.133113798607,-0.0558761282516,0.131324554945,-0.989763466471
2.736,9.131431038,2.237358698,9.401532148,-74.6344937456,3.60654450236,0.133061539675,-0.0558812343921,0.131325449792,-0.989763059464
2.737,9.131352549,2.237053078,9.401383188,-74.6556670897,3.60475471082,0.133137748072,-0.055875937902,0.131324094611,-0.989763538295
2.738,9.131428025,2.23758344,9.401582709,-74.6782158388,3.6025989245,0.133064062023,-0.0558851344048,0.13132539557,-0.989762846459
2.739,9.131506116,2.237545827,9.401649604,-74.693334576,3.60034550826,0.132991576736,-0.0558844759662,0.131326747008,-0.989762704322
2.74,9.131557668,2.237792888,9.401758477,-74.6995695649,3.59789867797,0.132943801172,-0.0558887578512,0.1313276366,-0.98976234451
2.741,9.131363481,2.237697133,9.401547079,-74.6989531088,3.59550430589,0.133131969523,-0.0558871129189,0.13132427864,-0.989762882942
2.742,9.131477863,2.237422665,9.401592851,-74.7011220574,3.59358630938,0.133023332222,-0.0558823406363,0.131326258741,-0.989762889671
2.743,9.131461451,2.237825183,9.401672712,-74.7135391045,3.59230380256,0.133032215845,-0.0558893266557,0.131325971875,-0.989762533276
2.744,9.131437536,2.237876108,9.401661606,-74.7336291576,3.59179224811,0.133051975517,-0.0558902118646,0.131325557746,-0.989762538239
2.745,9.131448697,2.238237883,9.401758565,-74.7601070815,3.59192369485,0.133044268232,-0.0558964882649,0.131325747312,-0.989762158649
2.746,9.131516746,2.238340048,9.401848981,-74.7869558169,3.59272571695,0.132973221552,-0.0558982555218,0.13132692301,-0.989761902844
2.747,9.131436202,2.238321344,9.4017663,-74.8085910929,3.59446014772,0.133060970349,-0.0558979380585,0.13132553077,-0.989762105503
2.748,9.131342647,2.238299818,9.40167031,-74.8309064502,3.59638257414,0.133161329553,-0.0558975722234,0.131323911925,-0.989762340957
2.749,9.131265844,2.238165756,9.401563799,-74.8606881145,3.59742381826,0.133225662614,-0.0558952522074,0.131322585218,-0.989762648008
2.75,9.131399437,2.238193789,9.401700224,-74.8954779381,3.59815832466,0.133096255375,-0.0558957278363,0.131324895278,-0.989762314644
2.751,9.131369763,2.238354567,9.401709681,-74.9252769438,3.59966839391,0.133116602267,-0.0558985204056,0.131324381384,-0.989762225118
2.752,9.131291268,2.23824924,9.401608367,-74.9500660189,3.60213407516,0.133195962086,-0.0558966992764,0.131323024013,-0.989762508066
2.753,9.131321552,2.238549984,9.401709383,-74.97692039,3.60500102834,0.133166201746,-0.0559019144518,0.131323545651,-0.989762144315
2.754,9.131269278,2.238492346,9.401644889,-75.0079797652,3.60770535193,0.133217144431,-0.0559009190673,0.131322642001,-0.989762320431
2.755,9.131252485,2.238209378,9.401561209,-75.0417163641,3.61001801141,0.133239547383,-0.0558960107716,0.131322353159,-0.989762635959
2.756,9.131350668,2.238663751,9.40176475,-75.0732143329,3.61250643471,0.133132739465,-0.0559038863817,0.131324047685,-0.989761966327
2.757,9.131175201,2.23848378,9.401551478,-75.0973836455,3.61543990693,0.13330395764,-0.0559007787491,0.131321014548,-0.989762544287
2.758,9.131292258,2.238753676,9.401729432,-75.1123346491,3.6181098035,0.133194326417,-0.0559054514764,0.131323036248,-0.989762012125
2.759,9.131250396,2.238735784,9.401684514,-75.1178841126,3.61974661942,0.133232863444,-0.055905144536,0.131322312972,-0.989762125427
2.76,9.131263204,2.238806238,9.401713731,-75.113710802,3.62135795105,0.133218527782,-0.0559063658178,0.131322533361,-0.989762027203
2.761,9.131277284,2.238817261,9.401730031,-75.1051015438,3.62506380976,0.133197630742,-0.0559065558996,0.131322776808,-0.989761984165
2.762,9.131317473,2.238988788,9.40180991,-75.1048971659,3.6305887327,0.133154850247,-0.0559095296764,0.131323470393,-0.989761724162
2.763,9.131203168,2.239230459,9.40175645,-75.1181301333,3.63546961834,0.133285671483,-0.0559137319475,0.131321491154,-0.989761749383
2.764,9.13123957,2.239263687,9.401799719,-75.1380685727,3.6381981952,0.133256013866,-0.0559143062212,0.131322121159,-0.989761633351
2.765,9.131221286,2.239228977,9.401773694,-75.1602595815,3.63891839196,0.133273558681,-0.0559137052183,0.131321804766,-0.989761709283
2.766,9.131140171,2.239071578,9.401657426,-75.188105714,3.63892455011,0.133354720654,-0.0559109806854,0.131320402853,-0.989762049198
2.767,9.131272419,2.239522148,9.401893184,-75.2201100281,3.6390785859,0.133213428766,-0.0559187880414,0.131322686455,-0.989761305147
2.768,9.13121158,2.239491326,9.401826754,-75.2425509978,3.63951406091,0.133276427786,-0.0559182577781,0.131321633986,-0.989761474748
2.769,9.131343421,2.239323737,9.401914884,-75.2527608394,3.6399262131,0.133143471654,-0.0559153389273,0.131323916637,-0.989761336784
2.77,9.131230408,2.239218492,9.401780056,-75.2664931939,3.63983908404,0.133263030764,-0.055913521854,0.131321962643,-0.989761698694
2.771,9.131339789,2.239267794,9.401898032,-75.2929478983,3.63909131372,0.133154354651,-0.0559143685854,0.131323854344,-0.989761399867
2.772,9.131122994,2.239808891,9.401816367,-75.3286425417,3.63781457676,0.133366515181,-0.0559237752934,0.131320098947,-0.989761366679
2.773,9.131117742,2.239257035,9.401679812,-75.3713329643,3.63642310406,0.133377076407,-0.0559142006043,0.131320013722,-0.989761918931
2.774,9.131259871,2.239550803,9.401887823,-75.4256761477,3.63524742598,0.133225651719,-0.0559192861278,0.131322469102,-0.989761305845
2.775,9.131122911,2.240009186,9.401864005,-75.4861459644,3.63451731871,0.133370719279,-0.055927251308,0.131320096278,-0.989761170624
2.776,9.131233267,2.239817349,9.40192548,-75.5460627162,3.63462153332,0.133256220402,-0.055923913228,0.13132200628,-0.989761105821
2.777,9.131196152,2.239655633,9.401850909,-75.6099714066,3.63561417633,0.133290135441,-0.0559211099117,0.131321366252,-0.98976134913
2.778,9.131197989,2.23942454,9.401797647,-75.6759958558,3.63712939458,0.13328977775,-0.0559171003526,0.131321400145,-0.989761571164
2.779,9.13108713,2.239824856,9.401785339,-75.7339140526,3.63809544725,0.133396036666,-0.0559240559424,0.131319478934,-0.989761433083
2.78,9.131055957,2.24002372,9.401802442,-75.780907489,3.63810912398,0.133428923548,-0.0559275087922,0.131318937393,-0.989761309833
2.781,9.131099777,2.239839074,9.401801009,-75.819531945,3.63738865001,0.133391445302,-0.0559243009959,0.131319697163,-0.989761390283
2.782,9.13103159,2.239785069,9.40172192,-75.8506062783,3.63632229214,0.133461801661,-0.0559233701198,0.131318518229,-0.989761599298
2.783,9.131096909,2.239729799,9.401772191,-75.8798768952,3.63575799187,0.133403942749,-0.0559224055849,0.131319648575,-0.989761503824
2.784,9.131207981,2.24015672,9.401981777,-75.9159601348,3.6360874631,0.133277829399,-0.0559298041383,0.131321566116,-0.989760831354
2.785,9.131156203,2.240145358,9.401928782,-75.9557395812,3.63720365024,0.133330751622,-0.0559296111704,0.131320670984,-0.989760961024
2.786,9.131147208,2.240297042,9.401956188,-75.9844777653,3.63866818088,0.133345961754,-0.055932243774,0.131320514141,-0.989760833066
2.787,9.131088353,2.240548506,9.401958951,-75.9912336099,3.63968312318,0.133398533676,-0.0559366119673,0.131319492919,-0.989760721701
2.788,9.131144565,2.24023807,9.40193957,-75.9793920528,3.64058189295,0.133343087002,-0.05593122064,0.131320468716,-0.989760896911
2.789,9.131085503,2.240702129,9.401992794,-75.9553104907,3.64095877535,0.133405762123,-0.0559392785825,0.131319442341,-0.989760577703
2.79,9.131035533,2.241007485,9.402017042,-75.9250571619,3.64085066333,0.133455281037,-0.0559445812197,0.131318575286,-0.989760393033
2.791,9.131037126,2.240898418,9.401992593,-75.9043614137,3.64058250431,0.133462813933,-0.0559426880851,0.131318603724,-0.989760496265
2.792,9.130971912,2.241202982,9.402001854,-75.9036911782,3.64081872798,0.13351706436,-0.055947978534,0.131317473354,-0.9897603472
2.793,9.131017848,2.24140826,9.402095401,-75.9212066237,3.64194299567,0.133466510446,-0.0559515360016,0.13131826595,-0.989760040943
2.794,9.130951618,2.241029312,9.401940748,-75.9557553835,3.64353453732,0.133535333301,-0.055944966957,0.131317123546,-0.989760563841
2.795,9.130877849,2.241541826,9.401991281,-76.0037827539,3.64491793088,0.133603771192,-0.0559538655601,0.131315842754,-0.989760230748
2.796,9.130987138,2.241332151,9.402047432,-76.0578178826,3.64546814466,0.133501420589,-0.0559502184943,0.131317735878,-0.989760185749
2.797,9.130957469,2.241416781,9.402038794,-76.1166482656,3.64605168094,0.13353292057,-0.0559516893608,0.131317221118,-0.989760170898
2.798,9.130907285,2.241710035,9.402059973,-76.1739641546,3.64728939977,0.133575229407,-0.0559567818836,0.131316350993,-0.989759998446
2.799,9.130859188,2.241742638,9.402021036,-76.2225386157,3.6495634342,0.13362419837,-0.0559573520748,0.131315518746,-0.989760076627
2.8,9.130883462,2.241950253,9.402094114,-76.2658183516,3.65236660715,0.133602428628,-0.0559609523959,0.131315936337,-0.989759817668
2.801,9.130950884,2.241909381,9.402149845,-76.3031475643,3.65512517281,0.133532982424,-0.0559602374994,0.131317103606,-0.989759703221
2.802,9.13086206,2.241808299,9.402039481,-76.3325558493,3.65720357619,0.133619038236,-0.0559584910852,0.131315567613,-0.989760005748
2.803,9.130958297,2.241810926,9.402133569,-76.3635518444,3.65874023049,0.133523883241,-0.0559585278183,0.131317232401,-0.989759782795
2.804,9.130955769,2.242125012,9.402206008,-76.4013122625,3.66014618298,0.133528738578,-0.0559639787282,0.131317186085,-0.989759480745
2.805,9.130944804,2.241608373,9.402072171,-76.4442777685,3.66208970214,0.133535436922,-0.0559550147704,0.131317000326,-0.989760012199
2.806,9.130917648,2.241956126,9.402128715,-76.4932844875,3.66472982136,0.133563248552,-0.055961051145,0.131316528166,-0.989759733564
2.807,9.130842766,2.241828871,9.402025649,-76.5433632043,3.66714127699,0.133643710799,-0.0559588497458,0.131315234018,-0.989760029729
2.808,9.130863503,2.24198805,9.402083744,-76.5896664194,3.66839605596,0.133618614546,-0.0559616098411,0.131315591392,-0.989759826262
2.809,9.130827677,2.242195893,9.402098515,-76.6320015429,3.6692841296,0.133644645073,-0.0559652190121,0.131314969018,-0.989759704763
2.81,9.130877324,2.242377477,9.402190035,-76.6715693014,3.67038183062,0.133598706766,-0.0559683656674,0.131315826644,-0.989759413048
2.811,9.130774767,2.242014967,9.402003986,-76.7131872206,3.67126468737,0.13370511039,-0.0559620843359,0.131314055589,-0.989760003193
2.812,9.130921692,2.242060546,9.402157541,-76.7620212632,3.672146106,0.13356415034,-0.055962862905,0.13131659729,-0.989759621955
2.813,9.130871521,2.242269555,9.402158661,-76.8171446606,3.67333232276,0.1336109295,-0.0559664931438,0.131315726634,-0.989759532201
2.814,9.130887033,2.242188842,9.402154477,-76.872134892,3.67488210115,0.133598996521,-0.0559650920211,0.131315996203,-0.989759575663
2.815,9.130943755,2.242364217,9.402251387,-76.9227297871,3.67647219557,0.13353943691,-0.0559681297826,0.131316975499,-0.989759273962
2.816,9.130849457,2.242632349,9.402223761,-76.9645108158,3.67764257335,0.133634315321,-0.0559727904046,0.131315342612,-0.989759227049
2.817,9.130855499,2.242581215,9.402217433,-76.9839981477,3.67840619444,0.13361805027,-0.0559719029667,0.131315446989,-0.989759263387
2.818,9.130783027,2.242837297,9.402208135,-76.9738831835,3.67934523441,0.133688885921,-0.0559763519719,0.131314191452,-0.989759178358
2.819,9.130911978,2.242953558,9.402361098,-76.9494445007,3.68085037986,0.133570054878,-0.0559783590757,0.131316420466,-0.98975876911
2.82,9.130905515,2.243091586,9.402387749,-76.9307111369,3.68308847843,0.133572354131,-0.0559807541129,0.131316308011,-0.98975864857
2.821,9.130813701,2.242829368,9.402236033,-76.9292387024,3.68572274006,0.133671171367,-0.055976212507,0.131314722262,-0.989759115821
2.822,9.130834321,2.242805757,9.402250426,-76.9491484326,3.68818068696,0.133637192612,-0.0559758011808,0.131315078586,-0.989759091809
2.823,9.130855778,2.24265297,9.402234818,-76.9912817402,3.69034742513,0.133614994682,-0.0559731481866,0.13131545143,-0.989759192378
2.824,9.130761025,2.242822313,9.402183195,-77.0463116961,3.69213655725,0.133709784661,-0.0559760945356,0.131313810741,-0.989759243427
2.825,9.130736139,2.24352071,9.402325649,-77.0964512532,3.69352632139,0.133735233426,-0.0559882141692,0.131313373683,-0.989758615909
2.826,9.130744604,2.24312159,9.402238642,-77.1290276249,3.69466472841,0.133719259293,-0.0559812881986,0.131313523831,-0.989758987749
2.827,9.130714389,2.243460824,9.402290238,-77.1403357812,3.69590379094,0.133763814288,-0.0559871775144,0.131312998681,-0.989758724302
2.828,9.130646284,2.243308911,9.402187853,-77.1307966488,3.69712017062,0.133828405532,-0.0559845471372,0.131311821974,-0.989759029204
2.829,9.130733004,2.243427306,9.402300318,-77.1136477404,3.69838576164,0.133738649403,-0.0559865942697,0.131313320504,-0.989758714597
2.83,9.130624718,2.243433849,9.402196721,-77.1099916944,3.69977971902,0.133851583092,-0.0559867171253,0.131311447404,-0.989758956154
2.831,9.130701022,2.243325593,9.402244991,-77.1257790267,3.70126394937,0.133769350695,-0.055984832112,0.131312768524,-0.989758887505
2.832,9.130792869,2.24342302,9.402357431,-77.157983116,3.7031234999,0.133678611728,-0.0559865149113,0.131314355702,-0.989758581743
2.833,9.130676668,2.243437991,9.402248158,-77.2054796514,3.70494646193,0.133794876827,-0.0559867841668,0.131312346308,-0.989758833103
2.834,9.130710708,2.243555137,9.402309168,-77.2619606531,3.70704744183,0.133761390666,-0.0559888145845,0.131312933319,-0.989758640369
2.835,9.130613448,2.243621679,9.402230596,-77.3184613806,3.70922121248,0.13386231034,-0.055989977119,0.131311250872,-0.989758797817
2.836,9.130630875,2.243968436,9.402330271,-77.3651368485,3.71076516536,0.13384674122,-0.0559959920729,0.131311548703,-0.989758418024
2.837,9.130611384,2.244141571,9.402352665,-77.3956048998,3.71184329695,0.133859953066,-0.0559989979223,0.131311210499,-0.989758292832
2.838,9.130706471,2.244396921,9.402505953,-77.4141139477,3.71350192783,0.13375750369,-0.0560034209686,0.1313128525,-0.989757824727
2.839,9.130561538,2.244160523,9.402308783,-77.4255434225,3.71596025051,0.133909377222,-0.0559993307231,0.131310347998,-0.98975838843
2.84,9.130580483,2.24459593,9.402431113,-77.4324736405,3.71833995052,0.133895607767,-0.0560068846016,0.131310671865,-0.989757918044
2.842,9.13068221,2.244432502,9.402490887,-77.4395514586,3.72290321239,0.133795309152,-0.0560040402523,0.131312433268,-0.989757845306
2.843,9.130575161,2.244662076,9.402441737,-77.445656416,3.7267391355,0.133884471149,-0.0560080330974,0.131310579037,-0.98975786537
2.844,9.13069821,2.244634271,9.40255459,-77.4575250637,3.73194498491,0.133775161453,-0.0560075402595,0.13131270739,-0.989757610889
2.845,9.130562137,2.244697211,9.402437477,-77.4779078208,3.73756119003,0.133902554877,-0.0560086431238,0.131310353898,-0.989757860719
2.846,9.130479763,2.245008242,9.402431745,-77.5041479179,3.74270760632,0.133981023003,-0.0560140473361,0.131308925508,-0.989757744391
2.847,9.130576234,2.24479902,9.402475472,-77.5313385253,3.74671194799,0.133890823482,-0.0560104093262,0.131310595956,-0.989757728657
2.848,9.130606611,2.245064838,9.402568437,-77.5549209393,3.74953541292,0.13386132682,-0.0560150188595,0.131311119097,-0.989757398388
2.849,9.130513396,2.245062582,9.402477379,-77.5746712569,3.75166718629,0.133954147923,-0.0560149879148,0.131309506899,-0.989757614028
2.85,9.130591495,2.244871599,9.40250762,-77.6002023459,3.753254609,0.133879588281,-0.0560116665655,0.13131085929,-0.989757622573
2.851,9.130572759,2.245052009,9.402532501,-77.6389020851,3.75440445755,0.133888585859,-0.0560147991144,0.131310534399,-0.989757488396
2.852,9.130572931,2.244963634,9.402511567,-77.6872912757,3.75493104542,0.133892700226,-0.0560132657709,0.131310537628,-0.989757574745
2.853,9.13058417,2.245032103,9.402538829,-77.740521529,3.75505990595,0.13387304444,-0.0560144528359,0.131310731914,-0.989757481789
2.854,9.130571018,2.244991149,9.402516279,-77.7959898383,3.75595560156,0.133884423238,-0.0560137436095,0.131310504744,-0.989757552066
2.855,9.130530229,2.245038913,9.402488074,-77.8522317576,3.75707059273,0.133942120077,-0.056014575534,0.131309798888,-0.989757598629
2.856,9.130494132,2.244837579,9.402404951,-77.9094691702,3.75713347685,0.133973650709,-0.0560110853456,0.131309175518,-0.989757878849
2.857,9.130544676,2.244919984,9.402473707,-77.9686426407,3.75671619611,0.133920882175,-0.0560125103344,0.131310048953,-0.989757682329
2.858,9.130664505,2.2451686,9.402649432,-78.0241677436,3.75655800459,0.133799038282,-0.0560168143392,0.131312119556,-0.98975716404
2.859,9.130660809,2.245442905,9.402711346,-78.0657807913,3.7568086079,0.133793121202,-0.0560215747202,0.131312053228,-0.989756903408
2.86,9.13051343,2.245031295,9.402469942,-78.0927954818,3.7573286027,0.13395503809,-0.0560144443955,0.131309507503,-0.989757644708
2.861,9.130563457,2.244981045,9.402506524,-78.1175507719,3.75783565535,0.133899038436,-0.056013568557,0.131310373895,-0.989757579332
2.862,9.130488836,2.245066107,9.402454372,-78.1489281081,3.75783859475,0.133985193884,-0.0560150508206,0.131309082459,-0.989757666778
2.863,9.130501814,2.24503677,9.402459969,-78.1877857856,3.7574181421,0.133969519308,-0.056014540913,0.131309306549,-0.989757665906
2.864,9.130551343,2.245332544,9.402578692,-78.2303638114,3.75652691648,0.13392668088,-0.0560196687913,0.131310161299,-0.989757262286
2.865,9.13044347,2.245218875,9.402446796,-78.2664051482,3.75577318852,0.134019932292,-0.056017704861,0.131308296559,-0.989757620833
2.866,9.130531551,2.245569039,9.402615951,-78.2839694632,3.7560974593,0.133928896838,-0.0560237738264,0.131309816827,-0.989757075636
2.867,9.13054744,2.245523871,9.402620592,-78.2816033394,3.75709569021,0.133913545315,-0.0560229884427,0.131310091909,-0.989757083596
2.868,9.130607321,2.245360969,9.402639838,-78.2768532669,3.75801927752,0.133863134773,-0.0560201570701,0.131311128519,-0.989757106329
2.869,9.130586937,2.245790205,9.402722555,-78.2762154189,3.75882225878,0.133882224206,-0.0560276069021,0.13131077265,-0.989756731854
2.87,9.130552764,2.245810834,9.402694299,-78.2714842504,3.75952940132,0.133916753634,-0.0560279671614,0.131310181696,-0.989756789862
2.871,9.13040847,2.246068504,9.402615729,-78.2610811657,3.75947139535,0.134062509231,-0.0560324510557,0.131307683034,-0.989756867521
2.872,9.130526546,2.24597375,9.402707754,-78.2430691946,3.75870600334,0.133942065326,-0.0560307962446,0.131309726498,-0.989756690101
2.873,9.130516509,2.246140107,9.402737745,-78.2217884787,3.75867989959,0.133940330961,-0.0560336840271,0.131309551034,-0.989756549896
2.874,9.130432614,2.246267756,9.402686773,-78.2089852685,3.75991181314,0.134027811286,-0.0560359061676,0.131308099184,-0.989756616704
2.875,9.130423345,2.246450139,9.402721345,-78.2113975893,3.76200391179,0.13403688331,-0.0560390711501,0.131307936692,-0.989756459068
2.876,9.13043402,2.246268012,9.402688199,-78.2300886979,3.76472669143,0.134024892565,-0.0560359104661,0.131308122912,-0.989756613312
2.877,9.130478365,2.246512681,9.402789713,-78.2618670198,3.76746603027,0.133983538757,-0.0560401516921,0.131308887449,-0.989756271753
2.878,9.130404788,2.246362071,9.402682285,-78.3021323204,3.76961510102,0.134061494702,-0.05603754506,0.131307616748,-0.989756587918
2.879,9.130322352,2.246304595,9.402588504,-78.3458470845,3.77110195533,0.134139166673,-0.056036554763,0.131306191156,-0.989756833113
2.88,9.130356356,2.246140126,9.402582233,-78.3852886662,3.77217514313,0.134101370841,-0.0560336973071,0.1313067807,-0.989756916676
2.881,9.130446328,2.246379792,9.402726855,-78.4206292259,3.77317047535,0.134006154687,-0.0560378490407,0.131308335015,-0.989756475417
2.882,9.130407673,2.246221007,9.402651386,-78.4586613901,3.77456342237,0.134056112388,-0.0560350969454,0.131307667267,-0.989756719819
2.883,9.130353381,2.246455376,9.402654658,-78.5031816235,3.77594688574,0.134107885367,-0.0560391678133,0.131306726821,-0.989756614104
2.884,9.130404836,2.246381368,9.402686942,-78.553470252,3.77685352167,0.134050444874,-0.056037879443,0.131307616821,-0.989756568977
2.885,9.130374226,2.246242379,9.402624014,-78.6092266784,3.77769568024,0.134089690507,-0.0560354706463,0.131307089403,-0.989756775325
2.886,9.130314644,2.24611213,9.402535042,-78.6700544166,3.77816732968,0.134150900121,-0.0560332158619,0.131306059614,-0.989757039595
2.887,9.130472295,2.246409338,9.402759129,-78.7325915206,3.77828679455,0.133981836066,-0.0560383596431,0.131308784311,-0.989756386901
2.888,9.130377315,2.246339771,9.40265028,-78.7891768559,3.77898528266,0.13407858033,-0.0560371598527,0.131307141323,-0.989756672801
2.889,9.130287609,2.246394699,9.402576294,-78.8316115711,3.78029540132,0.134173518011,-0.0560381208752,0.131305589582,-0.989756824252
2.89,9.13036613,2.24631805,9.402634229,-78.8645395334,3.78164854358,0.134097133836,-0.0560367845952,0.131306948382,-0.989756719643
2.891,9.130279098,2.246469451,9.402585889,-78.900156171,3.782873528,0.134176601287,-0.0560394187388,0.131305441288,-0.989756770442
2.892,9.130322488,2.246814563,9.402710482,-78.9378376795,3.78411374003,0.134133535488,-0.0560454030518,0.131306189203,-0.989756332374
2.893,9.130309955,2.246776568,9.402689234,-78.9680837027,3.78484774224,0.134151359414,-0.05604474541,0.131305971992,-0.989756398429
2.894,9.130329168,2.247295861,9.402831988,-78.9853299114,3.78515184489,0.134131160061,-0.05605375438,0.131306299549,-0.989755844802
2.895,9.130321503,2.247195212,9.40280049,-78.9864748761,3.78540578295,0.1341428942,-0.0560520078678,0.131306168245,-0.989755961131
2.896,9.130300863,2.247404097,9.402830373,-78.971671041,3.78602119489,0.134161256108,-0.0560556344367,0.131305809886,-0.989755803286
2.897,9.130307911,2.247695056,9.402906764,-78.9438531398,3.78737850467,0.134152254954,-0.0560606826648,0.131305928533,-0.989755501622
2.898,9.130368549,2.247702125,9.402967334,-78.911458636,3.78937090622,0.13409127616,-0.0560607997341,0.13130697782,-0.989755355787
2.899,9.130310325,2.248108116,9.403007856,-78.886688363,3.79168989674,0.134142254532,-0.0560678495026,0.131305967092,-0.989755090544
2.9,9.130278555,2.247786561,9.402900133,-78.8799561679,3.79398381626,0.134171607793,-0.0560622728567,0.131305420325,-0.989755478972
2.901,9.13020287,2.247973888,9.402871426,-78.896705793,3.7956919791,0.134248971695,-0.0560655292247,0.131304109289,-0.989755468445
2.902,9.130182971,2.248031284,9.402865826,-78.9328390208,3.79667641091,0.134268682797,-0.0560665272662,0.131303764331,-0.989755457673
2.903,9.130258585,2.248262791,9.402994597,-78.9738447422,3.79751261576,0.134200132963,-0.0560705381437,0.131305070293,-0.989755057207
2.904,9.13020709,2.248514067,9.40300468,-79.0057383361,3.79878870619,0.134247889685,-0.0560749025517,0.131304176969,-0.989754928462
2.906,9.130068222,2.248211744,9.402797551,-79.054811381,3.80318827162,0.134380169671,-0.0560696682653,0.131301778161,-0.989755543229
2.907,9.13018485,2.248282262,9.402927657,-79.0804477078,3.80545197485,0.134258023664,-0.0560708813756,0.131303794874,-0.989755206965
2.908,9.130154192,2.248468696,9.402942467,-79.111298383,3.80755026869,0.134289616568,-0.0560741195676,0.131303262494,-0.989755094138
2.909,9.13010115,2.248643412,9.402932744,-79.1486763872,3.80968463644,0.134352868833,-0.0560771553404,0.131302343342,-0.98975504408
2.91,9.130020464,2.248441292,9.402806066,-79.1896665882,3.81117999029,0.134435230688,-0.0560736548953,0.13130095018,-0.989755427219
2.911,9.130171881,2.248193584,9.402893862,-79.2368872686,3.81205120559,0.134283446848,-0.0560693443954,0.13130357167,-0.989755323646
2.912,9.130037925,2.248413387,9.402816348,-79.2945433375,3.81313114137,0.134416392691,-0.0560731692319,0.131301251692,-0.989755414735
2.913,9.130142311,2.248268722,9.402883114,-79.3569377421,3.81500725547,0.134307273371,-0.0560706503516,0.131303058936,-0.989755317684
2.914,9.130120141,2.248303531,9.402869911,-79.4171558299,3.81700389736,0.134333564191,-0.0560712561042,0.131302674796,-0.989755334328
2.915,9.130154312,2.24804785,9.402841958,-79.4748400467,3.81855386272,0.1342936058,-0.0560668172841,0.131303268809,-0.989755506981
2.916,9.130274675,2.24852225,9.403072261,-79.5310492806,3.81991266038,0.134171504411,-0.0560750387606,0.131305346466,-0.989754765595
2.917,9.130128914,2.248501733,9.402925823,-79.5848335908,3.82138679317,0.134316606446,-0.0560746942569,0.131302825254,-0.989755119585
2.918,9.130158194,2.248731289,9.403009149,-79.6347422067,3.82277010337,0.134296836303,-0.0560786755033,0.131303329311,-0.989754827149
2.919,9.130245212,2.248428845,9.403021318,-79.6779097398,3.82365173606,0.134206517361,-0.0560734203322,0.131304837536,-0.989754924803
2.92,9.130180761,2.248305434,9.402929228,-79.7137641424,3.82446597213,0.134261180054,-0.0560712839243,0.131303723372,-0.989755193645
2.921,9.129977471,2.248286487,9.402727304,-79.7487042329,3.82503641951,0.134478353341,-0.0560709722878,0.131300207396,-0.989755677733
2.922,9.130115199,2.248768412,9.40297628,-79.7839592841,3.82587614034,0.134332273154,-0.0560793228361,0.131302585294,-0.989754889175
2.923,9.129951302,2.248698474,9.402800413,-79.8166728055,3.82822721717,0.134506765832,-0.0560781235435,0.131299750991,-0.989755333125
2.924,9.129947561,2.248863582,9.402836268,-79.8458845129,3.83207246899,0.134506182562,-0.0560809886931,0.131299684505,-0.989755179606
2.925,9.130011284,2.249069537,9.402947401,-79.8677620177,3.83625066148,0.134440452932,-0.0560845563919,0.131300785436,-0.989754831399
2.926,9.130025567,2.249063584,9.402959846,-79.8804482108,3.84009911865,0.134433914131,-0.0560844526421,0.131301032117,-0.989754804554
2.927,9.130069242,2.249013728,9.402990328,-79.8812724124,3.84346259769,0.134374597944,-0.0560835834565,0.131301788394,-0.989754753477
2.928,9.130051354,2.249277114,9.40303596,-79.872794825,3.84655561042,0.134388857624,-0.0560881549506,0.13130147661,-0.989754535789
2.929,9.130008941,2.249440294,9.403033814,-79.8590285368,3.84906332417,0.134443570203,-0.0560909903827,0.131300741742,-0.989754472592
2.93,9.130049613,2.249455156,9.40307686,-79.8428005348,3.85025726281,0.134398827121,-0.056091244281,0.131301445144,-0.98975436489
2.931,9.129941046,2.249943783,9.403088351,-79.8282066287,3.85085980459,0.134510686377,-0.0560997323166,0.131299562181,-0.989754133614
2.932,9.129904258,2.249784382,9.403014492,-79.8163038278,3.85180214688,0.134539457636,-0.056096969569,0.13129892773,-0.989754374369
2.933,9.129912956,2.249999251,9.403074349,-79.809754971,3.85275094704,0.134541736971,-0.0561006967633,0.131299076051,-0.989754143437
2.934,9.129967494,2.250194713,9.403174075,-79.8083427703,3.85344199489,0.134469909006,-0.0561040836751,0.131300017412,-0.989753826576
2.935,9.129911648,2.249883386,9.403045355,-79.8097347667,3.85379007822,0.134531955738,-0.0560986869037,0.131299054803,-0.989754260176
2.936,9.129938641,2.25011767,9.403127625,-79.8200294549,3.85359297021,0.134503213328,-0.0561027497968,0.131299519613,-0.989753968224
2.937,9.129901631,2.250260064,9.403125765,-79.8426716725,3.85333549302,0.134535407892,-0.0561052230991,0.131298877651,-0.989753913187
2.938,9.129810201,2.250095419,9.402997591,-79.8745619002,3.85344976703,0.134635355371,-0.0561023748853,0.131297297255,-0.989754284288
2.939,9.129824463,2.25026328,9.403051609,-79.9154870976,3.85328376429,0.134622395647,-0.0561052855728,0.131297543134,-0.989754086679
2.94,9.129831991,2.250531689,9.403123155,-79.9650114869,3.85266569499,0.134613005734,-0.056109942446,0.131297670894,-0.98975380574
2.941,9.129929861,2.250150992,9.403127073,-80.0204774517,3.85187368726,0.134515872329,-0.0561033284324,0.131299366918,-0.989753955681
2.942,9.129725318,2.249996223,9.402891438,-80.0812963915,3.85095646534,0.134725400884,-0.0561006599163,0.131295830378,-0.989754576086
2.943,9.12986141,2.250040597,9.403034195,-80.1460869977,3.85034994886,0.134583730996,-0.0561014186741,0.131298184244,-0.989754220823
2.944,9.129906777,2.249677738,9.402991422,-80.2141468828,3.85063826065,0.134541319396,-0.056095118452,0.13129897185,-0.989754473431
2.945,9.129813339,2.250039971,9.40298737,-80.2832927698,3.85170725785,0.134634764735,-0.0561014119258,0.131297352729,-0.989754331512
2.946,9.129928708,2.250450334,9.40319759,-80.3406254154,3.85312159566,0.134521397652,-0.0561085228697,0.131299344597,-0.989753664186
2.947,9.129852498,2.249969434,9.403008512,-80.3788960181,3.85488269441,0.134595979938,-0.0561001846662,0.131298030162,-0.989754311209
2.948,9.129888603,2.250039402,9.403060311,-80.4105254581,3.85810259727,0.134561733023,-0.0561013961407,0.131298654491,-0.989754159718
2.949,9.12985897,2.249955001,9.403011344,-80.4453773423,3.86215363445,0.134587410973,-0.0560999341215,0.131298142554,-0.9897543105
2.95,9.129812181,2.250038295,9.402985845,-80.4838146775,3.86588847821,0.134636293833,-0.0561013828064,0.131297332342,-0.989754335867
2.951,9.129844138,2.250009507,9.403009984,-80.5219900707,3.86868865542,0.134606941024,-0.0561008812544,0.131297885251,-0.989754290949
2.952,9.129905039,2.250337979,9.40314772,-80.5468192736,3.87076841894,0.134547196805,-0.0561065754513,0.131298935723,-0.989753828823
2.953,9.129886571,2.250574935,9.403186499,-80.5466585562,3.87204904687,0.134568646939,-0.0561106888523,0.131298614064,-0.989753638307
2.954,9.129865002,2.25059996,9.403171547,-80.5290266637,3.87230549893,0.134595313018,-0.0561111240726,0.131298240968,-0.989753663127
2.955,9.129892165,2.250800644,9.403245955,-80.5090806521,3.87198260969,0.134554971917,-0.0561146047942,0.131298708704,-0.989753403743
2.956,9.129867286,2.250621787,9.403178988,-80.4924883632,3.87182991084,0.134573903702,-0.0561115030832,0.131298280483,-0.989753636398
2.957,9.129823654,2.250878786,9.40319814,-80.4797744505,3.87200765563,0.134618267449,-0.0561159658103,0.131297523383,-0.98975348382
2.958,9.129742982,2.250899085,9.403124672,-80.4709218327,3.87187907221,0.134703051548,-0.0561163244588,0.131296127902,-0.989753648605
2.959,9.129826574,2.251055815,9.403243352,-80.4707505812,3.87117163363,0.134621609608,-0.0561190376857,0.1312975724,-0.989753303147
2.96,9.129807506,2.251069729,9.40322817,-80.4834063135,3.8706116542,0.134633665573,-0.0561192808127,0.131297242477,-0.989753333129
2.961,9.12973002,2.251100365,9.403160272,-80.5034006551,3.87057449977,0.134714688876,-0.0561198181204,0.131295901713,-0.989753480523
2.962,9.129800266,2.25119366,9.40325081,-80.5226689712,3.87081086609,0.134641174931,-0.0561214313247,0.131297115653,-0.989753228016
2.963,9.129720613,2.25107373,9.403144762,-80.5431658388,3.87104140222,0.134716216823,-0.0561193567609,0.131295739334,-0.989753528223
2.964,9.12970535,2.251216329,9.403164081,-80.5726465057,3.8712402473,0.13473396388,-0.0561218322126,0.131295473919,-0.989753423069
2.965,9.12968869,2.251430511,9.403199186,-80.6137585016,3.87123198048,0.134754832456,-0.0561255502188,0.131295183557,-0.989753250759
2.966,9.129729673,2.251306904,9.403209382,-80.6640842784,3.87066124866,0.134717548268,-0.0561234024663,0.13129589369,-0.989753278346
2.967,9.129738338,2.251295907,9.403215162,-80.7225384684,3.87032245969,0.134703344767,-0.0561232111649,0.131296043538,-0.989753269315
2.968,9.129703519,2.251512813,9.403233289,-80.78864571,3.871176399,0.134741592433,-0.056126977731,0.131295439549,-0.98975313585
2.969,9.129817412,2.25158115,9.403360232,-80.8581165829,3.87286117679,0.134616873189,-0.0561281532801,0.131297409126,-0.98975280791
2.97,9.129770901,2.251583014,9.40331552,-80.9271528298,3.87477159905,0.134661625581,-0.0561281903552,0.1312966042,-0.989752912586
2.971,9.129702152,2.251461769,9.40321974,-80.9930629935,3.87625790052,0.134745368156,-0.0561260920266,0.131295416448,-0.98975318914
2.972,9.129722361,2.25149807,9.403248053,-81.0571116606,3.87655275486,0.134723685519,-0.0561267199029,0.131295765389,-0.989753107246
2.973,9.129752745,2.251919826,9.403378547,-81.1180392336,3.87645004305,0.134680917105,-0.0561340356629,0.131296287312,-0.989752623123
2.974,9.129683857,2.251893981,9.403305473,-81.168230129,3.87678452035,0.134759907966,-0.0561335932301,0.131295096134,-0.989752806231
2.975,9.129764254,2.252046969,9.40342017,-81.2048826087,3.8773342539,0.134669935876,-0.0561362407289,0.131296485477,-0.989752471772
2.976,9.129730532,2.251746749,9.403315533,-81.2349736736,3.87814373839,0.134703967591,-0.0561310342338,0.131295904722,-0.989752844098
2.977,9.129731156,2.252068827,9.403393269,-81.2614924503,3.87919017701,0.134705753108,-0.0561366225366,0.131295912378,-0.989752526141
2.978,9.129644901,2.251767964,9.403237474,-81.2787642099,3.87959298244,0.134792484415,-0.0561314097765,0.131294423416,-0.989753019302
2.979,9.129704254,2.251963256,9.403341867,-81.2876332914,3.87958146525,0.134734970558,-0.0561347933373,0.13129544773,-0.989752691526
2.98,9.129677256,2.252409314,9.40342249,-81.2885995643,3.88000604462,0.134763897361,-0.0561425351413,0.131294976934,-0.989752314865
2.981,9.129682265,2.252416884,9.403429166,-81.2695520986,3.88067504803,0.134757837551,-0.0561426661564,0.131295063128,-0.989752295999
2.982,9.129573355,2.25239393,9.403317929,-81.2224763363,3.88097194431,0.134868065631,-0.0561422768873,0.131293179649,-0.98975256793
2.983,9.129731441,2.25290959,9.40359494,-81.1638643558,3.88142574188,0.134700666493,-0.0561512110878,0.131295909277,-0.989751699014
2.984,9.129628784,2.252649047,9.403432855,-81.1146818942,3.88247062079,0.134808939195,-0.0561466991315,0.131294136571,-0.989752190136
2.985,9.129703716,2.252965146,9.403581333,-81.075388633,3.88398289307,0.134732777756,-0.0561521773232,0.131295429454,-0.989751707847
2.986,9.129554703,2.252961896,9.403435882,-81.041128644,3.88536687787,0.134891101399,-0.0561521338243,0.131292851582,-0.989752052279
2.987,9.129568295,2.253499641,9.40357793,-81.0182241698,3.8865007733,0.134861725553,-0.0561614632838,0.131293081945,-0.989751492383
2.988,9.129579179,2.253540664,9.403598328,-81.0108787846,3.88843201484,0.134850439828,-0.0561621738915,0.131293270133,-0.989751427098
2.989,9.129495083,2.253168348,9.403427464,-81.0240085787,3.8912733428,0.134934629924,-0.0561557209377,0.13129181842,-0.989751985814
2.99,9.129469545,2.252814074,9.403317789,-81.063864364,3.89375633986,0.134967270004,-0.0561495762152,0.131291380169,-0.989752392563
2.991,9.12953207,2.253292001,9.403493003,-81.1245921546,3.89610676404,0.134888211157,-0.0561578637973,0.131292457052,-0.989751779516
2.992,9.129527023,2.253095937,9.403441123,-81.196356936,3.89893733942,0.134909089758,-0.0561544616765,0.131292372105,-0.989751983812
2.993,9.129495974,2.252974322,9.40338184,-81.2785117734,3.90162142943,0.134934765904,-0.0561523540377,0.13129183617,-0.989752174482
2.994,9.129594751,2.253259628,9.403546101,-81.3678296034,3.90425664981,0.134823021771,-0.056157296987,0.131293541748,-0.989751667789
2.995,9.129389998,2.252803262,9.403237967,-81.4576561251,3.90756720286,0.135024821813,-0.0561493947102,0.13129000447,-0.989752585346
2.996,9.129314514,2.253062327,9.403226751,-81.5466615023,3.91041901175,0.135112302392,-0.0561538968438,0.131288696524,-0.989752503424
2.997,9.129425927,2.252769535,9.40326477,-81.6352051114,3.9127806172,0.13499537809,-0.0561488067258,0.131290625926,-0.989752536267
2.998,9.129462337,2.252582318,9.40325527,-81.7264671002,3.91606521206,0.134971872237,-0.0561455549553,0.131291257358,-0.989752636976
2.999,9.129311473,2.252812348,9.403163906,-81.818312664,3.91992442666,0.135124998915,-0.0561495593079,0.131288645723,-0.989752756245
3,9.129421379,2.252692257,9.403241841,-81.8985752889,3.92376044877,0.135006443422,-0.0561474662899,0.131290548145,-0.989752622627
3.001,9.129379217,2.252993274,9.403273025,-81.959289877,3.92705507652,0.135053906246,-0.0561526927147,0.131289816198,-0.989752423217
3.002,9.129410688,2.252852575,9.40326987,-82.005264094,3.92966293642,0.135017670935,-0.0561502487273,0.131290361473,-0.989752489541
3.003,9.129456184,2.253039147,9.403358741,-82.0481813548,3.93209716872,0.134968924266,-0.0561534828175,0.131291146919,-0.989752201871
3.004,9.129420646,2.253038728,9.403324138,-82.0957078706,3.93443636159,0.135009300695,-0.056153478452,0.131290532116,-0.989752283672
3.005,9.129470199,2.25297707,9.403357475,-82.1455486749,3.93631406489,0.134966770763,-0.0561524042973,0.131291390211,-0.989752230787
3.006,9.129361338,2.253358713,9.403343231,-82.1842905246,3.93696716364,0.135079946574,-0.0561590356328,0.131289503977,-0.989752104753
3.007,9.129240264,2.253390402,9.403233279,-82.1997781227,3.93622824629,0.13519953512,-0.0561595956873,0.13128740901,-0.989752350867
3.008,9.129425099,2.253743628,9.40349738,-82.1916478598,3.93545478666,0.135000317447,-0.0561657084713,0.131290603053,-0.989751580318
3.009,9.129252865,2.254063889,9.40340693,-82.163530822,3.93534379469,0.13518314279,-0.056171280662,0.131287621132,-0.989751659643
3.01,9.129345955,2.254370896,9.403570901,-82.1189072724,3.93542971448,0.135093589339,-0.0561766001091,0.131289228227,-0.989751144557
3.011,9.129281862,2.254443726,9.403526138,-82.0625185384,3.93566377951,0.135146396433,-0.0561778687933,0.131288118671,-0.989751219728
3.012,9.129373242,2.254621368,9.403657442,-82.0058762318,3.9362599181,0.135065627025,-0.0561809437424,0.131289698374,-0.989750835646
3.013,9.129340223,2.255188084,9.40376128,-81.9567032935,3.93706486138,0.135089280695,-0.056190779722,0.131289122054,-0.989750353728
3.014,9.129230386,2.254836707,9.403570386,-81.9159771356,3.93853541813,0.13519554649,-0.0561846921829,0.131287224886,-0.98975095097
3.015,9.129229411,2.255029801,9.403615743,-81.8918745332,3.94101230618,0.135192100233,-0.0561880423093,0.131287206326,-0.989750763251
3.016,9.129297644,2.25494497,9.403661643,-81.8906407524,3.94427418597,0.13511166897,-0.0561865647058,0.131288386957,-0.989750690526
3.017,9.129214756,2.254940643,9.403580135,-81.9107067089,3.94771872436,0.13520812524,-0.0561864970992,0.131286953364,-0.989750884526
3.018,9.12903966,2.254605871,9.403329876,-81.9517634793,3.9512634076,0.135387718516,-0.0561807024002,0.131283927839,-0.989751614785
3.019,9.129073126,2.254847143,9.403420217,-82.0109597036,3.95592126171,0.135346252041,-0.0561848862552,0.131284504346,-0.98975130082
3.02,9.12910001,2.254883701,9.403455083,-82.0809126035,3.96174783781,0.135316694328,-0.0561855181471,0.131284968945,-0.989751203323
3.021,9.12905996,2.254755237,9.403385398,-82.1583351122,3.96743534931,0.135342550334,-0.0561832925096,0.131284277621,-0.989751421364
3.022,9.129166814,2.254884364,9.403520097,-82.2403747456,3.9725033785,0.135236794642,-0.0561855242341,0.131286124719,-0.98975104967
3.023,9.129018369,2.254771949,9.403349027,-82.3200765382,3.97607857113,0.135393738324,-0.05618358616,0.131283558015,-0.989751500146
3.024,9.129031298,2.254742247,9.403354457,-82.4003470357,3.97776174422,0.135384450237,-0.0561830698318,0.131283782055,-0.989751499738
3.025,9.129107906,2.254605009,9.403395924,-82.4833058063,3.97757300034,0.135317540075,-0.0561806814953,0.131285108823,-0.989751459321
3.026,9.129079537,2.254990302,9.40346077,-82.5530837034,3.97638350892,0.135340276065,-0.0561873701036,0.131284614083,-0.989751145261
3.027,9.128939965,2.254867178,9.403295745,-82.593563266,3.97487545949,0.135486038549,-0.0561852452457,0.131282201495,-0.989751585898
3.028,9.129036616,2.254704639,9.403350602,-82.6066815812,3.97292100292,0.135385943623,-0.0561824164125,0.131283874287,-0.989751524595
3.029,9.129010403,2.254833211,9.403355983,-82.605166263,3.97102619765,0.135404454039,-0.0561846495262,0.131283419271,-0.989751458186
3.03,9.128984914,2.25457095,9.403268354,-82.6000182485,3.96968785123,0.135443273655,-0.056180101157,0.131282981663,-0.989751774416
3.031,9.129147131,2.254717221,9.40346091,-82.5961927949,3.96836618998,0.135288323785,-0.0561826260088,0.131285785938,-0.989751259128
3.032,9.129052831,2.25489981,9.403413143,-82.6003602517,3.96676854397,0.135386112207,-0.0561858018178,0.131284153457,-0.98975129539
3.033,9.129152952,2.255051383,9.403546691,-82.6171952474,3.96541318119,0.135280822814,-0.0561884228371,0.131285883985,-0.989750917052
3.034,9.129034421,2.255209084,9.403469438,-82.6473401702,3.96525275484,0.135384560115,-0.0561911692317,0.131283832057,-0.989751033311
3.035,9.129045693,2.255157412,9.403467989,-82.6882567141,3.9664325453,0.135378953913,-0.0561902717761,0.13128402721,-0.989751058376
3.036,9.128948879,2.255537687,9.403465207,-82.7357561399,3.96782854577,0.135475716585,-0.0561968788625,0.131282349451,-0.989750905798
3.037,9.128992855,2.25549608,9.403497919,-82.7869592988,3.96890226396,0.135425502292,-0.0561961530018,0.131283109849,-0.989750846151
3.038,9.129099698,2.255575844,9.403620775,-82.8424952058,3.97046572299,0.135325945177,-0.0561975278342,0.131284957812,-0.989750522969
3.039,9.128938096,2.255541652,9.403455689,-82.895822882,3.97249628187,0.135493698019,-0.0561969478017,0.131282162648,-0.989750926662
3.04,9.128985221,2.255643958,9.403525979,-82.9353754257,3.97465344779,0.135435189029,-0.0561987193102,0.131282976392,-0.989750718139
3.041,9.128915293,2.255824396,9.403501377,-82.9590575784,3.97745876666,0.135504116403,-0.0562018561981,0.131281765154,-0.989750700681
3.042,9.128981722,2.255780127,9.403555245,-82.973670162,3.98062436891,0.135431586975,-0.0562010829401,0.131282914908,-0.989750592084
3.043,9.128960566,2.255946222,9.403574553,-82.9861231134,3.98355414808,0.135452269049,-0.0562039658567,0.131282547833,-0.989750477068
3.044,9.128971978,2.256024312,9.403604366,-83.0015662821,3.98638448351,0.135440380589,-0.056205320778,0.131282744437,-0.989750374049
3.045,9.128882636,2.256177071,9.403554283,-83.0253070271,3.9888001591,0.135530615428,-0.0562079782356,0.131281197211,-0.989750428361
3.046,9.128930458,2.256168732,9.403598708,-83.0591524081,3.99072117759,0.135481064175,-0.0562078294283,0.131282024258,-0.989750327112
3.047,9.128911634,2.256109899,9.403566318,-83.1021050923,3.99257055151,0.135506037459,-0.056206810849,0.131281699482,-0.989750428035
3.048,9.128762484,2.256212015,9.403446025,-83.1443398637,3.99393511032,0.135658866486,-0.0562085951326,0.131279118338,-0.989750669069
3.049,9.128967941,2.256343192,9.403676954,-83.1784499112,3.99515025151,0.135436119111,-0.0562108536168,0.131282671528,-0.989750069509
3.05,9.128945427,2.256637551,9.403725732,-83.2052905662,3.996993963,0.135461309739,-0.056215963301,0.131282279326,-0.989749831324
3.051,9.128992639,2.256465334,9.403730239,-83.2226515121,3.99888907035,0.135419352258,-0.0562129710667,0.131283097863,-0.9897498927
3.052,9.128999013,2.256396578,9.403719929,-83.2339855076,3.99993326956,0.135418795325,-0.0562117774296,0.131283208345,-0.989749945837
3.053,9.128934376,2.256470168,9.403674838,-83.2500868212,3.9998819509,0.135484563847,-0.0562130593266,0.131282089686,-0.989750021414
3.054,9.128989524,2.256310664,9.403690103,-83.2787825191,3.99953732591,0.135422078219,-0.0562102873196,0.131283045322,-0.989750052089
3.055,9.128931867,2.256364236,9.403646984,-83.3243141042,3.99973394496,0.135488274423,-0.0562112219831,0.131282046728,-0.989750131462
3.056,9.128983936,2.256692825,9.40377638,-83.3795328694,4.00026181748,0.135426555946,-0.0562169194502,0.131282944629,-0.989749688768
3.057,9.12897066,2.256504854,9.403718385,-83.4357062374,4.00094567122,0.135443819663,-0.0562136587573,0.13128271705,-0.989749904154
3.058,9.128943407,2.256643544,9.403725209,-83.4870196497,4.00125878026,0.13547793383,-0.0562160672837,0.131282243791,-0.989749830131
3.059,9.128803267,2.256488725,9.403552013,-83.5254585156,4.00110676705,0.135617330557,-0.0562133923282,0.131279821695,-0.989750303328
3.06,9.128912097,2.256842856,9.403742646,-83.5433693351,4.0010341262,0.135509277761,-0.0562195282642,0.131281700763,-0.989749705575
3.061,9.128872983,2.256823156,9.403699947,-83.5369772728,4.00102659056,0.135547959828,-0.0562191894668,0.131281024571,-0.98974981451
3.062,9.128926764,2.257129892,9.403825775,-83.5109428502,4.00128653992,0.135486719571,-0.0562245077455,0.131281951674,-0.989749389438
3.063,9.128854919,2.257096904,9.403748112,-83.4784236914,4.00229284285,0.135555306537,-0.0562239414305,0.131280709092,-0.989749586426
3.064,9.128842692,2.257230441,9.403768296,-83.4558147944,4.0038046048,0.135574387306,-0.0562262597207,0.131280496349,-0.989749482948
3.065,9.128764626,2.257285256,9.40370567,-83.4527460546,4.00487213771,0.135654122524,-0.0562272173996,0.131279146321,-0.98974960761
3.066,9.128906003,2.257123766,9.403804151,-83.4706514217,4.00547255212,0.135514852424,-0.0562244025412,0.131281593351,-0.989749442943
3.067,9.128861971,2.257507477,9.403853513,-83.5065942592,4.00650789294,0.135548973507,-0.0562310644723,0.131280827364,-0.989749166079
3.068,9.128739841,2.257527687,9.403739806,-83.5515609367,4.00819180779,0.135677622304,-0.0562314255754,0.131278714955,-0.989749425753
3.069,9.128758361,2.25721368,9.403682407,-83.600209326,4.01006500205,0.135650710281,-0.0562259755783,0.131279038286,-0.989749692486
3.07,9.12876894,2.257508498,9.403763448,-83.6538993259,4.01174144047,0.135647909964,-0.056231090086,0.13127921826,-0.989749378055
3.071,9.128789603,2.257515831,9.403785266,-83.7109822124,4.01336737069,0.135620472746,-0.056231215803,0.131279575612,-0.989749323514
3.072,9.128791254,2.257398073,9.403758601,-83.7722712346,4.01556806828,0.135618465697,-0.0562291720282,0.131279605859,-0.989749435614
3.073,9.128844115,2.257345467,9.403797288,-83.8404089806,4.01815474973,0.135563365575,-0.0562282549146,0.131280520074,-0.989749366455
3.074,9.128724245,2.257596555,9.4037412,-83.9104217622,4.02035860899,0.13568267857,-0.0562326222066,0.131278444158,-0.989749393685
3.075,9.128752406,2.257536684,9.403754164,-83.9768814624,4.0220543899,0.135651817274,-0.0562315810607,0.131278932088,-0.989749388119
3.076,9.128686106,2.257389739,9.403654527,-84.0422909135,4.02367032654,0.135719780971,-0.0562290369618,0.131277787199,-0.989749684511
3.077,9.128738162,2.257308976,9.403685674,-84.1072113077,4.0249806746,0.135669539622,-0.0562276309986,0.131278688054,-0.989749644898
3.078,9.128743807,2.257758603,9.403799094,-84.1572369341,4.02560539486,0.135661346921,-0.0562354320893,0.131278781441,-0.989749189301
3.079,9.128737695,2.2575882,9.40375225,-84.1792161888,4.02658391487,0.13566770076,-0.0562324755362,0.131278676955,-0.98974937114
3.08,9.128764322,2.257482852,9.403752808,-84.1775780311,4.02915892043,0.135645945335,-0.0562306460175,0.131279138453,-0.98974941387
3.081,9.128698844,2.25773693,9.403750243,-84.1652720939,4.03275709714,0.135716213277,-0.0562350597953,0.131278003669,-0.989749313616
3.082,9.128698395,2.257498311,9.40369252,-84.1517129441,4.03601070792,0.135710648607,-0.0562309195343,0.131277998056,-0.989749549591
3.083,9.128688633,2.258038309,9.403812693,-84.1412131677,4.0383677038,0.135717222321,-0.0562402897134,0.13127782401,-0.989749040281
3.084,9.128693708,2.257941178,9.403794297,-84.138711276,4.03977044986,0.135716611743,-0.0562386042267,0.131277912775,-0.98974912428
3.085,9.128602976,2.258111875,9.403747207,-84.1505429501,4.04057443321,0.135813226397,-0.0562415732661,0.13127634216,-0.989749163892
3.086,9.128707107,2.258697806,9.403989006,-84.1696741041,4.04102674373,0.135708882388,-0.0562517318763,0.131278138291,-0.989748348353
3.087,9.12865828,2.258651908,9.403930584,-84.1848366149,4.04151302895,0.135757263962,-0.0562509391569,0.131277293895,-0.989748505405
3.088,9.128664496,2.258798451,9.403971816,-84.2026483761,4.04224658477,0.135743738789,-0.0562534817296,0.131277399937,-0.989748346833
3.089,9.128620828,2.258960023,9.403968238,-84.2315068167,4.04286788825,0.135792103019,-0.0562562891432,0.131276642747,-0.989748287698
3.09,9.128715723,2.259392985,9.404164365,-84.2657072925,4.04304575878,0.135690880615,-0.0562637931047,0.131278280915,-0.98974764387
3.091,9.128627869,2.259059248,9.403998908,-84.2968564124,4.04275271822,0.135780765802,-0.056258009992,0.131276764134,-0.989748173785
3.092,9.12861549,2.259444942,9.404079552,-84.3288507538,4.04270533619,0.135789106455,-0.056264703268,0.13127654668,-0.989747822154
3.093,9.128574168,2.259230388,9.403987892,-84.3633841476,4.04333240359,0.135833477386,-0.0562609844461,0.131275833283,-0.989748128175
3.094,9.128666426,2.259441511,9.404128171,-84.3903460058,4.04481640092,0.135737576173,-0.0562646397006,0.131277427018,-0.989747709002
3.095,9.12851541,2.259156145,9.403913019,-84.4043352571,4.04630035356,0.135897658349,-0.0562597005648,0.131274817464,-0.989748335887
3.096,9.128531457,2.259290059,9.403960769,-84.417236964,4.04694989807,0.135871616641,-0.056262023306,0.131275094012,-0.989748167175
3.097,9.128558194,2.259593032,9.404059516,-84.4394883847,4.04743370452,0.135839286003,-0.056267278011,0.131275554072,-0.989747807438
3.098,9.128520179,2.259432337,9.403984004,-84.4742918815,4.04836511603,0.135880474081,-0.0562644926686,0.131274898038,-0.989748052794
3.099,9.128555839,2.2597008,9.404083124,-84.5191585251,4.04949305795,0.135840922053,-0.0562691478077,0.131275512553,-0.989747706645
3.1,9.128552273,2.260146254,9.404186711,-84.5658948839,4.05051694133,0.135849837514,-0.0562768776088,0.131275445981,-0.98974727599
3.101,9.128508042,2.259620404,9.40401741,-84.61354223,4.05136266431,0.135893811641,-0.0562677566405,0.131274686461,-0.989747895303
3.102,9.128497255,2.259700179,9.404026108,-84.6688720084,4.05176988244,0.135907540423,-0.056269141742,0.131274499136,-0.989747841404
3.103,9.128399935,2.259660117,9.403922012,-84.7299865572,4.05161824162,0.136004716581,-0.0562684550102,0.131272815719,-0.989748103723
3.104,9.128472977,2.259539084,9.403963832,-84.7913957127,4.05107594418,0.135933598847,-0.0562663488851,0.131274080846,-0.989748055659
3.105,9.128469183,2.259338272,9.403911901,-84.8542091529,4.05094154298,0.135927279903,-0.0562628651823,0.131274016634,-0.989748262215
3.106,9.128494262,2.259558582,9.403989179,-84.920877976,4.05177381933,0.135910221505,-0.0562666856493,0.131274448506,-0.98974798775
3.107,9.128507353,2.259986601,9.404104739,-84.9844060105,4.05296466999,0.13590311957,-0.0562741105746,0.13127467096,-0.989747536114
3.108,9.128437824,2.259694486,9.40396705,-85.0350114933,4.05398665712,0.135970228486,-0.0562690476952,0.131273471319,-0.989747983074
3.109,9.128528674,2.259719926,9.404061351,-85.0734763306,4.0551301651,0.135876306079,-0.0562694820596,0.13127504233,-0.98974775001
3.11,9.128491331,2.259988563,9.404089658,-85.1016551149,4.0567341613,0.135907650416,-0.056274146092,0.131274393659,-0.989747570874
3.111,9.128491821,2.259811881,9.404047675,-85.1188028508,4.05870568623,0.135906130752,-0.0562710801822,0.13127440335,-0.989747743903
3.112,9.12846495,2.259938182,9.404051942,-85.1322678658,4.0603170648,0.135943058588,-0.0562732741652,0.131273937789,-0.989747680913
3.113,9.128492919,2.260314565,9.404169549,-85.1497406524,4.06126262642,0.13590742015,-0.056279803159,0.131274418159,-0.989747245964
3.114,9.128431705,2.260378437,9.404125481,-85.1733479053,4.0620938275,0.135979611386,-0.0562809159942,0.131273358957,-0.98974732317
3.115,9.128524383,2.260415877,9.404224442,-85.198816398,4.06327498314,0.135878908926,-0.0562815576755,0.131274961662,-0.989747074109
3.116,9.128390316,2.260805825,9.404188042,-85.2162722816,4.06481614019,0.136015429266,-0.0562883353161,0.131272638814,-0.989746996765
3.117,9.128410882,2.261064756,9.404270257,-85.2219616708,4.06637994667,0.13599719102,-0.0562928265668,0.131272991936,-0.989746694496
3.118,9.128338437,2.260916734,9.404164349,-85.2212462321,4.06749482346,0.136061634142,-0.0562902640315,0.131271740711,-0.989747006192
3.119,9.128468062,2.261393313,9.40440476,-85.2180864563,4.06862455974,0.135924092438,-0.0562985225069,0.131273978556,-0.989746239658
3.12,9.128360614,2.261153588,9.404242821,-85.2133326998,4.07026842978,0.136039517445,-0.0562943723098,0.131272122316,-0.989746721919
3.121,9.12835021,2.261269969,9.404260706,-85.2161675734,4.07218750498,0.136041620586,-0.0562963925304,0.131271941306,-0.989746631019
3.122,9.128344306,2.261224329,9.404244001,-85.232693949,4.07441116158,0.136055407832,-0.0562956007367,0.131271838746,-0.989746689659
3.123,9.128371648,2.261565658,9.404352619,-85.2611034757,4.07654319997,0.136030145355,-0.0563015208514,0.131272308719,-0.989746290578
3.124,9.128312746,2.261541485,9.404289632,-85.2985253226,4.07820931115,0.136086067054,-0.0563011063496,0.131271290802,-0.989746449165
3.125,9.128370698,2.261773485,9.404401677,-85.3425877874,4.07992201222,0.136026943071,-0.0563051271434,0.131272291041,-0.989746087773
3.126,9.128200561,2.261533906,9.404178916,-85.3915873556,4.08201887126,0.136189511095,-0.0563009846909,0.131269350354,-0.989746713448
3.127,9.128276696,2.261750467,9.404304898,-85.4439873581,4.08451552581,0.136107806756,-0.0563047363154,0.131270664965,-0.989746325675
3.128,9.128290972,2.261843765,9.404341194,-85.4969936552,4.08742704205,0.136097103664,-0.056306353448,0.131270910661,-0.989746201092
3.129,9.128292119,2.262092558,9.404402147,-85.5502815618,4.09051472436,0.136101601609,-0.0563106702802,0.131270928692,-0.989745953108
3.13,9.128362467,2.261918833,9.404428645,-85.6025976517,4.09295264724,0.136034031267,-0.0563076497807,0.131272146626,-0.989745963415
3.131,9.128193102,2.26194539,9.404270639,-85.6539979219,4.09410894166,0.136206175021,-0.0563081251614,0.131269217162,-0.989746324907
3.132,9.128295976,2.262001234,9.404383925,-85.6995509323,4.09422252499,0.136099784341,-0.0563090855227,0.131270996205,-0.989746034315
3.133,9.128319271,2.261977969,9.404400941,-85.7285806858,4.09451017954,0.136067408599,-0.0563086802028,0.131271399457,-0.989746003891
3.134,9.128289696,2.262258057,9.404439606,-85.7360157038,4.09581433882,0.136096866652,-0.0563135421305,0.131270884825,-0.98974579553
3.135,9.128309146,2.262324154,9.404474384,-85.7252169954,4.09758995127,0.136081036428,-0.0563146872424,0.131271221231,-0.989745685758
3.136,9.128238758,2.262226642,9.404382606,-85.7095622249,4.09877854463,0.136162059532,-0.0563130018443,0.131270004624,-0.989745943012
3.137,9.128248444,2.262021398,9.404342638,-85.7070386792,4.09887309965,0.136150410506,-0.0563094389696,0.131270173577,-0.989746123312
3.138,9.128305739,2.262486026,9.404510019,-85.71727606,4.09841703301,0.13609464294,-0.0563174965434,0.131271160653,-0.989745533945
3.139,9.128221403,2.26242121,9.404412566,-85.7255894975,4.09817629893,0.136172102467,-0.0563163789962,0.13126970256,-0.989745790921
3.14,9.128283009,2.262601592,9.404515758,-85.7319303503,4.09840952623,0.136110449866,-0.0563195034107,0.131270766345,-0.989745472048
3.141,9.128240268,2.262613741,9.404477196,-85.7444004175,4.09924381066,0.136145855736,-0.056319718239,0.131270027139,-0.989745557865
3.142,9.128279007,2.262519564,9.40449214,-85.7670677828,4.10059502181,0.136122528274,-0.0563180805634,0.131270697303,-0.989745562168
3.143,9.128210908,2.262624376,9.404451257,-85.8020328145,4.10198361324,0.13618598145,-0.056319905438,0.131269519148,-0.989745614587
3.144,9.128147948,2.262681713,9.404403942,-85.8444843733,4.10322176792,0.136246192722,-0.0563209050823,0.131268428817,-0.989745702313
3.145,9.128225833,2.262663382,9.404475128,-85.8888247504,4.10484764491,0.136165343742,-0.0563205805323,0.131269776172,-0.989745542083
3.146,9.128173406,2.262396712,9.404360085,-85.9378656455,4.10689554275,0.136216476818,-0.05631595806,0.131268872371,-0.98974592498
3.147,9.128210166,2.262845672,9.404503781,-85.9934208042,4.10928808855,0.136172015247,-0.0563237446037,0.131269503895,-0.989745398141
3.148,9.128141973,2.262729223,9.404409573,-86.0498848822,4.11181878848,0.136242016761,-0.056321729874,0.131268325933,-0.989745669023
3.149,9.128188556,2.262750072,9.404459804,-86.1058523103,4.11415710232,0.136194682616,-0.0563220878633,0.131269130592,-0.989745541931
3.15,9.128144044,2.262817777,9.40443289,-86.1620495383,4.11679446059,0.136236151494,-0.0563232667205,0.131268360314,-0.989745577008
3.151,9.128223276,2.263125866,9.404583929,-86.2099182741,4.11992625692,0.136159445071,-0.0563286055631,0.131269728083,-0.989745091771
3.152,9.128186636,2.262842964,9.404480291,-86.2385961921,4.12293186596,0.136192927815,-0.0563237001896,0.13126909709,-0.989745454623
3.153,9.128280599,2.263163151,9.404648539,-86.2436973782,4.12551829837,0.136105733094,-0.0563292472237,0.131270719749,-0.989744923727
3.154,9.128240064,2.263084779,9.404590335,-86.2258643286,4.12731262332,0.13613779649,-0.0563278917603,0.131270018831,-0.989745093833
3.155,9.128207895,2.263201261,9.404587143,-86.195344551,4.12796047694,0.136170113383,-0.0563299145577,0.131269461597,-0.989745052616
3.156,9.128135383,2.263130656,9.404499771,-86.1690918839,4.12780493462,0.136239680696,-0.0563286962693,0.131268207357,-0.989745288301
3.157,9.128143025,2.263234456,9.404532168,-86.1602144215,4.12767031767,0.136240549089,-0.0563304967813,0.13126833918,-0.989745168345
3.158,9.128140926,2.263446491,9.404581159,-86.1656037163,4.12788834993,0.136240303715,-0.0563341755163,0.131268300518,-0.989744964093
3.159,9.128007253,2.263165325,9.404383749,-86.1758719863,4.12805159598,0.136384402493,-0.0563293086803,0.131265991584,-0.989745547319
3.16,9.128072201,2.263757633,9.404589344,-86.1912716878,4.12788104447,0.136309602192,-0.0563395807349,0.131267109214,-0.989744814425
3.161,9.128140344,2.26365424,9.404630596,-86.2136324954,4.12802383967,0.136237630178,-0.0563377809305,0.131268288833,-0.989744760424
3.162,9.128231502,2.263960625,9.404792825,-86.2448430378,4.12884686767,0.136144633862,-0.056343088784,0.131269862482,-0.989744249567
3.163,9.127936025,2.263935853,9.404500073,-86.2844049284,4.12980197606,0.136447074785,-0.0563426841276,0.131264751608,-0.989744950445
3.164,9.1280865,2.26368705,9.404586232,-86.3324688844,4.13090977467,0.136290457155,-0.0563383549519,0.131267357018,-0.989744851334
3.165,9.127995341,2.263803166,9.404525705,-86.3863992421,4.13218616039,0.136383982266,-0.056340376913,0.131265779052,-0.989744945518
3.166,9.127975982,2.263868005,9.404522523,-86.4346525249,4.13290176281,0.136412154752,-0.0563415031521,0.131265443541,-0.989744925905
3.167,9.128103437,2.263804328,9.404630902,-86.4779826881,4.13398897994,0.136267974983,-0.0563403875269,0.131267649157,-0.989744696888
3.168,9.128046001,2.264063242,9.404637482,-86.5185289145,4.13778429747,0.13633159768,-0.0563448855813,0.13126665341,-0.989744572893
3.169,9.12795296,2.264041018,9.404541827,-86.5448164336,4.14282335279,0.136429937558,-0.0563445070616,0.131265044095,-0.989744807879
3.17,9.127975477,2.264276539,9.404620383,-86.5493757456,4.14654854439,0.136411290172,-0.0563485920095,0.131265431285,-0.98974452397
3.171,9.128004852,2.264072782,9.404599839,-86.5402126129,4.14906998616,0.136383812109,-0.05634505404,0.13126594072,-0.989744657824
3.172,9.127972622,2.264327491,9.404629879,-86.5287400785,4.15059117527,0.13641804721,-0.0563494770267,0.131265381032,-0.989744480248
3.173,9.127966703,2.264469125,9.404658236,-86.5132815673,4.15169053646,0.136426987791,-0.0563519342151,0.131265277534,-0.989744354075
3.174,9.127933026,2.264641525,9.404667063,-86.4934331572,4.15301121829,0.136438696196,-0.056354928585,0.131264693559,-0.989744261034
3.175,9.12791811,2.264516559,9.404622494,-86.475660772,4.15489390921,0.136461355256,-0.0563527613309,0.131264436387,-0.98974441854
3.176,9.127927564,2.264419779,9.404608367,-86.464562931,4.1565121427,0.136450487771,-0.0563510820687,0.131264601043,-0.989744492312
3.177,9.127879213,2.264326699,9.404539028,-86.4701245008,4.15701363329,0.136502601258,-0.0563494711917,0.131263765261,-0.989744694871
3.178,9.127962344,2.264528025,9.404668188,-86.4998937918,4.15686817817,0.13641725582,-0.0563529568448,0.131265201386,-0.98974430595
3.179,9.12782762,2.264600536,9.404554888,-86.5462281915,4.15675144881,0.136560344246,-0.0563542263314,0.131262870723,-0.989744542771
3.18,9.12791515,2.26439097,9.404589383,-86.6031347092,4.15624997249,0.136482168065,-0.0563505826352,0.131264386591,-0.989744549189
3.181,9.127941926,2.264452626,9.404630216,-86.671073105,4.15551396055,0.136435282593,-0.056351650119,0.131264849054,-0.989744427078
3.182,9.127936868,2.264616131,9.404664676,-86.7479469775,4.15551179459,0.13644188006,-0.056354487805,0.131264760539,-0.989744277248
3.183,9.127860019,2.264497405,9.404561501,-86.8244625314,4.15562982835,0.136520092934,-0.056352434125,0.131263431676,-0.989744570418
3.184,9.127975309,2.264821064,9.404751336,-86.8867801139,4.15564805003,0.136400365743,-0.0563580407509,0.131265423168,-0.989743987061
3.185,9.127893884,2.264536108,9.404603689,-86.9323072365,4.15560819621,0.136486744971,-0.0563531033766,0.131264016959,-0.989744454691
3.186,9.127857769,2.264818583,9.404636658,-86.9697930338,4.15520355266,0.136527876755,-0.0563580074452,0.13126338981,-0.989744258631
3.187,9.12794548,2.264739719,9.404702796,-87.0046400944,4.15483259423,0.136437024418,-0.0563566315055,0.131264907988,-0.989744135631
3.188,9.127981621,2.265193792,9.404847229,-87.0405586599,4.15487517405,0.136402142131,-0.056364507808,0.131265528889,-0.989743604771
3.189,9.127934373,2.265209269,9.404805099,-87.0754006073,4.15470864396,0.136457190609,-0.0563647802628,0.131264711524,-0.989743697658
3.19,9.127880457,2.26522148,9.404755712,-87.0991879374,4.15415089859,0.136498560332,-0.0563649964441,0.131263778517,-0.989743809087
3.191,9.127885561,2.265079863,9.404726557,-87.1120530099,4.15408963774,0.136488538139,-0.056362538323,0.131263868049,-0.989743937197
3.192,9.127866108,2.265416067,9.404788655,-87.1210194783,4.15464411201,0.136514653305,-0.0563683740701,0.131263529087,-0.989743649809
3.193,9.127876132,2.265184933,9.404742711,-87.1295534038,4.15507958824,0.136505386331,-0.0563643623555,0.131263704003,-0.989743855079
3.194,9.127878125,2.265648367,9.404856277,-87.1432668792,4.15556868871,0.136504033907,-0.0563724036532,0.131263734919,-0.989743393007
3.195,9.12784662,2.265666433,9.404830051,-87.1643858066,4.15612562316,0.1365399426,-0.0563727195117,0.131263189284,-0.989743447381
3.196,9.127763864,2.265984594,9.404826386,-87.1953922395,4.15617784093,0.13662766494,-0.0563782474,0.131261754946,-0.98974332274
3.197,9.127870679,2.265727555,9.404868127,-87.2358309306,4.15572787185,0.136502273688,-0.056373778257,0.131263605453,-0.989743331884
3.198,9.127788106,2.266078755,9.404872601,-87.2737721797,4.15514284053,0.136597356501,-0.0563798792851,0.13126217325,-0.989743174306
3.199,9.127869062,2.265912321,9.404911071,-87.2966189729,4.15405114271,0.136512161356,-0.0563769844355,0.131263575382,-0.989743153249
3.2,9.127705564,2.26588686,9.404746255,-87.3029773438,4.15267143265,0.136681151195,-0.0563765562196,0.131260747111,-0.989743552733
3.201,9.127694073,2.266152304,9.40479906,-87.2993328333,4.1518120163,0.136689785105,-0.056381163528,0.131260546545,-0.989743316886
3.202,9.127794963,2.266175712,9.404902618,-87.2996745521,4.15207308735,0.136577941634,-0.0563815601762,0.131262291335,-0.989743062893
3.203,9.127745911,2.266215828,9.404864677,-87.3114845185,4.1532656417,0.136637417953,-0.0563822606362,0.131261442334,-0.989743135587
3.204,9.127699218,2.266407197,9.404865474,-87.3270731937,4.15415420754,0.136677628333,-0.0563855849933,0.131260633196,-0.989743053513
3.205,9.127650357,2.266191768,9.404766141,-87.3457877458,4.15476314082,0.136727899077,-0.0563818511844,0.131259789711,-0.989743378084
3.206,9.12769614,2.266373643,9.404854401,-87.3759374791,4.15608559536,0.136684361917,-0.0563850031332,0.131260579548,-0.989743093777
3.207,9.1277322,2.266780874,9.404987541,-87.4174263674,4.15871764031,0.136642997056,-0.0563920667741,0.131261199561,-0.989742609114
3.208,9.127653569,2.266638434,9.404876898,-87.4669110433,4.16326184302,0.136724005464,-0.0563896012062,0.131259840996,-0.989742929764
3.209,9.127643893,2.266683696,9.404878416,-87.5237048992,4.16956392568,0.13672628832,-0.0563903876038,0.131259673199,-0.989742907213
3.21,9.127667272,2.266613466,9.40488418,-87.5856181921,4.17643302053,0.13670117107,-0.056389166729,0.131260078244,-0.989742923054
3.211,9.127635453,2.266505998,9.404827399,-87.6516134886,4.18240750336,0.136732477115,-0.0563873054492,0.131259529024,-0.989743101933
3.212,9.127602159,2.266399066,9.404769317,-87.7175876723,4.18682216651,0.136766994987,-0.0563854520569,0.131258953868,-0.989743283799
3.213,9.127588545,2.266608143,9.40480649,-87.7747252207,4.18868718973,0.136784072308,-0.0563890809742,0.131258716879,-0.989743108483
3.214,9.127552642,2.266348244,9.404709012,-87.8234640067,4.18702376599,0.136825188472,-0.056384574533,0.131258097731,-0.989743447331
3.215,9.127584327,2.266485359,9.404772806,-87.8717760938,4.18294207727,0.136788243654,-0.0563869510049,0.131258644758,-0.989743239397
3.216,9.127585779,2.266772805,9.404843492,-87.922192121,4.17868018906,0.136793676015,-0.0563919388747,0.131258667625,-0.989742952187
3.217,9.127582097,2.266414678,9.404753608,-87.977326133,4.17523574634,0.136792501846,-0.0563857246532,0.13125860727,-0.989743314235
3.218,9.127623698,2.266827672,9.404893517,-88.0388244993,4.17298076151,0.13674476372,-0.0563928874925,0.13125932227,-0.989742811319
3.219,9.127624017,2.266921939,9.404916547,-88.0964233685,4.17176773521,0.136744923795,-0.0563945235921,0.131259327063,-0.989742717461
3.22,9.127638166,2.267223306,9.405002924,-88.1398128842,4.17223813108,0.136729172721,-0.0563997514469,0.13125956885,-0.989742387504
3.221,9.127574919,2.266951525,9.404876029,-88.173645285,4.17555599007,0.136796497117,-0.0563950404043,0.13125847752,-0.989742800679
3.222,9.127633725,2.267164788,9.404984508,-88.2038837971,4.18081314594,0.136732886302,-0.0563987359418,0.13125949346,-0.98974245537
3.223,9.127608819,2.267557654,9.405055048,-88.2221255054,4.18537515668,0.1367639499,-0.0564055552013,0.131259058704,-0.98974212442
3.224,9.127610417,2.267527502,9.40504933,-88.219697552,4.18763126399,0.136747821164,-0.0564050315638,0.131259086552,-0.989742150568
3.225,9.127477026,2.267375422,9.404883209,-88.2058078409,4.18792469274,0.136879811462,-0.05640240368,0.1312567802,-0.989742606191
3.226,9.127423141,2.267709904,9.404911557,-88.1966881272,4.18765351918,0.136950404231,-0.0564082126377,0.1312558457,-0.98974239907
3.227,9.127486812,2.267843804,9.405005637,-88.1958800503,4.18707513558,0.13688051209,-0.0564105299036,0.131256945506,-0.989742121147
3.228,9.127435281,2.267758181,9.40493498,-88.1937822577,4.18706558765,0.136936018604,-0.0564090486583,0.131256055082,-0.989742323655
3.229,9.127399392,2.267988562,9.404955703,-88.1806244407,4.1874788483,0.13697520956,-0.0564130490986,0.131255431588,-0.989742178332
3.23,9.127412425,2.268075623,9.404989347,-88.1564716727,4.18745545922,0.136949630707,-0.0564145586479,0.131255656913,-0.989742062409
3.231,9.127415931,2.268352805,9.405059597,-88.1304225577,4.18771044867,0.136943544081,-0.0564193677681,0.131255714984,-0.989741780579
3.232,9.127371166,2.26814454,9.404965925,-88.110623092,4.18834171116,0.136986947305,-0.0564157578364,0.131254942026,-0.98974208886
3.233,9.127353133,2.268398081,9.405009573,-88.0997256754,4.18903522908,0.136994327279,-0.0564201588239,0.131254628494,-0.989741879571
3.234,9.127399156,2.268587792,9.405099995,-88.098914006,4.19068617926,0.136955538196,-0.0564234468952,0.131255422711,-0.989741586804
3.235,9.127329258,2.268615604,9.40503887,-88.1109019289,4.1938346673,0.137031975047,-0.056423935003,0.131254212615,-0.989741719455
3.236,9.127266777,2.268366183,9.404918073,-88.1396110024,4.19735521768,0.137091764119,-0.0564196125654,0.131253135011,-0.989742108768
3.237,9.127209777,2.268221858,9.404827947,-88.1862402601,4.2004230748,0.137148342005,-0.0564171131264,0.131252150002,-0.989742381868
3.238,9.127257831,2.268391131,9.404915408,-88.2459882483,4.2031806181,0.137091051315,-0.0564200467259,0.131252979687,-0.989742104616
3.239,9.127209765,2.268362602,9.404861881,-88.3129673118,4.20598179334,0.137136085121,-0.0564195554533,0.131252148553,-0.98974224284
3.24,9.127259554,2.268287857,9.404892172,-88.3828000306,4.20834138503,0.137092868056,-0.056418254419,0.131253010711,-0.989742202671
3.241,9.127214238,2.268665372,9.404939252,-88.4540866406,4.20941144458,0.137139882877,-0.056424808747,0.131252223134,-0.989741933476
3.242,9.127235907,2.268662973,9.404959701,-88.5260700675,4.20993307573,0.137118042988,-0.0564247647713,0.131252598222,-0.989741886241
3.243,9.127240437,2.268524412,9.404930675,-88.5943847237,4.21076830492,0.137122339801,-0.0564223602746,0.131252677832,-0.98974201276
3.244,9.127204643,2.268386573,9.404862691,-88.6530046412,4.21139563377,0.13716000917,-0.0564199713731,0.13125205944,-0.989742230949
3.245,9.127160968,2.268441307,9.404833507,-88.7057633288,4.21181694331,0.137199251684,-0.0564209248556,0.131251303272,-0.989742276872
3.246,9.12733174,2.268856925,9.405099491,-88.7544666286,4.21300464883,0.137016408095,-0.0564281219711,0.131254254112,-0.989741475249
3.247,9.127237599,2.268766328,9.404986276,-88.798078549,4.21514443077,0.137117931641,-0.0564265584086,0.131252625744,-0.989741780335
3.248,9.127205885,2.268438857,9.404876508,-88.8433359125,4.21741112347,0.137152655848,-0.0564208786336,0.131252081101,-0.989742176358
3.249,9.127222747,2.268546164,9.404918754,-88.8957705497,4.21928754295,0.137133010844,-0.0564227389633,0.131252371346,-0.989742031816
3.25,9.1272256,2.268727428,9.404965247,-88.9528048074,4.2207303779,0.137132152825,-0.0564258840876,0.13125241906,-0.989741846188
3.251,9.127184566,2.268745528,9.404929791,-89.0092017889,4.22177448886,0.137173102838,-0.0564262013855,0.131251708537,-0.989741922323
3.252,9.127131883,2.268861327,9.404906599,-89.0636550403,4.22260835217,0.137221286638,-0.0564282152666,0.13125079637,-0.989741928471
3.253,9.127229855,2.268981835,9.405030749,-89.1095494538,4.22356519907,0.137123287352,-0.0564302985515,0.131252490458,-0.989741585038
3.254,9.1272278,2.268815885,9.404988721,-89.1400374393,4.22502750238,0.137130121501,-0.0564274187829,0.131252456427,-0.989741753738
3.255,9.127133375,2.269099942,9.404965614,-89.1661722279,4.22705700928,0.137229654708,-0.0564323560322,0.131250820449,-0.989741689192
3.256,9.127070841,2.269379586,9.404972399,-89.2016411583,4.22990174786,0.137285114608,-0.0564372135276,0.131249736111,-0.989741556013
3.257,9.127094641,2.269204078,9.404953149,-89.2476022399,4.23470250385,0.137260615268,-0.0564341658301,0.13125014893,-0.989741675051
3.258,9.126974268,2.268334257,9.404626499,-89.3003312564,4.24052450578,0.137380314249,-0.0564190834113,0.131248075601,-0.989742809864
3.259,9.126966894,2.267700842,9.404466587,-89.3518175442,4.24596600184,0.137381450925,-0.0564080938426,0.131247953054,-0.989743452501
3.26,9.126746921,2.266345063,9.403926271,-89.3939148987,4.25119274255,0.137590519866,-0.0563845874737,0.131244161178,-0.989745294736
3.261,9.126669916,2.265220016,9.403580461,-89.4303045765,4.2560129811,0.137669893628,-0.0563650725516,0.131242839627,-0.989746581526
3.262,9.126508862,2.264178306,9.403173263,-89.4610089628,4.25969834187,0.137833953987,-0.0563470108816,0.13124006354,-0.989747978067
3.263,9.126381188,2.262162451,9.402564147,-89.4794558872,4.26253895861,0.137958173855,-0.0563120440121,0.131237873316,-0.989750258554
3.264,9.126376917,2.260641801,9.402194264,-89.4966326185,4.26488493759,0.137966927898,-0.0562856593623,0.131237813812,-0.989751767251
3.265,9.126283896,2.25869283,9.401635552,-89.5350957309,4.26656581818,0.138063172049,-0.0562518489395,0.131236222116,-0.98975390047
3.266,9.126324945,2.257095072,9.401291676,-89.611590087,4.26752026584,0.13801955825,-0.0562241222731,0.131236946713,-0.989755379825
3.267,9.126398812,2.256223432,9.401154155,-89.7173992148,4.26830249547,0.137949799017,-0.0562089915621,0.131238232378,-0.989756068751
3.268,9.126468388,2.254921068,9.400909225,-89.8214726023,4.26883370281,0.137880544381,-0.0561863878176,0.131239448161,-0.989757190967
3.269,9.126486303,2.25395978,9.400696087,-89.8999670866,4.26858701966,0.137870422656,-0.0561697070804,0.131239767182,-0.989758095454
3.27,9.126520345,2.25280646,9.400452678,-89.9401482611,4.2669555842,0.137847404735,-0.0561496914818,0.131240366515,-0.989759151685
3.271,9.126598407,2.252460796,9.400445634,-89.934360544,4.26354463143,0.13777424026,-0.0561436871258,0.131241719575,-0.989759312883
3.272,9.126743435,2.252258832,9.400538047,-89.8822057095,4.25900659259,0.137627018018,-0.0561401706576,0.131244230608,-0.989759179382
3.273,9.126835668,2.25246091,9.400676011,-89.7924469931,4.25427849179,0.1375372406,-0.0561436693547,0.131245824198,-0.989758769611
3.274,9.127001028,2.252774368,9.400911664,-89.6678385231,4.24902256407,0.137389036447,-0.0561490946198,0.131248681214,-0.989758082995
3.275,9.127066011,2.252583412,9.400928996,-89.5067045315,4.24248989586,0.137329648589,-0.0561457756232,0.131249806956,-0.989758121994
3.276,9.126933116,2.252607618,9.400805773,-89.3153235097,4.2353929649,0.137481499044,-0.0561462066114,0.131247508394,-0.98975840235
3.277,9.126989748,2.25246513,9.400826614,-89.090103638,4.22836861537,0.137422668797,-0.0561437299827,0.131248488526,-0.989758412868
3.278,9.126871797,2.252842746,9.400802585,-88.8269842857,4.22200869786,0.137536245327,-0.056150291679,0.131246444772,-0.989758311649
3.279,9.126848415,2.253228572,9.400872352,-88.5392864522,4.21638238586,0.137553156985,-0.0561569886894,0.131246037624,-0.989757985686
3.28,9.126802615,2.253377569,9.400863601,-88.2444369445,4.21115987351,0.137601952254,-0.056159578132,0.131245243906,-0.989757944013
3.281,9.12687445,2.253923181,9.401064138,-87.9556427394,4.20627463491,0.137529992875,-0.0561690388744,0.131246480998,-0.989757243115
3.282,9.126659151,2.25430781,9.400947344,-87.6760894129,4.20204805523,0.137745763465,-0.0561757309818,0.131242753542,-0.989757357584
3.283,9.126591537,2.254294192,9.400878437,-87.4090007785,4.19913747825,0.137806051174,-0.0561755000933,0.131241583993,-0.989757525771
3.284,9.12647247,2.254364293,9.400779654,-87.160774112,4.19787507557,0.137925828901,-0.0561767266659,0.131239523387,-0.989757729388
3.285,9.12642519,2.254568497,9.400782726,-86.9333321975,4.1980982811,0.137964267254,-0.0561802741697,0.131238704489,-0.989757636615
3.286,9.126352933,2.254620116,9.400724958,-86.7295363598,4.19976708437,0.138022049665,-0.0561811754933,0.131237454145,-0.989757751245
3.287,9.126278098,2.254935002,9.400727833,-86.5521959174,4.20235874349,0.13809083054,-0.0561866461475,0.131236156366,-0.989757612781
3.288,9.126179784,2.254708911,9.400578159,-86.4009330556,4.20543294731,0.13817894524,-0.0561827310118,0.131234457752,-0.989758060252
3.289,9.126112165,2.254937693,9.40056739,-86.2722417101,4.20901681298,0.138244973611,-0.0561867064524,0.131233286253,-0.989757989913
3.29,9.126074857,2.25443867,9.400411481,-86.1598165847,4.2122532739,0.138284407452,-0.0561780506417,0.131232645197,-0.989758566248
3.291,9.126091377,2.254383353,9.400414252,-86.0640436363,4.21449723593,0.13826273052,-0.0561770895915,0.131232931744,-0.989758582802
3.292,9.125947421,2.254421176,9.400283569,-85.9853122552,4.21575910554,0.138414269848,-0.0561777579736,0.131230440951,-0.989758875119
3.293,9.125927694,2.254220846,9.400216375,-85.9195018515,4.2147816619,0.138435889677,-0.0561742832435,0.131230101383,-0.989759117358
3.294,9.126038309,2.254191635,9.400316758,-85.8665248335,4.21135182656,0.138322026486,-0.0561737669735,0.131232015863,-0.98975889282
3.295,9.126103567,2.254166947,9.400374191,-85.8235430147,4.20684099492,0.138247038366,-0.0561733338211,0.131233144807,-0.989758767716
3.296,9.126179842,2.254389869,9.400501699,-85.7813770188,4.20233245167,0.138178272055,-0.0561771948347,0.131234461359,-0.989758374015
3.297,9.126121863,2.253716317,9.400283905,-85.7384130738,4.19712099738,0.138253693577,-0.0561655126161,0.13123346481,-0.989759169145
3.298,9.126044142,2.253884516,9.400248779,-85.69834025,4.19101850242,0.138329573262,-0.0561684382724,0.131232118724,-0.989759181598
3.299,9.126158319,2.253775454,9.400333476,-85.6579247366,4.1846391236,0.13822246583,-0.0561665362617,0.131234095045,-0.989759027492
3.3,9.126061711,2.253484142,9.400169846,-85.6156461391,4.17800776026,0.13833486936,-0.0561614894491,0.131232426669,-0.989759535086
3.301,9.126067409,2.25372416,9.40023292,-85.572409378,4.17040353499,0.138332264605,-0.0561656530267,0.131232523557,-0.989759285979
3.302,9.12621385,2.253610123,9.40034775,-85.5274270605,4.16270133603,0.138180563447,-0.056163661994,0.13123505756,-0.989759062974
3.303,9.126179877,2.253360273,9.400254873,-85.4814973611,4.15642557078,0.138223548592,-0.0561593301225,0.131234472318,-0.989759386374
3.304,9.126201067,2.25333872,9.400270278,-85.4347189393,4.15122605695,0.138207509323,-0.056158953759,0.13123483818,-0.989759359219
3.305,9.126014963,2.253627883,9.400158921,-85.384061832,4.1466159801,0.138398071908,-0.0561639875176,0.131231616723,-0.989759500727
3.306,9.126041805,2.253647966,9.400189795,-85.3271422669,4.14295958553,0.138369838168,-0.0561643337207,0.131232080771,-0.989759419553
3.307,9.126008343,2.253750417,9.400181871,-85.263067324,4.14028766972,0.138407327319,-0.0561661145014,0.131231501229,-0.989759395342
3.308,9.126085663,2.254111422,9.400343495,-85.1892986552,4.13892229216,0.13830980959,-0.0561723713939,0.131232835227,-0.989758863386
3.309,9.125927321,2.254213385,9.400214224,-85.1089990996,4.1393689213,0.138473149405,-0.0561741542226,0.131230095539,-0.989759125455
3.31,9.12594294,2.254510661,9.40030068,-85.0279703565,4.14161858486,0.138448126714,-0.0561793108307,0.131230362466,-0.989758797385
3.311,9.125919776,2.254590144,9.400297254,-84.9477545361,4.14541766108,0.138465489729,-0.0561806918014,0.131229960986,-0.989758772231
3.312,9.12586592,2.254545744,9.400234322,-84.8715427425,4.15057440672,0.138510361888,-0.0561799262825,0.13122902986,-0.989758939139
3.313,9.125924326,2.254827091,9.400358505,-84.8012788619,4.15766298353,0.138444089937,-0.0561848031378,0.13123003807,-0.989758528634
3.314,9.125905678,2.25464026,9.400295589,-84.7366429648,4.16739036238,0.13844741679,-0.0561815632521,0.131229716848,-0.989758755135
3.315,9.125697587,2.25425616,9.400001451,-84.6800595065,4.17797335596,0.138666650802,-0.0561749154785,0.131226121429,-0.989759609161
3.316,9.125785577,2.254441556,9.400131336,-84.6321529439,4.18716999741,0.138556568141,-0.0561781253547,0.131227641651,-0.989759225417
3.317,9.125673667,2.254289517,9.399986229,-84.5914232871,4.19487845405,0.138676039283,-0.0561754964045,0.131225707421,-0.98975963108
3.318,9.125819542,2.254198123,9.40010593,-84.5590555937,4.20155539509,0.138521481496,-0.0561738978911,0.131228231577,-0.989759387141
3.319,9.125836103,2.254289706,9.40014397,-84.5335707758,4.20669572275,0.138516222566,-0.0561754860377,0.13122851661,-0.989759259213
3.32,9.125766498,2.254127748,9.400037557,-84.5019086269,4.21004045463,0.138583966283,-0.0561726817425,0.131227314758,-0.989759577719
3.321,9.125741805,2.253869632,9.399951692,-84.4518342916,4.21100799782,0.138602660248,-0.0561682050704,0.131226889281,-0.989759888189
3.322,9.125678594,2.254098422,9.399945186,-84.3887978105,4.20897939069,0.138667675301,-0.0561721798501,0.131225793955,-0.989759807838
3.323,9.125740055,2.254114012,9.400008592,-84.3248293278,4.20449469477,0.138605296453,-0.0561724456853,0.131226856816,-0.989759651833
3.324,9.125620852,2.254133937,9.399897645,-84.2687822316,4.19882907325,0.138733505251,-0.0561728010093,0.131224795028,-0.989759905026
3.325,9.125529496,2.254002106,9.399777342,-84.2226523352,4.19197032291,0.13883803216,-0.0561705215728,0.131223216094,-0.989760243728
3.326,9.1254413,2.254263859,9.39975449,-84.1831307992,4.18389474945,0.138940692731,-0.0561750707884,0.131221687958,-0.989760188142
3.327,9.125432564,2.254017469,9.399686922,-84.148326233,4.17496220785,0.138962215698,-0.0561707965759,0.131221539478,-0.989760450407
3.328,9.125401418,2.253898126,9.399628067,-84.1195096407,4.16610014446,0.138986599225,-0.0561687279844,0.131221001354,-0.989760639145
3.329,9.125294365,2.253713696,9.399479915,-84.0982115002,4.15816049921,0.139083438636,-0.0561655369234,0.131219151602,-0.989761065467
3.33,9.125267637,2.253895937,9.399497664,-84.0834755781,4.15099999604,0.139124359973,-0.0561687007401,0.131218687486,-0.989760947457
3.331,9.125137372,2.253836362,9.399356915,-84.0722508672,4.14440687898,0.139254447118,-0.0561676781142,0.131216434322,-0.989761304204
3.332,9.125172595,2.254051425,9.399442681,-84.0654690142,4.1389529672,0.139233484551,-0.0561714072417,0.131217041978,-0.989761012014
3.333,9.125196337,2.253953167,9.399442168,-84.0658982136,4.13411233799,0.139197262991,-0.0561697002718,0.131217453086,-0.989761054385
3.334,9.125206625,2.25400002,9.399463391,-84.071920424,4.1299107643,0.139192702936,-0.0561705128322,0.13121763138,-0.989760984634
3.335,9.12516494,2.254136968,9.399455764,-84.0800674124,4.12711432834,0.139219353539,-0.0561728923917,0.131216908871,-0.989760945374
3.336,9.125154188,2.253912303,9.39939145,-84.0872699297,4.12598576091,0.13923547133,-0.0561689944312,0.131216724911,-0.989761190979
3.337,9.125156606,2.254369031,9.399503328,-84.0797995138,4.12615714669,0.13921587081,-0.0561769192393,0.131216762411,-0.989760736242
3.338,9.125142492,2.2541548,9.399438247,-84.0432260813,4.12718545393,0.139246160307,-0.0561732031681,0.131216520118,-0.989760979274
3.339,9.125110008,2.254174232,9.399411371,-83.9885175512,4.12918786092,0.139256064032,-0.0561735433734,0.131215957871,-0.989761034505
3.34,9.125084316,2.254294394,9.399415248,-83.9325072264,4.13250221009,0.1392917205,-0.0561756303774,0.131215512761,-0.989760975066
3.341,9.125198312,2.253938565,9.399440583,-83.8848577209,4.13689761751,0.139162876955,-0.056169446803,0.131217487834,-0.989761064163
3.342,9.124996548,2.254219618,9.399312107,-83.8511904483,4.1425570241,0.13936002525,-0.0561743404842,0.131213994859,-0.989761249506
3.343,9.124990833,2.254096925,9.399277134,-83.8291541806,4.14987691881,0.139347630365,-0.0561722115583,0.131213897008,-0.989761383304
3.344,9.125044736,2.254291172,9.39937605,-83.8110111404,4.16007241238,0.139280077543,-0.0561755780063,0.131214827742,-0.989761068853
3.345,9.124996992,2.254320192,9.399336659,-83.7894772753,4.17248309862,0.139339280831,-0.056176085188,0.131214002028,-0.989761149533
3.346,9.125117009,2.254233526,9.399432388,-83.7659948191,4.18362076267,0.139222245756,-0.0561745714005,0.131216078724,-0.989760960137
3.347,9.124964308,2.25426641,9.39929203,-83.7464365063,4.19246311919,0.139371670992,-0.0561751554243,0.131213437141,-0.989761277191
3.348,9.124893463,2.254446065,9.399266342,-83.7308254338,4.19954724665,0.13944477278,-0.0561782780234,0.131212210118,-0.989761262626
3.349,9.124797378,2.254329089,9.399145005,-83.7192982024,4.20464186041,0.139537740097,-0.0561762568686,0.131210549322,-0.989761597513
3.35,9.1247638,2.25455361,9.39916626,-83.7147719508,4.20679768537,0.139581237465,-0.0561801557351,0.131209966206,-0.989761453518
3.351,9.124838243,2.254437212,9.39921061,-83.714356972,4.20565333709,0.139506337476,-0.0561781289181,0.131211254536,-0.989761397769
3.352,9.124615222,2.254473184,9.399002728,-83.7145034797,4.20213736889,0.139742070369,-0.0561787719256,0.131207397218,-0.989761872624
3.353,9.124576155,2.254347446,9.398934642,-83.7158346173,4.1963808849,0.139788460723,-0.0561765942157,0.131206721878,-0.989762085754
3.354,9.124443569,2.254281616,9.398790138,-83.718338036,4.1884371813,0.139926345596,-0.0561754626427,0.131204429428,-0.989762453872
3.355,9.124424792,2.254124736,9.398734282,-83.7192806558,4.17898860939,0.139947004498,-0.0561727419193,0.131204106233,-0.989762651131
3.356,9.124210488,2.254442337,9.398602411,-83.7152221496,4.16871714779,0.140165852124,-0.0561782710594,0.131200396118,-0.989762829126
3.357,9.124189769,2.254331261,9.398555654,-83.7073520084,4.16013393982,0.140186191124,-0.056176345266,0.131200038555,-0.989762985828
3.358,9.124124597,2.254076465,9.398431272,-83.7015364313,4.15580977632,0.140267287216,-0.056171929465,0.131198913706,-0.989763385554
3.359,9.124009531,2.253999557,9.398301119,-83.7008936195,4.15437871975,0.140385054045,-0.056170605137,0.131196924255,-0.989763724423
3.36,9.123993957,2.25421472,9.398337605,-83.7022236598,4.15290151959,0.140403177843,-0.0561743394423,0.131196653095,-0.989763548432
3.361,9.12400233,2.254261931,9.398357057,-83.7001239344,4.15092693697,0.140384502494,-0.0561751584079,0.131196797344,-0.98976348283
3.362,9.123890031,2.253844459,9.39814791,-83.696037064,4.1483208083,0.140502454547,-0.0561679234949,0.131194858491,-0.98976415043
3.363,9.123971062,2.254108866,9.398289989,-83.693474588,4.14452418616,0.1404251981,-0.0561725048056,0.131196257528,-0.989763704989
3.364,9.123857451,2.253879198,9.398124613,-83.6911801671,4.13892940587,0.140530785605,-0.0561685294459,0.131194294806,-0.98976419076
3.365,9.123845224,2.254048343,9.398153308,-83.6874315384,4.13232629177,0.140548536577,-0.0561714648671,0.131194081355,-0.989764052465
3.366,9.123836149,2.254036249,9.398141597,-83.6792598558,4.12551321507,0.140559842101,-0.056171256703,0.131193924777,-0.989764085033
3.367,9.123952756,2.253815289,9.398201809,-83.6670749662,4.11910898738,0.140437905453,-0.0561674119121,0.131195943142,-0.989764035688
3.368,9.123823019,2.253968798,9.398112674,-83.6544424233,4.11455033508,0.140562890462,-0.0561700868266,0.131193698535,-0.989764181414
3.369,9.123818099,2.254124111,9.398145148,-83.6424926662,4.11303839802,0.140558615368,-0.0561727819125,0.131193611832,-0.989764039954
3.37,9.123724341,2.253987706,9.39802141,-83.6311908127,4.11384769363,0.1406425595,-0.0561704237413,0.131191990888,-0.989764388642
3.371,9.12370298,2.253894302,9.397978272,-83.6203154597,4.11733887997,0.140657794155,-0.0561688045444,0.131191621851,-0.989764529447
3.372,9.123841583,2.254419587,9.398238819,-83.6082582499,4.12347646159,0.140516244313,-0.0561779071364,0.13119401516,-0.989763695604
3.373,9.123822704,2.254131177,9.398151313,-83.5945879363,4.12956369902,0.140548356204,-0.0561729044147,0.131193690826,-0.989764022531
3.374,9.123768494,2.254363266,9.398154355,-83.5809922697,4.13307479437,0.14059586981,-0.0561769358125,0.131192751063,-0.989763918291
3.375,9.123764533,2.254243894,9.398121875,-83.5659322119,4.1340653436,0.140598844298,-0.0561748654265,0.131192684019,-0.989764044687
3.376,9.12373807,2.2541985,9.398085297,-83.5503444695,4.13328896995,0.14061881244,-0.0561740794563,0.13119222672,-0.989764149909
3.377,9.123642448,2.254139419,9.397978295,-83.5375132242,4.13115116069,0.140711572104,-0.0561730625264,0.131190573311,-0.989764426781
3.378,9.123597571,2.25433708,9.39798214,-83.5269569267,4.12808947293,0.140764009847,-0.0561764965362,0.131189794678,-0.989764335086
3.379,9.123652724,2.254004275,9.397955858,-83.5176367998,4.12378306473,0.140710717379,-0.0561707165703,0.131190752352,-0.989764536189
3.38,9.1235054,2.254182881,9.397855672,-83.5091875226,4.1182324074,0.140866204493,-0.0561738279065,0.131188202138,-0.989764697632
3.381,9.123493161,2.25394741,9.397787313,-83.5010117733,4.11178341584,0.140877130692,-0.0561697439733,0.131187992012,-0.989764957257
3.382,9.123424881,2.253989639,9.397731154,-83.4943562242,4.10465386681,0.140948721464,-0.0561704816555,0.131186811084,-0.989765071918
3.383,9.123451347,2.254302349,9.397831854,-83.487479469,4.09684067392,0.140916848342,-0.0561759061555,0.131187266229,-0.989764703729
3.384,9.123447935,2.254371857,9.397845215,-83.4758946222,4.08908835409,0.140908661845,-0.0561771120375,0.131187206515,-0.989764643201
3.385,9.123479962,2.25387316,9.397756692,-83.4637211923,4.08189416209,0.14088802704,-0.0561684563364,0.131187765183,-0.989765060395
3.386,9.123398613,2.253751322,9.397648498,-83.4585557601,4.07496264484,0.140971122706,-0.0561663493596,0.131186358502,-0.989765366409
3.387,9.12341261,2.253959538,9.397712022,-83.457998325,4.06806748291,0.140958603461,-0.0561699609264,0.131186598656,-0.989765129626
3.388,9.123375296,2.253830184,9.397644773,-83.4563212533,4.06173810964,0.140992310686,-0.0561677192674,0.131185954553,-0.98976534221
3.39,9.123575206,2.254178665,9.39792243,-83.4449637338,4.05178478069,0.140791589882,-0.056173749616,0.131189409787,-0.989764542007
3.391,9.123364485,2.253630987,9.397586506,-83.4383268082,4.04802639967,0.140998290755,-0.0561642634671,0.13118577,-0.989765562777
3.392,9.123437164,2.254033168,9.397753519,-83.437430472,4.0450137525,0.140924965391,-0.0561712358626,0.131187023035,-0.989765001022
3.393,9.123380895,2.253687035,9.397615879,-83.437761304,4.04388924563,0.140978965471,-0.0561652347586,0.131186052653,-0.989765470197
3.394,9.12330992,2.253831176,9.397581544,-83.4370822374,4.04519294658,0.141051458739,-0.0561677423864,0.131184824304,-0.989765490703
3.395,9.123335012,2.253985881,9.397643008,-83.4353032721,4.04824520387,0.141017496562,-0.0561704243473,0.131185256784,-0.989765281181
3.396,9.12325036,2.254135606,9.397596739,-83.4277470709,4.05193602886,0.141094536276,-0.0561730293211,0.131183790303,-0.989765327711
3.397,9.123141494,2.25445577,9.397567852,-83.4128648015,4.05610267201,0.141198431952,-0.0561785937591,0.131181905137,-0.98976526175
3.398,9.123112069,2.254268359,9.397494328,-83.3970113412,4.06170995529,0.141226433672,-0.056175344296,0.131181397011,-0.989765513529
3.399,9.123003648,2.254575899,9.397462852,-83.3857672304,4.06904323182,0.141332907197,-0.0561806897915,0.131179519316,-0.989765458988
3.4,9.123105364,2.254434166,9.397527594,-83.3729987871,4.07705634424,0.141222671074,-0.0561782221167,0.131181280368,-0.98976536565
3.401,9.123080679,2.254631153,9.397550889,-83.3562371662,4.08459709561,0.14125523555,-0.0561816426171,0.131180850808,-0.989765228433
3.402,9.123019185,2.254460628,9.39745028,-83.3412365567,4.09052153048,0.141312202963,-0.0561786883278,0.131179788968,-0.989765536854
3.403,9.122970741,2.254740139,9.39747031,-83.3296066208,4.09432224784,0.141358322646,-0.0561835426776,0.13117894839,-0.989765372718
3.404,9.123026956,2.254885418,9.397559741,-83.3184740443,4.09598413986,0.141297021266,-0.0561860588225,0.131179919933,-0.989765101123
3.405,9.122826076,2.25483245,9.39735202,-83.3089319538,4.09594773066,0.141496464449,-0.0561851565213,0.131176445615,-0.989765612811
3.406,9.122955205,2.254772167,9.397462913,-83.2998187629,4.0944064491,0.141370425492,-0.056184100007,0.131178679704,-0.989765376692
3.407,9.122785645,2.254765088,9.397296607,-83.2913221006,4.09088429927,0.141545510576,-0.056183990714,0.131175746523,-0.989765771641
3.408,9.122859379,2.254866513,9.397392523,-83.2854432797,4.08601904455,0.141471346382,-0.0561857445748,0.131177021363,-0.989765503123
3.409,9.1228497,2.255007564,9.397416973,-83.2792404392,4.08110164694,0.141481511643,-0.0561881933455,0.131176852289,-0.989765386519
3.41,9.122808304,2.25467445,9.397296858,-83.2730377647,4.07673899317,0.141522097871,-0.0561824164955,0.131176139447,-0.989765808925
3.411,9.122866353,2.254746649,9.397370534,-83.2723561118,4.07307221558,0.141469015555,-0.0561836640509,0.131177142639,-0.989765605153
3.412,9.122859765,2.25435117,9.397269257,-83.2785527492,4.06960683729,0.141477478368,-0.0561768024393,0.131177032554,-0.989766009215
3.413,9.122879005,2.254545883,9.397334648,-83.2899399757,4.06668324969,0.141455907896,-0.0561801791851,0.131177362979,-0.989765773761
3.414,9.122808455,2.254578028,9.39727387,-83.3026155656,4.06573950718,0.141527291734,-0.0561807429409,0.13117614284,-0.98976590347
3.415,9.122852002,2.254538881,9.397306754,-83.3118020259,4.06612281316,0.141492376201,-0.0561800600596,0.131176896305,-0.989765842373
3.416,9.122806931,2.254567845,9.397269948,-83.3151722418,4.06646870221,0.141539854088,-0.0561805669862,0.131176116644,-0.98976591693
3.417,9.122796182,2.254397274,9.397218591,-83.3162974853,4.0670247383,0.141539980281,-0.0561776081448,0.131175932284,-0.989766109307
3.418,9.122793023,2.254405283,9.397217445,-83.3202560443,4.06767776214,0.141557760157,-0.0561777477857,0.131175877724,-0.989766108612
3.419,9.122834447,2.254532875,9.39728827,-83.3243769812,4.06735986599,0.141510590474,-0.0561799580944,0.131176592717,-0.989765888396
3.42,9.122781703,2.254526135,9.39723545,-83.3241696684,4.06660521877,0.141557864455,-0.0561798447473,0.13117568077,-0.989766015692
3.421,9.122760262,2.254198604,9.39713606,-83.3213716666,4.06672295603,0.141579209715,-0.0561741641729,0.131175313068,-0.989766386841
3.422,9.122587057,2.254254746,9.396981381,-83.3174841965,4.06790609027,0.141751762364,-0.056175152127,0.131172315695,-0.989766728012
3.423,9.12259058,2.254213955,9.396975016,-83.3110835204,4.06957675971,0.141744682114,-0.0561744440791,0.13117237694,-0.98976676008
3.424,9.122617402,2.254350352,9.397033775,-83.3022684851,4.07251691639,0.141707001056,-0.05617680898,0.131172839743,-0.989766564522
3.425,9.122585904,2.254552582,9.397051715,-83.2912123059,4.07776620787,0.141728593175,-0.0561803202195,0.131172293801,-0.98976643758
3.426,9.122577571,2.25463943,9.397064462,-83.2789545349,4.08418634756,0.141741779267,-0.0561818279257,0.131172148774,-0.989766371219
3.427,9.122481566,2.254453945,9.396926759,-83.2695545224,4.09016293023,0.141837186706,-0.0561786181723,0.131170489872,-0.989766773259
3.428,9.122424642,2.25472112,9.3969356,-83.2629652259,4.09546548082,0.141892769227,-0.0561832586988,0.131169502278,-0.989766640736
3.429,9.122530374,2.254881992,9.397076844,-83.2542184657,4.0997305663,0.141789261015,-0.0561860405467,0.131171329919,-0.989766240612
3.43,9.122452074,2.254776515,9.396975523,-83.2424135153,4.102444323,0.141863152723,-0.0561842169296,0.131169976396,-0.98976652351
3.431,9.122490346,2.254601867,9.396970772,-83.233951032,4.10411618152,0.141830569624,-0.0561811838975,0.131170640443,-0.989766607672
3.432,9.122495195,2.254818531,9.397027465,-83.2285438449,4.10473979361,0.141822624219,-0.0561849429963,0.131170721468,-0.989766383552
3.433,9.12246621,2.254812635,9.396997912,-83.2237521433,4.10482364654,0.141857116081,-0.0561848431921,0.131170220714,-0.989766455581
3.434,9.122538414,2.2550812,9.397132452,-83.2186873107,4.10471742206,0.141782051681,-0.0561894972832,0.131171467373,-0.989766026161
3.435,9.12252087,2.254632686,9.397007799,-83.2147745349,4.10399756191,0.141805630748,-0.0561817159145,0.131171167854,-0.989766507577
3.436,9.122366524,2.254437287,9.39681108,-83.2147003021,4.10188301605,0.141961607703,-0.0561783385806,0.131168499303,-0.98976705293
3.437,9.122318418,2.254336232,9.396740135,-83.2187134154,4.09806207583,0.142015788863,-0.0561765887338,0.131167668223,-0.989767262386
3.438,9.12245375,2.254306021,9.396864267,-83.2239271823,4.09287951381,0.141884471626,-0.0561760530025,0.131170009291,-0.989766982543
3.439,9.122360391,2.254633702,9.396852251,-83.2263631469,4.08726045578,0.141971018729,-0.0561817466597,0.131168391458,-0.989766873776
3.44,9.122398415,2.254422229,9.396838427,-83.2257907658,4.08277552158,0.141932550503,-0.0561780746784,0.131169051225,-0.989766994765
3.441,9.122367857,2.254507134,9.396829132,-83.2262312659,4.07972981425,0.141976712678,-0.0561795500438,0.131168521645,-0.989766981206
3.442,9.122311117,2.254619693,9.396801055,-83.2275722955,4.07683187671,0.142030874703,-0.0561815085945,0.131167539768,-0.989767000159
3.443,9.122262928,2.254192486,9.396651781,-83.2291834198,4.0736628129,0.142089338528,-0.0561740991899,0.131166710337,-0.989767530625
3.444,9.122247184,2.254460374,9.396700765,-83.2304078918,4.07040674456,0.142103651639,-0.0561787486649,0.131166435471,-0.98976730316
3.445,9.122257248,2.254466518,9.396712009,-83.2301710246,4.06764743623,0.142095167359,-0.0561788552983,0.131166609055,-0.989767274104
3.446,9.122189135,2.254399358,9.396629772,-83.228817435,4.06546439274,0.142160079633,-0.0561776952931,0.131165431596,-0.989767495984
3.447,9.122267674,2.254442272,9.396716314,-83.2270589861,4.06428181463,0.142069873437,-0.0561784335879,0.131166789501,-0.989767274126
3.448,9.122366827,2.254600851,9.396850617,-83.2225114036,4.06420272631,0.141976941317,-0.0561811766465,0.131168503812,-0.989766891242
3.449,9.122209626,2.254635578,9.39670634,-83.2160678563,4.06516604111,0.142132776727,-0.0561817923792,0.131165783903,-0.989767216742
3.45,9.122284221,2.254838446,9.396827434,-83.210171459,4.06713361896,0.142054097035,-0.0561853056109,0.131167072016,-0.989766846612
3.451,9.122228187,2.254484858,9.396688197,-83.2038337289,4.06945533559,0.142114987886,-0.0561791754998,0.131166105976,-0.989767322598
3.452,9.122152775,2.25443612,9.396603294,-83.1970703334,4.07136896291,0.142180598763,-0.0561783360854,0.1311648022,-0.989767543021
3.453,9.122132358,2.254516077,9.396602657,-83.1894733314,4.07403563296,0.142193301823,-0.0561797249086,0.131164447964,-0.989767511136
3.454,9.122073255,2.254290451,9.396491148,-83.1843394816,4.07870297936,0.142255629536,-0.0561758152958,0.131163427668,-0.989767868249
3.455,9.122127623,2.254546024,9.396605246,-83.1838923541,4.08386482594,0.142198005884,-0.0561802454455,0.131164366529,-0.989767492381
3.456,9.122168522,2.254608169,9.396659861,-83.1837431461,4.08796943763,0.142155738202,-0.0561813202203,0.131165073243,-0.989767337721
3.457,9.122035836,2.254457558,9.396494914,-83.182688073,4.08976254582,0.142298942599,-0.0561787183415,0.131162778955,-0.989767789445
3.458,9.122068369,2.254649146,9.396572466,-83.1821477916,4.08964147247,0.142256632778,-0.0561820398462,0.131163339887,-0.989767526578
3.459,9.122099417,2.254812221,9.396641737,-83.1813100612,4.08941365422,0.142219796743,-0.0561848664938,0.131163875714,-0.989767295118
3.46,9.122109821,2.254854287,9.396661931,-83.177553225,4.0898520961,0.14220823595,-0.0561855954468,0.131164055685,-0.989767229888
3.462,9.122058854,2.254386914,9.396500311,-83.1693456321,4.09003305984,0.14226644621,-0.0561774904935,0.131163177759,-0.989767806287
3.463,9.122132158,2.254596301,9.396621712,-83.171893092,4.08879304996,0.14219828062,-0.0561811168694,0.131164443795,-0.989767432679
3.464,9.122098022,2.255052899,9.396698138,-83.1726793553,4.08620357352,0.142234366529,-0.0561890430373,0.131163849023,-0.989767061561
3.465,9.121962232,2.254718895,9.396486166,-83.1679186233,4.08281713103,0.142363997181,-0.0561832582566,0.131161503259,-0.989767700804
3.466,9.122164971,2.254741016,9.396688289,-83.1626947004,4.07933441489,0.14216433328,-0.0561836258307,0.131165010696,-0.989767215136
3.467,9.121991567,2.254489616,9.396459629,-83.1603991644,4.07562570622,0.142344669249,-0.0561792774996,0.131162013485,-0.989767859146
3.468,9.122076962,2.254444908,9.396531804,-83.1593743754,4.07206935385,0.1422546986,-0.0561784952031,0.131163490847,-0.989767707771
3.469,9.122062005,2.254451207,9.396518795,-83.1609037807,4.06930180617,0.142277966396,-0.056178605115,0.131163231909,-0.989767735846
3.47,9.122036833,2.254426646,9.396488466,-83.1643147785,4.06694031742,0.14230913188,-0.0561781816728,0.131162797152,-0.989767817494
3.471,9.121941765,2.254612959,9.396440877,-83.1671440029,4.06485830911,0.142406302067,-0.0561814226442,0.131161151016,-0.989767851677
3.472,9.121858682,2.254583095,9.396353056,-83.1677034357,4.06299017562,0.142486734772,-0.0561809113147,0.131159713843,-0.98976807115
3.473,9.121930797,2.254629566,9.396434214,-83.1658193159,4.06179895356,0.142401321377,-0.056181710873,0.1311609612,-0.989767860471
3.474,9.121913758,2.254510303,9.396389057,-83.1634310138,4.06146668748,0.142421961291,-0.0561796435613,0.131160667057,-0.989768016793
3.475,9.121951879,2.254484888,9.396419967,-83.1633715322,4.06176943191,0.142379294631,-0.0561791991106,0.131161326975,-0.98976795457
3.476,9.12181624,2.254620603,9.396320853,-83.1643722814,4.06287825974,0.142517122675,-0.0561815652112,0.131158979581,-0.989768131335
3.477,9.121894392,2.254187983,9.396292926,-83.1656453072,4.06467805632,0.142436061348,-0.056174052197,0.13116033523,-0.989768378118
3.478,9.121832947,2.254451568,9.396296515,-83.1698939248,4.06669272349,0.142498487229,-0.0561786314847,0.131159269507,-0.989768259436
3.479,9.12194259,2.254742131,9.396472673,-83.1733305012,4.06838263688,0.142381932817,-0.0561836638931,0.13116116353,-0.989767722798
3.48,9.121927876,2.254972534,9.396513678,-83.1722737018,4.06972224268,0.142383796112,-0.0561876629046,0.131160907168,-0.989767529761
3.481,9.121946138,2.254531489,9.396425574,-83.1691714955,4.07099170777,0.142374848338,-0.0561800086988,0.131161227454,-0.989767921806
3.482,9.121866441,2.254699038,9.396388408,-83.1658477982,4.07189015134,0.142454922333,-0.0561829219999,0.131159846476,-0.989767939442
3.483,9.121915839,2.254759382,9.396450843,-83.1604758948,4.07237998804,0.142415830564,-0.0561839655648,0.131160700354,-0.989767767052
3.484,9.121928855,2.254731446,9.396456776,-83.1550732406,4.07261119606,0.142389481204,-0.056183479502,0.131160926358,-0.989767764694
3.485,9.121849276,2.254684782,9.396368324,-83.151222986,4.07361645707,0.142469602192,-0.0561826762437,0.131159550065,-0.989767992671
3.486,9.121893105,2.254372916,9.396336045,-83.1495243561,4.07522358458,0.142411571671,-0.0561772608473,0.131160310706,-0.989768199256
3.487,9.121910513,2.254651827,9.396419865,-83.1511343369,4.07652436419,0.1424093524,-0.0561820995424,0.131160609583,-0.989767885004
3.488,9.121848316,2.254706532,9.396372611,-83.1520135421,4.07649458727,0.142467454116,-0.056183053599,0.131159533046,-0.989767973507
3.489,9.121828384,2.254574089,9.396321481,-83.1509020462,4.07516380062,0.142502709364,-0.0561807578392,0.131159190121,-0.989768149263
3.49,9.12196898,2.254336266,9.396400911,-83.151337028,4.07386027253,0.142353941752,-0.0561766194921,0.131161623669,-0.989768061668
3.491,9.121891542,2.254808207,9.396438972,-83.1537043951,4.07368919893,0.142429596918,-0.0561848143791,0.13116028042,-0.989767774517
3.492,9.121850036,2.255030285,9.396451973,-83.1527278528,4.07444207995,0.142473041384,-0.0561886716049,0.131159560155,-0.989767650999
3.493,9.121831801,2.254563992,9.396322376,-83.1474183155,4.07496716686,0.142497801494,-0.0561805819678,0.131159249158,-0.989768151422
3.494,9.121804944,2.254479645,9.396276066,-83.1436836907,4.07498725363,0.142518740143,-0.0561791205967,0.131158784939,-0.989768295887
3.495,9.121911217,2.254335415,9.39634463,-83.1445283183,4.07539824174,0.142410010333,-0.0561766088889,0.131160625106,-0.989768194597
3.496,9.121730784,2.254575514,9.396227075,-83.1472128992,4.07608732563,0.142598402335,-0.0561807898927,0.131157501299,-0.989768371236
3.497,9.121727932,2.254550535,9.396218312,-83.1483221781,4.07622091449,0.142603667235,-0.0561803568343,0.131157452587,-0.989768402272
3.498,9.121717377,2.254416474,9.3961759,-83.1511518375,4.07579647086,0.142612529399,-0.0561780314712,0.131157271393,-0.98976855827
3.499,9.12176315,2.254380781,9.396211772,-83.155430134,4.07551121334,0.142569266989,-0.0561774088885,0.131158063196,-0.989768488683
3.5,9.121710251,2.254473397,9.39618264,-83.1564999988,4.07692323665,0.14261465812,-0.0561790203401,0.131157147208,-0.989768518599
3.501,9.121634024,2.254609613,9.396141324,-83.1527423206,4.08110474964,0.142691546506,-0.0561813904655,0.131155827738,-0.989768558914
3.502,9.121777143,2.254669615,9.396294659,-83.1467177027,4.08653478326,0.142545869127,-0.0561824194274,0.131158302784,-0.989768172532
3.503,9.121677977,2.254652372,9.396194253,-83.1433164836,4.09155772498,0.142644610186,-0.0561821278263,0.131156587681,-0.989768416359
3.504,9.121700764,2.254598302,9.3962034,-83.1413342123,4.09598422277,0.142622408682,-0.0561811881189,0.131156982056,-0.989768417439
3.505,9.12167679,2.254604561,9.396181628,-83.138722015,4.0990771573,0.142640768209,-0.0561812987731,0.131156566844,-0.989768466179
3.506,9.121654667,2.254516233,9.396138958,-83.1387838796,4.1001629504,0.142663945802,-0.0561797685114,0.131156184841,-0.989768603658
3.507,9.121648519,2.254303013,9.396081831,-83.1423475979,4.09910394155,0.142669121294,-0.056176068854,0.131156080422,-0.989768827483
3.508,9.121721084,2.254816198,9.396275413,-83.1459948208,4.09652708331,0.142597393092,-0.0561849677619,0.131157331439,-0.989768156594
3.509,9.121674585,2.254849091,9.396238165,-83.1449677773,4.09342425855,0.142641858494,-0.0561855423256,0.131156527269,-0.989768230541
3.51,9.121622465,2.254790573,9.396173525,-83.1403636912,4.09063148232,0.142701029682,-0.0561845312291,0.131155625349,-0.989768407452
3.511,9.121543574,2.255003644,9.396148072,-83.1376374151,4.08878955688,0.142779093828,-0.0561882345817,0.131154259615,-0.989768378197
3.512,9.121453456,2.254556387,9.395953259,-83.1383227849,4.08881235301,0.142866592143,-0.0561804820462,0.131152704685,-0.989769024314
3.513,9.121612244,2.254449131,9.396081673,-83.1438425759,4.09025614991,0.142701397988,-0.0561786076916,0.131155451676,-0.989768766699
3.514,9.121482267,2.254778433,9.39603451,-83.15080205,4.09196998448,0.142833474302,-0.05618433205,0.131153200395,-0.989768740089
3.515,9.121571985,2.254900484,9.396150896,-83.152448652,4.09306183508,0.142744743116,-0.0561864420847,0.131154751445,-0.989768414782
3.516,9.121600611,2.255201535,9.396250937,-83.1473715345,4.09330414729,0.142715945066,-0.0561916637095,0.131155243822,-0.989768053105
3.517,9.121606323,2.254792166,9.396158238,-83.1403033413,4.09372928414,0.142702719752,-0.0561845597656,0.131155346275,-0.989768442813
3.518,9.121526868,2.254670136,9.396051821,-83.1366956334,4.09516839337,0.142787680244,-0.0561824492437,0.131153972778,-0.989768744617
3.519,9.12145536,2.254298055,9.395893125,-83.1399706829,4.09645837993,0.142871605763,-0.0561759987396,0.131152739253,-0.989769274201
3.52,9.121482601,2.25472144,9.396021159,-83.1471032835,4.09593078566,0.142841881552,-0.0561833435598,0.131153207302,-0.989768795285
3.521,9.121418689,2.254477948,9.395900687,-83.1498371094,4.09344013427,0.142910769603,-0.0561791232347,0.131152103789,-0.989769181064
3.522,9.121621228,2.254514307,9.396106033,-83.1480667598,4.09021922019,0.142708119097,-0.0561797376258,0.131155606779,-0.989768682011
3.523,9.121432693,2.25454851,9.395931213,-83.1459493758,4.08812241566,0.142893574206,-0.0561803466836,0.131152345144,-0.989769079639
3.524,9.121523019,2.254641168,9.396041133,-83.1444747711,4.0877389612,0.142808082737,-0.0561819466386,0.13115390692,-0.989768781874
3.525,9.121406589,2.254393172,9.3958686,-83.1443112543,4.0872524979,0.142927088672,-0.0561776535466,0.131151894863,-0.989769292167
3.526,9.121505497,2.254757449,9.396052026,-83.1449940647,4.08633372922,0.142822946216,-0.0561839665372,0.131153603064,-0.98976870748
3.527,9.12135723,2.254608055,9.395872242,-83.1439320463,4.08572928916,0.142967515128,-0.0561813864233,0.131151039125,-0.989769193679
3.528,9.121438842,2.25436109,9.395892213,-83.1445327579,4.08602994386,0.142879390138,-0.0561770941479,0.131152452945,-0.989769249967
3.529,9.121456841,2.254339214,9.395904438,-83.1483223968,4.0876608835,0.142869650863,-0.056176713266,0.131152764859,-0.989769230253
3.53,9.121477909,2.254689573,9.396008957,-83.1507878105,4.0908920664,0.142847351049,-0.0561827903754,0.131153126087,-0.989768837448
3.531,9.121457965,2.254927493,9.39604669,-83.1485335665,4.09479561471,0.142864654291,-0.0561869208043,0.131152779437,-0.989768648916
3.532,9.12154047,2.254612523,9.396051201,-83.142726045,4.09849341609,0.14278777785,-0.056181448484,0.131154209281,-0.989768770084
3.533,9.121337085,2.254486232,9.395823454,-83.1394391892,4.10159022743,0.142986220506,-0.0561792744261,0.131150692247,-0.989769359522
3.534,9.12140159,2.25471209,9.395940271,-83.1395353602,4.10343297291,0.142915480472,-0.0561831881046,0.131151805679,-0.989768989836
3.535,9.121313154,2.2547346,9.395859821,-83.1378880548,4.10389058205,0.143009181843,-0.0561835858443,0.131150276272,-0.989769169916
3.536,9.121313253,2.254528851,9.395810545,-83.1357240417,4.10278482997,0.143013004785,-0.0561800152469,0.131150279146,-0.989769372211
3.537,9.121332819,2.254341913,9.395784685,-83.137287935,4.10087964377,0.142993970307,-0.0561767698759,0.131150619528,-0.989769511312
3.538,9.12128005,2.254618206,9.395799753,-83.1400708507,4.10070624818,0.143048230383,-0.0561815689807,0.131149704211,-0.989769360201
3.539,9.121328957,2.254465967,9.395810701,-83.1411722377,4.10429763085,0.14299491406,-0.0561789231552,0.131150552103,-0.98976939803
3.54,9.121436063,2.2547384,9.39598005,-83.1426491312,4.10980631816,0.142891563005,-0.0561836410758,0.131152401531,-0.989768885169
3.541,9.121293079,2.254830799,9.395863417,-83.1437156773,4.1142990415,0.143023164188,-0.0561852565016,0.131149927614,-0.98976912128
3.542,9.121384444,2.25488966,9.395966238,-83.1413005426,4.11696198744,0.142945950248,-0.0561862704716,0.13115150741,-0.989768854387
3.543,9.121279374,2.254654834,9.395807887,-83.1359195139,4.11644795553,0.143056717536,-0.056182204844,0.131149692455,-0.989769325665
3.544,9.121322842,2.254537571,9.395821946,-83.1329326697,4.11279921041,0.143007043023,-0.0561801661394,0.131150445671,-0.989769341581
3.545,9.121184438,2.254555016,9.395691772,-83.1344664352,4.10782767932,0.143153561341,-0.0561804809462,0.131148050978,-0.98976964102
3.546,9.121134176,2.254733958,9.395685918,-83.1362526939,4.10283027999,0.143201721376,-0.0561835898497,0.131147179705,-0.989769579997
3.547,9.121160072,2.254822156,9.395732224,-83.1353638625,4.09827747409,0.143171633331,-0.0561851177619,0.131147627179,-0.989769433973
3.548,9.121188206,2.254696039,9.39572927,-83.1337172653,4.09450958416,0.143135273358,-0.0561829273016,0.131148114398,-0.989769493756
3.549,9.121093079,2.254527011,9.395596362,-83.1329511107,4.09065378829,0.143241078623,-0.0561800024296,0.131146470676,-0.989769877576
3.55,9.121103604,2.254635201,9.395632541,-83.1311879576,4.08583088122,0.143231713748,-0.0561818786553,0.131146651757,-0.989769747085
3.551,9.121057112,2.254622323,9.395584318,-83.128688357,4.08065765836,0.14328128504,-0.0561816591499,0.131145847723,-0.98976986608
3.552,9.121127175,2.254840712,9.395704741,-83.126423791,4.07607914686,0.143208735039,-0.0561854428905,0.131147058041,-0.989769490929
3.553,9.121125289,2.25470223,9.395669677,-83.1242590356,4.07290858067,0.14319892944,-0.0561830399747,0.131147026258,-0.989769631542
3.554,9.121030859,2.254737872,9.39558656,-83.1242774944,4.07102175296,0.14329622798,-0.0561836664548,0.131145392747,-0.989769812424
3.555,9.121022687,2.254852969,9.395606248,-83.1251276478,4.06914325215,0.143301188489,-0.0561856640542,0.131145250057,-0.989769717936
3.556,9.121074626,2.254862856,9.395659042,-83.1250723401,4.06690830933,0.143249907006,-0.0561858313119,0.131146148194,-0.989769589437
3.557,9.121070819,2.25509022,9.395709914,-83.1251229635,4.06437973741,0.143261105935,-0.0561897763854,0.131146081002,-0.989769374384
3.558,9.121044759,2.254497361,9.395542339,-83.125583293,4.06199130347,0.143285404167,-0.0561794918615,0.131145635655,-0.989770017197
3.559,9.120979502,2.254267615,9.395423863,-83.1292317243,4.06055194148,0.143358018879,-0.0561755108365,0.131144508459,-0.989770392507
3.56,9.121124842,2.254831192,9.395700192,-83.1360939669,4.05994286221,0.143200925385,-0.0561852777372,0.131147017547,-0.98976950567
3.561,9.120979695,2.254846971,9.395563073,-83.1385352388,4.06012889319,0.143342070432,-0.05618556366,0.131144507143,-0.989769822071
3.562,9.121051498,2.254745528,9.395608433,-83.133884542,4.06066896521,0.143266641867,-0.0561837969727,0.131145750086,-0.989769757667
3.563,9.121007576,2.254861883,9.395593718,-83.1263481794,4.06123546756,0.143312479112,-0.0561858195952,0.131144988581,-0.989769743752
3.564,9.120897021,2.254767752,9.395463803,-83.1190163764,4.06178399895,0.143424922573,-0.0561841958874,0.131143076987,-0.989770089208
3.565,9.120968359,2.254721641,9.395521991,-83.1136932857,4.06243151074,0.143355514874,-0.0561833899889,0.13114431151,-0.989769971381
3.566,9.121054054,2.254890656,9.395645743,-83.1108834728,4.06308803385,0.143264494063,-0.0561863158492,0.131145792395,-0.989769609075
3.567,9.12113651,2.254973321,9.395745629,-83.1070910699,4.06410669865,0.143182754043,-0.056187742382,0.131147218231,-0.989769339168
3.568,9.121007685,2.254862381,9.395593943,-83.1007071596,4.06506391221,0.143314522677,-0.0561858285366,0.131144990311,-0.989769743015
3.569,9.121097143,2.254954718,9.395702947,-83.0945440881,4.06508549728,0.143221885548,-0.0561874234793,0.131146537308,-0.989769447495
3.57,9.120943407,2.254809219,9.395518786,-83.0930887213,4.06449351342,0.143373473302,-0.0561849118283,0.131143879446,-0.989769942242
3.571,9.121039005,2.254905027,9.395634582,-83.0964941815,4.06429688406,0.143275884603,-0.0561865664748,0.131145532376,-0.9897696293
3.572,9.120827677,2.254631609,9.395363815,-83.10233207,4.06402977691,0.143500650477,-0.0561818398462,0.131141878789,-0.989770381704
3.573,9.121022959,2.254588412,9.395543025,-83.110363796,4.06399120664,0.143300084673,-0.0561810736643,0.131145257776,-0.989769977482
3.574,9.120908764,2.254820014,9.395487746,-83.1182971301,4.06567631616,0.143409405016,-0.0561851018325,0.13114328044,-0.989770010825
3.575,9.12089597,2.254786851,9.395467367,-83.1222513636,4.06912435613,0.143426151147,-0.0561845272986,0.131143059375,-0.989770072729
3.576,9.120954543,2.254784117,9.395523572,-83.122396845,4.07188452407,0.143372365708,-0.0561844748802,0.13114407216,-0.989769941512
3.577,9.120855462,2.254529152,9.395366201,-83.1231248227,4.07402446824,0.143461562804,-0.0561800595252,0.131142360604,-0.989770418919
3.578,9.120809812,2.254861145,9.395401557,-83.1267712593,4.07589374278,0.143513601636,-0.0561858235084,0.131141567917,-0.989770196763
3.579,9.120824813,2.254702927,9.395378149,-83.1315432251,4.07708210831,0.143498441089,-0.0561830772142,0.13114182924,-0.989770318033
3.58,9.120896135,2.254824847,9.395476645,-83.1353729472,4.07769017412,0.143424950742,-0.0561851864461,0.131143061834,-0.989770034986
3.581,9.120804588,2.254540902,9.395319633,-83.1365991617,4.07781362866,0.143524713775,-0.0561802677869,0.131141480813,-0.989770523668
3.582,9.1207327,2.254836571,9.395320801,-83.1343763516,4.07703656668,0.143589167518,-0.0561854041228,0.131140234538,-0.989770397238
3.583,9.120889324,2.25471557,9.395443809,-83.1308930331,4.07614990008,0.143429232551,-0.0561832908658,0.131142944333,-0.989770158157
3.584,9.120835168,2.254797253,9.395410838,-83.1285376997,4.07533893954,0.143487126066,-0.0561847129263,0.131142007466,-0.989770201568
3.585,9.120829589,2.254681171,9.395377565,-83.128241195,4.07404130894,0.143484876668,-0.0561826998778,0.131141911392,-0.989770328567
3.586,9.120690507,2.254719697,9.395251792,-83.1282029665,4.07215059254,0.143632110437,-0.0561833795273,0.13113950509,-0.989770608813
3.587,9.120733577,2.255083033,9.395380805,-83.1250335185,4.06956329155,0.143591657209,-0.0561896803887,0.131140247605,-0.989770152751
3.588,9.120830982,2.254997652,9.39545487,-83.1185538686,4.06647121356,0.143489779252,-0.056188190538,0.131141933362,-0.989770013972
3.589,9.12078339,2.254898955,9.395384981,-83.1123717458,4.06434343718,0.143526971799,-0.0561864819443,0.131141111047,-0.98977021992
3.59,9.120759391,2.254675372,9.395308026,-83.108173897,4.06385804122,0.143549411888,-0.0561826044479,0.131140697751,-0.989770494787
3.591,9.120796104,2.254533131,9.395309532,-83.1082651165,4.06430115907,0.143519080235,-0.056180133559,0.13114133377,-0.989770550769
3.592,9.120822413,2.254689504,9.395372598,-83.1119910364,4.06393912462,0.143498868913,-0.0561828450136,0.131141787378,-0.98977033676
3.593,9.120771485,2.254673679,9.39531936,-83.1157544084,4.06286522425,0.14354831909,-0.056182574305,0.131140906771,-0.989770468804
3.594,9.120836218,2.254615165,9.39536816,-83.1185589254,4.06237085529,0.143481010118,-0.0561815536214,0.131142026677,-0.989770378356
3.595,9.120731652,2.254890547,9.395332737,-83.1193357077,4.0626225279,0.143593107468,-0.0561863406141,0.131140216102,-0.989770346519
3.596,9.120779435,2.254691716,9.395331407,-83.1182695534,4.0634674401,0.143533603823,-0.0561828867984,0.131141044207,-0.989770432856
3.597,9.12082828,2.254638714,9.395366105,-83.1208929328,4.06490527403,0.143477129213,-0.0561819625401,0.131141889363,-0.989770373339
3.598,9.120681244,2.254651779,9.395226501,-83.1256581152,4.0664925839,0.143622167755,-0.0561822020437,0.13113934547,-0.9897706968
3.599,9.120690422,2.254552603,9.395211611,-83.1278358394,4.06779121912,0.143614166395,-0.0561804804632,0.131139505698,-0.989770773291
3.6,9.120828466,2.254633263,9.395364977,-83.1275875708,4.06888509284,0.143486629351,-0.0561818683227,0.131141892835,-0.989770378227
3.601,9.120758761,2.254757244,9.395327062,-83.1240009944,4.06906020653,0.143557665336,-0.0561840248858,0.131140686003,-0.989770415714
3.602,9.120751721,2.254880721,9.395349861,-83.1172558522,4.0689138092,0.143571646846,-0.0561861680848,0.131140562652,-0.989770310397
3.603,9.120772269,2.25475439,9.395339491,-83.111739705,4.06885920843,0.143538876514,-0.0561839745219,0.131140919317,-0.98977038766
3.604,9.120700067,2.254950628,9.395316495,-83.1080364814,4.06950849147,0.143613133563,-0.0561873859461,0.13113966927,-0.989770359631
3.605,9.120671531,2.254358324,9.395146653,-83.1065635483,4.07049506193,0.143634533649,-0.05617711122,0.131139180633,-0.989771007596
3.606,9.120625843,2.254810126,9.39521072,-83.1112317704,4.07099482924,0.143682252696,-0.0561849545129,0.131138385964,-0.989770667687
3.607,9.12064582,2.254871519,9.395244847,-83.1166943682,4.07121598983,0.143655455584,-0.0561860176821,0.131138730805,-0.989770561645
3.608,9.120628572,2.255047511,9.395270344,-83.1159336672,4.07155514166,0.143676343914,-0.0561890727845,0.131138431017,-0.989770427933
3.609,9.120798321,2.254697151,9.395351045,-83.1112028704,4.07156695433,0.143522165729,-0.0561829797114,0.131141370997,-0.989770384283
3.61,9.120678797,2.25488048,9.395279011,-83.1078895951,4.07093571678,0.143630688117,-0.0561861702186,0.131139301687,-0.989770477348
3.611,9.120667262,2.254791004,9.395246339,-83.1064663579,4.07017930826,0.143649551634,-0.0561846183833,0.131139103094,-0.989770591752
3.612,9.120642767,2.254549232,9.395164539,-83.1085112185,4.06974260254,0.14365939055,-0.0561804258195,0.131138680965,-0.989770885665
3.613,9.120703459,2.25458896,9.395232992,-83.1153918101,4.06973930747,0.143607784214,-0.0561811096537,0.131139730687,-0.989770707767
3.614,9.120742971,2.254821601,9.395327179,-83.1215082972,4.0695749439,0.143565261067,-0.0561851429392,0.131140411789,-0.98977038858
3.615,9.120667063,2.254796103,9.39524737,-83.1215847583,4.06915186469,0.143643356999,-0.0561847069951,0.131139099188,-0.989770587239
3.616,9.120714051,2.254846366,9.395305047,-83.1179974592,4.06907062056,0.143598249712,-0.0561855758377,0.131139912077,-0.989770430215
3.617,9.120645837,2.255155201,9.395312952,-83.1131914251,4.06982790033,0.143665306159,-0.0561909398882,0.131138728573,-0.989770282511
3.618,9.12053401,2.254845382,9.395130032,-83.1084770584,4.07046066806,0.143782283279,-0.0561855737146,0.131136797148,-0.989770843044
3.619,9.120629953,2.255082045,9.395279973,-83.1062114968,4.07041090887,0.143674834162,-0.0561896720326,0.131138454862,-0.989770390754
3.62,9.120541114,2.254866046,9.395141889,-83.1047065973,4.06996334551,0.143768610927,-0.0561859318057,0.131136920483,-0.989770806376
3.621,9.120566459,2.255007805,9.395200516,-83.1018928339,4.06966010767,0.143746891533,-0.0561883886779,0.131137356964,-0.989770609074
3.622,9.120561784,2.255017292,9.395198255,-83.0983614435,4.06975215419,0.143748010763,-0.0561885542643,0.13113727634,-0.989770610356
3.623,9.120558991,2.254916191,9.395171278,-83.0966676923,4.07045070558,0.14375072665,-0.056186800483,0.131137228634,-0.989770716236
3.624,9.120700086,2.254850883,9.395292575,-83.0981842911,4.07128846585,0.143609906678,-0.0561856546309,0.131139670448,-0.989770457757
3.625,9.120628263,2.254791122,9.395208508,-83.1024417973,4.07155136013,0.143685747847,-0.056184624068,0.131138428244,-0.989770680843
3.626,9.120627525,2.255222042,9.395311219,-83.1031470146,4.07142460116,0.143682658273,-0.0561921012171,0.131138411933,-0.989770258533
3.627,9.120625353,2.254775729,9.395201989,-83.0992931221,4.07165673303,0.143677946669,-0.0561843569813,0.131138377537,-0.989770702722
3.628,9.1205249,2.254983556,9.395154351,-83.097831734,4.07211974671,0.143788055672,-0.0561879717343,0.131136638802,-0.989770727894
3.629,9.12052824,2.254782359,9.395109306,-83.0995058878,4.07278634519,0.143783364722,-0.0561844801007,0.131136698275,-0.989770918224
3.63,9.120464265,2.254350348,9.394943528,-83.1058742108,4.07287119137,0.143850761596,-0.0561769892817,0.131135594935,-0.989771489596
3.631,9.120598352,2.254961418,9.395220343,-83.1165720274,4.0724250696,0.143712857668,-0.0561875813507,0.131137908836,-0.989770581786
3.632,9.120456541,2.255062333,9.395106899,-83.1216915351,4.07203379512,0.143854992373,-0.056189344753,0.131135455685,-0.989770806702
3.633,9.120555526,2.255109884,9.395214404,-83.1175144912,4.07201278786,0.143743521797,-0.0561901608811,0.131137167381,-0.989770533584
3.634,9.120493066,2.254927358,9.39510996,-83.1118372807,4.07251491704,0.143812914365,-0.056186999925,0.131136087946,-0.989770856046
3.635,9.120529199,2.255048314,9.395174068,-83.1095395449,4.07285615413,0.14377728086,-0.0561890956773,0.131136712703,-0.989770654297
3.636,9.120539823,2.254944182,9.395159389,-83.1076926706,4.0727904657,0.143771302991,-0.0561872879014,0.131136896609,-0.989770732557
3.637,9.120583908,2.254967235,9.395207718,-83.1065145006,4.07248444859,0.143733480519,-0.0561876834915,0.13113765929,-0.98977060905
3.638,9.120520039,2.255133963,9.395185733,-83.1055349954,4.07164533356,0.143797480579,-0.0561905825508,0.131136552813,-0.989770591071
3.639,9.120498079,2.255030637,9.395139615,-83.1044765206,4.07064455484,0.143811800845,-0.0561887910855,0.131136174156,-0.989770742942
3.64,9.120425205,2.254734965,9.394997907,-83.106459931,4.07031314998,0.143888302319,-0.0561836665586,0.131134916567,-0.989771200465
3.641,9.120373493,2.254895194,9.394986162,-83.1110779411,4.07000839252,0.143934609451,-0.0561864515303,0.131134020035,-0.989771161155
3.642,9.120553604,2.255348205,9.395269745,-83.1118471915,4.06966897348,0.1437629051,-0.0561942968065,0.131137132044,-0.989770303457
3.643,9.120378477,2.254975973,9.395010389,-83.1069889128,4.06951041488,0.143934075274,-0.056187852649,0.131134105885,-0.989771070242
3.644,9.120473333,2.254633901,9.395020375,-83.1039622607,4.0696669366,0.143841764452,-0.0561819093839,0.13113574966,-0.989771189831
3.645,9.120511555,2.255061739,9.395160162,-83.1044248347,4.06983956261,0.143801298547,-0.0561893294505,0.131136406929,-0.989770681539
3.646,9.120340398,2.25485966,9.394945506,-83.1032836742,4.07047116164,0.143966958828,-0.0561858374127,0.131133448443,-0.989771271746
3.647,9.120395624,2.255067332,9.395048963,-83.0996031569,4.07124943972,0.14391783705,-0.0561894364498,0.13113440151,-0.989770941164
3.648,9.120379294,2.254994337,9.395015589,-83.094483849,4.07177241498,0.143922574703,-0.0561881716483,0.131134119994,-0.989771050264
3.649,9.120350819,2.254670119,9.394910133,-83.0920210454,4.07240339778,0.143955420306,-0.0561825480878,0.131133629896,-0.989771434423
3.65,9.120445947,2.255147213,9.395116988,-83.0944814558,4.07306471379,0.143864404293,-0.056190817956,0.131135271576,-0.989770747459
3.651,9.120486221,2.255043221,9.395131124,-83.0967951578,4.07366021166,0.143817877894,-0.0561890103988,0.131135969045,-0.989770757667
3.652,9.120445019,2.254893636,9.395055223,-83.0983880382,4.07441277735,0.14386337676,-0.0561864184103,0.131135257841,-0.989770999038
3.653,9.120404515,2.254927233,9.395023967,-83.100686771,4.07546916255,0.143898385792,-0.0561870048433,0.131134556729,-0.989771058638
3.654,9.120393483,2.254775234,9.394976777,-83.102744423,4.07566573228,0.143910515972,-0.0561843686208,0.131134366816,-0.989771233449
3.655,9.120333814,2.255096332,9.39499592,-83.1034130425,4.0738612966,0.14397407859,-0.0561899452412,0.131133332397,-0.989771053925
3.656,9.120355359,2.254771329,9.394938829,-83.1021324237,4.07028904682,0.143953603321,-0.0561843033476,0.131133707538,-0.989771324501
3.657,9.120417376,2.254973572,9.395047574,-83.1019107495,4.06658422405,0.143900070321,-0.0561878081027,0.131134779097,-0.989770983577
3.658,9.120393192,2.254977023,9.395024926,-83.1014436071,4.06353937298,0.143924531349,-0.0561878691735,0.131134360424,-0.98977103558
3.659,9.12037589,2.254912505,9.394992644,-83.0977195287,4.06146876848,0.14393569672,-0.0561867513685,0.131134061827,-0.989771138597
3.66,9.120398105,2.254910267,9.395013672,-83.094256822,4.06154574142,0.143909501874,-0.0561867110089,0.131134446098,-0.989771089976
3.661,9.120431402,2.254914348,9.395046975,-83.0936114777,4.06419898365,0.143872069493,-0.0561867792433,0.131135022082,-0.989771009791
3.662,9.120346118,2.254689741,9.394910278,-83.0954724742,4.06795318614,0.143964017342,-0.0561828882429,0.131133548759,-0.989771425865
3.663,9.120368067,2.25481577,9.394961833,-83.0985612368,4.07100568852,0.143933738868,-0.0561850740428,0.131133926838,-0.989771251698
3.664,9.120333697,2.255096645,9.394995882,-83.1000810207,4.07320530095,0.143974629056,-0.0561899502106,0.13113333047,-0.989771053898
3.665,9.120468882,2.254854626,9.395069027,-83.0988798404,4.07583276846,0.143846424147,-0.0561857397151,0.131135670418,-0.989770982903
3.666,9.120325676,2.254837994,9.394926014,-83.0980314569,4.08007254482,0.143988983807,-0.0561854630915,0.13113319364,-0.989771326753
3.667,9.120341975,2.254801433,9.394933062,-83.0980232408,4.08503230575,0.143963839237,-0.0561848271302,0.131133476174,-0.989771325422
3.668,9.120208788,2.254569314,9.394748061,-83.0993783478,4.08953963896,0.144098443743,-0.0561808105515,0.13113117438,-0.989771858375
3.669,9.120237161,2.25475023,9.394819022,-83.1024260654,4.09241718003,0.144065373459,-0.0561839475099,0.131131663791,-0.989771615472
3.67,9.120305042,2.254938373,9.394930075,-83.1020193375,4.09329687552,0.144009278102,-0.0561872064661,0.131132835543,-0.989771275231
3.671,9.1203155,2.254844375,9.394917668,-83.0952444875,4.09311956382,0.143994309595,-0.0561855744077,0.131133017159,-0.989771343816
3.672,9.120263728,2.254441736,9.39477078,-83.089414235,4.09255703843,0.144045315587,-0.0561785921912,0.131132125649,-0.989771858259
3.673,9.12029503,2.254787052,9.394884038,-83.0896900323,4.09205072178,0.144023964474,-0.0561845816425,0.131132663895,-0.989771446974
3.674,9.120217293,2.254959576,9.394849981,-83.0899184801,4.09146979354,0.144095243127,-0.0561875813621,0.131131317485,-0.989771455072
3.675,9.120242256,2.254648386,9.394799527,-83.0884668573,4.0903803388,0.144068062328,-0.0561821799251,0.131131752345,-0.989771704074
3.676,9.120350499,2.254842266,9.394951137,-83.088912945,4.08904985229,0.143949060207,-0.056185535376,0.131133623348,-0.989771265719
3.677,9.120197947,2.254839059,9.394802275,-83.0886283379,4.08762150741,0.144110728703,-0.0561854919263,0.131130984341,-0.98977161782
3.678,9.120079241,2.255042288,9.394735817,-83.0848809148,4.08562689209,0.144232096566,-0.0561890286248,0.13112892913,-0.989771689334
3.679,9.120186842,2.254863037,9.394797249,-83.0780817899,4.08278893222,0.144143751098,-0.0561859088203,0.131130791495,-0.989771619704
3.68,9.120126092,2.254771461,9.394716296,-83.0715721448,4.07901344814,0.144195386909,-0.0561843250119,0.131129741832,-0.989771848675
3.681,9.120134454,2.254747431,9.394718646,-83.0675353098,4.07543873505,0.144178851059,-0.0561839079002,0.131129886427,-0.989771853196
3.682,9.120060534,2.254659102,9.394625688,-83.0667009637,4.07269874901,0.144254802694,-0.0561823807036,0.131128608576,-0.98977210918
3.683,9.120115738,2.255142892,9.394795396,-83.0664511161,4.07069306723,0.144185462449,-0.0561907708304,0.131129559663,-0.989771506892
3.684,9.120059217,2.25496189,9.394697081,-83.0630890947,4.06981024619,0.144253289067,-0.056187635528,0.131128583791,-0.989771814171
3.685,9.120190663,2.254990156,9.394831469,-83.0607664447,4.06958244978,0.144124803171,-0.0561881149451,0.131130857145,-0.98977148577
3.686,9.12024946,2.254823998,9.394848667,-83.0649073411,4.06882712501,0.144065331535,-0.0561852266657,0.131131875411,-0.989771514823
3.687,9.120140465,2.255114112,9.394812492,-83.0704671038,4.06803584132,0.144173294442,-0.0561902698142,0.131129987362,-0.989771478672
3.688,9.120191054,2.254770498,9.394779127,-83.0718401396,4.0672665133,0.144125409537,-0.0561843028565,0.131130865155,-0.989771701109
3.689,9.120191562,2.255122961,9.394864219,-83.0702672752,4.06648671855,0.144123016507,-0.0561904190291,0.131130871643,-0.989771353047
3.69,9.120249558,2.254758056,9.394832936,-83.0697410484,4.06636804042,0.144058672853,-0.0561840818375,0.131131878138,-0.989771579449
3.691,9.12011419,2.254712989,9.394690708,-83.0724748433,4.06673419189,0.144191001549,-0.0561833120171,0.131129536802,-0.989771933341
3.692,9.120199366,2.254797078,9.394793576,-83.07660868,4.06723552118,0.14411292761,-0.0561847630294,0.131131009054,-0.989771655923
3.693,9.120183295,2.2548691,9.394795261,-83.0802261708,4.06760635712,0.144131723059,-0.0561860143045,0.131130730542,-0.989771621792
3.694,9.120164832,2.255115034,9.394836368,-83.0826863847,4.06806464852,0.144146440353,-0.0561902835912,0.131130409087,-0.989771422018
3.695,9.120108423,2.2550461,9.394765062,-83.0810940187,4.06860263793,0.144211835336,-0.0561890916154,0.131129433842,-0.989771618892
3.696,9.120088033,2.254853876,9.39469913,-83.0752527787,4.06879951187,0.144220510761,-0.0561857580799,0.131129082997,-0.989771854612
3.697,9.120019212,2.254785112,9.394615816,-83.0703339853,4.06926397963,0.14427801275,-0.0561845709849,0.131127893394,-0.989772079601
3.698,9.120116444,2.254913613,9.394741048,-83.0696478364,4.07005596679,0.144196546791,-0.0561867921685,0.13112957388,-0.989771730875
3.699,9.120135032,2.255134285,9.39481206,-83.0702386686,4.07060578656,0.14416568208,-0.0561906201689,0.131129893593,-0.989771471205
3.7,9.120134351,2.255027764,9.39478583,-83.0680215433,4.07106716938,0.144177673437,-0.0561887713523,0.131129882726,-0.989771577603
3.701,9.120094318,2.255112032,9.394767195,-83.0633441151,4.07123966414,0.144214991764,-0.0561902370227,0.131129189198,-0.989771586278
3.702,9.120046921,2.254986889,9.394691145,-83.0591108217,4.07126567246,0.144266316047,-0.0561880695774,0.131128370716,-0.989771817759
3.703,9.120012579,2.25480327,9.394613735,-83.0588590344,4.0715179157,0.144294147244,-0.0561848869375,0.131127778258,-0.989772076919
3.704,9.11997236,2.255107003,9.394647596,-83.062050476,4.07199583527,0.144330244565,-0.0561901597847,0.13112707991,-0.989771870108
3.705,9.120181264,2.255031134,9.394832181,-83.0653616838,4.07235266642,0.14412523566,-0.0561888263978,0.131130694114,-0.989771466981
3.706,9.120163723,2.25498743,9.394804663,-83.0675362951,4.07299928941,0.144144889537,-0.0561880696795,0.131130390728,-0.989771550133
3.707,9.120134884,2.254996865,9.394778931,-83.0679918494,4.07417222185,0.144173108448,-0.0561882358053,0.131129892176,-0.989771606753
3.708,9.120059188,2.25467082,9.394627194,-83.0686414603,4.07518133725,0.14425881273,-0.0561825849545,0.131128585717,-0.989772100615
3.709,9.120060703,2.254734747,9.394644007,-83.0733599552,4.07524907021,0.144245831538,-0.0561836937005,0.131128611231,-0.989772034298
3.71,9.120108022,2.254918409,9.394734023,-83.0796808869,4.07506992256,0.144186922515,-0.0561868769871,0.131129427778,-0.989771745417
3.711,9.120055458,2.254787665,9.394651616,-83.0815799313,4.07528392945,0.144246160987,-0.056184612528,0.131128520111,-0.989771994213
3.712,9.12002653,2.255115049,9.394702113,-83.0794540236,4.07534948598,0.144276609064,-0.0561902953267,0.131128016058,-0.98977173839
3.713,9.12006308,2.254861463,9.394676727,-83.0753929951,4.07542365019,0.144242405773,-0.0561858918592,0.131128650689,-0.989771904291
3.714,9.120095587,2.255066529,9.394757504,-83.0714268471,4.07545098926,0.144210982307,-0.0561894481839,0.131129211967,-0.989771628044
3.715,9.120109727,2.255144723,9.39479,-83.0687919905,4.07555683814,0.144199854707,-0.0561908035619,0.131129455514,-0.989771518832
3.716,9.120000322,2.255109476,9.394675333,-83.0671533437,4.07613178502,0.144300165302,-0.0561902006646,0.13112756345,-0.989771803727
3.717,9.11991513,2.255092526,9.394588563,-83.06415939,4.07675482525,0.144390135596,-0.0561899138423,0.131126090224,-0.989772015186
3.718,9.119923599,2.254832386,9.394534344,-83.0615323301,4.07676406309,0.144380426711,-0.0561853993061,0.131126238604,-0.989772251811
3.719,9.119962852,2.254976993,9.394607158,-83.0612803809,4.07641694757,0.144338647942,-0.0561879048286,0.131126916537,-0.989772019765
3.72,9.120040471,2.255072842,9.394705516,-83.0603785485,4.07688172623,0.144275003606,-0.0561895623058,0.131128257761,-0.989771747983
3.721,9.120083407,2.254787198,9.394678635,-83.0587199563,4.07899200178,0.144229232842,-0.0561846016441,0.131129003517,-0.989771930787
3.722,9.120086194,2.254800301,9.394684485,-83.0613214744,4.08241912738,0.144226175462,-0.0561848286249,0.13112905129,-0.989771911574
3.723,9.119905237,2.254970368,9.394549638,-83.0675907778,4.08574445391,0.144402363425,-0.0561877951797,0.131125920204,-0.989772157986
3.724,9.119914739,2.25467802,9.394488694,-83.0750798903,4.08841100617,0.144378061169,-0.056182721631,0.131126086813,-0.989772423917
3.725,9.119968376,2.254878073,9.394588778,-83.082588991,4.09095580867,0.144326582558,-0.0561861881076,0.131127013221,-0.989772104411
3.726,9.119988131,2.254981502,9.39463278,-83.0866900093,4.09281926873,0.144312811039,-0.0561879817759,0.131127353405,-0.98977195752
3.727,9.119963066,2.255077161,9.39463141,-83.085497022,4.09355419539,0.144339767202,-0.0561896436947,0.131126919123,-0.989771920708
3.728,9.119937418,2.255085939,9.394608619,-83.0821171309,4.09328142918,0.144379932564,-0.0561897974356,0.131126475115,-0.989771970803
3.729,9.119904278,2.255119313,9.394584459,-83.0783591167,4.0923584378,0.14439883263,-0.0561903800686,0.131125902154,-0.989772013633
3.73,9.119963791,2.255034256,9.394621815,-83.0723226591,4.09122564478,0.144350140079,-0.0561888985261,0.131126932477,-0.989771961242
3.731,9.120001424,2.255088175,9.39467129,-83.0645082752,4.08995710973,0.144303204232,-0.0561898313325,0.131127582603,-0.989771822157
3.732,9.119989869,2.254991697,9.394636915,-83.0589487466,4.08870972681,0.14431394654,-0.0561881584252,0.131127383313,-0.98977194353
3.733,9.120035401,2.254985174,9.39467955,-83.0586186307,4.08765469997,0.144265056687,-0.0561880412669,0.131128171449,-0.989771845766
3.734,9.119953823,2.255087644,9.394624953,-83.0607914767,4.08685283408,0.144357368711,-0.0561898255176,0.131126759471,-0.989771931537
3.735,9.119827604,2.255058936,9.394495533,-83.0598103943,4.085489684,0.144484517357,-0.0561893386401,0.131124575882,-0.989772248461
3.736,9.119946016,2.254805454,9.394549642,-83.057856411,4.08315168437,0.144362724439,-0.0561849301483,0.131126626277,-0.989772227083
3.737,9.119865043,2.254918357,9.394498135,-83.0602540462,4.08078108404,0.144441455873,-0.0561868958652,0.131125225373,-0.989772301089
3.738,9.119938262,2.255007068,9.394590506,-83.0639157121,4.07886915449,0.144361598617,-0.05618842926,0.13112649075,-0.989772046403
3.739,9.119783562,2.254772115,9.394383934,-83.066848771,4.07714137478,0.144522300399,-0.0561843653362,0.13112381721,-0.989772631291
3.74,9.119975266,2.255148008,9.394660259,-83.069690031,4.07540500055,0.144338855089,-0.0561908715255,0.131127129182,-0.989771823174
3.741,9.120015687,2.255390601,9.394757735,-83.0693824319,4.07440204725,0.144292709709,-0.0561950773862,0.131127826784,-0.989771491972
3.742,9.120030973,2.255386962,9.3947717,-83.0661264792,4.07444645643,0.144276644711,-0.0561950135537,0.131128091057,-0.989771460584
3.743,9.120025529,2.25489082,9.394647319,-83.0634125534,4.0747945999,0.144289826589,-0.0561864045858,0.13112800151,-0.989771961191
3.744,9.119948379,2.255082436,9.394618418,-83.0629950016,4.0751369883,0.14435239512,-0.056189735553,0.131126665,-0.98977194916
3.745,9.120021368,2.254891813,9.394643519,-83.0641401037,4.07506457916,0.144294448729,-0.0561864220232,0.131127929082,-0.989771969797
3.746,9.120025048,2.254706528,9.394602621,-83.0678855382,4.07473583223,0.144273540806,-0.0561832065453,0.131127994597,-0.989772143645
3.747,9.119832762,2.254923341,9.394467994,-83.0738269108,4.0747033165,0.144469965495,-0.0561869852616,0.131124666781,-0.989772370017
3.748,9.119889455,2.254981495,9.394536987,-83.0756892775,4.0740631157,0.144421917538,-0.0561879892348,0.131125646428,-0.989772183239
3.749,9.119864442,2.255032397,9.394524924,-83.0718708475,4.07291311367,0.144445400117,-0.0561888751711,0.131125213897,-0.989772190248
3.75,9.119859619,2.254745954,9.394451489,-83.0668484548,4.07263041893,0.144452448205,-0.0561839046152,0.131125132318,-0.989772483219
3.751,9.119945948,2.254882126,9.394567978,-83.0658046863,4.07295751959,0.14436386445,-0.0561862602305,0.13112662514,-0.98977215173
3.752,9.119929397,2.254919869,9.39456097,-83.0670289499,4.07327409327,0.144378850153,-0.0561869165968,0.131126338536,-0.98977215244
3.753,9.119980172,2.255034334,9.394637736,-83.0661255718,4.07388711967,0.14431227759,-0.0561888986466,0.131127215342,-0.989771923761
3.754,9.119842077,2.25475728,9.394437178,-83.0633054569,4.07446551669,0.144466929366,-0.0561841031197,0.131124828784,-0.989772512163
3.755,9.119931733,2.25503617,9.394591154,-83.0594578775,4.07426829421,0.144375324316,-0.0561889350691,0.131126377943,-0.989772032633
3.756,9.119955081,2.254860593,9.394571676,-83.0550296799,4.07396241712,0.144358848374,-0.0561858859027,0.131126783,-0.989772152066
3.757,9.11986014,2.254795025,9.394463773,-83.0533418906,4.07361876262,0.144447529523,-0.0561847568431,0.131125141236,-0.989772433661
3.758,9.119821974,2.254834199,9.394436124,-83.0566196643,4.0731865491,0.144485500642,-0.0561854396496,0.131124480834,-0.98977248239
3.759,9.119777197,2.254748214,9.394372019,-83.0631628524,4.07338541288,0.144528226836,-0.0561839507714,0.131123707031,-0.98977266942
3.76,9.119750891,2.254821079,9.394363971,-83.0693992214,4.07364464868,0.144557911953,-0.0561852174199,0.131123251377,-0.989772657883
3.761,9.11983765,2.254720915,9.394424153,-83.0718461947,4.07316886969,0.144469137411,-0.056183472764,0.131124753183,-0.98977255796
3.762,9.119800268,2.255214464,9.394506331,-83.0708140923,4.07349632488,0.144501463244,-0.0561920390914,0.131124101831,-0.989772157954
3.763,9.119807015,2.25524552,9.394520336,-83.0669452467,4.07636072549,0.144495226242,-0.0561925776059,0.131124217986,-0.989772111993
3.764,9.119904915,2.254920956,9.394537465,-83.0644647479,4.08070608675,0.144405820761,-0.0561869375932,0.13112591475,-0.989772207392
3.765,9.119914951,2.254705898,9.394495591,-83.0667659087,4.08485526725,0.144400051485,-0.0561832056076,0.13112608972,-0.98977239606
3.766,9.119913774,2.255099311,9.394588875,-83.0691864176,4.08768292247,0.144397678485,-0.0561900318549,0.131126065876,-0.989772011712
3.767,9.119845509,2.255011185,9.394501453,-83.066728264,4.08860195918,0.144462742739,-0.0561885082643,0.131124886239,-0.989772254485
3.768,9.119881118,2.255104262,9.394558363,-83.0608718592,4.08861240097,0.144431918184,-0.0561901207582,0.131125501091,-0.989772081488
3.769,9.119816895,2.254968097,9.394463333,-83.0565389469,4.08844299557,0.144491582563,-0.0561877632837,0.131124391165,-0.989772362364
3.77,9.119802859,2.254910961,9.394435993,-83.0548386674,4.08839583634,0.14450876548,-0.0561867726343,0.131124148963,-0.989772450687
3.771,9.119666786,2.254781774,9.39427289,-83.0547316532,4.08797385204,0.144644984521,-0.0561845426007,0.131121796645,-0.989772888908
3.772,9.119763003,2.254862201,9.394385599,-83.054852652,4.08709331372,0.14454209278,-0.0561859300284,0.131123460394,-0.98977258974
3.773,9.119815036,2.25506061,9.394483735,-83.0556756163,4.08561060266,0.144501575008,-0.0561893684407,0.131124358738,-0.989772275536
3.774,9.119913881,2.254978075,9.394559879,-83.0555842295,4.08471025944,0.144388202557,-0.0561879279297,0.131126069593,-0.989772130658
3.775,9.119829525,2.255051544,9.394495624,-83.0540890239,4.08455223363,0.144474065004,-0.0561892101334,0.131124609409,-0.989772251314
3.776,9.119776289,2.255501143,9.394551877,-83.0495028625,4.08446262555,0.144529938202,-0.0561970154621,0.131123684546,-0.989771930701
3.777,9.11975873,2.255156831,9.394452173,-83.0419102113,4.08422297758,0.14454928808,-0.0561910432646,0.131123383517,-0.989772309651
3.778,9.119765053,2.255243798,9.394479188,-83.0365000978,4.08404475183,0.144547558189,-0.0561925512847,0.131123492694,-0.989772209573
3.779,9.119796856,2.254912668,9.394430575,-83.0360262936,4.08391547236,0.144511666044,-0.056186803187,0.131124045842,-0.989772462614
3.78,9.119791153,2.255076154,9.394464281,-83.0382838001,4.08340156861,0.144516735557,-0.0561896407186,0.131123945113,-0.989772314875
3.781,9.119789852,2.254804986,9.39439793,-83.0413215974,4.08244096371,0.144513453575,-0.0561849348425,0.131123925783,-0.989772584579
3.782,9.119804504,2.254993781,9.39445747,-83.0449701441,4.08118022806,0.144506387349,-0.0561882099667,0.131124176869,-0.989772365396
3.783,9.119737488,2.254883783,9.39436601,-83.0480518406,4.07994150366,0.144563998127,-0.0561863064533,0.13112301923,-0.989772626816
3.784,9.119744184,2.2552563,9.39446193,-83.0475902661,4.07892122033,0.144566283481,-0.0561927696049,0.131123131141,-0.989772245077
3.785,9.119683668,2.254913892,9.39432099,-83.0434195101,4.07862913806,0.144630550725,-0.0561868333328,0.131122087189,-0.989772720381
3.786,9.119700834,2.255258509,9.394420379,-83.0400279053,4.08010808075,0.144607939783,-0.0561928122667,0.131122381157,-0.989772342011
3.787,9.119691307,2.255036028,9.394357723,-83.0392634987,4.08310599705,0.14462281994,-0.0561889519911,0.131122218178,-0.989772582755
3.788,9.119806013,2.255114389,9.394487886,-83.0423690377,4.0859576296,0.144496050822,-0.0561903028904,0.131124201545,-0.989772243312
3.789,9.119914307,2.255100227,9.394589613,-83.0472486979,4.08811840369,0.144384328794,-0.0561900473524,0.131126075706,-0.98977200953
3.79,9.119738681,2.25497641,9.394389402,-83.050549501,4.08939346852,0.144568206199,-0.0561879143777,0.1311230389,-0.989772532932
3.791,9.119733688,2.255135023,9.394422628,-83.0514199737,4.08935747573,0.144578699266,-0.0561906668306,0.131122950437,-0.989772388395
3.792,9.119714924,2.255069878,9.394388774,-83.0481588769,4.08884870948,0.144590926118,-0.0561895374364,0.131122627106,-0.989772495346
3.793,9.119802288,2.255165096,9.394496441,-83.0436119035,4.08884893697,0.144513294162,-0.05619118239,0.131124137205,-0.989772201905
3.794,9.119704598,2.255047019,9.394373264,-83.0430359415,4.08837782975,0.144606822176,-0.0561891419331,0.131122448693,-0.989772541434
3.795,9.119779645,2.255047882,9.394446323,-83.0459494851,4.08752680516,0.144526327339,-0.0561891502709,0.131123746239,-0.989772369065
3.796,9.119649608,2.255136893,9.394341455,-83.0461946199,4.08578887521,0.144666294878,-0.0561907063639,0.131121496412,-0.989772578776
3.797,9.119706292,2.254727569,9.394298232,-83.0434693921,4.08301948373,0.14460426062,-0.0561835984035,0.131122480758,-0.989772851876
3.798,9.119622817,2.255037587,9.394291609,-83.0419800783,4.08008471528,0.144690687794,-0.0561889854609,0.131121033951,-0.989772737738
3.799,9.119770372,2.255301698,9.394498251,-83.0405857329,4.07771528547,0.14454692471,-0.0561935557945,0.13112358408,-0.989772140437
3.8,9.119634507,2.254769985,9.394238726,-83.0388661048,4.07617944732,0.144679700454,-0.0561843404712,0.131121238637,-0.989772974305
3.801,9.119718879,2.255072893,9.394393338,-83.0387630694,4.07536460535,0.144585777339,-0.0561895893437,0.13112269484,-0.989772483426
3.802,9.119679803,2.255382026,9.394429615,-83.0367600266,4.07514544259,0.144626785409,-0.0561949567011,0.131122016165,-0.989772268614
3.803,9.119716125,2.255089291,9.394394601,-83.0307992915,4.07493783789,0.144593197539,-0.0561898740032,0.131122647488,-0.989772473539
3.804,9.119725631,2.255057803,9.39439627,-83.0265113847,4.07423404448,0.144596799512,-0.0561893275924,0.131122811983,-0.989772482767
3.805,9.119689971,2.254808326,9.39430177,-83.0263823386,4.07291380088,0.144627564637,-0.0561850014799,0.131122197927,-0.989772809699
3.806,9.119646056,2.255066716,9.394321161,-83.0278347665,4.07116678436,0.144670533916,-0.0561894886963,0.131121435671,-0.989772655951
3.807,9.119604497,2.254946139,9.394251874,-83.0296938013,4.069628228,0.14470550267,-0.0561873999548,0.13112071767,-0.989772869644
3.808,9.119622625,2.25524895,9.394342162,-83.0326992984,4.06918531393,0.144683684313,-0.0561926527119,0.131121029058,-0.989772530191
3.809,9.119626732,2.255331988,9.394366084,-83.0326799126,4.06933030137,0.144679893612,-0.0561940934415,0.131121099203,-0.989772439102
3.81,9.119634234,2.255143529,9.394328124,-83.0286935351,4.06909372699,0.144663638849,-0.0561908219715,0.131121230321,-0.989772607464
3.811,9.11964324,2.255275776,9.394368613,-83.0256450986,4.06903695621,0.144657505019,-0.0561931169426,0.131121384562,-0.989772456739
3.812,9.119566714,2.254938458,9.394213352,-83.0240868123,4.06914767204,0.144745564607,-0.0561872699351,0.131120063977,-0.989772963623
3.813,9.119648563,2.254782772,9.394255439,-83.0255488639,4.06900486529,0.144657074276,-0.0561845616349,0.131121481996,-0.989772929511
3.814,9.119644432,2.254947809,9.394291042,-83.0299085071,4.06916629063,0.144667437108,-0.0561874253172,0.131121408842,-0.989772776641
3.815,9.119561134,2.255054471,9.394235783,-83.0330272554,4.06968571418,0.144744732173,-0.0561892838309,0.131119966699,-0.989772862184
3.816,9.119543867,2.255229566,9.394261054,-83.0324826721,4.07023114432,0.144757045777,-0.0561923229041,0.131119666895,-0.989772729368
3.817,9.119674173,2.254803294,9.394285226,-83.0313933949,4.0707987842,0.144632626378,-0.0561849151068,0.131121924091,-0.989772850879
3.818,9.119731463,2.255190933,9.394433889,-83.0329245635,4.07141494488,0.144573344731,-0.056191637008,0.131122911434,-0.989772338484
3.819,9.119751442,2.254858644,9.394373522,-83.0351123205,4.07231805531,0.144551983527,-0.0561858698018,0.131123260311,-0.989772619666
3.82,9.119702992,2.255267376,9.394424602,-83.0353999623,4.07343173212,0.14460953728,-0.0561929661275,0.131122418476,-0.989772328332
3.821,9.119679242,2.255315351,9.394413064,-83.0312879344,4.0742914193,0.144623473864,-0.056193800505,0.13112200686,-0.98977233549
3.822,9.1196861,2.254804546,9.394297106,-83.0282640077,4.07460578065,0.144627627747,-0.0561849360699,0.131122130527,-0.989772822341
3.823,9.119717257,2.255059656,9.394388585,-83.0314134189,4.07435331377,0.1445899311,-0.0561893605205,0.131122667335,-0.98977250006
3.824,9.119804368,2.255133146,9.39449079,-83.0348268688,4.07431269951,0.144501121116,-0.0561906275537,0.131124173737,-0.989772228564
3.825,9.119588393,2.255067916,9.394265472,-83.0340596584,4.0743682564,0.144723126525,-0.0561895139628,0.131120437614,-0.989772786735
3.826,9.119571117,2.255241275,9.394290317,-83.0307295894,4.0741156481,0.144732757449,-0.0561925236315,0.131120137494,-0.989772655629
3.827,9.119541074,2.255124209,9.39423305,-83.0250019352,4.0734807164,0.144764740942,-0.0561904947746,0.131119619089,-0.989772839487
3.828,9.119630904,2.255208785,9.394340556,-83.0198882575,4.07284470405,0.144676871401,-0.0561919550127,0.131121172016,-0.989772550863
3.829,9.119614307,2.255540286,9.394404031,-83.0185750581,4.07284337257,0.144682812853,-0.0561977089626,0.131120881596,-0.989772262653
3.83,9.119685643,2.255460786,9.394454193,-83.0170385223,4.07372670137,0.144619384535,-0.0561963233248,0.131122116365,-0.989772177748
3.831,9.119699914,2.255298898,9.394429181,-83.0141000471,4.07482701867,0.144608159792,-0.0561935130985,0.131122364977,-0.989772304365
3.832,9.119720036,2.255090704,9.394398737,-83.013071373,4.07546542682,0.144597843312,-0.056189899105,0.13112271485,-0.98977246319
3.833,9.119837132,2.255217729,9.394542901,-83.0148967459,4.07553089044,0.144464949011,-0.0561920926019,0.131124739326,-0.989772070462
3.834,9.119560933,2.254937719,9.394207562,-83.0167033905,4.07544790662,0.144758837252,-0.056187257714,0.13111996445,-0.989772977502
3.835,9.11970143,2.255237759,9.394415976,-83.0182587484,4.07505455388,0.14460655182,-0.0561924524418,0.131122391361,-0.989772361087
3.836,9.119621724,2.255209848,9.3943319,-83.0182165278,4.07472847056,0.144679150119,-0.0561919747007,0.131121013267,-0.989772570775
3.837,9.119581674,2.25541666,9.394342671,-83.0146304279,4.07465329421,0.144712331305,-0.0561955660896,0.131120318556,-0.989772458908
3.838,9.119492457,2.255017127,9.39416015,-83.0107432504,4.07462970446,0.144807862842,-0.0561886413131,0.131118779409,-0.989773055944
3.839,9.119623407,2.254961076,9.394273817,-83.0150189592,4.07469706873,0.144672929685,-0.0561876579448,0.131121045199,-0.989772811609
3.84,9.119614192,2.255119063,9.394302795,-83.0233352524,4.07491367113,0.14469763246,-0.0561903996379,0.131120884144,-0.9897726773
3.841,9.119583366,2.254927076,9.394226785,-83.0290905802,4.07452256825,0.144729903579,-0.0561870711767,0.131120352151,-0.989772936731
3.842,9.119595285,2.255316581,9.394331857,-83.0327740074,4.0737375405,0.14471295712,-0.0561938282386,0.131120555469,-0.98977252619
3.843,9.119576692,2.255192798,9.394284091,-83.0348086807,4.073440546,0.144731315922,-0.0561916823303,0.131120234364,-0.989772690559
3.844,9.119535677,2.255147724,9.394233456,-83.0343492882,4.07324571293,0.144761061836,-0.0561909039971,0.131119525376,-0.98977282867
3.845,9.119548722,2.255020958,9.39421569,-83.0336344333,4.07310304757,0.144747628407,-0.0561887024711,0.131119752484,-0.989772923565
3.846,9.11957741,2.255274686,9.394304447,-83.0333487146,4.07314018939,0.144731012505,-0.0561931026374,0.131120245801,-0.989772608409
3.847,9.119563934,2.255098072,9.394248968,-83.0316569108,4.07312050857,0.144748619929,-0.0561900397474,0.131120015187,-0.989772812847
3.848,9.119544522,2.255295962,9.394277629,-83.0277031327,4.0728943205,0.144766758847,-0.0561934753073,0.131119677101,-0.98977266259
3.849,9.11947704,2.255103093,9.394165819,-83.0236394284,4.07266571751,0.14483057744,-0.056190134503,0.131118511416,-0.989773006678
3.85,9.11950363,2.255137622,9.39419992,-83.021321709,4.07271303123,0.144797309168,-0.0561907309198,0.131118970842,-0.989772911957
3.851,9.119507066,2.255113978,9.39419758,-83.0189946028,4.07310957442,0.144796103757,-0.0561903204682,0.13111903112,-0.989772927274
3.852,9.11942281,2.255083999,9.394108592,-83.0154472638,4.07323612341,0.144874351682,-0.056189807151,0.131117574186,-0.98977314942
3.853,9.119575783,2.255058647,9.394251006,-83.0114564555,4.07299207758,0.144722359925,-0.056189354875,0.131120220515,-0.989772824526
3.854,9.119491429,2.254921523,9.394136203,-83.0079858754,4.07278278915,0.144811639692,-0.0561869818005,0.131118761911,-0.98977315247
3.855,9.119446391,2.255128891,9.39414226,-83.0061763133,4.07302869929,0.144853537731,-0.0561905843347,0.13111798104,-0.989773051401
3.856,9.119446738,2.255041993,9.394121737,-83.0056125716,4.07388260415,0.144856856152,-0.0561890762291,0.131117988381,-0.989773136044
3.857,9.119673466,2.255309818,9.394406129,-83.0048107834,4.07522768163,0.14462789956,-0.056193704473,0.131121907448,-0.989772354112
3.858,9.119487157,2.25525875,9.394213008,-83.0027707313,4.07652652814,0.144813106754,-0.0561928343815,0.131118685581,-0.989772830328
3.859,9.11943042,2.255114741,9.394123359,-83.0021699293,4.07731275839,0.144862585782,-0.0561903401616,0.131117704999,-0.989773101831
3.86,9.119498539,2.254880137,9.394133172,-83.0064698565,4.07775623039,0.144806826725,-0.0561862631114,0.131118885898,-0.989773176843
3.861,9.119464476,2.25498197,9.394124547,-83.0144738184,4.07785611953,0.14484582907,-0.0561880338118,0.131118295052,-0.989773154596
3.862,9.119503759,2.255011454,9.394169759,-83.022435287,4.07750085608,0.144805475665,-0.0561885419884,0.131118975061,-0.989773035664
3.863,9.119589062,2.255023407,9.394255437,-83.028696731,4.07756204546,0.144712033116,-0.0561887421607,0.131120450051,-0.989772828902
3.864,9.119632165,2.255181185,9.394335155,-83.0319849774,4.07859505423,0.144669485485,-0.0561914761122,0.131121193977,-0.989772575142
3.865,9.119536833,2.255215497,9.394250847,-83.030528856,4.07957041607,0.144757747158,-0.0561920794529,0.13111954459,-0.989772759391
3.866,9.11949958,2.25498438,9.394159203,-83.0260021369,4.07968200273,0.144797320872,-0.0561880720513,0.131118902522,-0.989773071952
3.867,9.119527719,2.255149302,9.394226109,-83.0226396563,4.07898397921,0.144777084909,-0.056190931845,0.131119388149,-0.989772845268
3.868,9.119422557,2.255034343,9.394096426,-83.0206348495,4.07780398211,0.144882332835,-0.0561889455293,0.131117569403,-0.989773198967
3.869,9.119438701,2.255436669,9.394208684,-83.017547334,4.07661486414,0.144865766201,-0.0561959256183,0.131117845519,-0.989772766109
3.87,9.119515497,2.255261037,9.394241068,-83.0101511294,4.07615706001,0.144790150726,-0.0561928709387,0.131119175004,-0.989772763417
3.871,9.119424395,2.25527457,9.394155879,-83.0012447142,4.07619826828,0.144871707167,-0.0561931134857,0.131117599337,-0.98977295838
3.872,9.119495426,2.255182903,9.394202827,-82.9965776769,4.0768092991,0.144800235645,-0.0561915173893,0.131118828693,-0.989772886139
3.873,9.119405143,2.255262736,9.394134349,-82.9960436993,4.07763084249,0.144889721945,-0.0561929100388,0.13111726608,-0.989773014078
3.874,9.119414513,2.254906693,9.394057976,-82.9967667353,4.07828560582,0.144878423547,-0.0561867316503,0.131117431588,-0.989773342902
3.875,9.119518627,2.255158026,9.394219377,-83.0006326867,4.07893574115,0.144787673384,-0.0561910834181,0.131119230673,-0.989772857524
3.876,9.119485177,2.255015606,9.394152717,-83.0055008447,4.07894447468,0.144815812015,-0.0561886156585,0.13111865357,-0.989773074071
3.877,9.119437606,2.255410438,9.394201323,-83.0068294743,4.07869315075,0.144859210586,-0.0561954703453,0.131117827081,-0.9897727944
3.878,9.119440517,2.255274705,9.394171562,-83.003493343,4.07935581217,0.144852840613,-0.0561931152453,0.13111787813,-0.989772921348
3.879,9.119417017,2.255385235,9.394175285,-83.000384866,4.08052085365,0.144875948824,-0.0561950350744,0.131117471216,-0.989772866255
3.88,9.119622001,2.255175431,9.394323906,-83.0005990582,4.0814479558,0.144676775319,-0.0561913770391,0.131121018304,-0.989772604039
3.881,9.119400793,2.255523476,9.394192726,-83.002768263,4.08144614733,0.144904552176,-0.0561974352015,0.131117189098,-0.989772767356
3.882,9.119487869,2.255462231,9.39426255,-83.0012670407,4.0810241905,0.144819420798,-0.0561963651834,0.13111869613,-0.989772628468
3.883,9.119547935,2.254981476,9.394205448,-82.9987695742,4.08116552979,0.144758633723,-0.0561880184072,0.131119739366,-0.989772964137
3.884,9.119420459,2.255266757,9.394150182,-83.0004593049,4.08188313957,0.144884694053,-0.0561929782114,0.131117531488,-0.989772975048
3.885,9.119422995,2.25501341,9.394091826,-83.0044943998,4.08211283744,0.144885499992,-0.0561885826821,0.131117577556,-0.989773218486
3.886,9.119419532,2.255324874,9.394163236,-83.0079030279,4.08169317912,0.144874242757,-0.0561939868513,0.131117514385,-0.98977292005
3.887,9.119423091,2.255377518,9.394179329,-83.0089918389,4.08115145391,0.144873953721,-0.0561949001079,0.13111757585,-0.989772860057
3.888,9.119437928,2.255388936,9.394196473,-83.0066243914,4.08064281633,0.14486900529,-0.0561950973746,0.131117832319,-0.989772814882
3.889,9.119358257,2.255500871,9.394146007,-83.0037309502,4.08037167744,0.144941599558,-0.0561970462712,0.131116453215,-0.989772886922
3.89,9.119461025,2.255293469,9.394195975,-83.0039090201,4.08033665421,0.144843269016,-0.0561934387686,0.13111823242,-0.989772856047
3.891,9.119453577,2.255242346,9.394176472,-83.0076875997,4.07982845226,0.144852073374,-0.0561925527715,0.131118104483,-0.989772923296
3.892,9.119466696,2.255260104,9.39419347,-83.0107119925,4.07909771996,0.144833905546,-0.0561928596837,0.131118331528,-0.989772875794
3.893,9.119572425,2.25512522,9.394263727,-83.0119894199,4.07903694423,0.144725348039,-0.0561905096312,0.131120161698,-0.989772766762
3.894,9.119482336,2.254652949,9.394062912,-83.0167062771,4.07969396217,0.144812491748,-0.0561823228707,0.131118607552,-0.989773437384
3.895,9.119476664,2.25514657,9.394175891,-83.0235116587,4.08027176132,0.144818704478,-0.0561908890184,0.131118504544,-0.989772964754
3.896,9.119439187,2.255131035,9.394135781,-83.024889496,4.08027668884,0.144869721518,-0.0561906219098,0.131117856794,-0.989773065727
3.897,9.119403448,2.255227566,9.39412426,-83.0209634101,4.07958899912,0.144901942063,-0.0561923004045,0.131117237323,-0.989773052498
3.898,9.119363883,2.255223536,9.394084885,-83.0148923687,4.07836742152,0.144944681918,-0.0561922339151,0.131116553186,-0.989773146902
3.899,9.119446565,2.255041793,9.394121521,-83.0091369434,4.07714190248,0.144863017406,-0.0561890726246,0.131117985256,-0.989773136663
3.9,9.119362833,2.25509834,9.394053811,-83.0062570818,4.07621454194,0.144939337492,-0.0561900616891,0.131116535973,-0.989773272503
3.901,9.119389445,2.255065258,9.394071703,-83.0048257661,4.07598528018,0.144905405912,-0.0561894845869,0.131116996307,-0.989773244284
3.902,9.11941139,2.255266665,9.394141357,-83.0029888863,4.07677606125,0.144889117527,-0.0561929776676,0.131117374455,-0.989772995882
3.903,9.119442034,2.255048421,9.394118712,-83.0023501826,4.07794001692,0.144859290799,-0.0561891885091,0.131117906179,-0.98977314056
3.904,9.119445236,2.255038867,9.394119528,-83.0043398755,4.07862305013,0.144862086526,-0.0561890223448,0.131117962279,-0.989773142561
3.905,9.11950032,2.255359101,9.394249877,-83.0040146354,4.07868046124,0.144797441615,-0.0561945739472,0.13111891217,-0.989772701548
3.906,9.11942416,2.254891191,9.39406362,-83.0004851562,4.07876199532,0.144871629253,-0.056186461277,0.131117599147,-0.989773336054
3.907,9.11936453,2.254987794,9.394028921,-83.0030355131,4.0789241988,0.144930670998,-0.0561881433628,0.131116566363,-0.98977337738
3.908,9.119421202,2.255108287,9.394112861,-83.0101503103,4.07884357661,0.1448690587,-0.0561902284439,0.131117545223,-0.989773129339
3.909,9.119367798,2.255014797,9.394038576,-83.0150496087,4.07899502663,0.1449252459,-0.0561886113345,0.131116623181,-0.989773343287
3.91,9.119326411,2.255380435,9.394086177,-83.0145098753,4.07961338115,0.144971480052,-0.0561949591149,0.13111590318,-0.989773078288
3.911,9.119293217,2.255224173,9.394016438,-83.0095706718,4.07970882062,0.145009200022,-0.0561922500037,0.131115330395,-0.989773307973
3.912,9.119269344,2.2551568,9.39397709,-83.0050365926,4.07950123517,0.145033191268,-0.0561910837824,0.131114918598,-0.989773428732
3.913,9.119310997,2.255302003,9.394052383,-83.0024172041,4.07933228291,0.144990332683,-0.0561935997577,0.13111563751,-0.989773190659
3.914,9.119304171,2.255241729,9.394031287,-83.0001139992,4.07941502277,0.144991513667,-0.0561925537956,0.131115520389,-0.989773265557
3.915,9.119392029,2.255476062,9.394172835,-82.9973323833,4.08052468839,0.144896763714,-0.0561966123593,0.13111703779,-0.989772834119
3.916,9.119421238,2.255124943,9.394116894,-82.9941487466,4.08211464562,0.144874990035,-0.0561905175598,0.131117546123,-0.989773112807
3.917,9.119356468,2.255294971,9.394094836,-82.9927498292,4.08281842932,0.144949086646,-0.0561934732509,0.131116423812,-0.989773093679
3.918,9.11944628,2.25524071,9.394168996,-82.9929037062,4.08297320257,0.144861549472,-0.0561925243691,0.131117978073,-0.989772941654
3.919,9.119303216,2.255284703,9.394040676,-82.9936488476,4.08295475297,0.145003522701,-0.056193299596,0.131115503418,-0.989773225463
3.92,9.119324052,2.255210975,9.394043204,-82.9948842422,4.0824352505,0.144974953632,-0.0561920184722,0.131115864473,-0.989773250368
3.921,9.119353922,2.255008293,9.394023545,-82.9969462362,4.08156138866,0.144947069401,-0.0561884997942,0.131116382477,-0.989773381506
3.922,9.119358471,2.255353524,9.394110838,-82.9981447724,4.08097459215,0.144932161731,-0.0561944893783,0.131116458096,-0.989773031447
3.923,9.119303954,2.255300547,9.394045197,-82.9969486191,4.08085549382,0.14501009904,-0.056193574401,0.131115515334,-0.989773208283
3.924,9.11938166,2.255224122,9.394102283,-82.9979477232,4.08068009922,0.144922675644,-0.0561922421524,0.131116860651,-0.989773105704
3.925,9.11941151,2.255525979,9.394203731,-83.0015160183,4.08035645534,0.144901680049,-0.0561974772173,0.131117374119,-0.98977274046
3.926,9.119390554,2.255254592,9.394118232,-83.0015420014,4.07975656923,0.144921295701,-0.0561927697772,0.13111701421,-0.989773055407
3.927,9.119427424,2.255495239,9.394211799,-82.9963366074,4.07912214034,0.144872090663,-0.0561969421727,0.131117649823,-0.989772734316
3.928,9.119347866,2.255019864,9.394020443,-82.9901151878,4.07878678053,0.144953294107,-0.0561887007934,0.131116278172,-0.989773383912
3.929,9.119408288,2.255118489,9.394102774,-82.9908468264,4.07896466887,0.144884551814,-0.0561904065218,0.131117321794,-0.989773148828
3.93,9.119218846,2.25520425,9.39393946,-82.9962030506,4.07945242457,0.14508568847,-0.0561919109864,0.131114044275,-0.989773497591
3.931,9.119342365,2.255392632,9.394104593,-82.9973287259,4.07941479478,0.144965695171,-0.0561951691619,0.131116179183,-0.9897730298
3.932,9.11944423,2.255358868,9.394195372,-82.994973105,4.07901895102,0.144862850724,-0.0561945747852,0.131117942103,-0.989772830009
3.933,9.119387272,2.255314644,9.394129463,-82.9940294805,4.07848981845,0.144929157302,-0.0561938119297,0.13111695691,-0.98977300383
3.934,9.119334496,2.255516765,9.394126757,-82.9943519148,4.07796797796,0.144962323267,-0.0561973234997,0.131116041786,-0.989772925684
3.935,9.119365785,2.255281835,9.394100727,-82.9940109948,4.07833492075,0.144932216944,-0.0561932444784,0.131116585194,-0.989773085289
3.936,9.119400178,2.25530133,9.394138795,-82.9942103862,4.07910161691,0.144905558831,-0.0561935801266,0.131117180361,-0.98977298739
3.937,9.11940608,2.255420199,9.394173063,-82.9957424126,4.07903794592,0.144901449371,-0.0561956422711,0.131117280809,-0.989772857005
3.938,9.119369189,2.255549388,9.394168268,-82.9967221985,4.0784248791,0.144925193551,-0.0561978873857,0.131116641739,-0.989772814191
3.939,9.119218495,2.255308504,9.393964148,-82.9933199863,4.07776206069,0.145085691134,-0.0561937204793,0.131114037303,-0.989773395784
3.94,9.119337802,2.255524641,9.394131858,-82.9889319193,4.07728993323,0.144959904642,-0.0561974601815,0.131116099413,-0.98977291029
3.941,9.119300636,2.255529381,9.394096916,-82.9865460443,4.07754276263,0.145006912445,-0.0561975461808,0.131115456258,-0.989772990606
3.942,9.119344152,2.255096948,9.394035342,-82.9872152663,4.07791171712,0.144955261317,-0.0561900386504,0.131116212841,-0.989773316617
3.943,9.119307779,2.25580215,9.394169346,-82.9889903178,4.07810377528,0.144986648812,-0.0562022784203,0.131115577156,-0.989772705891
3.944,9.119299257,2.255393884,9.394063046,-82.9886338214,4.07829999103,0.144991902571,-0.0561951942211,0.131115433962,-0.989773127097
3.945,9.119270231,2.255191182,9.393986204,-82.9885239533,4.07816806796,0.14502727811,-0.0561916801013,0.131114933914,-0.989773392849
3.946,9.119232258,2.255072519,9.393920856,-82.9902397686,4.07736794013,0.145075131528,-0.0561896240029,0.131114277649,-0.989773596511
3.947,9.119311834,2.255282994,9.394048632,-82.9908596273,4.07655744706,0.1449848661,-0.0561932697732,0.13111565234,-0.989773207429
3.948,9.119387549,2.255468648,9.394166705,-82.9885007674,4.07608324304,0.14492383283,-0.0561964846,0.13111696046,-0.989772851617
3.949,9.119383461,2.255369258,9.394138875,-82.9851471491,4.07603417902,0.144911270326,-0.0561947607006,0.131116890674,-0.989772958738
3.95,9.119346749,2.254939628,9.394000099,-82.9857633167,4.07660764298,0.144945295261,-0.0561873084627,0.131116259551,-0.98977346542
3.951,9.119270258,2.25508815,9.393961497,-82.9928464077,4.07723323744,0.145027121597,-0.0561898924469,0.131114934663,-0.989773494237
3.952,9.119195931,2.255496956,9.393987489,-82.9988400715,4.07695027764,0.145107125983,-0.0561969922218,0.131113645677,-0.989773261905
3.953,9.119291012,2.255766981,9.394144625,-82.9967961402,4.07614500045,0.145008400443,-0.0562016692238,0.13111528735,-0.989772778874
3.954,9.119309741,2.255701453,9.394147071,-82.9899444388,4.0762537581,0.144989479516,-0.0562005305369,0.131115611953,-0.98977280053
3.955,9.119177651,2.255267058,9.393914548,-82.985481139,4.07834639995,0.145120575095,-0.0561930039317,0.131113331429,-0.989773529971
3.956,9.11921399,2.25535172,9.39397015,-82.9864610536,4.08149053791,0.145089308752,-0.056194470627,0.131113959134,-0.989773363549
3.957,9.119224822,2.255431702,9.393999868,-82.988734306,4.08406221375,0.145081180959,-0.0561958568187,0.131114146086,-0.989773260082
3.958,9.119230026,2.255243137,9.393959648,-82.9881850032,4.08570674761,0.145066053944,-0.0561925846688,0.131114237026,-0.989773433811
3.959,9.119276184,2.255263361,9.394009311,-82.9878986252,4.08682700644,0.14501473344,-0.0561929315403,0.131115035449,-0.989773308351
3.96,9.119255243,2.255233344,9.393981777,-82.9894504221,4.08752721831,0.145043912009,-0.0561924130278,0.131114674045,-0.989773385664
3.961,9.119244622,2.255044405,9.393926109,-82.9910357789,4.08710960383,0.145063518413,-0.0561891351495,0.131114492065,-0.98977359586
3.962,9.119173271,2.255422602,9.39394764,-82.9905939944,4.08507283221,0.145135334775,-0.056195703117,0.131113254407,-0.989773386927
3.963,9.119230845,2.25544538,9.394008999,-82.9867591252,4.08303151819,0.145061878243,-0.0561960943675,0.131114250269,-0.989773232793
3.964,9.119217045,2.25533825,9.393969882,-82.9810460589,4.08196142078,0.145090054141,-0.0561942362146,0.131114012379,-0.989773369804
3.965,9.119308823,2.25492918,9.393960773,-82.9769564214,4.08081695798,0.144993710977,-0.0561871306705,0.13111560385,-0.989773562374
3.966,9.119285882,2.255614162,9.394102951,-82.9772848834,4.07924811862,0.145012703492,-0.0561990180193,0.131115199863,-0.989772941001
3.967,9.119316026,2.255422748,9.394086255,-82.9768431311,4.07757166833,0.14498663193,-0.0561956944133,0.131115723663,-0.989773060321
3.968,9.119204413,2.255315097,9.393952061,-82.9723241789,4.07595721043,0.145096826873,-0.0561938352355,0.131113793557,-0.989773421557
3.969,9.119261654,2.255164434,9.393971458,-82.967413502,4.07436960193,0.145050863822,-0.0561912165294,0.131114785534,-0.989773438823
3.97,9.119189123,2.255119287,9.393890209,-82.9661723091,4.07273423231,0.145113370448,-0.0561904388773,0.131113531435,-0.9897736491
3.971,9.119242639,2.255251821,9.393973977,-82.9701131552,4.07148245292,0.1450505395,-0.0561927341569,0.131114455745,-0.98977339635
3.972,9.119203514,2.25529292,9.393945864,-82.9755431913,4.07052058785,0.145092097985,-0.0561934504926,0.131113778905,-0.989773445341
3.973,9.119235049,2.255321655,9.393983374,-82.9788134416,4.06963363935,0.145057027712,-0.056193946954,0.131114323609,-0.989773344999
3.974,9.119254064,2.255155233,9.393961881,-82.979147893,4.06855311027,0.145050102433,-0.0561910572913,0.131114654086,-0.989773465276
3.975,9.119299494,2.255578957,9.394107711,-82.9751316195,4.06682596775,0.145008299933,-0.056198406302,0.131115436269,-0.989772944418
3.976,9.119170374,2.255247357,9.393902754,-82.9690756367,4.06492406136,0.1451372265,-0.0561926632661,0.131113205878,-0.989773565943
3.977,9.119175972,2.255397775,9.393944301,-82.9673188331,4.06334473366,0.145132209388,-0.0561952725782,0.131113300736,-0.989773405235
3.978,9.119242336,2.255301456,9.3939856,-82.9711311096,4.06246141592,0.145059353714,-0.0561935953781,0.131114450052,-0.98977334821
3.979,9.119175247,2.255488503,9.39396538,-82.9760695214,4.06249586742,0.145116813918,-0.0561968471619,0.131113287927,-0.989773317532
3.98,9.119198973,2.255503495,9.393992013,-82.9789598403,4.06305151444,0.145096217818,-0.0561971052958,0.131113698288,-0.989773248516
3.981,9.119122982,2.25528585,9.39386599,-82.9794765643,4.06363646531,0.145182115966,-0.0561933352498,0.131112385361,-0.989773636484
3.982,9.119248694,2.255234873,9.393975787,-82.978930903,4.06389198357,0.145046924778,-0.0561924400051,0.131114560588,-0.989773399162
3.983,9.119155124,2.255536482,9.393957366,-82.9774207737,4.0639865283,0.145142745031,-0.0561976810708,0.131112938724,-0.989773316442
3.984,9.119339075,2.255442898,9.394113467,-82.9758665192,4.06401424606,0.144965169017,-0.0561960421325,0.131116122452,-0.989772987751
3.985,9.119173234,2.255521389,9.393971323,-82.9753522316,4.06352425706,0.145138568082,-0.0561974175785,0.13111325297,-0.989773289776
3.986,9.119244667,2.255520193,9.394040379,-82.9752540882,4.06264281111,0.145055858263,-0.0561973906513,0.131114488353,-0.989773127655
3.987,9.119302931,2.255423461,9.394073713,-82.9740610697,4.06245149186,0.144993051552,-0.0561957080885,0.131115497135,-0.989773089553
3.988,9.119197974,2.255256684,9.393931786,-82.9724765504,4.06318791143,0.145098284126,-0.0561928221507,0.131113683175,-0.989773493696
3.989,9.119168911,2.254999308,9.393841786,-82.9746142895,4.06407540606,0.14512307335,-0.0561883589378,0.131113182756,-0.989773813367
3.99,9.119199983,2.255473063,9.393985686,-82.9783314232,4.06455400624,0.145096572242,-0.0561965769556,0.131113715783,-0.989773276196
3.991,9.119225092,2.255243004,9.393954826,-82.9788047097,4.06452034288,0.145080732369,-0.0561925825813,0.13111415187,-0.98977344521
3.992,9.119057529,2.255324332,9.39381169,-82.9781614914,4.06434646923,0.145243677311,-0.0561940079834,0.131111252627,-0.989773748339
3.993,9.119073812,2.255333482,9.393829693,-82.9765451327,4.0644106896,0.14522440358,-0.0561941660167,0.131111534403,-0.989773702041
3.994,9.11913501,2.255351962,9.393893538,-82.9737164882,4.06481573952,0.14515829485,-0.0561944806588,0.131112592925,-0.989773543958
3.995,9.119210177,2.255536149,9.394010728,-82.9715834894,4.06586916939,0.145083139242,-0.0561976705354,0.131113891092,-0.989773190882
3.996,9.119057704,2.255444654,9.393840748,-82.9700459561,4.06689112522,0.145252180139,-0.0561960955575,0.131111254469,-0.989773629572
3.997,9.119260723,2.255258082,9.393993035,-82.9681523512,4.06699904517,0.145044895976,-0.0561928413608,0.131114768048,-0.989773348893
3.998,9.119121807,2.255204358,9.393845285,-82.9681991331,4.06726299087,0.145175988106,-0.0561919213442,0.131112365824,-0.989773719344
3.999,9.119287508,2.25528746,9.39402609,-82.9717422578,4.06835730827,0.145013626257,-0.0561933490092,0.131115231078,-0.989773258735
4,9.119125879,2.255138808,9.3938335,-82.9781042273,4.0690269628,0.145174491784,-0.056190783516,0.131112436803,-0.989773774538
4.001,9.119219444,2.25527811,9.393957772,-82.9855335915,4.06900923074,0.145072026447,-0.0561931929897,0.131114054621,-0.989773423437
4.002,9.119246938,2.255454482,9.394026806,-82.9870719675,4.06938834025,0.145038922871,-0.0561962509347,0.131114528487,-0.989773187049
4.003,9.119243718,2.255386,9.394007239,-82.9815379497,4.07009983083,0.145059320699,-0.0561950622231,0.131114472697,-0.98977326193
4.004,9.119102235,2.255092043,9.393799322,-82.9761639193,4.0700162992,0.145200615788,-0.0561899742854,0.13111202867,-0.989773874543
4.005,9.119072574,2.255277488,9.393815048,-82.9754939523,4.06962201775,0.14522887144,-0.0561931944961,0.131111513391,-0.989773759982
4.006,9.119127534,2.255381276,9.393893319,-82.9758251766,4.06951938138,0.145171981458,-0.0561949903305,0.131112463466,-0.989773532171
4.007,9.119275557,2.255279735,9.394012634,-82.9749454601,4.06996121842,0.145020566838,-0.0561932160441,0.131115024968,-0.989773293587
4.008,9.119226475,2.255409335,9.393996102,-82.9752551217,4.07070445613,0.145073134057,-0.0561954685482,0.131114174602,-0.989773278349
4.009,9.119248058,2.255199865,9.393966764,-82.9777185463,4.07124064284,0.145050817041,-0.0561918329079,0.131114549629,-0.98977343508
4.01,9.119193786,2.255487854,9.393983221,-82.9803476262,4.07148569925,0.145099915173,-0.0561968345342,0.131113608232,-0.989773275819
4.011,9.119065167,2.25548785,9.393858364,-82.9803547986,4.07191304897,0.145235378206,-0.0561968445095,0.131111383534,-0.989773569952
4.012,9.11919699,2.25561837,9.39401767,-82.9772264483,4.07198403632,0.145098814928,-0.0561990990375,0.131113662961,-0.989773139993
4.013,9.119043164,2.255339895,9.393801481,-82.9730848751,4.07231432931,0.145250894939,-0.0561942791486,0.131111003982,-0.989773765881
4.014,9.119136163,2.255560271,9.393944672,-82.9714348685,4.07334307627,0.145156762044,-0.0561980957115,0.131112610978,-0.989773336315
4.015,9.119139616,2.255518572,9.393938011,-82.9714961215,4.0746062283,0.145149068165,-0.056197371327,0.131112671144,-0.989773369475
4.016,9.119122006,2.255414218,9.393895862,-82.9730576005,4.07562121233,0.145170959552,-0.056195562923,0.131112366918,-0.989773512451
4.017,9.11909337,2.255576021,9.393906913,-82.9737404083,4.07576904178,0.145200935901,-0.0561983728457,0.131111871066,-0.989773418594
4.018,9.119123957,2.255490182,9.393915995,-82.9702130725,4.07541935152,0.145166828078,-0.0561968803301,0.131112400625,-0.989773433187
4.019,9.119044297,2.25523382,9.393777114,-82.9663789991,4.07495522077,0.145258600288,-0.0561924391688,0.131111024741,-0.989773867594
4.02,9.119043456,2.255559684,9.393854536,-82.9667197979,4.07438602173,0.145260368017,-0.0561980934422,0.131111007607,-0.989773548837
4.021,9.119059702,2.255323288,9.393813549,-82.9698167914,4.07383342489,0.145240114471,-0.0561939900143,0.131111290562,-0.989773744334
4.022,9.119221237,2.255357569,9.393978589,-82.9733945578,4.07376196074,0.145081650704,-0.0561945714976,0.131114084054,-0.989773341274
4.023,9.119027092,2.255185114,9.393748719,-82.9785387697,4.07366280289,0.145268040476,-0.0561915951675,0.131110727998,-0.989773954818
4.024,9.119097115,2.255361315,9.393858997,-82.9839406168,4.07394944383,0.145192829704,-0.0561946464868,0.131111936948,-0.989773621439
4.025,9.118990698,2.255172224,9.393710295,-82.9852581793,4.07440639822,0.145312364026,-0.056191374665,0.131110098617,-0.989774050707
4.026,9.119126686,2.255378798,9.3938919,-82.9827966892,4.07440526177,0.145176817685,-0.056194947865,0.131112448243,-0.989773536598
4.027,9.119020994,2.255271727,9.393763593,-82.9803717796,4.07421452965,0.14528094023,-0.056193098246,0.131110621717,-0.989773883563
4.028,9.119104778,2.255450345,9.393887811,-82.9777364523,4.07448350524,0.145202514984,-0.0561961911233,0.131112069446,-0.989773516189
4.029,9.119109274,2.255496017,9.393903141,-82.9724827365,4.07508627398,0.145187224431,-0.0561969825865,0.1311121465,-0.989773461045
4.03,9.119135333,2.255356621,9.39389497,-82.9675058432,4.07598585969,0.145165251122,-0.0561945623654,0.131112598773,-0.989773538545
4.031,9.119132153,2.255549137,9.393938106,-82.9649721036,4.07685395799,0.145173909511,-0.0561979022373,0.131112542132,-0.98977335642
4.032,9.119100032,2.255468739,9.393887621,-82.9619193704,4.07753133423,0.145193865574,-0.0561965099476,0.13111198668,-0.989773509051
4.033,9.119169835,2.255065825,9.393858651,-82.9611227388,4.07842306735,0.145122198698,-0.0561895133863,0.131113198365,-0.989773745762
4.034,9.11894239,2.255585962,9.393762736,-82.9626854841,4.07895921057,0.145364735056,-0.0561985574661,0.131109258368,-0.989773754203
4.035,9.119042395,2.255303694,9.393792043,-82.9619354057,4.07818538757,0.145256374846,-0.0561936510386,0.131110991319,-0.989773803219
4.036,9.119137763,2.255543075,9.393942096,-82.9617533127,4.07716871502,0.145153076905,-0.0561977967534,0.131112638517,-0.989773349642
4.037,9.118969746,2.255173637,9.393690295,-82.9646069746,4.07686550393,0.145332167172,-0.056191400879,0.131109735564,-0.989774097311
4.038,9.119036389,2.25530219,9.393785852,-82.9697768794,4.07663108645,0.145258793401,-0.0561936256326,0.131110887247,-0.989773818447
4.039,9.119019814,2.255235301,9.393753703,-82.9749955106,4.07596925001,0.145284417416,-0.0561924669884,0.131110601382,-0.989773922095
4.04,9.119087668,2.255336876,9.393843959,-82.9776502541,4.0751235252,0.145212520352,-0.0561942228406,0.131111774262,-0.989773667042
4.041,9.11893224,2.255494812,9.393730996,-82.9753143715,4.07477308454,0.145369945779,-0.0561969767858,0.131109083699,-0.989773867089
4.042,9.119135417,2.255350987,9.393893699,-82.9720027401,4.0752287571,0.145159873093,-0.0561944645886,0.131112600061,-0.989773543926
4.043,9.11909585,2.255139454,9.393804505,-82.9740940535,4.07612727236,0.145199234168,-0.0561907968961,0.131111917654,-0.989773842549
4.044,9.118973134,2.255293417,9.393722341,-82.9787702893,4.07644925262,0.145323456495,-0.0561934784687,0.131109793524,-0.989773971682
4.045,9.119066571,2.255390746,9.393836412,-82.981268926,4.07578822427,0.145222520458,-0.0561951596392,0.131111409186,-0.989773662215
4.046,9.119093634,2.255440385,9.393874602,-82.9807439878,4.07495630077,0.145208202701,-0.0561960184173,0.131111876357,-0.989773551572
4.047,9.118998524,2.255272576,9.393741984,-82.9784457758,4.07401462462,0.145306262274,-0.0561931151038,0.131110233162,-0.989773934075
4.048,9.119134885,2.255278319,9.393875736,-82.975839311,4.07295580147,0.145174562002,-0.0561932037473,0.131112591782,-0.989773616606
4.049,9.119155357,2.255217441,9.393880994,-82.9742116254,4.07203298246,0.145155111021,-0.0561921449679,0.13111294562,-0.989773629844
4.05,9.119042542,2.255312428,9.393794283,-82.9726566286,4.07166043041,0.145258397765,-0.0561938031604,0.131110993933,-0.989773794236
4.051,9.119171161,2.255493213,9.393962545,-82.9684217545,4.07204619597,0.145125330108,-0.0561969291191,0.131113217208,-0.989773322246
4.052,9.119122882,2.255624896,9.393947297,-82.9601855234,4.07279764457,0.145167302974,-0.0561992175538,0.131112380961,-0.989773303088
4.053,9.118990486,2.255273396,9.393734379,-82.9529485167,4.07363355938,0.14529802158,-0.0561931297476,0.131110093851,-0.989773951698
4.054,9.119083407,2.255761812,9.393941853,-82.9482502619,4.07438364255,0.145207910206,-0.0562015975679,0.131111696236,-0.989773258651
4.055,9.119035557,2.255103352,9.393737308,-82.945240746,4.07471466815,0.145262602566,-0.0561901761099,0.13111087527,-0.989774015872
4.056,9.119021996,2.255041549,9.393709307,-82.9491624639,4.07442500566,0.145274797092,-0.0561891048536,0.131110640585,-0.989774107775
4.057,9.11906586,2.25518929,9.393787356,-82.9587160661,4.07419151294,0.145226479983,-0.0561916642821,0.131111397959,-0.989773862148
4.058,9.119162979,2.255542225,9.39396637,-82.9654853961,4.07451857185,0.145131719598,-0.0561977804921,0.13111307509,-0.989773292733
4.059,9.119180036,2.255268158,9.393917127,-82.9679808542,4.07490534743,0.145118004159,-0.0561930231363,0.131113372893,-0.989773523388
4.06,9.119166689,2.255340152,9.393921455,-82.9686196582,4.07487717643,0.145131377782,-0.0561942740063,0.13111314116,-0.989773483068
4.061,9.119093576,2.255358905,9.393854983,-82.9675564839,4.07426835364,0.145203736588,-0.0561946049289,0.131111875943,-0.989773631879
4.062,9.118908995,2.255341708,9.393671672,-82.9665895473,4.07295990983,0.145391091888,-0.056194321735,0.131108683868,-0.989774070795
4.063,9.118987794,2.255373754,9.39375586,-82.9658568078,4.07139770524,0.145312180797,-0.0561948716386,0.131110046091,-0.989773859129
4.064,9.118964088,2.255730153,9.393818423,-82.9628549446,4.07023166161,0.145331304691,-0.0562010576593,0.131109633219,-0.989773562586
4.065,9.118904657,2.25554387,9.393716,-82.9549246502,4.06984029753,0.145397902762,-0.0561978300312,0.131108606033,-0.989773881916
4.066,9.119096531,2.255383705,9.393863806,-82.94772228,4.06982640349,0.145196474413,-0.0561950350497,0.131111926596,-0.989773600749
4.067,9.119063022,2.255760199,9.393921677,-82.9449245739,4.07068327217,0.145224996091,-0.0562015705194,0.131111344151,-0.989773306826
4.068,9.119024878,2.255247847,9.393761631,-82.9434611478,4.07165465511,0.145271360582,-0.0561926841589,0.131110689064,-0.989773898151
4.069,9.118904196,2.255500897,9.393705235,-82.9435583509,4.07166430613,0.14539658072,-0.056197084497,0.131108599358,-0.989773925131
4.07,9.118986535,2.255596922,9.393808221,-82.9433337049,4.07086951566,0.145318070258,-0.0561987439086,0.131110022358,-0.989773642415
4.071,9.119091618,2.255584054,9.393907141,-82.9434240497,4.0702290115,0.145206880024,-0.0561985120973,0.131111840456,-0.989773414742
4.072,9.118997306,2.25564205,9.393829514,-82.9437793619,4.0696644704,0.145304070755,-0.056199525996,0.131110208683,-0.989773573327
4.073,9.118877774,2.255603926,9.393704324,-82.9425889774,4.06877486382,0.145418297878,-0.0561988742961,0.131108140849,-0.989773884244
4.074,9.118934993,2.255356778,9.393700528,-82.9414267187,4.06798696715,0.145356181641,-0.0561945816964,0.131109133151,-0.989773996523
4.075,9.118895461,2.255482725,9.393692392,-82.9430376886,4.06773540381,0.145401208255,-0.0561967702984,0.131108447825,-0.989773963043
4.076,9.118930276,2.255652309,9.393766908,-82.9445070376,4.06782809445,0.145371563231,-0.0561997096036,0.131109048632,-0.989773716567
4.077,9.119075649,2.255481519,9.393867019,-82.9434677891,4.0683285937,0.145221934468,-0.0561967346432,0.13111156481,-0.989773552177
4.078,9.118941297,2.255430648,9.393724383,-82.941255006,4.06901631466,0.145361613245,-0.0561958629587,0.131109240963,-0.989773909497
4.079,9.118891294,2.255481346,9.393688016,-82.9414877489,4.06921258138,0.145400996601,-0.0561967465603,0.131108376429,-0.989773973848
4.08,9.118929077,2.255235007,9.393665549,-82.948065258,4.06909734451,0.145366424707,-0.0561924690863,0.131109032158,-0.989774129842
4.081,9.118985694,2.255653971,9.393821103,-82.9573730425,4.06941212401,0.145303074079,-0.056199734221,0.131110006836,-0.989773588242
4.082,9.118951985,2.255259596,9.39369369,-82.9619847874,4.07019670094,0.145348326658,-0.0561928941358,0.131109428054,-0.989774053269
4.083,9.118913959,2.25537149,9.393683641,-82.9630728653,4.07027316277,0.145391786758,-0.0561948382985,0.13110876887,-0.989774030208
4.084,9.118916259,2.255541846,9.393726777,-82.9611167354,4.06926081568,0.1453840057,-0.0561977947124,0.131108807703,-0.989773857208
4.085,9.118896486,2.255328722,9.393656411,-82.9573569341,4.06840399486,0.145396462655,-0.0561940980602,0.131108467442,-0.989774112163
4.086,9.11904966,2.255453938,9.393835169,-82.9553242949,4.06861145017,0.145243783261,-0.0561962580127,0.131111116062,-0.989773638682
4.087,9.119080582,2.255577885,9.393894946,-82.9536163755,4.06959894059,0.145212577889,-0.0561984062484,0.131111649761,-0.989773446013
4.088,9.118955197,2.255458025,9.39374445,-82.9505870511,4.07084361945,0.14533702595,-0.0561963370211,0.131109481938,-0.98977385066
4.089,9.119043509,2.255469832,9.393833013,-82.9457708188,4.07166394283,0.145261549887,-0.0561965340497,0.13111100866,-0.989773637237
4.09,9.118941838,2.255338635,9.393702816,-82.9389539315,4.0716825814,0.145356884263,-0.0561942663536,0.131109251536,-0.989773998744
4.091,9.118996404,2.255507815,9.393796406,-82.9323205738,4.07129512289,0.145305665527,-0.0561971969001,0.131110193783,-0.989773707545
4.092,9.119010036,2.25542725,9.393790296,-82.9273213,4.07132263913,0.145275296446,-0.0561957981605,0.131110430247,-0.989773755638
4.093,9.119086253,2.255699926,9.393929756,-82.9248841601,4.07219120959,0.145206242096,-0.0562005231732,0.131111746264,-0.98977331303
4.094,9.119090929,2.255744735,9.393945054,-82.922548963,4.07304340266,0.145201587868,-0.0562013001307,0.13111182715,-0.989773258199
4.095,9.118935584,2.255376594,9.393705859,-82.921420518,4.07311340553,0.145362377255,-0.0561949249964,0.131109142711,-0.989773975765
4.096,9.118957393,2.255479004,9.393751618,-82.9237421197,4.07259920428,0.145340796192,-0.0561967002156,0.131109519834,-0.98977382502
4.097,9.118926631,2.255619843,9.393755573,-82.928083836,4.071663973,0.145371736118,-0.0561991466953,0.131108986424,-0.989773756769
4.098,9.118944835,2.255610468,9.393770994,-82.9304946342,4.07081375271,0.145352460401,-0.0561989830102,0.131109300632,-0.989773724442
4.099,9.118972073,2.255433732,9.393754999,-82.9318839401,4.07061422289,0.145316468017,-0.0561959141242,0.131109773775,-0.989773836013
4.1,9.119035385,2.255541207,9.393842264,-82.9335606763,4.07114662781,0.14525949299,-0.0561977731023,0.131110868209,-0.989773585491
4.101,9.118908267,2.255375483,9.393679075,-82.9258663855,4.073446914,0.145384413504,-0.05619490791,0.131108670674,-0.989774039263
4.102,9.118861245,2.255355331,9.393628589,-82.8974750259,4.07859874142,0.145431680362,-0.0561945628668,0.131107857525,-0.989774166565
4.103,9.119007476,2.255391169,9.393779147,-82.8564950686,4.08481881257,0.145287167191,-0.0561951717781,0.131110386562,-0.989773796988
4.104,9.118993618,2.255300299,9.393743878,-82.816687813,4.08923171655,0.145309747526,-0.0561935961543,0.131110147837,-0.989773918067
4.105,9.118991488,2.255324172,9.393747542,-82.7855321008,4.09143485094,0.145298238704,-0.0561940105871,0.131110110186,-0.989773899525
4.106,9.118928686,2.255464485,9.393720266,-82.7643339878,4.09221100321,0.145364698892,-0.0561964512784,0.131109023131,-0.989773904949
4.107,9.118885386,2.255387801,9.39365982,-82.7532859581,4.09226694834,0.145405990475,-0.0561951237324,0.131108274204,-0.989774079527
4.108,9.118995457,2.255376441,9.393763944,-82.7539401078,4.09205128271,0.145303725253,-0.0561949180239,0.131110179052,-0.989773838883
4.109,9.118973345,2.255465835,9.393763942,-82.7618809851,4.09119825221,0.145322480236,-0.0561964701171,0.131109795261,-0.9897738016
4.11,9.118901946,2.255585816,9.393723441,-82.7725802768,4.08979968437,0.145393868401,-0.0561985583619,0.131108559585,-0.989773846715
4.111,9.11893099,2.255284466,9.393679281,-82.7859456456,4.08799783152,0.145365614748,-0.0561933275686,0.131109064742,-0.989774076787
4.112,9.118897524,2.255370142,9.393667363,-82.802147312,4.08552541672,0.145393572636,-0.0561948161108,0.131108484317,-0.98977406916
4.113,9.118971466,2.255394921,9.393745091,-82.8212540914,4.08292037704,0.145325022962,-0.0561952406247,0.131109763309,-0.989773875638
4.114,9.11899243,2.255411742,9.393769481,-82.843740842,4.08043156493,0.145304260943,-0.0561955303412,0.131110125709,-0.989773811184
4.115,9.118976406,2.255773125,9.393840699,-82.8662170287,4.07818209599,0.145319471049,-0.0562018025285,0.131109845727,-0.989773492142
4.116,9.118837721,2.255423288,9.39362207,-82.8845110836,4.07655008118,0.145465233701,-0.0561957436087,0.131107449705,-0.989774153548
4.117,9.11892126,2.255818723,9.393798116,-82.8985642743,4.07534118366,0.145376376872,-0.0562025982634,0.131108891021,-0.989773573422
4.118,9.118905625,2.255450278,9.393694468,-82.9094633468,4.07439837788,0.145387147003,-0.0561962062349,0.131108623936,-0.98977397174
4.119,9.11885309,2.255321458,9.39361254,-82.9220652648,4.07327116428,0.145446049698,-0.056193975553,0.131107716272,-0.98977421862
4.12,9.118991403,2.255372136,9.393758975,-82.9383084639,4.07191973796,0.145301714834,-0.0561948431318,0.13111010834,-0.989773852502
4.121,9.118885458,2.255407647,9.393664655,-82.9530388915,4.06898014596,0.145409053429,-0.0561954679319,0.131108275532,-0.989774059809
4.122,9.118916156,2.255633223,9.393748618,-82.961035973,4.06276939471,0.145375672092,-0.0561993796486,0.131108804757,-0.989773767607
4.123,9.118842395,2.255538935,9.393654375,-82.9618729449,4.05467186046,0.145454998247,-0.0561977495296,0.131107529249,-0.989774029121
4.124,9.118891013,2.25555549,9.393705545,-82.9586662458,4.04738661819,0.145404838279,-0.0561980330406,0.131108370591,-0.989773901577
4.125,9.118853759,2.255215495,9.393587749,-82.9568722427,4.04233609766,0.145436227965,-0.056192136926,0.131107728856,-0.989774321339
4.126,9.118945165,2.255738609,9.393802084,-82.9588795073,4.03981160656,0.145343642612,-0.0562012061121,0.131109305339,-0.989773597589
4.127,9.118901794,2.255203214,9.393631431,-82.9619212153,4.03863385645,0.145401616512,-0.0561919197827,0.13110855979,-0.989774223599
4.128,9.118944694,2.255455096,9.393733551,-82.9666783545,4.03787675287,0.145348066549,-0.0561962870473,0.131109299884,-0.989773877613
4.129,9.118877715,2.255239254,9.393616709,-82.9720043272,4.03778036976,0.145421045921,-0.0561925470558,0.131108143457,-0.989774243136
4.13,9.118937381,2.255632946,9.393769155,-82.9738386092,4.03891138859,0.145360259174,-0.0561993734768,0.131109171275,-0.989773719407
4.131,9.118974648,2.255520252,9.393778273,-82.9703706215,4.04157965621,0.145322315822,-0.0561974146882,0.131109817723,-0.989773744994
4.132,9.118871633,2.255523747,9.393679111,-82.9666262202,4.04494484003,0.145428719755,-0.0561974841228,0.13110803526,-0.989773977163
4.133,9.118905544,2.255365814,9.393674109,-82.9678452881,4.04846345134,0.145381639579,-0.0561947402859,0.131108623472,-0.989774055033
4.134,9.118931404,2.255319339,9.393688055,-82.9727367922,4.05248882051,0.145360506664,-0.0561939320518,0.131109071691,-0.989774041547
4.135,9.118830438,2.255777467,9.393700045,-82.9741765992,4.05652906152,0.145463614031,-0.056201889665,0.131107320986,-0.989773821629
4.136,9.118865469,2.255377984,9.393638129,-82.9697432279,4.06002954901,0.145432845197,-0.0561949551478,0.131107929877,-0.989774134709
4.137,9.118906143,2.255657115,9.393744635,-82.9659455807,4.06327836757,0.145386605157,-0.056199795077,0.131108631474,-0.989773766972
4.138,9.118927951,2.255687869,9.39377319,-82.9654011325,4.0664916937,0.145364795393,-0.0562003274198,0.131109008194,-0.989773686844
4.139,9.11877025,2.255114117,9.393482344,-82.9677208097,4.06949990942,0.145524815234,-0.0561903847537,0.131106285234,-0.989774612037
4.14,9.118855627,2.255717094,9.39371,-82.9727446973,4.07182684296,0.145430075502,-0.0562008403848,0.131107756342,-0.989773823541
4.141,9.118751592,2.255446975,9.393544147,-82.973656462,4.07211829828,0.145540706758,-0.0561961620015,0.131105959778,-0.989774327151
4.142,9.118856478,2.255507445,9.393660485,-82.9705698248,4.06962016692,0.145424521262,-0.0561972024056,0.131107773124,-0.989774027881
4.143,9.118860569,2.255553163,9.393675433,-82.9669645013,4.06543926225,0.145427030003,-0.0561979950321,0.131107844163,-0.989773973467
4.144,9.118859534,2.255468884,9.393654192,-82.9638541432,4.06134604903,0.145438333933,-0.056196532976,0.131107826951,-0.98977405876
4.145,9.118814962,2.255408764,9.39359649,-82.9597805957,4.05838226351,0.145482424942,-0.056195493435,0.131107056587,-0.989774219825
4.146,9.118822698,2.255409577,9.393604194,-82.9561038417,4.05707058945,0.145473680436,-0.0561955072872,0.131107190379,-0.989774201316
4.147,9.118829031,2.25539374,9.393606539,-82.9541910024,4.05688185761,0.145454529586,-0.056195231485,0.131107299421,-0.989774202531
4.148,9.118866869,2.255534374,9.393677038,-82.9541944914,4.05693102168,0.145421110442,-0.0561976688756,0.131107952577,-0.989773977625
4.149,9.118988295,2.255750837,9.393846888,-82.9544971253,4.05735821416,0.145300335834,-0.0562014143689,0.131110051236,-0.989773486959
4.15,9.118837187,2.25563425,9.393672206,-82.954071431,4.05865389236,0.145452771315,-0.0561994040244,0.13110743819,-0.989773947242
4.151,9.118798711,2.256012635,9.393725722,-82.9522994403,4.06091014584,0.145487683238,-0.0562059732538,0.131106769828,-0.989773662751
4.152,9.118827417,2.25568354,9.393674557,-82.9497058911,4.06345324979,0.145455991796,-0.0562002602684,0.131107269638,-0.989773920951
4.153,9.118775317,2.255738563,9.393637195,-82.9474636123,4.06586949075,0.145514464075,-0.0562012196868,0.131106367637,-0.989773985954
4.154,9.118752162,2.255433306,9.393541419,-82.944403209,4.06792783015,0.14552684306,-0.0561959249148,0.131105969958,-0.989774339263
4.155,9.118840649,2.255591494,9.3936653,-82.9438665448,4.07042452164,0.145443475721,-0.0561986620684,0.131107499236,-0.989773981284
4.156,9.118771964,2.255830468,9.39365601,-82.9450332633,4.07356591248,0.145510319206,-0.0562028140586,0.131106308986,-0.98977390319
4.157,9.118804462,2.255393905,9.393582729,-82.9426031549,4.07647031449,0.145491276142,-0.0561952368423,0.131106874659,-0.989774258492
4.158,9.118853927,2.255334817,9.39361656,-82.938733189,4.07846756067,0.145437227593,-0.0561942069624,0.131107730845,-0.989774203552
4.159,9.11875078,2.255412464,9.393535073,-82.9371782054,4.07991162683,0.145530540122,-0.0561955635575,0.131105946082,-0.989774362943
4.16,9.118781556,2.255199911,9.393513916,-82.9394415728,4.08124014109,0.145502628876,-0.0561918720572,0.131106480713,-0.989774501707
4.161,9.118776401,2.255613168,9.393608136,-82.9442830659,4.08238358751,0.145507992336,-0.0561990437855,0.131106387761,-0.989774106837
4.162,9.118799595,2.255810316,9.393677993,-82.9478610155,4.08382291873,0.145483576426,-0.0562024624448,0.131106786558,-0.989773859896
4.163,9.11874281,2.256109602,9.393694745,-82.9467213139,4.08584199529,0.145544579077,-0.0562076607596,0.131105801539,-0.989773695182
4.164,9.118904833,2.255959986,9.393816095,-82.941061927,4.08714847624,0.145380863786,-0.0562050511309,0.131108606216,-0.989773471863
4.165,9.11876434,2.255925818,9.393671507,-82.9350454264,4.08788393001,0.14551851401,-0.0562044692611,0.131106175835,-0.989773826838
4.166,9.118766401,2.25579312,9.39364164,-82.9317386919,4.0887848589,0.145514912244,-0.0562021671228,0.131106212371,-0.989773952723
4.167,9.118631609,2.255435619,9.393424947,-82.9303925525,4.08884646668,0.145661349039,-0.0561959753991,0.131103883886,-0.989774612717
4.168,9.118712646,2.255665025,9.393558698,-82.9291278978,4.08816889186,0.145578016013,-0.0561999489229,0.131105283725,-0.989774201685
4.169,9.118720234,2.255597515,9.393549854,-82.9272467486,4.08747090081,0.145577356956,-0.0561987770594,0.131105415404,-0.989774250781
4.171,9.118793931,2.255498308,9.393597574,-82.9301282033,4.08628058685,0.145501796979,-0.0561970492384,0.131106692017,-0.989774179783
4.172,9.118730347,2.255401856,9.393512691,-82.9358198012,4.08620330382,0.145555662955,-0.0561953812907,0.131105592603,-0.989774420113
4.173,9.118766094,2.255511509,9.393573721,-82.9411880418,4.08661289117,0.145520044605,-0.0561972808328,0.131106209658,-0.989774230527
4.174,9.11870435,2.255170152,9.393431825,-82.9454473948,4.08710855818,0.14558180962,-0.0561913630414,0.131105145219,-0.989774707505
4.175,9.118696304,2.255294593,9.39345389,-82.949692018,4.08719164798,0.145595640339,-0.0561935229303,0.131105004243,-0.989774603555
4.176,9.118802934,2.255634129,9.393638926,-82.9515017128,4.08724329883,0.145485275268,-0.0561994049738,0.131106846101,-0.989774025617
4.177,9.118781726,2.255626086,9.393616407,-82.9500053051,4.08738839859,0.145512757334,-0.0561992678425,0.131106479747,-0.989774081931
4.178,9.118783865,2.255550787,9.393600403,-82.9471304521,4.08722540819,0.14550693222,-0.0561979601367,0.131106516527,-0.98977415131
4.179,9.118734242,2.255734004,9.393596227,-82.9439354579,4.08732696894,0.14554317063,-0.0562011441215,0.131105657136,-0.989774084358
4.18,9.1187566,2.255682984,9.393605679,-82.9415164888,4.08775722683,0.145535840251,-0.0562002569602,0.131106044233,-0.989774083457
4.181,9.118686649,2.255910166,9.393592331,-82.9394603758,4.08690243557,0.145602801461,-0.056204204274,0.131104832148,-0.98977401987
4.182,9.11871907,2.255597762,9.393548783,-82.9357625346,4.08423122954,0.145576221065,-0.0561987812691,0.131105395376,-0.989774253195
4.183,9.118828147,2.255676294,9.393673526,-82.931285186,4.08126571692,0.145462302475,-0.0562001349681,0.131107281391,-0.989773926508
4.184,9.118657974,2.255651043,9.393502269,-82.9270663947,4.07869568592,0.145633159423,-0.056199710955,0.131104337936,-0.989774340475
4.185,9.118647436,2.255697147,9.39350311,-82.9234998398,4.07684204145,0.145635485034,-0.0562005115991,0.131104156155,-0.989774319092
4.186,9.118685384,2.255407604,9.393470424,-82.9221476326,4.07552066535,0.145596139149,-0.0561954848147,0.13110481459,-0.989774517291
4.187,9.118765393,2.255364459,9.393537733,-82.9233270333,4.07472912857,0.145528937515,-0.0561947291978,0.131106198948,-0.989774376819
4.188,9.118660294,2.255456526,9.393457813,-82.9236764398,4.07437547993,0.145626382486,-0.0561963351895,0.131104380584,-0.989774526497
4.189,9.118690163,2.255383978,9.39346939,-82.9224773403,4.07436269289,0.145601759576,-0.0561950742725,0.131104897441,-0.989774529625
4.19,9.118704992,2.255122117,9.393420915,-82.9225049782,4.07447194188,0.145581600044,-0.0561905288826,0.131105156731,-0.989774753337
4.191,9.118665458,2.255428711,9.393456148,-82.9258519998,4.07459655725,0.145621516334,-0.0561958523049,0.131104470225,-0.98977454204
4.192,9.118649032,2.255478685,9.393452202,-82.9303276295,4.07449700165,0.145641331155,-0.056196721197,0.131104185606,-0.989774530407
4.193,9.118634677,2.255582118,9.393463103,-82.9333182203,4.07442354028,0.145650484558,-0.0561985169868,0.131103936303,-0.989774461468
4.194,9.118689616,2.255457618,9.39348654,-82.934638497,4.0747647152,0.145597666819,-0.0561963520165,0.131104887284,-0.989774458425
4.195,9.118617821,2.255415495,9.393406732,-82.9370453883,4.075561061,0.145672879843,-0.0561956268896,0.131103646081,-0.989774664003
4.196,9.118641454,2.255615751,9.393477758,-82.9399659021,4.07618570486,0.145655431678,-0.0561990996624,0.131104053082,-0.989774412916
4.197,9.118838977,2.255884928,9.39373414,-82.9386835092,4.07692721371,0.145448930337,-0.0562037537658,0.131107467053,-0.98977369643
4.198,9.118646276,2.255506561,9.39345622,-82.9339581637,4.07804049725,0.145649484587,-0.0561972042389,0.131104137152,-0.9897745094
4.199,9.118675338,2.255884432,9.393575171,-82.9284333306,4.07886849559,0.145611069956,-0.0562037593442,0.131104636575,-0.989774071041
4.2,9.118625018,2.255872323,9.393523415,-82.9204984776,4.07912379151,0.145664756113,-0.0562035530609,0.131103765888,-0.989774198084
4.201,9.118613374,2.255670401,9.393463623,-82.9109088405,4.07930418974,0.145671446732,-0.0562000506958,0.1311035671,-0.989774423288
4.202,9.118641638,2.255764392,9.39351363,-82.9042320835,4.07968095616,0.145645170525,-0.0562016788091,0.131104054889,-0.98977426623
4.203,9.118532847,2.255876195,9.393434872,-82.8989147573,4.07977315895,0.145761100663,-0.056203627795,0.131102172273,-0.989774404927
4.204,9.118623373,2.255394219,9.393407013,-82.8941907588,4.0797261394,0.145667144429,-0.0561952577213,0.131103742558,-0.989774672184
4.205,9.118588268,2.255668921,9.393438895,-82.8945822418,4.07971199747,0.14570677484,-0.0562000271374,0.131103132748,-0.989774482159
4.206,9.118684442,2.255622034,9.393520996,-82.8973963705,4.07970762296,0.145608561359,-0.0561992047947,0.131104796099,-0.989774308527
4.207,9.118632889,2.255546171,9.393452735,-82.9005983143,4.07987873829,0.145652396613,-0.0561978932693,0.131103905473,-0.989774500966
4.208,9.118632519,2.255668744,9.393481809,-82.9061088809,4.08032874012,0.145655058194,-0.056200019641,0.131103898429,-0.989774381164
4.209,9.118583975,2.255830641,9.393473564,-82.9107000938,4.08067138759,0.145706067741,-0.0562028328485,0.131103057011,-0.989774332877
4.21,9.118555851,2.255504408,9.393367924,-82.9131457063,4.08075101004,0.145737238765,-0.0561971745375,0.131102573702,-0.989774718177
4.211,9.118563984,2.255484075,9.393370936,-82.9152756271,4.080717309,0.145722823345,-0.0561968215464,0.131102713974,-0.989774719639
4.212,9.118589766,2.255499978,9.393399782,-82.9197802832,4.08082644337,0.145693648912,-0.0561970950509,0.131103159649,-0.989774645077
4.213,9.118641535,2.255518471,9.393454477,-82.9269321435,4.08079743565,0.145643646689,-0.0561974118216,0.131104054933,-0.989774508504
4.214,9.118631059,2.255822769,9.39351738,-82.9330509495,4.08055332092,0.145657593266,-0.0562026931324,0.131103871391,-0.989774232939
4.215,9.118647781,2.255845503,9.393539071,-82.9347325662,4.08019647425,0.145641811155,-0.0562030858499,0.131104160474,-0.989774172348
4.216,9.118654886,2.255540403,9.393472704,-82.9318986185,4.07969476837,0.145640012605,-0.0561977916814,0.131104285968,-0.989774456334
4.217,9.118559534,2.255799096,9.393442262,-82.9277317036,4.07930807455,0.145732433585,-0.0562022880707,0.131102634566,-0.989774419767
4.218,9.118628999,2.255456195,9.393427355,-82.9261676889,4.07962743183,0.145657447183,-0.0561963321017,0.131103838898,-0.989774598424
4.219,9.11867715,2.255809446,9.393558922,-82.9276374564,4.08071575172,0.145602939769,-0.056202457751,0.13110466848,-0.989774140724
4.22,9.118515572,2.255737462,9.393384785,-82.9265735279,4.08164964008,0.145770832031,-0.0562012223197,0.13110187443,-0.989774580968
4.221,9.118680667,2.255865679,9.39357584,-82.9225890346,4.08198225463,0.145602168053,-0.0562034333025,0.131104729044,-0.989774077306
4.222,9.118642745,2.255747883,9.39351074,-82.9187621223,4.08198636968,0.145644632785,-0.056201392386,0.131104074561,-0.989774279888
4.223,9.118626008,2.255572886,9.39345247,-82.9154755578,4.08193051239,0.145660183181,-0.0561983575392,0.131103786488,-0.989774490366
4.224,9.118537754,2.255401854,9.393325731,-82.9136122971,4.08177834987,0.14575654494,-0.0561953974555,0.131102260849,-0.989774860514
4.225,9.118574698,2.255489547,9.393382651,-82.9138527115,4.08110230965,0.145717623457,-0.0561969156286,0.131102899304,-0.989774689749
4.226,9.11858577,2.255471094,9.393388968,-82.9157866907,4.08086174205,0.145700875622,-0.0561965941068,0.131103090767,-0.989774682644
4.227,9.118678716,2.255830478,9.393565493,-82.9173459749,4.08106874191,0.145615229275,-0.0562028227813,0.131104696092,-0.989774116339
4.228,9.11857024,2.255744236,9.393439481,-82.9148224669,4.08133396282,0.145720898265,-0.05620133551,0.131102820341,-0.989774449249
4.229,9.118545361,2.255753182,9.393417478,-82.9101231519,4.08145576141,0.145747765632,-0.0562014928234,0.131102389636,-0.989774497366
4.23,9.118608979,2.255815276,9.393494146,-82.9062310171,4.08131808063,0.145688718536,-0.0562025649219,0.131103489095,-0.989774290858
4.231,9.118696587,2.255432772,9.393487342,-82.905250174,4.08179554984,0.145591144137,-0.0561959204593,0.131105008267,-0.989774466902
4.232,9.118646641,2.255348296,9.393418574,-82.9116005331,4.08309434838,0.145638466329,-0.0561944585022,0.131104144829,-0.989774664276
4.233,9.118618698,2.255547911,9.393439378,-82.9210239661,4.08395825994,0.145665591644,-0.0561979250021,0.131103659978,-0.989774531682
4.234,9.118607991,2.25567306,9.393459035,-82.9250981146,4.08367873868,0.145680836904,-0.0562000971014,0.13110347387,-0.989774433002
4.235,9.118440839,2.255760143,9.393317687,-82.9233344051,4.08305684011,0.145850513956,-0.0562016221925,0.131100581408,-0.989774729531
4.236,9.118506849,2.255515512,9.393323021,-82.920335734,4.08236922908,0.145781437407,-0.0561973717494,0.131101725734,-0.989774819299
4.237,9.118638921,2.255966104,9.393559434,-82.9191360566,4.08200106465,0.14565166078,-0.0562051790331,0.131104005958,-0.989774073954
4.238,9.118585053,2.255574291,9.393413051,-82.9167383252,4.08174041262,0.145705267929,-0.0561983855994,0.131103077408,-0.989774582696
4.239,9.118620823,2.255884827,9.393522346,-82.9129119911,4.08138910079,0.145658773496,-0.056203770485,0.131103693929,-0.98977419527
4.24,9.118474679,2.25577017,9.393352944,-82.9089382502,4.08146457472,0.145808918584,-0.0562017929177,0.131101166933,-0.989774642281
4.241,9.118621072,2.255824166,9.39350802,-82.9075448258,4.08168300962,0.145663615335,-0.0562027182132,0.131103698105,-0.989774254468
4.242,9.118490086,2.255570172,9.393319874,-82.909022813,4.08178013422,0.14579427366,-0.0561983213481,0.1311014348,-0.989774803918
4.243,9.118453062,2.255428146,9.39324983,-82.9126848417,4.08188202159,0.145836169519,-0.0561958598302,0.131100795637,-0.989775028338
4.244,9.118686665,2.255428132,9.393476596,-82.9182493779,4.08179506722,0.145601856797,-0.0561958409118,0.131104837125,-0.989774494088
4.245,9.118567552,2.255666643,9.393418238,-82.9242414645,4.08176683144,0.145719740664,-0.056199988911,0.131102774339,-0.989774531804
4.246,9.118632101,2.255692488,9.393487105,-82.9283915176,4.08179599991,0.145659510129,-0.056200432185,0.131103890898,-0.989774358737
4.247,9.118531651,2.255382832,9.393315239,-82.9319405637,4.08117812429,0.145754338,-0.0561950669958,0.131102156103,-0.98977489315
4.248,9.11860859,2.255688543,9.393463335,-82.9353852843,4.08019952786,0.145683280184,-0.0562003655846,0.131103484245,-0.989774416383
4.249,9.118551677,2.255882287,9.393454614,-82.9346718036,4.07924190727,0.145740317901,-0.0562037324925,0.131102497503,-0.989774355903
4.25,9.118493374,2.255520532,9.393311146,-82.930459771,4.07850020683,0.145797897097,-0.0561974602227,0.13110149281,-0.989774845128
4.251,9.118540754,2.255675556,9.393394365,-82.9291951879,4.07801537044,0.145749712627,-0.0562001460238,0.131102310805,-0.989774584281
4.252,9.118612965,2.255913675,9.393521646,-82.9280549431,4.07812966553,0.145676223056,-0.0562042717708,0.131103557607,-0.989774184861
4.253,9.118502554,2.255583157,9.393335095,-82.9224945977,4.07870456709,0.145786218097,-0.0561985458989,0.131101651001,-0.989774762531
4.254,9.118564597,2.255649718,9.393411305,-82.916363425,4.07908635908,0.145724053428,-0.0561996960309,0.131102723285,-0.989774555196
4.255,9.118507098,2.255476436,9.39331388,-82.9136563585,4.07906730938,0.145786569,-0.056196693471,0.131101730472,-0.989774857182
4.256,9.118546032,2.255695076,9.393404176,-82.9123845599,4.07932464952,0.145736556599,-0.0562004847429,0.13110240122,-0.989774553072
4.257,9.118530356,2.25557683,9.393360565,-82.9102161813,4.08003348339,0.145767501175,-0.0561984336047,0.131102131904,-0.989774705209
4.258,9.118468036,2.25561656,9.393309608,-82.908962652,4.08094486038,0.145821180478,-0.0561991285459,0.131101053191,-0.989774808632
4.259,9.118599875,2.25560427,9.393434639,-82.9108317655,4.08151281901,0.145685150633,-0.056198903568,0.131103333984,-0.9897745193
4.26,9.118530042,2.255586763,9.393362645,-82.9150933407,4.08236725983,0.145750128686,-0.0561986057809,0.131102125684,-0.989774696256
4.261,9.118520954,2.255817088,9.393409132,-82.9196332778,4.08382843855,0.145755606794,-0.0562026030326,0.131101967083,-0.989774490295
4.262,9.11847339,2.255817312,9.393363014,-82.9218396949,4.08506340373,0.145809981548,-0.0562026109466,0.131101143624,-0.989774598918
4.263,9.118479752,2.255875632,9.393383195,-82.9207516665,4.08562576187,0.145805502738,-0.0562036230141,0.131101253797,-0.989774526856
4.264,9.118540959,2.255824928,9.393430434,-82.9182785446,4.08553984992,0.14575327877,-0.0562027378184,0.131102312407,-0.989774436901
4.265,9.118460353,2.255751516,9.393334558,-82.9170836347,4.08478038496,0.145833070293,-0.0562014706398,0.131100918885,-0.989774693435
4.266,9.118504886,2.255743526,9.393375869,-82.9182313405,4.08385394105,0.145781969656,-0.056201328522,0.131101689737,-0.989774599402
4.267,9.118446142,2.255730743,9.393315774,-82.9203965084,4.08303093005,0.145841344478,-0.056201111684,0.1311006738,-0.98977474628
4.268,9.118539575,2.255692098,9.393397193,-82.9216398442,4.08267911355,0.145742298897,-0.0562004326873,0.131102290336,-0.989774570715
4.269,9.118395572,2.255432335,9.393195027,-82.9234595796,4.08279885232,0.145889515822,-0.0561959381171,0.131099801215,-0.989775155609
4.27,9.118496439,2.255785978,9.393377863,-82.924956152,4.08261946893,0.145798871508,-0.056202065835,0.131101542568,-0.989774577029
4.271,9.118443879,2.255826084,9.393336473,-82.9228045386,4.08177691447,0.145849446497,-0.0562027659196,0.131100633251,-0.98977465772
4.272,9.118459407,2.255316385,9.393229155,-82.9223558443,4.08082497905,0.145834111445,-0.0561939206926,0.131100906961,-0.989775123688
4.273,9.118452125,2.255914062,9.393365606,-82.9266633558,4.08044059033,0.145839407288,-0.0562042921447,0.131100774923,-0.989774552289
4.274,9.118558867,2.255748436,9.393429449,-82.9272794836,4.08063791509,0.145724692798,-0.0562014092537,0.131102623453,-0.989774471141
4.275,9.118423518,2.255654054,9.393275396,-82.9240208721,4.08114408727,0.145862326693,-0.0561997826708,0.131100282372,-0.98977487359
4.276,9.118570089,2.255778429,9.393447545,-82.9226937164,4.08172404553,0.145716095351,-0.0562019290402,0.131102817313,-0.989774415948
4.277,9.11849273,2.255934807,9.393410005,-82.9211832353,4.08316465896,0.145790956136,-0.0562046484433,0.131101477124,-0.989774439046
4.278,9.118416467,2.255602875,9.393256261,-82.9186241593,4.08622709585,0.145874705144,-0.0561988953803,0.131100161096,-0.989774940034
4.279,9.118428551,2.255728495,9.393298158,-82.9198036834,4.08972973818,0.145866736378,-0.0562010742264,0.131100369627,-0.989774788697
4.28,9.118514794,2.255696818,9.393374271,-82.9220015541,4.09253596632,0.145781334648,-0.0562005170699,0.131101861283,-0.989774622755
4.281,9.118449768,2.255620718,9.393292873,-82.9240583985,4.094681419,0.145842809475,-0.0561992022201,0.131100737603,-0.98977484625
4.282,9.11838239,2.255627952,9.393229203,-82.9269661163,4.09559181541,0.14591158013,-0.0561993336114,0.131099571904,-0.989774993192
4.283,9.118532541,2.255475363,9.393338321,-82.9294078723,4.09524527078,0.145752834884,-0.0561966732802,0.131102169903,-0.989774800123
4.284,9.118440961,2.25558912,9.393276736,-82.9328344442,4.09495414875,0.145848394008,-0.0561986544376,0.131100585403,-0.989774897513
4.285,9.118500016,2.255640079,9.393346299,-82.9351941856,4.09484810026,0.14579112102,-0.0561995337201,0.131101606334,-0.989774712359
4.286,9.11852588,2.25567404,9.393379562,-82.9335379699,4.09414760045,0.145772775867,-0.056200121161,0.131102053438,-0.989774619783
4.287,9.118643999,2.255876507,9.393542846,-82.9297141677,4.09323370278,0.145645809992,-0.0562036241406,0.13110409448,-0.989774150523
4.288,9.118546504,2.255817498,9.393434033,-82.9236104254,4.09236782162,0.145748424444,-0.0562026085818,0.131102408626,-0.989774431495
4.289,9.118494609,2.255654578,9.393344533,-82.9154244275,4.09141438873,0.145794575802,-0.0561997853807,0.131101512402,-0.989774710512
4.29,9.118575115,2.255801633,9.393457997,-82.9098840193,4.0898680989,0.145721223947,-0.0562023305043,0.131102903961,-0.989774381674
4.291,9.118517414,2.255710181,9.393380022,-82.9084926718,4.08829225891,0.145778743446,-0.0562007489218,0.131101906432,-0.98977460361
4.292,9.118571464,2.256025022,9.393508101,-82.9070293909,4.08722603219,0.145723270581,-0.056206207391,0.131102838353,-0.989774170216
4.293,9.11850433,2.255974005,9.393430679,-82.9038314493,4.08662573456,0.145790883885,-0.056205327226,0.131101677365,-0.989774373978
4.294,9.118504006,2.255577152,9.393335063,-82.902873499,4.08600413668,0.145787376667,-0.0561984410731,0.131101675702,-0.989774765211
4.295,9.118422596,2.255661473,9.393276282,-82.9067273183,4.08513587287,0.145869692979,-0.0561999118012,0.131100266847,-0.989774868314
4.296,9.118480157,2.255923851,9.393395169,-82.9101169443,4.08425836868,0.145807207516,-0.0562044596428,0.131101259945,-0.989774478534
4.297,9.118418395,2.25558022,9.393252693,-82.9090008455,4.08304367227,0.145878531017,-0.0561985017251,0.131100195186,-0.98977495787
4.298,9.118516282,2.255411161,9.393307122,-82.9095437078,4.08145686514,0.145782063797,-0.056195559883,0.131101889414,-0.989774900491
4.299,9.118357271,2.255828733,9.393253036,-82.9140287966,4.08041319644,0.145933783522,-0.0562028187946,0.131099135431,-0.98977485311
4.3,9.118409301,2.25547122,9.393217692,-82.9164446199,4.07997612987,0.145890295895,-0.056196611058,0.131100038951,-0.989775085912
4.301,9.118498461,2.255655668,9.393348534,-82.9163188098,4.07968847618,0.145789998318,-0.0561998048335,0.131101578738,-0.989774700621
4.302,9.118290778,2.255817189,9.393185716,-82.9145231298,4.0796247761,0.145994511999,-0.056202624678,0.13109798537,-0.989775016461
4.303,9.11843154,2.25595154,9.393354624,-82.9101734787,4.07951777547,0.145848441294,-0.0562049439215,0.13110041925,-0.989774562388
4.304,9.118415516,2.255822077,9.393307978,-82.9047342169,4.07972738078,0.145866546671,-0.0562026991689,0.131100142562,-0.989774726504
4.305,9.118362577,2.255666993,9.393219345,-82.902247291,4.08006740375,0.145931308415,-0.0562000119491,0.13109922894,-0.989775000103
4.306,9.118448515,2.255897729,9.39335818,-82.9022110574,4.08008381689,0.145840044518,-0.0562040083737,0.13110071301,-0.989774576604
4.307,9.118468024,2.255603879,9.393306551,-82.9032716895,4.08028422264,0.145822795525,-0.0561989085269,0.131101053138,-0.989774821132
4.308,9.118451067,2.255822063,9.393342485,-82.9038897996,4.08080943046,0.145832218981,-0.0562026952267,0.131100757504,-0.989774645276
4.309,9.118365502,2.255928525,9.393284991,-82.9028084965,4.08078366586,0.145927252746,-0.0562045503387,0.131099276674,-0.989774736077
4.31,9.118271923,2.255735548,9.393147807,-82.8999092436,4.07934142254,0.146022864053,-0.0562012098943,0.131097659922,-0.989775139903
4.311,9.118429259,2.255757638,9.393305844,-82.8975659878,4.07787924464,0.145853315386,-0.0562015797153,0.131100381029,-0.989774758484
4.312,9.11834697,2.255514545,9.393167588,-82.8977365799,4.07778884737,0.14595088537,-0.0561973684484,0.13109895958,-0.989775185876
4.313,9.118392857,2.25563771,9.393241707,-82.9005036648,4.07828606565,0.145897591354,-0.056199502026,0.131099752086,-0.989774959764
4.314,9.118429176,2.25554725,9.393255242,-82.9048480921,4.07898598789,0.145855655142,-0.0561979288291,0.131100381297,-0.989774965747
4.315,9.118392265,2.255404817,9.39318521,-82.9129687978,4.08005832174,0.145889817744,-0.056195460249,0.131099744884,-0.989775190202
4.316,9.118464014,2.255836128,9.393358431,-82.9216671378,4.08124392592,0.145821998261,-0.0562029385338,0.131100981287,-0.989774601819
4.317,9.118486858,2.255944003,9.393406514,-82.9210243844,4.08179941874,0.14580510189,-0.0562048088625,0.131101376307,-0.989774443291
4.318,9.118480019,2.255579869,9.39331243,-82.9118328429,4.08163932668,0.145816582659,-0.0561984902357,0.131101261122,-0.989774817333
4.319,9.118453218,2.255591892,9.3932893,-82.9057373453,4.08157988424,0.145836569626,-0.0561987015127,0.131100797456,-0.989774866752
4.32,9.118363737,2.255739585,9.393237904,-82.905553116,4.08168842328,0.145925441015,-0.0562012718655,0.131099248018,-0.989774926036
4.321,9.118415555,2.255587272,9.39325163,-82.9070451385,4.08148587679,0.145882131667,-0.0561986248254,0.131100145825,-0.989774957418
4.322,9.118442961,2.255549555,9.393269177,-82.9065218623,4.08081774482,0.145848643659,-0.0561979680649,0.131100619944,-0.989774931909
4.323,9.118424739,2.255843528,9.393322083,-82.9022337521,4.08034522239,0.145853799209,-0.0562030701352,0.131100301764,-0.989774684352
4.324,9.118440969,2.255634112,9.393287548,-82.8973979736,4.08073047039,0.145839317543,-0.0561994355351,0.131100585317,-0.989774853174
4.325,9.118426598,2.255788231,9.393310607,-82.895153115,4.08127015943,0.145856175172,-0.0562021109983,0.131100334562,-0.989774734471
4.326,9.11837522,2.255857307,9.393277321,-82.892744729,4.08118142905,0.145916892368,-0.056203313463,0.131099445613,-0.989774783936
4.327,9.118374919,2.255841049,9.393273125,-82.8901580069,4.08087767667,0.145911236852,-0.056203031763,0.13109944018,-0.989774800652
4.328,9.118381096,2.255560522,9.393211755,-82.8901703331,4.08109800211,0.145908298944,-0.0561981629822,0.131099550061,-0.989775062553
4.329,9.118353492,2.255790542,9.393240195,-82.891377234,4.08134405426,0.145940654752,-0.0562021571107,0.131099070158,-0.989774899328
4.33,9.118408691,2.255721003,9.393277079,-82.8906357188,4.08121680027,0.145871994156,-0.0562009454908,0.131100025561,-0.98977484158
4.331,9.118316584,2.255627181,9.393165138,-82.8886194148,4.08076576932,0.145972011432,-0.0561993252509,0.1310984329,-0.989775144532
4.332,9.118303928,2.255805341,9.393195636,-82.8852597109,4.07953418845,0.145992208884,-0.0562024177866,0.131098212741,-0.989774998094
4.333,9.11833957,2.255585672,9.393177484,-82.8814284827,4.07824133792,0.145952880635,-0.05619860306,0.131098831104,-0.989775132794
4.334,9.118274005,2.255439386,9.39307871,-82.8813270682,4.07741340255,0.146024560224,-0.0561960704998,0.131097698239,-0.989775426638
4.335,9.118346298,2.255700052,9.393211481,-82.884614638,4.07670981418,0.145943803838,-0.0562005876935,0.131098946607,-0.989775004807
4.336,9.118416889,2.255730893,9.393287413,-82.888409539,4.07602639926,0.145865946017,-0.0562011170954,0.131100167567,-0.989774813026
4.337,9.118449914,2.255722851,9.393317541,-82.8921052326,4.07592505543,0.145834651998,-0.0562009741316,0.131100738556,-0.989774745514
4.338,9.118460663,2.255843445,9.393356935,-82.8935362538,4.07634163959,0.145829508484,-0.0562030656277,0.13110092313,-0.989774602305
4.339,9.118464897,2.255909964,9.393377021,-82.8904090166,4.07669281574,0.145829522973,-0.056204219399,0.131100995858,-0.989774527156
4.34,9.118385595,2.255576095,9.393219862,-82.8863225364,4.07693536248,0.145911419098,-0.0561984331332,0.131099627841,-0.989775036912
4.341,9.118382572,2.255486917,9.393195514,-82.8857609665,4.07748427946,0.145914809525,-0.0561968857437,0.131099575856,-0.989775131655
4.342,9.11846895,2.255556779,9.39329614,-82.88927173,4.07845428724,0.14581166292,-0.0561980914027,0.131101069999,-0.989774865294
4.343,9.118411069,2.255816944,9.393302428,-82.8934345575,4.07925070678,0.145878358002,-0.0562026096888,0.131100066235,-0.989774741695
4.344,9.118354695,2.25570311,9.393220367,-82.8952580801,4.07890275356,0.145933565808,-0.0562006392684,0.131099092241,-0.989774982589
4.345,9.118270461,2.255573265,9.393107418,-82.8960437741,4.0778555309,0.146018041481,-0.0561983940865,0.131097636279,-0.989775302917
4.346,9.118405631,2.255916927,9.393321161,-82.8974078622,4.0771504441,0.145886190457,-0.0562043459605,0.131099970799,-0.989774655743
4.347,9.118284521,2.255832451,9.393183307,-82.8946816844,4.07669503385,0.146014667758,-0.0562028897214,0.131097876529,-0.989775015828
4.348,9.11831414,2.255874984,9.393222275,-82.8904981138,4.07576561752,0.145984853804,-0.0562036257811,0.131098388449,-0.989774906226
4.349,9.118491766,2.255798947,9.393376442,-82.888372656,4.07504918364,0.145796998616,-0.056202290691,0.131101461886,-0.989774574947
4.35,9.118339277,2.255732609,9.393212485,-82.8877111105,4.07529328897,0.145950140977,-0.0562011528353,0.131098824956,-0.989774988831
4.351,9.118348558,2.255874604,9.393255595,-82.8873830208,4.07628165332,0.145936131477,-0.056203616264,0.131098983685,-0.989774827926
4.352,9.118375487,2.255537165,9.393200702,-82.887779449,4.07720431428,0.145908670909,-0.0561977587421,0.131099452785,-0.989775098389
4.353,9.118454132,2.255765617,9.393331905,-82.8905912945,4.07813962665,0.1458189227,-0.0562017161754,0.131100811422,-0.989774693728
4.354,9.11851596,2.255552495,9.393340746,-82.8943187157,4.07931047776,0.145766522363,-0.0561980130448,0.13110188279,-0.989774762084
4.355,9.11834678,2.255626762,9.393194349,-82.8976289791,4.08025761579,0.145941642597,-0.0561993155929,0.131098955308,-0.989775075885
4.356,9.118313969,2.255690395,9.393177779,-82.8980093011,4.08037562422,0.145976860869,-0.0562004228103,0.131098387668,-0.989775088203
4.357,9.118422043,2.255598486,9.39326062,-82.8941203411,4.07950241911,0.145879115911,-0.0561988181057,0.131100258027,-0.989774931582
4.358,9.118319615,2.255532591,9.393145366,-82.8892272001,4.07788523931,0.145968543542,-0.056197684336,0.131098486419,-0.989775230612
4.359,9.11836217,2.255777755,9.393245549,-82.8858306155,4.07642491984,0.145923951852,-0.0562019342242,0.13109922031,-0.989774892096
4.36,9.118413727,2.255837067,9.393309841,-82.8824035545,4.07578253497,0.145873713183,-0.0562029596045,0.131100111482,-0.989774715832
4.361,9.118274071,2.255654539,9.393130438,-82.8795064967,4.07547958064,0.146018202883,-0.0561998033208,0.13109769724,-0.989775214827
4.362,9.118285157,2.255600208,9.393128153,-82.8790806715,4.07505646615,0.146000118792,-0.0561988596384,0.131097889673,-0.989775242921
4.363,9.118428141,2.255980767,9.393358344,-82.8807773041,4.074791276,0.145864014286,-0.0562054509199,0.1311003601,-0.989774541433
4.364,9.118429982,2.256219256,9.393417411,-82.8803384933,4.07464829754,0.145853501606,-0.0562095892473,0.131100389455,-0.989774302536
4.365,9.118395046,2.255482797,9.393206633,-82.8813050391,4.07473603571,0.145886073557,-0.056196813309,0.131099791943,-0.989775107146
4.366,9.118333422,2.256153038,9.393307773,-82.8859549998,4.07523880818,0.145946170226,-0.0562084485353,0.1310987201,-0.98977458843
4.367,9.118317069,2.255893016,9.393229448,-82.8846835796,4.0756051275,0.145975977082,-0.0562039377851,0.131098439087,-0.989774881802
4.368,9.118342203,2.255727491,9.393214095,-82.8786124715,4.07523618229,0.145946906939,-0.0562010636648,0.131098875868,-0.989774987151
4.369,9.118372177,2.255747247,9.393247937,-82.8746468849,4.07453420695,0.145919161646,-0.05620140375,0.13109939407,-0.989774899202
4.37,9.118313873,2.255615782,9.393159769,-82.8744026468,4.07407139295,0.145968553423,-0.0561991277475,0.131098386167,-0.989775161936
4.371,9.118399433,2.255563924,9.393230373,-82.8774853679,4.07369530053,0.145893977429,-0.0561982205802,0.131099866665,-0.989775017347
4.372,9.118379313,2.255623381,9.393225119,-82.8825207232,4.07321531147,0.145905294962,-0.0561992540057,0.131099518232,-0.989775004821
4.373,9.118325068,2.255654471,9.393179927,-82.887946432,4.07309077278,0.14595500657,-0.0561997980361,0.131098580278,-0.989775098166
4.374,9.118319314,2.255977706,9.393251967,-82.8895541054,4.07355442314,0.145962899894,-0.0562054075152,0.131098477006,-0.989774793321
4.375,9.118344633,2.255783099,9.393229809,-82.8850707803,4.07437185248,0.145941286255,-0.0562020282899,0.131098916972,-0.989774926933
4.376,9.118286791,2.255511691,9.393108484,-82.8810758874,4.07501309505,0.146003646835,-0.0561973241929,0.131097919229,-0.989775326186
4.377,9.118210251,2.255692254,9.393077543,-82.883162805,4.07486221912,0.146078874044,-0.05620046394,0.131096593314,-0.989775323533
4.378,9.118352515,2.255689012,9.393214865,-82.8870817243,4.07433125732,0.145932719381,-0.0562003954759,0.131099054437,-0.989775001439
4.379,9.118391353,2.255799399,9.393279075,-82.887692455,4.07429088616,0.145889354391,-0.0562023076428,0.13109972548,-0.98977480398
4.38,9.118317963,2.255676223,9.393178254,-82.8860922396,4.07463466964,0.145972688385,-0.0562001761179,0.131098456736,-0.989775093062
4.381,9.118306197,2.25592507,9.393226593,-82.883071521,4.07462379438,0.1459777532,-0.056204494674,0.131098250706,-0.989774875131
4.382,9.118292947,2.255823315,9.393189294,-82.8783238954,4.07439717751,0.145996012072,-0.0562027303716,0.131098022551,-0.989775005535
4.383,9.118332214,2.255770688,9.393214772,-82.8745901881,4.07436875515,0.145954012752,-0.0562018145825,0.131098702335,-0.989774967497
4.384,9.1183376,2.255983994,9.393271228,-82.8726511697,4.07431003233,0.145960825163,-0.0562055153144,0.131098793432,-0.989774745287
4.385,9.118355283,2.256052358,9.393304813,-82.8677797377,4.07403533513,0.145931481176,-0.0562067000709,0.131099098416,-0.989774637613
4.386,9.118310252,2.255838216,9.39320967,-82.8631266403,4.07426032283,0.145965667898,-0.0562029880715,0.131098321459,-0.989774951311
4.387,9.118292696,2.255827904,9.393190151,-82.8648218908,4.07528807607,0.145982993796,-0.0562028098608,0.131098018452,-0.989775001564
4.388,9.118297401,2.255715662,9.393167763,-82.8718859332,4.07633149496,0.145991322519,-0.0562008625731,0.131098100443,-0.989775101276
4.389,9.118366355,2.25586359,9.393270225,-82.8788583576,4.07645515793,0.145926522586,-0.0562034237957,0.131099291649,-0.989774798064
4.39,9.118333978,2.255573087,9.393169033,-82.8833132371,4.07600074956,0.145952856858,-0.0561983850095,0.131098734924,-0.989775157914
4.391,9.118400806,2.256051913,9.393348897,-82.8848385186,4.07587364088,0.145890705976,-0.0562066881849,0.131099886159,-0.989774533948
4.392,9.118329385,2.256007455,9.393268889,-82.8820689784,4.07592389575,0.14595333664,-0.0562059228271,0.131098650755,-0.989774741044
4.393,9.1182704,2.255710756,9.393140375,-82.8816951494,4.07587202334,0.146014619376,-0.0562007795726,0.131097633339,-0.989775167858
4.394,9.118289114,2.256021903,9.393233266,-82.8857165599,4.07580302357,0.145991801293,-0.056206176428,0.131097954149,-0.98977481891
4.395,9.118345695,2.255954656,9.393272041,-82.8878803785,4.07630359908,0.145933900481,-0.0562050052412,0.131098933588,-0.989774755688
4.396,9.118245556,2.25552015,9.393070487,-82.8886256325,4.07686925769,0.146048209355,-0.0561974744472,0.131097205271,-0.98977541222
4.397,9.118353435,2.255811668,9.393245214,-82.8902485549,4.07693452125,0.145935466538,-0.0562025233531,0.13109906916,-0.989774878664
4.398,9.118488554,2.255955586,9.393410942,-82.8894818064,4.0768479203,0.145793886503,-0.0562050092862,0.131101405154,-0.989774428088
4.399,9.1182752,2.255728996,9.393149414,-82.8868096275,4.07699134425,0.146008934634,-0.0562010957911,0.131097716493,-0.989775138889
4.4,9.118364963,2.255787578,9.39325062,-82.8868714655,4.07701300392,0.145915191694,-0.0562021045221,0.131099268872,-0.989774875994
4.401,9.118325424,2.256150541,9.39329941,-82.8887155663,4.07672852362,0.145965050212,-0.0562084058365,0.131098581588,-0.989774609201
4.402,9.118356292,2.255835156,9.393253628,-82.8889367299,4.07652496236,0.145926661552,-0.0562029309608,0.131099118211,-0.989774849022
4.403,9.1182836,2.255646138,9.393137671,-82.8886002385,4.07642906872,0.146003126571,-0.0561996571325,0.131097862379,-0.989775201254
4.404,9.118219595,2.255939006,9.393145872,-82.8873193296,4.07615777487,0.14607020347,-0.0562047443577,0.131096752571,-0.989775059383
4.405,9.118277122,2.255604652,9.39312142,-82.8827356371,4.07564547623,0.14600464923,-0.0561989379333,0.131097750688,-0.989775256884
4.406,9.118295017,2.255691708,9.393159697,-82.8795621095,4.07565634356,0.145983846608,-0.0562004473155,0.131098059982,-0.989775130214
4.407,9.118235955,2.255789366,9.393125816,-82.8799665054,4.07617161747,0.146042089123,-0.0562021468608,0.131097036709,-0.989775169245
4.408,9.118276907,2.255828926,9.39317507,-82.8804269659,4.07657154672,0.146012895031,-0.0562028291081,0.131097745156,-0.98977503667
4.409,9.118403221,2.255701382,9.393267058,-82.8805945392,4.07592703049,0.145885745754,-0.0562006059646,0.131099931333,-0.989774873339
4.41,9.118274634,2.255816874,9.393169969,-82.8808172166,4.07453269829,0.146019728302,-0.0562026204889,0.131097705454,-0.989775053775
4.411,9.118306315,2.255675648,9.393166808,-82.8781042808,4.07331030429,0.145984317453,-0.0562001673883,0.13109825568,-0.989775120188
4.412,9.11836905,2.255649996,9.393221547,-82.8755700385,4.07336834149,0.1459171437,-0.056199716387,0.131099340408,-0.98977500212
4.413,9.11835744,2.256299598,9.393366291,-82.8751536566,4.07447425801,0.145926713553,-0.0562109897689,0.131099133672,-0.989774389333
4.414,9.118306942,2.255972731,9.393238762,-82.8740430083,4.07571830967,0.145971362804,-0.056205322354,0.131098263467,-0.98977482644
4.415,9.118319231,2.255989221,9.393254652,-82.8722594577,4.07661443439,0.145963940148,-0.056205607511,0.131098475714,-0.989774782135
4.416,9.118251537,2.255855046,9.393156716,-82.8702329267,4.07662321543,0.146033802708,-0.0562032847411,0.131097306318,-0.989775068922
4.417,9.11833648,2.255749198,9.393213753,-82.8682722172,4.07639393168,0.1459540325,-0.056201441055,0.131098776104,-0.989774978936
4.418,9.118338118,2.255824657,9.393233464,-82.8682578387,4.07623900369,0.145959554653,-0.056202750582,0.131098804116,-0.989774900867
4.419,9.118308942,2.255549615,9.393139094,-82.8693674624,4.07599138815,0.145979747847,-0.0561979803279,0.131098301767,-0.989775238264
4.42,9.118238114,2.255990908,9.393176315,-82.8711478567,4.07608178115,0.146045146893,-0.0562056436328,0.131097072346,-0.989774965963
4.421,9.118278368,2.255776099,9.393163801,-82.8708813332,4.07691419782,0.146000583477,-0.0562019129068,0.13109777052,-0.989775085335
4.422,9.118347014,2.255897665,9.393259633,-82.8697316606,4.07793767261,0.145939688861,-0.0562040157903,0.131098957284,-0.989774808736
4.423,9.118248386,2.255773929,9.393134176,-82.8700432798,4.07812754702,0.146032636241,-0.056201877495,0.131097252234,-0.989775155994
4.424,9.118212925,2.255950546,9.393142169,-82.8714842896,4.07736714541,0.146074516075,-0.0562049454648,0.131096636794,-0.989775063298
4.425,9.118212752,2.255853833,9.393118775,-82.8722001879,4.07594594798,0.146073005476,-0.0562032671612,0.131096635111,-0.989775158823
4.426,9.118239333,2.256047128,9.393191,-82.8712493117,4.07406201196,0.146052956221,-0.0562066183613,0.131097093285,-0.989774907837
4.427,9.118260841,2.255563549,9.393095745,-82.8708727281,4.07220495879,0.146029550598,-0.0561982258739,0.131097469799,-0.989775334518
4.428,9.118283789,2.255777498,9.3931694,-82.8740351022,4.07119922452,0.146004314314,-0.0562019360571,0.131097864961,-0.989775071512
4.429,9.118131192,2.255746182,9.393013748,-82.8775262086,4.07103658332,0.146156350077,-0.0562014055998,0.131095225135,-0.989775451279
4.43,9.118154388,2.255740109,9.393034807,-82.879097092,4.07111347882,0.146123830751,-0.0562012986456,0.131095626355,-0.989775404211
4.431,9.118169072,2.255768292,9.393055829,-82.8805722787,4.07113594986,0.146114007633,-0.0562017866413,0.13109587998,-0.989775342909
4.432,9.118190984,2.255922651,9.393114171,-82.8818719309,4.07080888774,0.146097924284,-0.0562044625756,0.131096257928,-0.9897751409
4.433,9.118288266,2.255719252,9.393159759,-82.8806618172,4.07029619633,0.145998866124,-0.0562009249844,0.131097942311,-0.989775118677
4.434,9.118169267,2.255436368,9.392976311,-82.8789829053,4.07002010016,0.146118647736,-0.0561960271879,0.131095886526,-0.989775669061
4.435,9.11837587,2.255753095,9.393252926,-82.8813444654,4.07000240417,0.145910334596,-0.0562015048908,0.131099458102,-0.989774884978
4.436,9.118249774,2.255826798,9.39314822,-82.8850194707,4.07023151401,0.146033757667,-0.0562027946289,0.131097275771,-0.989775100799
4.437,9.118168561,2.255824774,9.393068898,-82.8849293921,4.07059458934,0.146112078536,-0.0562027666885,0.131095870719,-0.989775288486
4.438,9.118204058,2.255735287,9.393081865,-82.8809061714,4.07061673298,0.146082227544,-0.0562012109614,0.131096485362,-0.989775295414
4.439,9.118242447,2.256161305,9.393221447,-82.875354651,4.07026500109,0.146047004038,-0.0562086000108,0.131097145544,-0.989774788381
4.44,9.118354058,2.255645564,9.39320593,-82.869325161,4.07018541376,0.145935764698,-0.0561996408435,0.131099081752,-0.98977504067
4.441,9.11816938,2.255889167,9.393085158,-82.8661568139,4.07055104489,0.146120193764,-0.0562038838245,0.131095884486,-0.989775223227
4.442,9.118242112,2.255451258,9.393050601,-82.8653101996,4.070861196,0.146041140719,-0.0561962794251,0.131097146289,-0.989775487883
4.443,9.118172392,2.255597906,9.393018135,-82.8682766277,4.07112086899,0.146110150578,-0.0561988290935,0.131095939818,-0.989775502916
4.444,9.118161908,2.256029583,9.393111628,-82.8715234723,4.07124004423,0.146120017677,-0.0562063209545,0.131095754077,-0.989775102105
4.445,9.118207884,2.25585338,9.39311394,-82.8687150963,4.07070667106,0.146067690107,-0.0562032598115,0.131096550685,-0.989775170423
4.446,9.118242632,2.255832925,9.393142759,-82.8652313679,4.06945005615,0.146038430849,-0.056202901163,0.13109715193,-0.989775111152
4.447,9.118298236,2.256015815,9.393240659,-82.8654935519,4.06731844531,0.14599041039,-0.0562060702979,0.131098112366,-0.989774803981
4.448,9.118122888,2.255695916,9.392993616,-82.8661586618,4.0642003857,0.146162174673,-0.0562005340752,0.131095082566,-0.989775519649
4.449,9.1181769,2.255664351,9.393038467,-82.866791946,4.0612530888,0.146110697544,-0.0561999823482,0.131096016996,-0.989775427212
4.45,9.118272675,2.255735183,9.393148449,-82.8685142438,4.05954578255,0.146009849895,-0.0562012027717,0.131097672548,-0.989775138635
4.451,9.11838244,2.255887036,9.39329147,-82.8698239626,4.05952057528,0.145894450251,-0.0562038292844,0.131099569986,-0.989774738172
4.452,9.118243234,2.255908919,9.393161594,-82.8685167177,4.0608415529,0.146037217273,-0.0562042201825,0.131097162025,-0.989775034916
4.453,9.118318207,2.255654488,9.393173271,-82.8674361135,4.06194596669,0.145972114089,-0.0561997994188,0.131098461032,-0.989775113882
4.454,9.118201393,2.255770382,9.393087707,-82.8689084548,4.06221121855,0.14607962003,-0.0562018201532,0.131096439699,-0.989775266871
4.455,9.118108055,2.255600438,9.392956289,-82.871445873,4.06236614579,0.146177324693,-0.0561988785415,0.131094826873,-0.989775647517
4.456,9.118195955,2.255891836,9.393111595,-82.8714540286,4.06251520359,0.146092328309,-0.0562039280618,0.131096344325,-0.989775159809
4.457,9.118175681,2.255567892,9.39301412,-82.8692766611,4.06301242037,0.146108929672,-0.0561983084761,0.131095996519,-0.989775524966
4.458,9.118209774,2.255768114,9.393095298,-82.8670136211,4.06400300153,0.146073936857,-0.0562017801824,0.131096584712,-0.989775249934
4.459,9.118244326,2.255554373,9.39307751,-82.8662436389,4.0648212074,0.146040744643,-0.0561980683555,0.131097184156,-0.989775381296
4.46,9.118241033,2.256136855,9.393214202,-82.8656483535,4.06562134567,0.146039710604,-0.0562081753585,0.131097121355,-0.989774815701
4.461,9.118224697,2.25538667,9.393018187,-82.8643200786,4.06653081195,0.14606493244,-0.0561951602149,0.131096845637,-0.989775591249
4.462,9.118279019,2.255393467,9.393072552,-82.8681773321,4.06731790106,0.146004737029,-0.05619527315,0.131097786101,-0.989775460271
4.463,9.118103578,2.255780323,9.392995141,-82.8764504246,4.06816019202,0.146185395099,-0.0562020003036,0.131094746945,-0.989775480847
4.464,9.118116197,2.25562554,9.39297022,-82.8816909896,4.06868531033,0.146168591923,-0.0561993140577,0.131094967252,-0.989775604196
4.465,9.118272182,2.256081692,9.39323119,-82.8824213051,4.06920160308,0.146005358717,-0.0562072160614,0.131097661177,-0.989774798677
4.466,9.118209828,2.256174708,9.393193002,-82.876328011,4.06998892092,0.146070086952,-0.0562088351737,0.131096581792,-0.989774849696
4.467,9.118235464,2.256016839,9.39317997,-82.8649144639,4.07062729834,0.146042040728,-0.0562060930968,0.131097026416,-0.989774946523
4.468,9.118124482,2.255955647,9.39305754,-82.8568246784,4.07126049377,0.146156210213,-0.0562050407414,0.131095107406,-0.989775260455
4.469,9.118126148,2.255662357,9.392988721,-82.8541721504,4.07198108388,0.146160998522,-0.0561999516375,0.131095138797,-0.989775545273
4.47,9.118114421,2.256144438,9.393093118,-82.8530482371,4.07227169737,0.146171039155,-0.0562083174593,0.1310949318,-0.989775097638
4.471,9.118266409,2.255912132,9.393184862,-82.8491765904,4.07205343222,0.146019709794,-0.0562042743345,0.131097562749,-0.989774978764
4.472,9.11823028,2.255993358,9.393169299,-82.843136064,4.07117987207,0.146051548572,-0.0562056862594,0.131096936676,-0.989774981512
4.473,9.118049271,2.255805319,9.392948427,-82.8366501236,4.06967985218,0.14623550469,-0.0562024392854,0.131093807803,-0.989775580308
4.474,9.118072287,2.255726065,9.392951735,-82.8343418343,4.06773384221,0.146220659759,-0.0562010615324,0.131094206742,-0.989775605701
4.475,9.118101875,2.255664506,9.392965675,-82.8387838727,4.06576151095,0.146192215779,-0.0561999913669,0.131094718862,-0.989775598637
4.476,9.118034608,2.2556548,9.392898045,-82.847627818,4.0645586095,0.146255559451,-0.056199827888,0.131093555062,-0.989775762063
4.477,9.118110533,2.255929863,9.393037807,-82.8570725377,4.06469932655,0.146174587848,-0.0562045944992,0.131094865953,-0.989775317776
4.478,9.118210205,2.255748834,9.393091086,-82.8627512067,4.06582238573,0.146070655707,-0.0562014451885,0.131096592514,-0.989775267922
4.479,9.118265512,2.255979428,9.393200154,-82.8649101723,4.06663193158,0.146018987103,-0.0562054413588,0.131097546646,-0.989774914627
4.48,9.118166065,2.25570854,9.393038561,-82.8657597166,4.06685283928,0.146113345096,-0.0562007502628,0.131095828771,-0.989775408539
4.481,9.11811557,2.255761599,9.393002286,-82.8670936406,4.06694284432,0.146162197693,-0.0562016744707,0.131094954975,-0.989775471795
4.482,9.118048247,2.255551346,9.392886442,-82.8710620664,4.0674508883,0.146237211941,-0.0561980317448,0.131093792239,-0.989775832633
4.483,9.118221747,2.256022225,9.393167948,-82.8764616788,4.06793768675,0.146070483859,-0.0562061882381,0.131096788848,-0.989774972586
4.484,9.118173525,2.256079113,9.393134801,-82.8760430642,4.06813209277,0.146112533929,-0.0562071794788,0.131095954856,-0.989775026759
4.485,9.118185183,2.255802976,9.393079799,-82.8721272546,4.06867959889,0.146100451043,-0.056202386592,0.131096158979,-0.989775271889
4.486,9.118167809,2.256060346,9.393124745,-82.8725885371,4.06922351462,0.146107959209,-0.0562068539018,0.131095856273,-0.989775058305
4.487,9.118222865,2.255830954,9.393123097,-82.8759987016,4.06965042833,0.146061899832,-0.056202869164,0.131096809989,-0.98977515826
4.488,9.118151609,2.25580998,9.393048889,-82.8770376496,4.069895942,0.146136264807,-0.056202511461,0.131095577581,-0.989775341805
4.489,9.11823604,2.255881014,9.393147909,-82.8736035895,4.06987748657,0.146049307343,-0.0562037365778,0.131097037381,-0.989775078886
4.49,9.118180093,2.25581301,9.393077267,-82.8670179126,4.06989288795,0.146103870885,-0.0562025612475,0.131096070724,-0.989775273661
4.491,9.118226402,2.256065358,9.393182827,-82.8604417562,4.06985262525,0.146053640709,-0.0562069357716,0.131096868903,-0.989774919532
4.492,9.118237278,2.256045937,9.39318872,-82.8551279186,4.06933990832,0.146041898154,-0.0562065984163,0.13109705778,-0.989774913673
4.493,9.11804723,2.255893482,9.392967619,-82.851898473,4.06868821724,0.146234294766,-0.0562039686589,0.131093771296,-0.9897754983
4.494,9.118151558,2.2555002,9.392974448,-82.8517842724,4.06804141143,0.146135189816,-0.0561971355078,0.131095579847,-0.989775646753
4.495,9.118250596,2.255820152,9.393147422,-82.8543056064,4.06756442627,0.146038464654,-0.0562026793397,0.131097289902,-0.989775105474
4.496,9.118156186,2.255645776,9.393013899,-82.856256699,4.06734045018,0.146125603552,-0.0561996613244,0.131095658997,-0.989775492856
4.497,9.118105001,2.255750408,9.392989338,-82.8566848012,4.06715866081,0.146189130953,-0.0562014812663,0.131094772126,-0.989775506984
4.498,9.118234736,2.256030016,9.393182428,-82.8529614623,4.06669832051,0.146046308545,-0.0562063222974,0.131097013909,-0.989774935163
4.499,9.118148565,2.255879879,9.393062721,-82.8446266125,4.06598141542,0.146129804682,-0.0562037245624,0.1310955243,-0.989775279977
4.5,9.118275623,2.256195387,9.393261838,-82.8380565564,4.06593040597,0.145996069761,-0.0562091878779,0.131097719353,-0.989774678995
4.501,9.118052645,2.255771231,9.392943515,-82.8364289124,4.06648936724,0.146227283374,-0.0562018466434,0.131093866121,-0.989775606236
4.502,9.118083491,2.255586762,9.392929159,-82.8414277288,4.06679764238,0.146202711385,-0.0561986435913,0.131094401801,-0.989775717158
4.503,9.118116737,2.25562606,9.392970869,-82.8516205237,4.06658773007,0.146172098385,-0.056199322437,0.131094976737,-0.989775602463
4.504,9.118006575,2.255818706,9.392910195,-82.8604848435,4.06617644358,0.146279951908,-0.0562026751096,0.131093069113,-0.989775664755
4.505,9.118161786,2.255662358,9.393023317,-82.8632571565,4.06590224827,0.14612542426,-0.0561999485038,0.131095755239,-0.989775463803
4.506,9.118201761,2.255745377,9.393082058,-82.8627893613,4.06622267508,0.146080548715,-0.0562013854674,0.131096445836,-0.989775290741
4.507,9.118148501,2.256118079,9.393119869,-82.8619545702,4.0669486401,0.146130893542,-0.0562078571189,0.131095521327,-0.989775045698
4.508,9.118136864,2.255955085,9.393069424,-82.8612405116,4.06737421418,0.146143934912,-0.056205029775,0.131095321436,-0.98977523273
4.509,9.118073678,2.255976199,9.393013159,-82.8599078117,4.06735457997,0.146206992423,-0.0562054018667,0.131094228806,-0.989775356318
4.51,9.118209346,2.256206405,9.393200148,-82.8586288637,4.06764618469,0.146073929496,-0.056209384855,0.131096573043,-0.989774819639
4.511,9.118162709,2.255623738,9.393014938,-82.8587532877,4.06822334569,0.146131315515,-0.056199279047,0.131095771827,-0.989775499618
4.512,9.1181382,2.255885314,9.393053965,-82.860199013,4.06858559931,0.146141823207,-0.0562038191249,0.131095344968,-0.98977529836
4.513,9.118161699,2.255658735,9.393022362,-82.8609657049,4.06881448487,0.146120604431,-0.0561998862847,0.13109575427,-0.989775467464
4.514,9.118161187,2.255856864,9.393069446,-82.8606438628,4.06892639899,0.146119667318,-0.0562033241596,0.131095743127,-0.98977527373
4.515,9.118256593,2.255793979,9.393146958,-82.8599211796,4.06913484718,0.14602454592,-0.0562022248945,0.131097393867,-0.989775117508
4.516,9.118115353,2.255753107,9.393000035,-82.8594248437,4.06974351146,0.146163150756,-0.0562015276962,0.131094951669,-0.989775480567
4.517,9.118043121,2.256136291,9.393021948,-82.8587513495,4.0700747686,0.146240680384,-0.0562081821853,0.131093698643,-0.98977526865
4.518,9.118174005,2.256018632,9.393120741,-82.8555523639,4.06952940643,0.146118490567,-0.056206129464,0.131095963054,-0.9897750853
4.519,9.118122625,2.255655353,9.392983619,-82.8535714115,4.06854700437,0.146160358023,-0.0561998309047,0.131095078302,-0.98977556014
4.52,9.118122929,2.255950311,9.39305475,-82.8535785123,4.06782361106,0.146156991786,-0.0562049481306,0.131095080304,-0.989775269304
4.521,9.117980319,2.255894783,9.392902979,-82.8520582646,4.06745007458,0.146297540833,-0.0562039966159,0.131092614412,-0.989775649938
4.522,9.118128615,2.25586172,9.393038994,-82.8487880446,4.06754423013,0.146152989196,-0.0562034107621,0.131095180164,-0.989775343377
4.523,9.118140268,2.256039488,9.393093001,-82.8459888258,4.06772690341,0.146141431512,-0.0562064945838,0.131095379919,-0.989775141803
4.524,9.118244303,2.255830543,9.393143809,-82.8455129384,4.06824436012,0.146031803011,-0.0562028600398,0.131097181598,-0.989775109558
4.525,9.118080203,2.255883927,9.392997332,-82.8476397448,4.06906271762,0.146200579679,-0.0562038004889,0.131094342266,-0.989775432225
4.526,9.118048945,2.256024519,9.393000755,-82.8485710112,4.06925120027,0.146233677077,-0.0562062427491,0.131093800183,-0.989775365338
4.527,9.117938979,2.255791265,9.392837987,-82.8466621574,4.06845675777,0.146345731408,-0.0562022039384,0.131091900456,-0.989775846294
4.528,9.118113418,2.255831039,9.393016873,-82.8465211952,4.06755176122,0.146171780069,-0.0562028792384,0.131094917173,-0.989775408392
4.529,9.118168582,2.255818821,9.393067488,-82.848997181,4.06660941915,0.146112666002,-0.0562026628909,0.131095871459,-0.989775294282
4.53,9.118014757,2.256219131,9.393014313,-82.8494396428,4.06561452737,0.146269959672,-0.0562096220278,0.131093206498,-0.989775252066
4.531,9.118005093,2.255985503,9.392948816,-82.8469622491,4.06463523844,0.146276573867,-0.05620556887,0.131093041837,-0.989775504046
4.532,9.118109431,2.256256742,9.393115249,-82.8448804033,4.06424206449,0.146172487196,-0.0562102663376,0.131094844586,-0.989774998513
4.533,9.118061783,2.255818158,9.392963655,-82.8441541663,4.06441727271,0.146224347373,-0.0562026605024,0.13109402433,-0.989775539068
4.534,9.118147753,2.255861342,9.393057481,-82.8452307423,4.0651075138,0.146138221443,-0.0562034030123,0.131095511228,-0.989775299967
4.535,9.118113134,2.255774945,9.393003126,-82.8477807522,4.06603258322,0.146177037697,-0.0562019066446,0.131094912393,-0.989775464251
4.536,9.118019768,2.255963472,9.392957771,-82.8494966146,4.06628448897,0.14625831977,-0.0562051855336,0.131093296348,-0.989775492105
4.537,9.118048364,2.255948968,9.392982046,-82.8491252573,4.06681623516,0.146227172345,-0.0562049312568,0.13109379078,-0.989775441058
4.538,9.118002868,2.255807066,9.392903802,-82.8477790973,4.0680253148,0.146280500012,-0.0562024731868,0.131093005309,-0.989775684671
4.539,9.118098505,2.25591474,9.393022499,-82.8475682028,4.06899465268,0.146188993724,-0.056204333571,0.131094658446,-0.989775360077
4.54,9.118007216,2.255903475,9.392931176,-82.8489495408,4.06889175309,0.14627742935,-0.0562041456569,0.131093079114,-0.989775579927
4.541,9.117929927,2.255838144,9.392840459,-82.850147037,4.06802513614,0.146358001075,-0.0562030183511,0.131091743063,-0.989775820895
4.542,9.118091831,2.255805609,9.392989811,-82.8514571848,4.06703046323,0.146195581619,-0.0562024406306,0.131094544372,-0.989775482674
4.543,9.11806554,2.255868455,9.392979382,-82.8525286177,4.06595562695,0.146224801366,-0.0562035335231,0.131094088485,-0.989775480998
4.544,9.118009845,2.256033985,9.392965074,-82.8501732616,4.06500987799,0.146264067213,-0.0562064094638,0.131093123397,-0.989775445509
4.545,9.118138895,2.256000287,9.393082252,-82.8455088011,4.06488895756,0.146154950703,-0.0562058146495,0.131095355961,-0.989775183587
4.546,9.118056272,2.255670939,9.392922951,-82.8450971361,4.06489587099,0.146232279635,-0.0562001063522,0.131093929945,-0.989775696599
4.547,9.118046202,2.255767131,9.392936276,-82.8509844157,4.0647313012,0.146241231044,-0.0562017766389,0.131093755262,-0.989775624894
4.548,9.118057357,2.256087433,9.393024032,-82.8557898619,4.06503965857,0.146224798831,-0.0562073329504,0.131093945302,-0.989775284207
4.549,9.11817151,2.255890228,9.39308748,-82.8526966674,4.06626152373,0.14610141539,-0.0562039017401,0.131095921593,-0.989775217295
4.55,9.118016072,2.255714398,9.392894364,-82.8477253528,4.06791530543,0.146262548637,-0.056200864499,0.131093234365,-0.989775745678
4.551,9.118021771,2.255784056,9.392916625,-82.8476455609,4.06858892168,0.14626363808,-0.0562020724052,0.131093332489,-0.989775664095
4.552,9.117998566,2.25573631,9.392882633,-82.8519333313,4.06774317111,0.146290211211,-0.056201245369,0.13109293091,-0.989775764244
4.553,9.11806511,2.255755654,9.392951875,-82.8565819801,4.06656547876,0.146216665956,-0.0562015757018,0.131094082527,-0.989775592958
4.554,9.118079717,2.25611589,9.393052573,-82.855381091,4.06614528474,0.146202119934,-0.0562078256458,0.131094331653,-0.989775205057
4.555,9.118032056,2.255805417,9.392931739,-82.8479514929,4.06642383961,0.146249846608,-0.0562024416269,0.131093510058,-0.989775619611
4.556,9.117967459,2.255997848,9.392915248,-82.8407154671,4.06695558346,0.146309372919,-0.0562057866716,0.131092390934,-0.989775577888
4.557,9.11803107,2.255785978,9.392926113,-82.8373121804,4.06723215408,0.146244834481,-0.0562021045108,0.131093493174,-0.989775640989
4.558,9.118113377,2.255912433,9.393036381,-82.8370323025,4.06728669021,0.146159406323,-0.0562042918406,0.131094915776,-0.989775328363
4.559,9.118065595,2.255853058,9.392975738,-82.838314797,4.0676075387,0.146203626763,-0.0562032658904,0.131094089307,-0.989775496086
4.56,9.118039098,2.255820601,9.392942221,-82.8415846541,4.06792284867,0.14623897989,-0.0562027049588,0.13109363134,-0.989775588594
4.561,9.118016564,2.255753308,9.392904186,-82.8446515312,4.06774628894,0.146257683309,-0.056201538681,0.131093242405,-0.989775706332
4.562,9.118120333,2.256054672,9.393077296,-82.8447179326,4.06740053347,0.146165041982,-0.0562067600074,0.131095034902,-0.989775172427
4.563,9.118039401,2.256039755,9.39299515,-82.8401698454,4.06691119363,0.146243980322,-0.0562065079272,0.131093634952,-0.989775372164
4.564,9.118129787,2.255861794,9.39304015,-82.8347493374,4.06631204813,0.146150878847,-0.0562034123702,0.131095199524,-0.989775340721
4.565,9.118086296,2.255827712,9.392989746,-82.8324385131,4.06584093815,0.146188331282,-0.0562028244803,0.131094448062,-0.989775473634
4.566,9.118119306,2.255782226,9.393010866,-82.8343533325,4.06546362755,0.146162072927,-0.0562020325054,0.131095019373,-0.989775442935
4.567,9.11803362,2.255999481,9.392979865,-82.8377416436,4.06488198437,0.146250846162,-0.0562058096262,0.1310935347,-0.989775425096
4.568,9.118092091,2.25593115,9.393020214,-82.8378498433,4.06436838568,0.146184071657,-0.05620461897,0.131094547717,-0.989775358536
4.569,9.118086398,2.255857125,9.392996909,-82.8357211679,4.06437260598,0.146193244819,-0.0562033346998,0.131094449377,-0.989775444488
4.57,9.118060049,2.255987496,9.393002643,-82.8341521584,4.06402641297,0.146229048976,-0.0562055988263,0.131093992503,-0.989775376432
4.571,9.118040178,2.25581849,9.392942763,-82.8337779179,4.06298402234,0.14623344192,-0.0562026682732,0.13109365058,-0.989775588129
4.572,9.118040011,2.256027141,9.392992713,-82.835490013,4.06226673369,0.146237484176,-0.0562062890604,0.131093645001,-0.989775383261
4.573,9.11785499,2.256115653,9.392834368,-82.8337292392,4.06185990367,0.146429836714,-0.0562078395195,0.131090443831,-0.989775719197
4.574,9.118056385,2.256240116,9.393059762,-82.8282793813,4.06150057203,0.146226668979,-0.0562099824059,0.131093926386,-0.989775136252
4.575,9.117915099,2.255779023,9.392811866,-82.8262054117,4.06155216163,0.146376124683,-0.0562019939387,0.13109148684,-0.989775913
4.576,9.118009713,2.256017675,9.392961028,-82.8295318937,4.06184133846,0.146276563896,-0.0562061266897,0.131093121168,-0.989775461862
4.577,9.117988044,2.255975775,9.39292993,-82.8327165679,4.0621445034,0.146290161919,-0.0562054018561,0.131092747475,-0.989775552518
4.578,9.118051823,2.255743216,9.39293599,-82.8355965675,4.06286848846,0.146229940598,-0.0562013605808,0.131093851981,-0.989775635708
4.579,9.118139734,2.255964357,9.393074437,-82.8389871757,4.06329738988,0.146137878235,-0.056205191085,0.131095370859,-0.989775217024
4.58,9.117974743,2.255746611,9.392861981,-82.8407595187,4.06367504054,0.146300658475,-0.0562014262931,0.13109251885,-0.989775808547
4.581,9.117944945,2.255891579,9.39286787,-82.8411697935,4.06423211164,0.146334050105,-0.056203944302,0.131092002469,-0.989775733959
4.582,9.11797671,2.255947358,9.392912103,-82.840975454,4.06519685892,0.146307433025,-0.0562049096969,0.131092550942,-0.989775606495
4.583,9.11795206,2.255743206,9.392839144,-82.8406185519,4.06589794284,0.146335849536,-0.0562013692591,0.131092126849,-0.989775863704
4.584,9.118078737,2.255993986,9.393022342,-82.8413993298,4.06645908102,0.146200847541,-0.0562057102885,0.131094315733,-0.989775327291
4.585,9.118009844,2.255891389,9.392930824,-82.8419156045,4.06723582494,0.146267515418,-0.0562039357867,0.131093125252,-0.989775585733
4.586,9.117969159,2.255784174,9.392865582,-82.8432346802,4.06822410122,0.146302926727,-0.0562020789912,0.131092422528,-0.989775784242
4.587,9.117872218,2.255999194,9.39282312,-82.8440735868,4.06855506489,0.146402867742,-0.0562058181663,0.131090743424,-0.989775794305
4.588,9.117896538,2.255813188,9.392802054,-82.8424999988,4.06793698222,0.146379931437,-0.0562025878409,0.131091165568,-0.989775921828
4.589,9.117947869,2.256032338,9.392904517,-82.8386259916,4.0664765126,0.146334565189,-0.056206386318,0.131092051535,-0.989775588788
4.59,9.117997114,2.256189274,9.392990014,-82.8321892265,4.06518325912,0.146287828525,-0.0562091056632,0.131092901849,-0.98977532174
4.591,9.117878408,2.256012977,9.392832438,-82.8255634561,4.06410099638,0.146410983668,-0.0562060562357,0.131090850034,-0.989775766666
4.592,9.117974547,2.256154159,9.392959673,-82.8226646101,4.06314953905,0.146304771666,-0.0562084977607,0.131092512021,-0.989775407894
4.593,9.117892008,2.256039413,9.39285199,-82.8210293225,4.06260540478,0.146387818099,-0.0562065138787,0.131091084951,-0.989775709564
4.594,9.118045026,2.256038422,9.393000291,-82.8196563285,4.06274070939,0.146230666687,-0.0562064843682,0.131093731915,-0.989775360659
4.595,9.117948257,2.255829091,9.392856078,-82.8206190445,4.06320281523,0.146334449714,-0.0562028595376,0.131092060272,-0.9897757879
4.596,9.118026723,2.25591902,9.392953845,-82.824609282,4.06341639936,0.146258228661,-0.0562044131306,0.131093416975,-0.98977551999
4.597,9.118052408,2.256112072,9.393025146,-82.8277989816,4.06328604731,0.146238568004,-0.056207761188,0.131093858879,-0.989775271335
4.598,9.117954927,2.255913742,9.392882884,-82.8287931433,4.0631479615,0.146332664054,-0.0562043280325,0.131092174604,-0.98977568937
4.599,9.118085051,2.2559706,9.393022854,-82.8294048152,4.063233755,0.146195115988,-0.0562053041201,0.131094424719,-0.98977533592
4.6,9.118018879,2.255894574,9.392940359,-82.8305315105,4.06349161128,0.146266415822,-0.0562039904779,0.131093281137,-0.989775561981
4.601,9.11783876,2.256026156,9.392797116,-82.832215904,4.06343179318,0.146440737523,-0.0562062881395,0.13109016469,-0.989775844267
4.602,9.117909663,2.255911504,9.392838407,-82.8328148515,4.06264364804,0.146374532026,-0.0562042928587,0.1310913918,-0.989775795047
4.603,9.117898596,2.255600539,9.392752983,-82.8337249885,4.06133033586,0.14639080155,-0.0561988982728,0.131091202944,-0.989776126376
4.604,9.117894173,2.255867949,9.39281291,-82.8346273076,4.05968061309,0.14639779334,-0.0562035381277,0.131091124673,-0.989775873283
4.605,9.117964685,2.256067832,9.392929365,-82.8311960946,4.05824236577,0.146323735111,-0.056207000822,0.131092341711,-0.98977551546
4.606,9.117881989,2.256042945,9.392843112,-82.8254437348,4.05791403062,0.146393534214,-0.0562065758911,0.131090911799,-0.989775728976
4.607,9.117893901,2.256432219,9.392948181,-82.8207435715,4.05868948394,0.146386714733,-0.0562133292233,0.131091114871,-0.989775318554
4.608,9.117964232,2.256027042,9.392919129,-82.8170172598,4.05957482193,0.146305941935,-0.0562062934902,0.131092334668,-0.98977555656
4.609,9.117996578,2.256089926,9.392965632,-82.8155448422,4.06054064443,0.14628570262,-0.0562073814225,0.131092893535,-0.989775420759
4.61,9.117923873,2.256226126,9.392927769,-82.8169706885,4.06167722316,0.146353099108,-0.0562097510201,0.13109163489,-0.989775452894
4.611,9.117916059,2.256219993,9.392918712,-82.8173255362,4.06285894962,0.146360730694,-0.0562096448986,0.131091499813,-0.989775476811
4.612,9.117887882,2.256142582,9.392872765,-82.8164827115,4.06362638223,0.146395135666,-0.0562083046346,0.131091012486,-0.989775617469
4.613,9.117975019,2.255950186,9.39291114,-82.816849748,4.06357632457,0.146305410601,-0.0562049586481,0.131092521562,-0.989775607607
4.614,9.118020504,2.256032572,9.392975082,-82.8183084053,4.06329752876,0.14626144861,-0.0562063844705,0.131093307679,-0.989775422521
4.615,9.1179446,2.255968661,9.392886049,-82.8198843086,4.0632345649,0.146330281377,-0.0562052818015,0.131091995628,-0.989775658915
4.616,9.117830301,2.255926507,9.392764971,-82.8227611063,4.06291908213,0.146450414906,-0.0562045605911,0.131090018442,-0.989775961738
4.618,9.117933247,2.255947156,9.392869863,-82.8214163435,4.05801990802,0.14635198067,-0.0562049092362,0.131091799578,-0.989775706037
4.619,9.117853123,2.256154517,9.392841891,-82.8185003537,4.05495031635,0.146431237047,-0.0562085142979,0.131090412015,-0.989775685091
4.62,9.118040926,2.256046023,9.392998136,-82.8183786206,4.05356754009,0.146234366358,-0.0562066162027,0.13109366151,-0.989775362497
4.621,9.11790344,2.256107671,9.392879482,-82.8217684126,4.05301645025,0.146378691056,-0.0562076974392,0.131091282745,-0.989775616156
4.622,9.117940075,2.256053502,9.392902033,-82.8251975783,4.05208548579,0.146344760991,-0.0562067543291,0.131091916161,-0.98977558582
4.623,9.117924824,2.256177176,9.392916935,-82.8259638327,4.05087200014,0.146348718702,-0.0562089013563,0.131091652052,-0.989775498874
4.624,9.117863307,2.25621062,9.392865252,-82.8247008351,4.05129776041,0.146412871759,-0.0562094875213,0.1310905868,-0.989775606673
4.625,9.117852181,2.255859066,9.392770013,-82.8237090868,4.0542391219,0.146435959948,-0.0562033874902,0.131090398264,-0.989775978046
4.626,9.117824249,2.255776836,9.39272315,-82.8271187111,4.05876360695,0.146457719705,-0.0562019633815,0.131089915128,-0.9897761229
4.627,9.117781152,2.256006078,9.392736372,-82.8323341109,4.06343361617,0.146504692088,-0.0562059448968,0.131089168218,-0.989775995736
4.628,9.117938787,2.255912817,9.392866994,-82.8343915446,4.06751775446,0.146341558513,-0.0562043131388,0.131091895124,-0.989775727232
4.629,9.117957167,2.255857906,9.392871648,-82.8347653029,4.07062157291,0.146323445992,-0.0562033590001,0.131092214066,-0.989775739169
4.63,9.117840451,2.25586993,9.392761236,-82.8364728097,4.07262898121,0.146441612662,-0.0562035770869,0.131090195395,-0.989775994149
4.631,9.117873392,2.25618143,9.392868031,-82.8368010731,4.07424257776,0.146405327288,-0.0562089799402,0.131090761833,-0.989775612316
4.632,9.118010362,2.256074749,9.392975366,-82.8325198914,4.07588369418,0.14627294174,-0.0562071167393,0.131093132099,-0.989775404192
4.633,9.11787607,2.25641014,9.39292557,-82.8246472613,4.07701904853,0.146410408803,-0.056212948288,0.13109080574,-0.989775381132
4.634,9.117927371,2.256076082,9.392895126,-82.8167118645,4.07730186849,0.146345372001,-0.056207146877,0.131091696268,-0.989775592652
4.635,9.117907622,2.256121536,9.392886872,-82.8148531246,4.07708490648,0.146365665177,-0.0562079372719,0.131091355005,-0.989775592966
4.636,9.117897603,2.256234322,9.392904238,-82.8172524232,4.07644584278,0.146384667561,-0.056209895947,0.131091180565,-0.989775504837
4.637,9.11784424,2.255942824,9.392782421,-82.8186649971,4.07506278892,0.146436204971,-0.0562048423416,0.131090259992,-0.989775913746
4.638,9.117837108,2.255879927,9.392760392,-82.8203536599,4.07385727866,0.146446426562,-0.0562037508242,0.131090137485,-0.989775991953
4.639,9.117933478,2.256012124,9.392885691,-82.8232510123,4.07311266773,0.14634789379,-0.056206037059,0.131091803225,-0.989775641509
4.64,9.117868984,2.25588901,9.392793516,-82.8265943431,4.07199936709,0.146416287504,-0.0562039058893,0.131090688308,-0.989775910195
4.641,9.117875803,2.256258011,9.392888766,-82.8277924927,4.07011664905,0.146403976125,-0.056210308032,0.131090803039,-0.989775531436
4.642,9.11783313,2.256077954,9.392804093,-82.8248211812,4.06794572118,0.146444021521,-0.0562071876204,0.131090066694,-0.989775806167
4.643,9.117802917,2.256247861,9.392815576,-82.8203861812,4.06599809436,0.146475649309,-0.0562101382308,0.131089542534,-0.989775708026
4.644,9.117880268,2.256078934,9.392850086,-82.81890119,4.06476328683,0.146389473764,-0.0562072004944,0.131090881899,-0.989775697467
4.645,9.117860969,2.256086261,9.392833112,-82.8205421164,4.06443445146,0.146417352475,-0.0562073290874,0.131090548267,-0.989775734352
4.646,9.11794741,2.256039206,9.39290572,-82.8240225271,4.06493222514,0.14632775977,-0.0562065058369,0.131092043583,-0.989775583055
4.647,9.117989629,2.256277783,9.393004009,-82.8272495586,4.06544642834,0.146295369905,-0.0562106420922,0.131092772109,-0.989775251669
4.648,9.117922054,2.256212121,9.39292264,-82.8269880704,4.06526827791,0.146355219783,-0.0562095085171,0.13109160381,-0.989775470782
4.649,9.117844885,2.255780111,9.392743968,-82.825183174,4.0644540509,0.146438927104,-0.056202018959,0.131090272494,-0.989776072414
4.65,9.117862531,2.256230853,9.39286936,-82.8261390252,4.06337257598,0.146416730807,-0.0562098386329,0.131090573117,-0.989775588546
4.651,9.117769272,2.255889312,9.392696796,-82.8279905793,4.06248117108,0.146514556246,-0.0562039201648,0.131088963423,-0.989776137835
4.652,9.117807165,2.255989664,9.392757681,-82.8301236395,4.06135380968,0.146472723886,-0.0562056584153,0.131089618152,-0.989775952413
4.653,9.117847827,2.256068035,9.392815977,-82.8332088095,4.06054453877,0.146431555764,-0.0562070140736,0.131090321076,-0.989775782331
4.654,9.117877362,2.256305777,9.392901754,-82.8343308349,4.06072182761,0.146401503588,-0.0562111373284,0.131090829188,-0.989775480876
4.655,9.117859768,2.256256279,9.392872785,-82.8306610157,4.0612114045,0.146418674835,-0.0562102797032,0.131090525553,-0.989775569796
4.656,9.117813517,2.256264313,9.392829818,-82.8243853187,4.06115614029,0.14645963507,-0.0562104231866,0.131089725841,-0.989775667565
4.657,9.117645675,2.255970668,9.392596356,-82.8178990355,4.06048101837,0.146636810158,-0.0562053422724,0.13108682442,-0.989776340374
4.658,9.117797607,2.255957785,9.392740746,-82.8141025422,4.05965699261,0.146486451766,-0.0562051056888,0.13108945309,-0.989776005661
4.659,9.117803025,2.256120305,9.392785041,-82.8138673467,4.05994139127,0.146474268107,-0.0562079246499,0.131089545246,-0.989775833375
4.66,9.117844625,2.256291177,9.392866467,-82.8139045113,4.06318247989,0.146430923677,-0.0562108869947,0.13109026339,-0.98977557003
4.661,9.117716326,2.255965464,9.392663689,-82.8118488605,4.06810097845,0.146562267699,-0.0562052457252,0.131088047317,-0.989776183894
4.662,9.117858171,2.256021766,9.392814905,-82.8123987586,4.07293892223,0.146410565897,-0.0562062107391,0.131090499984,-0.989775804255
4.663,9.117777506,2.255840247,9.392693004,-82.8179588766,4.07660062445,0.146492817692,-0.0562030673982,0.131089106093,-0.989776167362
4.664,9.117708894,2.255929517,9.392647841,-82.8251417554,4.07832505338,0.146570846581,-0.0562046228367,0.131087919,-0.989776236259
4.665,9.117757299,2.256134453,9.392744052,-82.8292690745,4.07819482943,0.146518931434,-0.0562081739325,0.131088753853,-0.989775924034
4.666,9.11785122,2.256089837,9.392824507,-82.8272738114,4.07759285866,0.146431780207,-0.0562073925734,0.13109037931,-0.989775753124
4.667,9.117793938,2.255997269,9.392746668,-82.8217751015,4.07671051484,0.146489998456,-0.0562057908502,0.131089389142,-0.989775975223
4.668,9.117710849,2.256084957,9.392687074,-82.8191905266,4.07532425152,0.14657279921,-0.0562073192832,0.131087951555,-0.989776078826
4.669,9.117775757,2.256046063,9.392740739,-82.8212789031,4.07364245383,0.14650272527,-0.0562066386782,0.131089074603,-0.989775968737
4.67,9.117755451,2.256149551,9.392745885,-82.8253271028,4.07205261449,0.146519118077,-0.0562084368637,0.13108872212,-0.989775913305
4.671,9.117746987,2.256284003,9.392769966,-82.8248691049,4.07025710565,0.146528040506,-0.0562107706535,0.131088574049,-0.989775800379
4.672,9.117908782,2.256069738,9.392875557,-82.818735701,4.06803616055,0.146375233679,-0.0562070390138,0.131091375347,-0.989775641282
4.673,9.117839128,2.255957393,9.392780958,-82.8122870482,4.0653941502,0.14644827449,-0.0562050948804,0.131090171483,-0.989775911128
4.674,9.117822661,2.255973993,9.39276896,-82.8107429548,4.06316578663,0.1464635295,-0.0562053849872,0.131089886227,-0.989775932435
4.675,9.117756468,2.255959584,9.392701244,-82.8139752728,4.06213973427,0.146519903842,-0.0562051406249,0.131088741031,-0.989776097985
4.676,9.117814124,2.256107887,9.392792833,-82.8178563886,4.06184945696,0.146471256224,-0.0562077086499,0.131089737533,-0.989775820174
4.677,9.117694608,2.256126284,9.392681235,-82.8178148953,4.06124147101,0.146581818678,-0.056208038338,0.131087669715,-0.98977607532
4.678,9.117739183,2.256078719,9.39271308,-82.81318748,4.06025573695,0.146537863095,-0.0562072090074,0.131088441278,-0.989776020228
4.679,9.117794696,2.256300838,9.392820322,-82.8082793356,4.05979956138,0.146475910403,-0.0562110582353,0.131089399294,-0.989775674749
4.68,9.117847367,2.256204977,9.392848424,-82.8036851652,4.06001558652,0.146431488596,-0.0562093901353,0.131090311428,-0.989775648675
4.681,9.11783745,2.256149378,9.392825442,-82.8004776752,4.06009809989,0.146447027435,-0.0562084271604,0.131090140921,-0.989775725945
4.682,9.117759265,2.256209115,9.392763895,-82.8027053984,4.05956803253,0.146517671246,-0.0562094701908,0.131088787021,-0.989775846027
4.683,9.117743725,2.256227086,9.392753126,-82.8068767171,4.05869254649,0.146537938551,-0.0562097829276,0.131088518626,-0.989775863813
4.684,9.117882993,2.256109664,9.392860112,-82.8082329311,4.05755861322,0.146395633737,-0.0562077337044,0.131090928204,-0.989775661054
4.685,9.117869718,2.256637501,9.392974023,-82.8060217946,4.0564253494,0.146411203448,-0.0562168939058,0.131090693949,-0.989775171844
4.686,9.117767234,2.256017262,9.392725548,-82.8024537016,4.05585574334,0.146512332647,-0.0562061404485,0.131088927173,-0.989776016556
4.687,9.117807365,2.25607876,9.392779275,-82.8033290835,4.0561208907,0.146470356687,-0.0562072037876,0.13108962024,-0.989775864379
4.688,9.117727194,2.256084891,9.392702924,-82.8088155091,4.05673871323,0.146548903208,-0.0562073168219,0.131088233911,-0.98977604157
4.689,9.117758302,2.256174137,9.392754558,-82.8156550241,4.05745750582,0.146506773247,-0.0562088634354,0.131088771508,-0.989775882539
4.69,9.117728207,2.256082637,9.392703366,-82.819838772,4.05827374692,0.146542241798,-0.0562072779228,0.131088250895,-0.989776041529
4.691,9.117674959,2.25618069,9.392675229,-82.818611993,4.05818976696,0.146609330794,-0.0562089840179,0.131087328979,-0.989776066743
4.692,9.117835292,2.256246341,9.392846638,-82.8133599598,4.05736037661,0.146437249213,-0.0562101096252,0.131090102665,-0.989775635465
4.693,9.117652116,2.255897985,9.392585152,-82.8086877135,4.05676276989,0.146625321281,-0.0562040803746,0.131086936406,-0.989776397199
4.694,9.117711782,2.256329704,9.392746769,-82.8069672984,4.05695549392,0.146573875869,-0.0562115659431,0.131087964606,-0.989775835929
4.695,9.117661676,2.255987718,9.392615984,-82.807467568,4.05688513727,0.146620722311,-0.0562056359644,0.131087100947,-0.989776287073
4.696,9.117787136,2.255902586,9.392717325,-82.8102396145,4.05683646147,0.146498691483,-0.0562041485981,0.13108927285,-0.989776083882
4.697,9.117772554,2.256164732,9.392766134,-82.8107262847,4.05680385727,0.146502668857,-0.0562086985586,0.131089018,-0.989775859256
4.698,9.11769556,2.255624914,9.392561741,-82.8083576491,4.05694494202,0.146584351134,-0.0561993381509,0.131087691042,-0.989776566528
4.699,9.117840234,2.25574,9.392729821,-82.8104376443,4.05704807683,0.146433867633,-0.0562013225592,0.131090192786,-0.989776122513
4.7,9.117747447,2.256208218,9.392752207,-82.8151503029,4.0574746402,0.146523488408,-0.0562094549151,0.131088582867,-0.989775873933
4.701,9.117694559,2.256212855,9.392701982,-82.8160742824,4.05822972852,0.146586053293,-0.0562095404161,0.131087668575,-0.989775990168
4.702,9.117812445,2.255899498,9.392741151,-82.8151313955,4.05883286663,0.146470955513,-0.0562040932476,0.13108971036,-0.989776029079
4.703,9.117640068,2.256038064,9.392607101,-82.8157052133,4.05877088265,0.146643652025,-0.0562065113217,0.131086726751,-0.989776286923
4.704,9.117659507,2.256289353,9.392686332,-82.8149491948,4.05852315316,0.146619204771,-0.0562108701338,0.131087060751,-0.989775995154
4.705,9.117769045,2.256558963,9.392857431,-82.8082409784,4.05845598418,0.146507647253,-0.0562155396291,0.1310889538,-0.989775479235
4.706,9.117783441,2.255983917,9.392733272,-82.7988920593,4.0589100236,0.146484317333,-0.0562055606207,0.131089207342,-0.989776012375
4.707,9.117716664,2.256136431,9.392705082,-82.7954389434,4.0602814948,0.146553512967,-0.0562082119582,0.131088050825,-0.989776014985
4.708,9.11776558,2.256410313,9.392818356,-82.7938716668,4.06114256752,0.146512074538,-0.0562129604667,0.131088894936,-0.989775633515
4.709,9.117863423,2.256307563,9.392888651,-82.790110979,4.06108564181,0.146414563606,-0.0562111694877,0.131090587933,-0.989775511002
4.71,9.117738254,2.25613436,9.392725543,-82.7899636168,4.06110971371,0.146541796184,-0.0562081744278,0.131088424548,-0.989775967619
4.711,9.117753441,2.255790718,9.392657748,-82.7954179539,4.0613770935,0.146524407777,-0.0562022106093,0.131088690188,-0.989776271097
4.712,9.117741553,2.256173915,9.392738246,-82.8044152238,4.06139639574,0.146534564775,-0.0562088601337,0.131088480954,-0.989775921208
4.713,9.117804142,2.256335349,9.392837781,-82.8102083037,4.06119395965,0.146475615325,-0.0562116567873,0.131089562404,-0.989775619153
4.714,9.117795238,2.256496199,9.392867778,-82.8107629472,4.06090587797,0.146480748454,-0.0562144485938,0.131089406858,-0.989775481197
4.715,9.117660351,2.25626257,9.392680718,-82.8086921794,4.06075023447,0.14661064166,-0.0562104053308,0.131087075635,-0.989776019579
4.716,9.11764984,2.256153951,9.392644423,-82.8065817881,4.06055175145,0.146626447541,-0.0562085219805,0.131086895277,-0.989776150422
4.717,9.117696559,2.256237494,9.392709841,-82.805451467,4.05992557896,0.146586414035,-0.0562099669388,0.131087702801,-0.989775961413
4.718,9.117647353,2.25616508,9.392644682,-82.8052872101,4.0587345673,0.146640894212,-0.0562087147066,0.131086852291,-0.98977614517
4.719,9.117719455,2.256216965,9.392727136,-82.8045215411,4.05752201877,0.146561916572,-0.056209609459,0.131088099031,-0.989775929237
4.72,9.117687057,2.255744702,9.392582256,-82.8040156904,4.05651351409,0.146599103407,-0.0562014172174,0.131087542464,-0.989776468155
4.721,9.117725637,2.255849861,9.392644962,-82.8075458327,4.05601196244,0.146544985166,-0.0562032385244,0.131088208902,-0.989776276472
4.722,9.117690714,2.256225903,9.392701383,-82.8128246871,4.05623853164,0.146588595446,-0.0562097666868,0.13108760158,-0.989775986191
4.723,9.11770035,2.256162227,9.392695442,-82.8148545427,4.05682636979,0.146574870397,-0.0562086608648,0.131087769184,-0.989776026793
4.724,9.117666574,2.256034793,9.392632045,-82.8150232551,4.05722483498,0.146615915259,-0.0562064531514,0.131087185417,-0.98977622948
4.725,9.117656236,2.256130978,9.392645113,-82.8161315828,4.05706587148,0.146624520214,-0.0562081223411,0.131087005519,-0.989776158516
4.726,9.117571541,2.256316438,9.392607449,-82.8169138022,4.05664686022,0.146700981054,-0.0562113478281,0.131085539207,-0.989776169538
4.727,9.117732239,2.255741064,9.392625241,-82.8160607411,4.05664871003,0.146545322728,-0.0562013502343,0.131088324152,-0.98977636843
4.728,9.117738171,2.256470774,9.392806275,-82.8156079489,4.05704056283,0.146540161281,-0.0562140118197,0.131088420299,-0.989775636667
4.729,9.117786056,2.256485034,9.392856183,-82.8118331311,4.05785887777,0.146490965657,-0.0562142550518,0.131089248007,-0.989775513228
4.73,9.11767321,2.256059401,9.392644398,-82.8066284231,4.05908202184,0.146609470953,-0.0562068795863,0.131087300383,-0.989776190038
4.731,9.117719911,2.256209678,9.392725828,-82.8049444593,4.06005702958,0.146564616892,-0.0562094828171,0.131088107066,-0.989775935365
4.732,9.11768473,2.256175747,9.392683527,-82.8058801,4.06010026969,0.14659724166,-0.0562088968012,0.13108749859,-0.989776049232
4.733,9.117709564,2.256093414,9.392687857,-82.8069065866,4.059724601,0.146565063408,-0.056207466739,0.131087929045,-0.989776073434
4.734,9.117675708,2.256668703,9.392793192,-82.8049840543,4.05972904273,0.14659491548,-0.0562174509427,0.131087337606,-0.989775584731
4.735,9.117657856,2.256091429,9.392637186,-82.7992053397,4.06016191334,0.146617717803,-0.0562074363682,0.131087033981,-0.989776193702
4.736,9.117527927,2.2561359,9.392521743,-82.7961739411,4.06041226083,0.146751817246,-0.0562082187497,0.131084786196,-0.989776446968
4.737,9.117638647,2.256065828,9.392612391,-82.7968959245,4.06050890138,0.146635215227,-0.0562069939779,0.131086702644,-0.989776262707
4.738,9.11769885,2.255982297,9.392650768,-82.8001592202,4.06096844781,0.146575407814,-0.0562055391601,0.131087744996,-0.989776207271
4.739,9.117564637,2.25637266,9.392614252,-82.806037061,4.0616587936,0.146713926526,-0.0562123239573,0.131085419732,-0.989776129925
4.74,9.117616462,2.25602514,9.392581082,-82.8092217904,4.06190074881,0.14666220253,-0.056206289891,0.131086318948,-0.989776353507
4.741,9.117643054,2.255919596,9.392581545,-82.8106417798,4.06151589005,0.146631543847,-0.0562044555841,0.131086780101,-0.989776396594
4.742,9.117691482,2.256086915,9.392668744,-82.811806205,4.06119522129,0.146576813069,-0.0562073553898,0.1310876159,-0.98977612123
4.743,9.117668354,2.255957314,9.392615164,-82.8134984777,4.0612216628,0.146614254588,-0.056205107821,0.131087216807,-0.989776301719
4.744,9.117714876,2.255874138,9.392640347,-82.8171942229,4.06137843289,0.146573657154,-0.0562036614548,0.131088022319,-0.989776277168
4.745,9.117738739,2.25610066,9.392717918,-82.8219567861,4.06148151238,0.146540966339,-0.0562075900957,0.131088433893,-0.989775999565
4.746,9.117684027,2.255821854,9.392597844,-82.8258966718,4.06175290164,0.146590488887,-0.056202756881,0.13108748928,-0.989776399129
4.747,9.117630774,2.256064969,9.392604541,-82.8288231999,4.06231716301,0.146642138104,-0.0562069794834,0.131086566268,-0.989776281592
4.748,9.117811708,2.255984966,9.392760963,-82.8290898727,4.06328207716,0.146451231669,-0.0562055759166,0.131089697053,-0.989775946648
4.749,9.117635216,2.256429881,9.39269651,-82.8254350274,4.06415303132,0.146641512191,-0.0562133103634,0.131086639516,-0.989775912355
4.75,9.117676153,2.256155012,9.39267022,-82.8196564898,4.06375379215,0.146606159585,-0.0562085383472,0.131087350468,-0.989776089206
4.751,9.117697029,2.25615361,9.392690148,-82.8164732256,4.06264926469,0.146575938902,-0.056208512222,0.131087711754,-0.98977604284
4.752,9.117526628,2.256116018,9.392515706,-82.8162960971,4.06153312848,0.14675031686,-0.0562078737896,0.131084764491,-0.989776469433
4.753,9.117575569,2.25602962,9.392542462,-82.8159522996,4.05962868264,0.146698944471,-0.0562063710719,0.131085611371,-0.989776442608
4.754,9.117749236,2.255983376,9.392699938,-82.815930718,4.05688083578,0.146521251844,-0.056205553296,0.131088615621,-0.989776091161
4.755,9.117579416,2.256214075,9.392590503,-82.8152301783,4.05431658609,0.146692632894,-0.056209571081,0.131085675957,-0.989776252331
4.756,9.11771014,2.256093408,9.392688416,-82.8126300676,4.05190682172,0.146567449619,-0.05620746589,0.131087938975,-0.989776072167
4.757,9.117706859,2.255961853,9.392653632,-82.8087234268,4.0494959591,0.146582025612,-0.0562051833756,0.131087883296,-0.989776209158
4.758,9.117695164,2.255987875,9.39264853,-82.8066872506,4.04764185906,0.146588786893,-0.0562056360008,0.131087680502,-0.989776210313
4.759,9.117568082,2.255976374,9.392522405,-82.8060391277,4.04707212986,0.146709111355,-0.056205447433,0.131085482724,-0.989776512096
4.76,9.11757146,2.256319429,9.392608088,-82.8054573189,4.04811430602,0.146696986244,-0.0562113992755,0.131085537483,-0.989776166845
4.761,9.117616832,2.25622692,9.392629909,-82.8026654961,4.05016498061,0.146646998948,-0.0562097908401,0.131086323539,-0.989776154085
4.762,9.117597877,2.255948217,9.392544565,-82.7996773499,4.05187685217,0.146678107091,-0.0562049560975,0.131085997898,-0.989776471768
4.763,9.11767412,2.255968806,9.392623521,-82.7990955497,4.05248615808,0.146601035756,-0.0562053070345,0.131087316866,-0.989776277155
4.764,9.117624158,2.256242169,9.392640684,-82.8000647476,4.05261014701,0.146653654012,-0.0562100547782,0.1310864505,-0.989776122281
4.765,9.11759195,2.256163254,9.392590462,-82.8010880066,4.05296209996,0.146685305431,-0.0562086883565,0.131085893979,-0.989776273586
4.766,9.117649314,2.256166095,9.39264683,-82.8007897069,4.0537220554,0.146625483482,-0.0562087324012,0.131086886373,-0.989776139651
4.767,9.117658834,2.256203733,9.392665111,-82.8002038562,4.05496547338,0.146609765666,-0.056209385303,0.13108705026,-0.989776080868
4.768,9.117557201,2.256328044,9.392596316,-82.8019361201,4.05663608274,0.146712155191,-0.056211550088,0.131085291024,-0.989776190921
4.769,9.117655646,2.256527708,9.392739844,-82.8039189063,4.05820591672,0.146610077429,-0.0562150066204,0.131086992618,-0.989775769251
4.77,9.117587182,2.256392744,9.392640962,-82.8032122162,4.05907070317,0.146687263957,-0.0562126702993,0.131085809506,-0.989776058634
4.771,9.117560877,2.256080358,9.392540387,-82.8030294353,4.05921172554,0.146709868114,-0.0562072520223,0.131085356842,-0.989776426291
4.772,9.117465711,2.256253246,9.392489537,-82.805115527,4.05907486065,0.146810495827,-0.056210260251,0.131083709482,-0.98977647363
4.773,9.117601013,2.25614807,9.392595613,-82.8068506931,4.05906352914,0.146683135495,-0.0562084234676,0.131086051009,-0.989776267831
4.774,9.117585203,2.256037316,9.392553663,-82.8080986361,4.05897541914,0.146686614442,-0.0562065030475,0.131085778416,-0.98977641299
4.775,9.117567031,2.256052506,9.392539671,-82.8110049523,4.05983032754,0.146701170952,-0.0562067684879,0.131085463255,-0.989776439657
4.776,9.117693444,2.256271818,9.392715063,-82.8142812863,4.061823156,0.146575406833,-0.0562105634746,0.131087648303,-0.989775934753
4.777,9.117643655,2.256359206,9.392687724,-82.8134576113,4.06363678441,0.146633218561,-0.0562120841309,0.131086786705,-0.989775962503
4.778,9.117715651,2.25616858,9.392711821,-82.8067695373,4.06431071476,0.146559219158,-0.0562087703754,0.131088033045,-0.989775985628
4.779,9.117616554,2.256298312,9.392646789,-82.7996866774,4.06397467496,0.14666547337,-0.05621102959,0.131086317618,-0.989776084519
4.78,9.117590303,2.256017852,9.392553938,-82.7958847337,4.06338941661,0.146682295752,-0.0562061657302,0.131085866274,-0.98977642051
4.781,9.117580655,2.256227332,9.392594891,-82.7958667892,4.06333815579,0.14669420139,-0.0562098013625,0.131085697617,-0.989776236384
4.782,9.117623329,2.256329748,9.392660917,-82.7977978203,4.063735072,0.14665093774,-0.056211574103,0.131086434805,-0.989776038075
4.783,9.117583328,2.256554421,9.392676062,-82.7990798424,4.06424509661,0.14668935163,-0.0562154758061,0.131085740641,-0.989775908416
4.784,9.117621895,2.256136654,9.392613141,-82.7996035569,4.06432146458,0.146644920943,-0.0562082240273,0.131086411827,-0.989776231371
4.785,9.117611057,2.256248293,9.392629438,-82.8027177326,4.06455266118,0.146657687563,-0.056210162436,0.131086223865,-0.989776146182
4.786,9.117588593,2.256164676,9.392587546,-82.8083946085,4.06539532993,0.146692177012,-0.0562087130368,0.131085835805,-0.989776279889
4.787,9.117588193,2.256445699,9.392654665,-82.8113324082,4.06559167869,0.146691202882,-0.0562135893772,0.131085826335,-0.989776004207
4.788,9.117514424,2.255971469,9.39246914,-82.8120316949,4.06462461026,0.14676575426,-0.0562053673185,0.131084554432,-0.989776639588
4.789,9.11758304,2.256248387,9.392602263,-82.8141670001,4.06419621249,0.146682262542,-0.0562101662672,0.131085738445,-0.989776210254
4.79,9.117521146,2.256326725,9.392561,-82.8153726712,4.06455496495,0.146747386126,-0.0562115306374,0.131084667829,-0.989776274561
4.791,9.117535467,2.256177976,9.39253917,-82.8128188787,4.06441598046,0.146737712595,-0.056208947956,0.131084916343,-0.989776388321
4.792,9.117518999,2.255817327,9.392436559,-82.811558674,4.06348547272,0.146751422571,-0.0562026920861,0.13108463465,-0.989776780876
4.793,9.11761356,2.256233232,9.392628249,-82.8133508559,4.0626021624,0.146662310726,-0.056209900766,0.131086266859,-0.989776155349
4.794,9.117576457,2.255763453,9.392479396,-82.8143422777,4.06219691787,0.146702933778,-0.0562017525613,0.131085629804,-0.989776702427
4.795,9.11751264,2.256341993,9.392556411,-82.8123712084,4.06200823277,0.146758926968,-0.0562117965905,0.131084519786,-0.989776279063
4.796,9.117551607,2.256047425,9.392523478,-82.8073361294,4.06188222395,0.146721852353,-0.0562066812311,0.131085197197,-0.989776479848
4.797,9.117502488,2.256152088,9.392500937,-82.8029753528,4.06182226085,0.146765761862,-0.0562085016039,0.131084345965,-0.989776489209
4.798,9.117500816,2.255800947,9.392414974,-82.8017419936,4.06165159911,0.14677164447,-0.0562024087835,0.131084320214,-0.989776838606
4.799,9.117501643,2.256344542,9.392546348,-82.8024203355,4.06146187957,0.146762544572,-0.0562118416502,0.131084330276,-0.989776301603
4.8,9.117573624,2.256237889,9.392590601,-82.8004612242,4.06174988981,0.146699365251,-0.0562099849287,0.131085575763,-0.989776242098
4.801,9.117565417,2.256158747,9.392563623,-82.7968799991,4.06271136941,0.146700984078,-0.0562086121861,0.131085434623,-0.989776338748
4.802,9.117424488,2.255925965,9.392370907,-82.7966997181,4.06393090065,0.146847268439,-0.0562045844193,0.131082998701,-0.989776890083
4.803,9.117535687,2.256322476,9.392574094,-82.7971910355,4.06462560903,0.14673271612,-0.0562114554441,0.131084918753,-0.989776245599
4.804,9.11754926,2.256288074,9.392579005,-82.7943427017,4.06463299682,0.146721172513,-0.0562108572885,0.131085154205,-0.989776248386
4.805,9.117563757,2.255889231,9.392497276,-82.7936622842,4.06422836631,0.14670497081,-0.0562039352236,0.131085408114,-0.989776607849
4.806,9.117531643,2.256111883,9.392519582,-82.7975381168,4.06345225759,0.146741549887,-0.0562078014408,0.131084851329,-0.98977646204
4.807,9.117509044,2.256155051,9.392508013,-82.7992111528,4.06252022649,0.14676385647,-0.0562085521838,0.131084459554,-0.989776471293
4.808,9.117514057,2.256343681,9.392558192,-82.7974679872,4.06214639149,0.146753291624,-0.0562118249491,0.131084544504,-0.989776274179
4.809,9.11749519,2.255964944,9.392448901,-82.7957740165,4.06268704547,0.146772955332,-0.0562052556124,0.131084221921,-0.989776689969
4.81,9.117521926,2.256299668,9.392555257,-82.7950258023,4.06322846471,0.146752661423,-0.0562110611112,0.131084680683,-0.989776299524
4.811,9.117513558,2.256264897,9.392538782,-82.7917582895,4.06292029921,0.146759807385,-0.0562104585261,0.131084536321,-0.989776352865
4.812,9.117548327,2.256491459,9.39262696,-82.787536803,4.06236907243,0.146717294683,-0.0562143863368,0.131085136614,-0.98977605029
4.813,9.117574409,2.256284194,9.392602486,-82.7846025451,4.06243288336,0.146697644584,-0.0562107875845,0.131085588733,-0.989776194796
4.814,9.117698642,2.256586235,9.392795642,-82.7828455092,4.06288668119,0.146577886126,-0.0562160188651,0.131087735105,-0.989775613424
4.815,9.117663703,2.256360143,9.392707411,-82.7821392083,4.06332831238,0.146605571585,-0.0562120984448,0.131087133165,-0.989775915805
4.816,9.117489831,2.255992378,9.392450289,-82.7855878164,4.0638057977,0.14678164439,-0.0562057320983,0.131084128519,-0.989776675281
4.817,9.11743156,2.256316417,9.392471561,-82.7931844285,4.06388955618,0.146838451078,-0.0562113591983,0.131083117821,-0.989776489577
4.818,9.117591274,2.256110724,9.392577188,-82.7990072923,4.06361964935,0.146677402274,-0.0562077768074,0.131085882606,-0.989776326858
4.819,9.117520323,2.255924449,9.392463573,-82.8029086443,4.06365274169,0.14674880772,-0.0562045508559,0.131084656989,-0.989776672369
4.82,9.117369413,2.256208091,9.392385212,-82.8051591309,4.06406994003,0.14689910198,-0.0562094847206,0.131082044082,-0.989776738233
4.821,9.117451756,2.256296945,9.392486488,-82.8029256199,4.06426304027,0.146827045019,-0.0562110194785,0.13108346725,-0.989776462593
4.822,9.11746307,2.256119369,9.392454815,-82.7981534045,4.06435144716,0.146808268446,-0.0562079374549,0.131083664527,-0.989776611494
4.823,9.117466697,2.256293887,9.392500256,-82.7850806504,4.06458301077,0.146801670302,-0.056210965589,0.1310837256,-0.989776431438
4.824,9.117448541,2.256483053,9.392528076,-82.747568018,4.06481964785,0.146829161089,-0.0562142487551,0.131083409916,-0.989776286785
4.825,9.117391534,2.256255081,9.392417973,-82.6925780002,4.06446335277,0.146887322978,-0.0562102984936,0.131082426125,-0.989776641422
4.826,9.117472132,2.25617742,9.392477556,-82.6422112433,4.06393712638,0.146795558999,-0.0562089442879,0.131083820775,-0.989776533624
4.827,9.11740799,2.256236071,9.39242938,-82.6089100642,4.06418860154,0.146860430451,-0.0562099666869,0.131082711393,-0.989776622486
4.828,9.117403713,2.256491056,9.392486484,-82.6033688777,4.06553936865,0.14686885552,-0.0562143918987,0.131082635033,-0.989776381278
4.829,9.1174925,2.256304746,9.392527912,-82.6318057517,4.06836748547,0.146781090579,-0.0562111516493,0.131084171902,-0.989776361764
4.83,9.117391663,2.256431047,9.39246037,-82.6802553837,4.07204081363,0.146884597326,-0.0562133520597,0.131082426454,-0.989776467959
4.831,9.117474052,2.256000829,9.392437001,-82.7300189896,4.07516327899,0.14680978646,-0.0562058792889,0.131083855678,-0.989776703057
4.832,9.117423632,2.25619925,9.392435719,-82.7750088751,4.07721537599,0.146856532382,-0.0562093266255,0.131082981599,-0.98977662305
4.833,9.117363149,2.256162159,9.392368098,-82.8110176106,4.07858860073,0.146903324702,-0.0562086884646,0.131081936202,-0.989776797739
4.834,9.117453388,2.256191158,9.39246266,-82.8404438644,4.07971082259,0.146815740501,-0.0562091843046,0.131083496814,-0.989776562898
4.835,9.117629055,2.255889716,9.392560779,-82.8699896941,4.08052092686,0.146636892607,-0.0562039389176,0.131086537791,-0.989776458025
4.836,9.117430652,2.255963313,9.392385861,-82.898846676,4.08079001024,0.146843352311,-0.0562052321843,0.131083104994,-0.989776839222
4.837,9.117460618,2.256164428,9.392463257,-82.9210758669,4.08032811826,0.146815747728,-0.0562087192093,0.131083621813,-0.989776572756
4.838,9.117495185,2.256125855,9.392487547,-82.9315414181,4.0792400169,0.146792677797,-0.056208047497,0.131084220189,-0.989776531654
4.839,9.117554966,2.256231022,9.39257084,-82.9287692549,4.07758442265,0.146730165275,-0.0562098665937,0.131085253586,-0.989776291487
4.84,9.117461025,2.256343864,9.392506756,-82.9159172314,4.0756997963,0.146814421831,-0.0562118328718,0.13108362691,-0.989776395254
4.841,9.11748519,2.256142462,9.392481834,-82.8984847571,4.07378965819,0.146794094234,-0.0562083362862,0.131084046831,-0.989776538214
4.842,9.117529931,2.256568617,9.39262764,-82.8813472302,4.07229516177,0.146735761486,-0.0562157272677,0.131084816947,-0.989776016467
4.843,9.117401041,2.256244302,9.392424612,-82.8660038044,4.07129793135,0.146877250468,-0.0562101108602,0.131082590152,-0.989776630355
4.844,9.117404409,2.256409875,9.392467656,-82.8516632735,4.06977994482,0.146877308309,-0.0562129828968,0.131082647144,-0.989776459698
4.845,9.117448085,2.256310161,9.3924861,-82.8381858293,4.06806252928,0.14682718918,-0.0562112489086,0.131083403489,-0.989776458007
4.846,9.117458738,2.256150149,9.392458003,-82.8283358768,4.06669804729,0.146827379226,-0.0562084722194,0.131083589634,-0.989776591044
4.847,9.117527541,2.256504616,9.392609943,-82.820620336,4.06549870958,0.146744902766,-0.0562146168696,0.131084776316,-0.989776084914
4.848,9.117519806,2.256373076,9.392570834,-82.8112903951,4.06470871636,0.146749835127,-0.0562123350788,0.131084644219,-0.989776232001
4.849,9.117372406,2.256299835,9.392410155,-82.8027787257,4.0647120151,0.146897362432,-0.0562110762062,0.131082094528,-0.98977664117
4.85,9.117501184,2.25643497,9.392567626,-82.7964024233,4.06478149418,0.146772192878,-0.0562134099927,0.131084320752,-0.989776213793
4.851,9.117455455,2.256272059,9.392484101,-82.7919566104,4.06453082812,0.146816331453,-0.0562105877076,0.131083531343,-0.989776478625
4.852,9.117341971,2.256324173,9.392386459,-82.7877267955,4.06432886663,0.146930310163,-0.0562115014001,0.131081568388,-0.989776686702
4.853,9.117370163,2.256117998,9.392364298,-82.7830614998,4.06378523467,0.146911193072,-0.0562079209244,0.131082057325,-0.989776825286
4.854,9.117468175,2.256046667,9.392442306,-82.7808866294,4.06244348647,0.146809590984,-0.0562066754725,0.131083754091,-0.989776671298
4.855,9.117426318,2.256210458,9.39244102,-82.7799627086,4.06108975281,0.146848063682,-0.0562095206702,0.131083027802,-0.989776605911
4.856,9.117387156,2.256068322,9.392368861,-82.7775878569,4.05999881702,0.146892443616,-0.0562070581335,0.131082352248,-0.989776835224
4.857,9.117397885,2.256416321,9.392462872,-82.7751612987,4.05909630133,0.146892010421,-0.0562130953878,0.131082534317,-0.989776468251
4.858,9.117403523,2.256158478,9.392406405,-82.7724997703,4.05810895545,0.146883377744,-0.0562086210507,0.131082634832,-0.989776709044
4.859,9.117445626,2.256278723,9.39247616,-82.7690786696,4.0572799954,0.146831986573,-0.0562107040321,0.131083361702,-0.989776494486
4.86,9.117338457,2.256230975,9.392360659,-82.7680672043,4.05729467899,0.146937064476,-0.0562098844617,0.131081507939,-0.989776786536
4.861,9.1174389,2.256524049,9.392528567,-82.7695793282,4.05774772039,0.146837219555,-0.0562149617947,0.13108324295,-0.9897762684
4.862,9.117456246,2.256363368,9.392506803,-82.7710795139,4.05805175498,0.146818002637,-0.0562121719982,0.131083544599,-0.989776386895
4.863,9.117448469,2.256206582,9.392461591,-82.7716776201,4.05861217421,0.146817005461,-0.0562094523782,0.131083411477,-0.989776558976
4.864,9.117296995,2.256263338,9.392328185,-82.7730449329,4.05928483038,0.146982445149,-0.0562104497568,0.131080790755,-0.989776849413
4.865,9.117449306,2.25643636,9.392517602,-82.7723720288,4.05926389426,0.146828585175,-0.05621343853,0.1310834241,-0.989776330923
4.866,9.117559454,2.256510877,9.392642426,-82.7690843876,4.05905612488,0.146715784508,-0.0562147230607,0.131085328058,-0.989776005811
4.867,9.117490677,2.256209003,9.392503144,-82.7692270624,4.05922100859,0.146779819743,-0.0562094908483,0.131084141877,-0.989776460059
4.868,9.117427384,2.256234241,9.392447767,-82.7733589785,4.059974752,0.146838332219,-0.0562099336555,0.131083046622,-0.989776579965
4.869,9.117397731,2.256329236,9.392441802,-82.7773060843,4.06076367903,0.146866759347,-0.0562115848084,0.131082532426,-0.989776554292
4.87,9.117396217,2.256413457,9.392460565,-82.7786282071,4.06126499884,0.146865833167,-0.056213045948,0.131082505136,-0.989776474924
4.871,9.117460337,2.256704836,9.392592811,-82.7789220451,4.06162709515,0.146806355003,-0.0562180960936,0.131083611731,-0.98977604154
4.872,9.117396352,2.256324426,9.392439308,-82.7780989289,4.0619219297,0.146873740209,-0.0562115009593,0.131082509105,-0.989776562143
4.873,9.117351448,2.256346061,9.392400916,-82.7765288686,4.06166972063,0.146922983602,-0.0562118803688,0.131081731561,-0.98977664357
4.874,9.117471899,2.256616913,9.39258291,-82.7743714525,4.06107372395,0.146799534893,-0.0562165701291,0.131083812693,-0.989776101597
4.875,9.117441317,2.256454587,9.392514225,-82.7708572268,4.06054536564,0.146837422269,-0.0562137563232,0.131083285059,-0.989776331288
4.876,9.117425225,2.256287638,9.392458499,-82.7704688713,4.06094427095,0.146837127072,-0.0562108600419,0.131083008437,-0.989776532411
4.877,9.117405754,2.256212275,9.392421494,-82.7756426148,4.06317570153,0.146865285507,-0.0562095546206,0.131082672836,-0.989776650993
4.878,9.11739069,2.256230587,9.39241127,-82.7828512957,4.0660490287,0.146884968852,-0.0562098733334,0.131082411994,-0.989776667439
4.879,9.117372548,2.256507782,9.39246025,-82.7871046468,4.06828858626,0.146896645801,-0.0562146848522,0.131082095273,-0.989776436124
4.88,9.11744571,2.256503527,9.392530247,-82.7874692784,4.07029366094,0.146827301667,-0.0562146045187,0.131083361048,-0.989776273051
4.881,9.11747764,2.255843855,9.392402782,-82.789371516,4.07177802615,0.146806516786,-0.056203155553,0.131083919106,-0.989776849324
4.882,9.117387754,2.256534719,9.392481483,-82.792987461,4.07233581948,0.146878634447,-0.056215151196,0.131082357993,-0.989776374844
4.883,9.117384803,2.256577878,9.392488987,-82.7900879878,4.07246394993,0.146882208639,-0.0562158993639,0.131082306979,-0.989776339107
4.884,9.117434329,2.256217767,9.392450552,-82.7830187708,4.07219908909,0.146827424289,-0.0562096467811,0.131083166755,-0.989776580346
4.885,9.11729337,2.256064036,9.392276791,-82.7831373089,4.07139757668,0.146975121161,-0.056206991278,0.131080729553,-0.989777053922
4.886,9.117242074,2.256015202,9.392215267,-82.7904427591,4.06968596693,0.14703946991,-0.0562061482565,0.131079843276,-0.989777219168
4.887,9.117238549,2.256508162,9.392330267,-82.7953321262,4.06717226843,0.14703400604,-0.0562147023952,0.131079777077,-0.989776742137
4.888,9.117302544,2.256170746,9.39231133,-82.7911930893,4.06508655072,0.146973132977,-0.0562088422476,0.131080887607,-0.989776927877
4.889,9.117211048,2.256051754,9.392193929,-82.783286919,4.06349963244,0.147071537481,-0.0562067854657,0.131079306127,-0.98977725412
4.89,9.117462726,2.256271818,9.3924911,-82.7772593929,4.06211313473,0.146812134872,-0.056210582964,0.131083657778,-0.98977646215
4.891,9.11732721,2.256274341,9.392360159,-82.7739098007,4.06090203984,0.146947264857,-0.0562106375088,0.131081313257,-0.989776769552
4.892,9.117420819,2.256392171,9.392479333,-82.7734929044,4.05991157658,0.14685719906,-0.0562126750257,0.13108293145,-0.98977643953
4.893,9.117387672,2.256056259,9.392366464,-82.7759374301,4.05840027936,0.146893413602,-0.056206848509,0.131082360903,-0.989776845981
4.894,9.117350583,2.256301221,9.392389305,-82.7801825446,4.05695077145,0.146927521279,-0.0562111021321,0.13108171753,-0.989776689626
4.895,9.117272731,2.256382296,9.392333209,-82.7809477,4.05584368363,0.147005797847,-0.0562125160639,0.131080369379,-0.989776787867
4.896,9.117291597,2.256239705,9.392317269,-82.7775190558,4.05515421112,0.146978375999,-0.0562100401356,0.131080697744,-0.989776884993
4.897,9.117270227,2.256304472,9.392312083,-82.7767515088,4.0549265939,0.147000620947,-0.0562111659772,0.131080326891,-0.989776870169
4.898,9.117262958,2.256095859,9.392254914,-82.7802792972,4.05487456598,0.147004435038,-0.0562075464414,0.131080203484,-0.989777092066
4.899,9.117302914,2.256599658,9.392414729,-82.7842487466,4.05469857307,0.146971676427,-0.0562162851603,0.131080890108,-0.989776504839
4.9,9.117377372,2.256089801,9.392364523,-82.7865808057,4.05444668836,0.146899800933,-0.0562074317522,0.131082182225,-0.989776836524
4.901,9.117451596,2.256301843,9.392487509,-82.7903357374,4.05432272406,0.146832389794,-0.056211104541,0.131083464568,-0.989776458117
4.902,9.117402679,2.256313185,9.392442749,-82.793943489,4.05440991465,0.146866851945,-0.0562113052512,0.131082618663,-0.989776558748
4.903,9.117277113,2.256537898,9.392374846,-82.7941990031,4.05530164119,0.146994598537,-0.0562152151485,0.131080444225,-0.989776624662
4.904,9.117353071,2.256630131,9.392470738,-82.7904809515,4.05564786896,0.146911681284,-0.0562168094405,0.131081757385,-0.989776360203
4.905,9.117331391,2.256337009,9.392379272,-82.784210634,4.05477157327,0.146943337804,-0.0562117251011,0.131081384843,-0.989776698306
4.906,9.117360707,2.256624792,9.392476867,-82.7780485695,4.05379239944,0.146905019229,-0.0562167159992,0.131081889875,-0.989776347964
4.907,9.117303092,2.256193627,9.392317358,-82.7752769021,4.05350790899,0.146964787951,-0.0562092392125,0.131080896258,-0.989776904188
4.908,9.117326547,2.25632176,9.392370907,-82.7772234868,4.05390973184,0.14694922305,-0.0562114606942,0.131081301753,-0.989776724326
4.909,9.117286409,2.256157124,9.392292395,-82.7797520998,4.05458645718,0.146992216773,-0.0562086076607,0.131080608161,-0.989776978207
4.91,9.117242134,2.256093635,9.392234165,-82.7805586746,4.05511093469,0.147027574233,-0.0562075097315,0.131079842966,-0.989777141895
4.911,9.117350326,2.256260001,9.392379153,-82.7809610524,4.0551191211,0.14692637574,-0.0562103866522,0.131081713324,-0.989776730816
4.912,9.117386892,2.256351237,9.392436566,-82.780176317,4.05480566947,0.146879469987,-0.0562119675661,0.131082345266,-0.989776557341
4.913,9.117300039,2.25628746,9.392336935,-82.7779108098,4.05505434866,0.146960714202,-0.0562108679908,0.131080843049,-0.989776818735
4.914,9.117342073,2.256226545,9.392363105,-82.777837344,4.05582754458,0.146926897252,-0.0562098071231,0.131081570314,-0.989776782667
4.915,9.117331952,2.256347935,9.392382441,-82.780778086,4.05596584784,0.146943535728,-0.05621191412,0.131081394881,-0.989776686241
4.916,9.117247471,2.256467223,9.392329092,-82.7838573883,4.05537430585,0.147030405251,-0.0562139919094,0.131079932027,-0.989776761969
4.917,9.117272301,2.256124769,9.392270928,-82.786560405,4.05484887325,0.147000381644,-0.0562080472432,0.131080364805,-0.989777042261
4.918,9.117266302,2.25624342,9.392293607,-82.791136834,4.05457979554,0.147002866854,-0.0562101063639,0.131080259512,-0.989776939269
4.919,9.117337161,2.256281318,9.392371495,-82.7961012831,4.05443354219,0.146934051829,-0.0562107576816,0.13108148488,-0.989776739999
4.92,9.117198652,2.256394747,9.392264291,-82.7978387989,4.05419441218,0.147064416266,-0.056212737435,0.131079087973,-0.989776944996
4.921,9.117243653,2.256365682,9.392300992,-82.7971676431,4.05363443237,0.147025182819,-0.0562122298189,0.131079867462,-0.989776870595
4.922,9.117288766,2.256298125,9.392328554,-82.7966112983,4.05307685403,0.146975790061,-0.0562110540279,0.131080648375,-0.989776833951
4.923,9.117339161,2.256619306,9.392454635,-82.7953105104,4.05332385421,0.146936453943,-0.0562166228737,0.131081517205,-0.989776402608
4.924,9.117356262,2.256142265,9.392356634,-82.7929478487,4.05403660738,0.146921036611,-0.0562083438654,0.131081816999,-0.989776833095
4.925,9.117314022,2.255985454,9.392277964,-82.7942479783,4.05431076694,0.146962391627,-0.0562056261919,0.13108108782,-0.989777083994
4.926,9.117350787,2.25629345,9.392387636,-82.7993244602,4.05400545171,0.146920345089,-0.0562109672194,0.131081720844,-0.989776696849
4.927,9.117209861,2.256438732,9.392285739,-82.8014436443,4.05332624636,0.147059526387,-0.0562135004107,0.131079281537,-0.98977687603
4.928,9.117327777,2.256382729,9.392386747,-82.7970220348,4.05299176882,0.146939758322,-0.0562125186772,0.131081322129,-0.989776661542
4.929,9.117260506,2.256263855,9.392292889,-82.7905036757,4.05319971559,0.147014280795,-0.0562104613178,0.131080159041,-0.989776932417
4.93,9.117274801,2.256306981,9.392317125,-82.7879701368,4.05355338197,0.146999901452,-0.0562112082041,0.131080406317,-0.989776857252
4.931,9.117262422,2.25612072,9.392260365,-82.7885492354,4.05387609071,0.147015663995,-0.0562079779662,0.13108019385,-0.989777068836
4.932,9.117217319,2.256641085,9.392341595,-82.7876625819,4.05429226673,0.14705611004,-0.0562170107995,0.131079409417,-0.989776659719
4.933,9.117318244,2.256118119,9.392313929,-82.7842911058,4.0554182947,0.146942860031,-0.0562079275659,0.131081159464,-0.989776943817
4.934,9.117302652,2.256249054,9.392330245,-82.7842916253,4.05711916087,0.146966596054,-0.0562102015871,0.13108088823,-0.989776850597
4.935,9.117259638,2.256202344,9.39227727,-82.7866324935,4.05816614327,0.14700469823,-0.0562093944928,0.131080144738,-0.989776994896
4.936,9.117338386,2.256126831,9.392335574,-82.7888454667,4.05834782419,0.146941400419,-0.0562080773437,0.131081507893,-0.989776889167
4.937,9.117273436,2.256317846,9.392318411,-82.7904135429,4.05843722451,0.147001580658,-0.0562113968379,0.131080382495,-0.989776849694
4.938,9.117350186,2.256350833,9.392400837,-82.7903549576,4.05912949995,0.146921153407,-0.0562119633256,0.131081709618,-0.989776641765
4.939,9.117313868,2.256292356,9.392351535,-82.7885635108,4.06022626883,0.146959485506,-0.0562109516911,0.131081081824,-0.989776782359
4.94,9.117317,2.256609965,9.392430879,-82.7865228703,4.0613089201,0.146949790779,-0.0562164622222,0.131081133342,-0.98977646257
4.941,9.117235529,2.256445457,9.392312271,-82.7839854932,4.0620243236,0.147027826939,-0.0562136145855,0.131079725871,-0.989776810701
4.942,9.117268255,2.256467411,9.392349313,-82.7819955471,4.06236085131,0.146991204811,-0.0562139931063,0.131080291858,-0.989776714247
4.943,9.117326753,2.25644008,9.392399532,-82.7820997656,4.0623749596,0.146934848372,-0.0562135138652,0.131081303875,-0.989776607439
4.944,9.117170706,2.256642868,9.392296776,-82.7829270258,4.06207196532,0.147099926251,-0.0562170452269,0.131078602767,-0.98977676459
4.945,9.117249649,2.256748857,9.392398872,-82.7796734408,4.06201900312,0.147021670121,-0.0562188784039,0.131079967253,-0.989776479765
4.946,9.117209661,2.256365892,9.392268045,-82.7761617378,4.06256217015,0.147064908885,-0.0562122360539,0.131079278568,-0.98977694823
4.947,9.11723858,2.256255953,9.392269707,-82.7781566466,4.06331119214,0.147032687556,-0.0562103265776,0.131079779792,-0.989776990294
4.948,9.117264496,2.256494115,9.392352079,-82.7836622392,4.06350993711,0.146999338195,-0.0562144569248,0.13108022596,-0.989776696632
4.949,9.117230979,2.256220985,9.392253928,-82.7882190276,4.06329020096,0.147037896427,-0.0562097204247,0.131079648942,-0.989777042047
4.95,9.117336376,2.256491499,9.392421225,-82.7910883551,4.06262562721,0.146925429115,-0.0562144051728,0.131081470216,-0.989776534788
4.951,9.117255089,2.256392278,9.392318482,-82.7921352284,4.06156042229,0.14700869927,-0.0562126906149,0.131080064798,-0.989776818291
4.952,9.11723397,2.256449327,9.392311688,-82.7916180892,4.0608776002,0.147039076707,-0.0562136815321,0.131079698455,-0.989776810529
4.953,9.117224133,2.25639665,9.392289483,-82.7910691842,4.06062084273,0.147044679088,-0.0562127687471,0.131079528561,-0.98977688487
4.954,9.11722412,2.256275656,9.392260404,-82.7928526438,4.06013192295,0.14704867243,-0.0562106692945,0.131079530168,-0.989777003889
4.955,9.117262475,2.256291451,9.39230143,-82.7954460716,4.05917973393,0.147015039149,-0.0562109397365,0.131080193523,-0.98977690068
4.956,9.117187754,2.256122568,9.392188327,-82.7972546506,4.05777890403,0.147076606034,-0.0562080161197,0.131078902473,-0.989777237691
4.957,9.11713131,2.256356755,9.392189794,-82.7982167039,4.05682196171,0.147134257704,-0.0562120846523,0.131077923848,-0.989777136238
4.958,9.117272813,2.256647923,9.392397106,-82.7972962016,4.05637817127,0.146993823951,-0.0562171249831,0.13108036837,-0.989776526235
4.959,9.117177624,2.256327029,9.392227611,-82.7936383723,4.05685232772,0.147093158514,-0.0562115650227,0.131078725125,-0.989777059634
4.96,9.117114706,2.256295082,9.39215886,-82.7900720131,4.05900817494,0.147158177789,-0.0562110152537,0.131077637584,-0.989777234881
4.961,9.117169628,2.256207163,9.392191054,-82.7886104734,4.06222399591,0.147092935103,-0.0562094857353,0.131078587829,-0.989777195901
4.962,9.117150684,2.256195599,9.392169887,-82.7893418645,4.06583368511,0.147121909853,-0.0562092859971,0.131078260389,-0.989777250608
4.963,9.117294918,2.256181562,9.392306525,-82.7917539581,4.06904558599,0.146975550187,-0.0562090302396,0.131080755423,-0.989776934707
4.964,9.117239856,2.256575211,9.392347645,-82.7939689231,4.07186285259,0.147025743814,-0.0562158662812,0.131079799211,-0.989776673102
4.965,9.117228546,2.256728565,9.392373512,-82.7900979464,4.07391325623,0.147043657152,-0.0562185275941,0.131079602848,-0.98977654795
4.966,9.117173344,2.256406331,9.392242508,-82.7815498169,4.0742777068,0.147097208946,-0.0562129412996,0.131078649999,-0.98977699142
4.967,9.117204843,2.256143293,9.392209894,-82.7786930086,4.07344991385,0.14706686982,-0.0562083737542,0.131079197523,-0.989777178307
4.968,9.117161504,2.256293512,9.39220391,-82.7835279447,4.0724707261,0.147113334063,-0.056210984864,0.131078446412,-0.989777129493
4.969,9.117314023,2.256421616,9.392382738,-82.7880697696,4.07142141157,0.146959957063,-0.0562131940623,0.131081083403,-0.9897766548
4.97,9.117287212,2.256710405,9.392426095,-82.7867467081,4.07063943718,0.146971120651,-0.0562182077007,0.131080617745,-0.989776431713
4.971,9.117174892,2.256559461,9.3922808,-82.7796499326,4.07006422441,0.14709366514,-0.0562155980487,0.131078676092,-0.989776837075
4.972,9.117196218,2.256371228,9.392256279,-82.7723367309,4.0701321617,0.147070409928,-0.0562123299572,0.131079046811,-0.989776973589
4.973,9.11709392,2.25628682,9.392136699,-82.7712173337,4.07278979006,0.147177469693,-0.0562108735571,0.131077277606,-0.989777290601
4.974,9.117208661,2.2561442,9.392213819,-82.7757807441,4.07746928041,0.147065592982,-0.0562083899838,0.131079263665,-0.989777168626
4.975,9.11718711,2.256067177,9.392174397,-82.7815554685,4.08199765445,0.147081978889,-0.0562070548323,0.131078891476,-0.989777293737
4.976,9.117085766,2.256347668,9.392143401,-82.785671826,4.08527859108,0.147189053348,-0.0562119303677,0.13107713629,-0.989777249297
4.977,9.11718148,2.256352012,9.392237355,-82.7869636068,4.08715920391,0.147097120267,-0.0562119979535,0.131078791656,-0.989777026236
4.978,9.117122984,2.256243759,9.392154567,-82.7866578184,4.08722090437,0.14715276092,-0.0562101241341,0.131077781238,-0.989777266465
4.979,9.117142792,2.256380454,9.392206634,-82.7877366561,4.08602716467,0.147119198965,-0.0562124950883,0.131078122079,-0.989777086676
4.98,9.117142995,2.256389782,9.392209071,-82.7902250735,4.08438861693,0.14713452434,-0.0562126564935,0.131078125408,-0.989777077068
4.981,9.117098735,2.256345444,9.392155456,-82.790875856,4.08216644249,0.147171599352,-0.0562118912532,0.131077360137,-0.989777221874
4.982,9.117105711,2.256441594,9.392185327,-82.7884676842,4.0795969005,0.147172243364,-0.0562135585639,0.131077479796,-0.989777111336
4.983,9.117188312,2.256568348,9.392295961,-82.7839874768,4.07715658424,0.14708974952,-0.0562157512412,0.131078907689,-0.989776797703
4.984,9.117096558,2.256481844,9.392186112,-82.779477736,4.07477303781,0.147167377031,-0.056214257626,0.131077321658,-0.989777092575
4.985,9.117106469,2.256634355,9.392232375,-82.7758571144,4.07282599887,0.147155159822,-0.0562169031882,0.131077491226,-0.989776919861
4.986,9.117117889,2.256462833,9.39220225,-82.7731452867,4.0708681093,0.14715376569,-0.0562139258866,0.131077690204,-0.989777062609
4.987,9.117113471,2.256244709,9.39214556,-82.7737695879,4.06804704158,0.147159064257,-0.05621014154,0.131077615879,-0.989777287375
4.988,9.117082217,2.256613248,9.392203762,-82.7769565563,4.06499170336,0.147195135347,-0.0562165393701,0.131077072159,-0.989776996023
4.989,9.117021378,2.256622924,9.39214703,-82.7766309576,4.06236920291,0.147253773621,-0.0562167124824,0.131076019492,-0.989777125595
4.99,9.117057403,2.256527725,9.392159126,-82.7721853479,4.0601369246,0.14722399758,-0.0562150573501,0.131076643696,-0.989777136938
4.991,9.117067473,2.256418779,9.392142728,-82.7677852795,4.05788957405,0.147211669027,-0.0562131656572,0.13107681894,-0.989777221168
4.992,9.116993213,2.256640043,9.392123803,-82.7647760343,4.05575111951,0.147282657552,-0.0562170111378,0.131075532531,-0.989777173121
4.993,9.117078268,2.25614757,9.392088053,-82.7634690865,4.05399042409,0.147198807807,-0.0562084593953,0.131077007789,-0.989777463434
4.994,9.117046252,2.256167769,9.392061827,-82.7681066987,4.05270241811,0.147225052674,-0.0562088123528,0.131076453886,-0.989777516743
4.995,9.117241474,2.25636884,9.392299635,-82.7769649498,4.05237557714,0.147020889338,-0.0562122850301,0.131079828948,-0.98977687256
4.996,9.117136311,2.256554014,9.392242039,-82.7830264617,4.05256735131,0.147137396125,-0.0562155065173,0.13107800822,-0.989776930721
4.997,9.11703198,2.256357856,9.392093637,-82.7833124246,4.05242178622,0.147237651771,-0.0562121121907,0.131076205458,-0.989777362242
4.998,9.117239373,2.25687189,9.392418459,-82.7813871667,4.05247484145,0.147023435035,-0.0562210135182,0.131079787874,-0.989776382245
4.999,9.117052033,2.256475416,9.392141346,-82.778401925,4.05247998194,0.147219868229,-0.0562141504049,0.131076551737,-0.989777200626
5,9.117078149,2.256257197,9.392114272,-82.7764640535,4.05211658751,0.147186945546,-0.0562103614778,0.131077004705,-0.989777355823
5.001,9.117170914,2.256431108,9.3922461,-82.7780781865,4.05155777107,0.147106581036,-0.0562133716231,0.131078608283,-0.989776972505
